smiles,n_atoms,mw,src
N#CNC(=N)N,6,84.08200000000001,chembl26.sdf
N=C(N)N[N+](=O)[O-],7,104.06899999999999,chembl26.sdf
CCOP(=O)(SC(C)CC)N1CCCC1,15,251.33199999999994,chembl26.sdf
CCCCCS(=O)(=O)NCCCc1ccc(OCCOC)cc1Oc1ncc(C(F)(F)F)cc1Cl,35,539.0160000000003,chembl26.sdf
CC(=O)Nc1ccc2nc(F)ccc2c1,15,204.20399999999998,chembl26.sdf
CS(=O)(=O)NC(CO)C(O)c1ccc([N+](=O)[O-])cc1,19,290.297,chembl26.sdf
O=C(Nc1cc(Cl)ccc1O)OCCCl,15,250.08099999999996,chembl26.sdf
CC#CCOC(=O)Nc1cc(Cl)ccc1O,16,239.65800000000002,chembl26.sdf
COC(=O)Nc1cc(Cl)ccc1O,13,201.609,chembl26.sdf
CCOC(=O)Nc1cc(Cl)ccc1O,14,215.636,chembl26.sdf
NCc1ccc(CNC(=O)c2csc3nc[nH]c(=O)c23)cc1,22,314.37000000000006,chembl26.sdf
CC1CCN(C(=O)[C@H](CCCN=C(N)N)NS(=O)(=O)c2ccc3ccccc3c2)CC1,31,445.5890000000002,chembl26.sdf
CC1CNc2c(cccc2S(=O)(=O)N[C@@H](CCCNC(=N)N)C(=O)N2CC[C@@H](C)C[C@@H]2C(=O)O)C1,35,508.6450000000003,chembl26.sdf
NCCCCCOC[C@H]1O[C@@H](OCCc2c[nH]c3ccccc23)[C@H](OCc2ccccc2)[C@@H](OCc2ccccc2)[C@@H]1OCc1ccc(F)nc1,51,697.8480000000002,chembl26.sdf
c1cnon1,5,70.051,chembl26.sdf
c1cnsc1,5,85.13099999999999,chembl26.sdf
CCN(CC)C(=O)CN1C(=O)Nc2ccccc2C1c1ccccc1,25,337.42300000000006,chembl26.sdf
CN(C)C(=N)NCCCCCCCCCCCCNC(=N)N(C)C.I,25,468.47199999999987,chembl26.sdf
O=[N+]([O-])C1=Cc2ccccc2OC1Nc1ccc([N+](=O)[O-])cc1[N+](=O)[O-],26,358.26600000000013,chembl26.sdf
O=[N+]([O-])C1=Cc2ccccc2OC1Nc1cc([N+](=O)[O-])cc([N+](=O)[O-])c1,26,358.26600000000013,chembl26.sdf
O=[N+]([O-])C1=Cc2ccccc2OC1Nc1ccccc1[N+](=O)[O-],23,313.26900000000006,chembl26.sdf
Cc1ncc2cc(-c3c(Cl)cccc3Cl)c(N)nc2n1,20,305.168,chembl26.sdf
CCOP(=S)(NC(C)CC)Oc1cc(C)ccc1[N+](=O)[O-],21,332.3620000000001,chembl26.sdf
CCNc1nc(Cl)nc(NC(C)C)n1,14,215.68800000000002,chembl26.sdf
CCOP(=S)(OCC)Oc1cc(C)nc(C(C)C)n1,19,304.35200000000003,chembl26.sdf
COP(=S)(OC)Oc1ccc([N+](=O)[O-])c(C)c1,17,277.238,chembl26.sdf
CCC(C)c1ccccc1OC(=O)NC,15,207.27299999999997,chembl26.sdf
O=[N+]([O-])/N=C1\NCCN1Cc1ccc(Cl)nc1,17,255.665,chembl26.sdf
CCCc1cc(Cn2c(CC)nc3c(C)cc(C)nc32)cc(CCC)c1O,27,365.52100000000013,chembl26.sdf
CCCSc1nc(N[C@@H]2C[C@H]2c2ccc(F)c(F)c2)c2nnn([C@@H]3C[C@H](OCCO)[C@@H](O)[C@H]3O)c2n1,36,522.5780000000002,chembl26.sdf
C[C@H](NC(=O)C(C)(C)Oc1ccc(C(F)(F)F)cn1)[C@@H](Cc1ccc(Cl)cc1)c1cccc(C#N)c1,36,515.9630000000002,chembl26.sdf
N#CC[C@H](C1CCCC1)n1cc(-c2ncnc3[nH]ccc23)cn1,23,306.37300000000005,chembl26.sdf
CCOc1cc(CC(=O)N[C@@H](CC(C)C)c2ccccc2N2CCCCC2)ccc1C(=O)O,33,452.5950000000003,chembl26.sdf
CC(C)CCC(=O)CC1c2ccccc2C(=O)N1c1ccc2ccc(Cl)nc2n1,29,407.9010000000001,chembl26.sdf
O=C(c1ccc(F)cc1)C1CCN(CCn2c(=O)[nH]c3ccccc3c2=O)CC1,29,395.43400000000014,chembl26.sdf
CCC(C)n1ncn(-c2ccc(N3CCN(c4ccc(OCC5COC(Cn6cncn6)(c6ccc(Cl)cc6Cl)O5)cc4)CC3)cc2)c1=O,49,705.6470000000002,chembl26.sdf
CCc1cc2c(cc1CC)CC(NC[C@H](O)c1ccc(O)c3[nH]c(=O)ccc13)C2,29,392.49900000000014,chembl26.sdf
O=C(O[C@@H]1C[C@@H]2C[C@H]3C[C@H](C1)N2CC3=O)c1c[nH]c2ccccc12,24,324.38000000000005,chembl26.sdf
COCc1c(C(C)C)nc(C(C)C)c(/C=C/[C@@H](O)C[C@@H](O)CC(=O)O)c1-c1ccc(F)cc1,33,459.5580000000002,chembl26.sdf
CN(C)/C(=N\O)c1ccc(Sc2cc(F)cc(C3CCOCC3)c2)cc1,26,374.48100000000017,chembl26.sdf
O=[N+]([O-])C1NC=CN1,8,115.09199999999998,chembl26.sdf
Cc1cnc(NCCc2ccccc2)c(=O)n1CC(=O)NC[C@@H]1CNC(N)=N[C@@H]1C,30,411.51000000000016,chembl26.sdf
Cc1ccc(NS(=O)(=O)Cc2ccccc2)c(=O)n1CC(=O)NC[C@H]1CN=C(N)NC1,31,446.5330000000003,chembl26.sdf
Cc1cnc(NCCc2ccccc2)c(=O)n1CC(=O)NC[C@H]1CN=C(N)NC1,29,397.4830000000002,chembl26.sdf
Cc1ccc(NS(=O)(=O)Cc2ccccc2)c(=O)n1CC(=O)NC[C@@H]1CNC(N)=N[C@@H]1C,32,460.5600000000003,chembl26.sdf
CN(C)c1ccc2nc3ccc(=[N+](C)C)cc-3sc2c1.[Cl-],21,320.86899999999997,chembl26.sdf
O=C1Nc2ccc(Cl)cc2C1(c1c[nH]c2ccccc12)c1c[nH]c2ccccc12,29,397.8650000000001,chembl26.sdf
Cc1ccc(S(=O)(=O)c2nc(N3CCc4ccccc4C3)sc2Cl)cc1,26,404.9440000000001,chembl26.sdf
Nc1c(S(=O)(=O)c2ccccc2)sc2nc(-c3ccccc3)cc(-c3ccccc3)c12,31,442.56500000000017,chembl26.sdf
Cc1ccc(S(=O)(=O)N/N=C2\CCCc3c2[nH]c2ccc(Cl)cc32)cc1,26,387.8920000000001,chembl26.sdf
O=c1ccc(-c2ccc(S(=O)(=O)Nc3cccc4c3CCCC4)s2)n[nH]1,26,387.4860000000002,chembl26.sdf
COc1cccc(-n2cc(C(=O)N(C)c3cccc(Cl)c3)c3ccccc3c2=O)c1,30,418.8800000000001,chembl26.sdf
CCS(=O)(=O)c1nc(S(=O)(=O)c2ccc(Cl)cc2)c(N2CCc3ccccc3C2)s1,30,483.0360000000003,chembl26.sdf
Cc1ccc(S(=O)(=O)c2cnc3ccc(F)cc3c2SCc2ccc(Cl)cc2)cc1,30,457.97900000000016,chembl26.sdf
COCCn1c(C)c(C)c(S(=O)(=O)c2ccc(Cl)cc2)c1N,22,342.848,chembl26.sdf
Cc1ccc(Cl)cc1N(C)C(=O)c1cn(-c2ccc(F)cc2F)c(=O)c2ccccc12,31,438.86100000000016,chembl26.sdf
CCCCc1nc(Cl)c(COC)n1Cc1ccc(NC(=O)c2ccccc2S(=O)(=O)O)cc1,33,491.9970000000002,chembl26.sdf
CCCCCCOC(=O)NCCCC(C)Nc1cc(OC)cc2cccnc12,28,387.5240000000001,chembl26.sdf
CCOC(=O)NCCCC(C)Nc1cc(OC)cc2cccnc12,24,331.41600000000005,chembl26.sdf
O=C(Nc1ccon1)N1CCN(Cc2cccc(Oc3ccc(Cl)cc3)c2)CC1,29,412.8770000000002,chembl26.sdf
O=C(Nc1noc2ccccc12)N1CCN(Cc2cccc(Oc3ccc(Cl)cc3)c2)CC1,33,462.9370000000001,chembl26.sdf
O[C@@H]1c2cc(OCc3cccc(F)n3)ccc2OC[C@@H]1Cc1cccnc1,27,366.3920000000001,chembl26.sdf
COc1ccc(-c2nc3c(C(=O)NCCN(C)C)cccc3c3ccccc23)cc1.Cl.Cl,32,472.4160000000001,chembl26.sdf
Fc1ccc(S)cc1,8,128.17099999999996,datawarrior.sdf.gz
O=C1OCC(O)=C1O,8,116.07199999999997,datawarrior.sdf.gz
CC1=C(O)C(O)=CC1,8,112.12799999999997,datawarrior.sdf.gz
O=C(O)C1CCCC1,8,114.14400000000002,datawarrior.sdf.gz
O=C1CCCC(=O)C1,8,112.128,datawarrior.sdf.gz
O=CC1CCCC1=O,8,112.128,datawarrior.sdf.gz
[O-]c1ccccc1O,8,110.11199999999997,datawarrior.sdf.gz
[O-]c1cccc(O)c1,8,110.11199999999998,datawarrior.sdf.gz
[O-]c1ccc(O)cc1,8,110.11199999999998,datawarrior.sdf.gz
O=C(O)C1CC1(Cl)Cl,8,154.98,datawarrior.sdf.gz
O=C(O)C1CC1(Br)Br,8,243.88199999999998,datawarrior.sdf.gz
O=C(O)c1ccsc1,8,128.152,datawarrior.sdf.gz
O=C(O)c1cccs1,8,128.152,datawarrior.sdf.gz
O=C(O)c1ccc[se]1,8,175.045,datawarrior.sdf.gz
O=P1(O)CCCCC1,8,134.115,datawarrior.sdf.gz
O=C1CSCC(=O)C1,8,130.168,datawarrior.sdf.gz
O=C1CCC(O)=C1O,8,114.09999999999998,datawarrior.sdf.gz
O=C1CC(=O)C(=O)C1,8,112.08399999999999,datawarrior.sdf.gz
O=C(O)C1(O)CCC1,8,116.116,datawarrior.sdf.gz
O=C(O)c1ccoc1,8,112.08399999999997,datawarrior.sdf.gz
CO[C@H]1C[C@H]1C(=O)O,8,116.116,datawarrior.sdf.gz
CO[C@H]1C[C@@H]1C(=O)O,8,116.116,datawarrior.sdf.gz
O=C1COC(=O)C1Cl,8,134.51799999999997,datawarrior.sdf.gz
O=C1COC(=O)C1I,8,225.96899999999997,datawarrior.sdf.gz
O=C1COC(=O)C1Br,8,178.96899999999997,datawarrior.sdf.gz
Cc1nnc(C)n1N,8,112.13600000000001,datawarrior.sdf.gz
CCCc1nnn[nH]1,8,112.136,datawarrior.sdf.gz
CC(C)c1nnn[nH]1,8,112.13599999999998,datawarrior.sdf.gz
Cc1nnc(S)n1N,8,130.176,datawarrior.sdf.gz
CSc1nc(N)n[nH]1,8,130.176,datawarrior.sdf.gz
N[C@@H]1CCCC[C@@H]1N,8,114.19200000000001,datawarrior.sdf.gz
N[C@H]1CCCC[C@@H]1N,8,114.19200000000001,datawarrior.sdf.gz
Nc1cccc(N)c1,8,108.144,datawarrior.sdf.gz
Cc1nccnc1C,8,108.14399999999999,datawarrior.sdf.gz
Cc1cnc(C)cn1,8,108.144,datawarrior.sdf.gz
C[C@H]1CN[C@@H](C)CN1,8,114.192,datawarrior.sdf.gz
C[C@@H]1CN[C@@H](C)CN1,8,114.192,datawarrior.sdf.gz
CN[C@H]1C[C@]1(C)NC,8,114.19200000000001,datawarrior.sdf.gz
N#Cc1cccnc1,8,104.11199999999998,datawarrior.sdf.gz
CN[C@H]1C(C)[C@@H]1NC,8,114.192,datawarrior.sdf.gz
CN[C@@H]1[C@@H](C)[C@@H]1NC,8,114.192,datawarrior.sdf.gz
N#Cc1ccccn1,8,104.11199999999997,datawarrior.sdf.gz
CC1=NCCCCN1,8,112.176,datawarrior.sdf.gz
CCc1nc(C)c[nH]1,8,110.15999999999998,datawarrior.sdf.gz
CCCc1ncc[nH]1,8,110.16,datawarrior.sdf.gz
N#Cc1ccncc1,8,104.11199999999998,datawarrior.sdf.gz
Nc1ccc(N)cc1,8,108.144,datawarrior.sdf.gz
Cc1cnccc1N,8,108.14399999999999,datawarrior.sdf.gz
NCc1ccncc1,8,108.144,datawarrior.sdf.gz
C[C@@H]1CNC[C@H](C)N1,8,114.19200000000001,datawarrior.sdf.gz
NCc1cccnc1,8,108.14399999999999,datawarrior.sdf.gz
Cc1cc(N)ccn1,8,108.144,datawarrior.sdf.gz
Nc1ccccc1[NH3+],8,108.14399999999998,datawarrior.sdf.gz
N[C@H]1CCCC[C@@H]1[NH3+],8,114.19200000000001,datawarrior.sdf.gz
N[C@@H]1CCCC[C@@H]1[NH3+],8,114.19200000000001,datawarrior.sdf.gz
C[n+]1ccccc1N,8,109.15199999999999,datawarrior.sdf.gz
Nc1cccc([NH3+])c1,8,108.144,datawarrior.sdf.gz
Cc1ncc[nH+]c1C,8,108.14399999999999,datawarrior.sdf.gz
Cc1c[nH+]c(C)cn1,8,108.144,datawarrior.sdf.gz
C[C@H]1C[NH2+][C@@H](C)CN1,8,114.192,datawarrior.sdf.gz
C[C@@H]1C[NH2+][C@@H](C)CN1,8,114.192,datawarrior.sdf.gz
CN[C@H]1C[C@]1(C)[NH2+]C,8,114.19200000000001,datawarrior.sdf.gz
CNc1ccc[nH+]c1,8,108.14399999999998,datawarrior.sdf.gz
CN[C@H]1C(C)[C@@H]1[NH2+]C,8,114.192,datawarrior.sdf.gz
CN[C@@H]1[C@@H](C)[C@@H]1[NH2+]C,8,114.192,datawarrior.sdf.gz
Nc1ccc([NH3+])cc1,8,108.144,datawarrior.sdf.gz
Cc1cncc(C)[nH+]1,8,108.14399999999999,datawarrior.sdf.gz
C[C@@H]1CNC[C@H](C)[NH2+]1,8,114.19200000000001,datawarrior.sdf.gz
[NH3+]Cc1ccncc1,8,108.144,datawarrior.sdf.gz
[NH3+]Cc1ccccn1,8,108.144,datawarrior.sdf.gz
[NH3+]Cc1cccnc1,8,108.14399999999999,datawarrior.sdf.gz
[S-]c1ccnc([S-])n1,8,144.224,datawarrior.sdf.gz
[S-]c1ccnc([S-])[nH+]1,8,144.224,datawarrior.sdf.gz
Nc1ccncc1F,8,112.10699999999999,datawarrior.sdf.gz
Nc1ccncc1Br,8,173.01299999999998,datawarrior.sdf.gz
Cn1ccnc1CS,8,128.2,datawarrior.sdf.gz
Cc1cc([S-])[nH+]cn1,8,126.18399999999998,datawarrior.sdf.gz
Cc1ccnc([S-])[nH+]1,8,126.18399999999997,datawarrior.sdf.gz
Cc1cc([S-])ncn1,8,126.18399999999998,datawarrior.sdf.gz
Cc1ccnc([S-])n1,8,126.18399999999997,datawarrior.sdf.gz
O=C(O)c1cc[nH]n1,8,112.088,datawarrior.sdf.gz
N[C@H]1CC(=O)NC1=O,8,114.10400000000001,datawarrior.sdf.gz
[O-]c1ccc([O-])nn1,8,112.08799999999998,datawarrior.sdf.gz
[O-]c1ccc(O)n[nH+]1,8,112.08799999999998,datawarrior.sdf.gz
[O-]c1cc(O)nc[nH+]1,8,112.088,datawarrior.sdf.gz
O=[N+]([O-])c1ccc[nH]1,8,112.08799999999998,datawarrior.sdf.gz
[O-]c1[nH+]cncc1O,8,112.088,datawarrior.sdf.gz
Oc1ccc(O)[nH+]n1,8,112.08799999999998,datawarrior.sdf.gz
[NH3+][C@H]1CC(=O)NC1=O,8,114.10400000000001,datawarrior.sdf.gz
[O-]c1ncncc1O,8,112.088,datawarrior.sdf.gz
CC(=O)c1cc[nH]n1,8,110.11599999999999,datawarrior.sdf.gz
Nc1ncccc1O,8,110.11599999999999,datawarrior.sdf.gz
NC(=O)[C@@H]1CCCN1,8,114.148,datawarrior.sdf.gz
O=CN1CCNCC1,8,114.14800000000001,datawarrior.sdf.gz
COc1cnccn1,8,110.11599999999999,datawarrior.sdf.gz
Cc1cc([O-])[nH+]cn1,8,110.116,datawarrior.sdf.gz
Cc1cc[nH+]c([O-])n1,8,110.11599999999997,datawarrior.sdf.gz
C[n+]1cccnc1[O-],8,111.12399999999997,datawarrior.sdf.gz
C[n+]1cnccc1[O-],8,111.124,datawarrior.sdf.gz
Nc1cc[n+]([O-])cc1,8,110.116,datawarrior.sdf.gz
C[n+]1cc(O)ccn1,8,111.124,datawarrior.sdf.gz
N[n+]1ccccc1O,8,111.12399999999998,datawarrior.sdf.gz
Cc1cc([O-])ncn1,8,110.116,datawarrior.sdf.gz
C[n+]1ccncc1O,8,111.124,datawarrior.sdf.gz
C[n+]1ccc(O)nc1,8,111.124,datawarrior.sdf.gz
Cc1ccnc([O-])n1,8,110.11599999999997,datawarrior.sdf.gz
Nc1cccc[n+]1O,8,111.12399999999998,datawarrior.sdf.gz
CCc1nsc(O)n1,8,130.17199999999997,datawarrior.sdf.gz
[O-]c1ccnc([S-])n1,8,128.15599999999998,datawarrior.sdf.gz
Oc1ccnc([Se-])[nH+]1,8,175.049,datawarrior.sdf.gz
[O-]c1ccnc([S-])[nH+]1,8,128.15599999999998,datawarrior.sdf.gz
C[C@H]1CCCC[C@@H]1N,8,113.20400000000001,datawarrior.sdf.gz
CC1=CN(C)CC1C,8,111.18799999999997,datawarrior.sdf.gz
CCN1CCCC1C,8,113.204,datawarrior.sdf.gz
CC(C)N1CCCC1,8,113.204,datawarrior.sdf.gz
CC1CCCCN1C,8,113.204,datawarrior.sdf.gz
CCC1CCCN1C,8,113.204,datawarrior.sdf.gz
Clc1cncc(Cl)c1,8,147.992,datawarrior.sdf.gz
C[n+]1cccc(S)c1,8,126.20399999999998,datawarrior.sdf.gz
C[n+]1ccccc1S,8,126.20399999999997,datawarrior.sdf.gz
O=C(O)c1cc[nH]c1,8,111.09999999999998,datawarrior.sdf.gz
O/N=C\c1ccco1,8,111.1,datawarrior.sdf.gz
O/N=C/c1ccco1,8,111.1,datawarrior.sdf.gz
[O-]c1ccnc([O-])c1,8,111.09999999999998,datawarrior.sdf.gz
[O-]c1cc[nH+]cc1O,8,111.09999999999998,datawarrior.sdf.gz
[O-]c1cccc[n+]1O,8,112.10799999999998,datawarrior.sdf.gz
[O-]c1cc(O)cc[nH+]1,8,111.1,datawarrior.sdf.gz
O=C(O)C1CCC[NH2+]1,8,115.132,datawarrior.sdf.gz
O=C(O)[C@@H]1CCC[NH2+]1,8,115.132,datawarrior.sdf.gz
O=C([O-])C1CCCN1,8,115.132,datawarrior.sdf.gz
O=C([O-])[C@@H]1CCCN1,8,115.132,datawarrior.sdf.gz
Oc1cc[nH+]c(O)c1,8,111.09999999999998,datawarrior.sdf.gz
Oc1cc[nH+]cc1O,8,111.09999999999998,datawarrior.sdf.gz
O=C([O-])C1CCNC1,8,115.13200000000002,datawarrior.sdf.gz
O=C(O)C1CC[NH2+]C1,8,115.13200000000002,datawarrior.sdf.gz
Oc1cccc[n+]1O,8,112.10799999999998,datawarrior.sdf.gz
O=[N+](O)C1=CC=CC1,8,112.10799999999998,datawarrior.sdf.gz
Oc1cc[n+](O)cc1,8,112.10799999999999,datawarrior.sdf.gz
O=C1CC(S)C(=O)N1,8,131.156,datawarrior.sdf.gz
O=C(O)c1cncs1,8,129.14000000000001,datawarrior.sdf.gz
O=C(O)c1cscn1,8,129.14000000000001,datawarrior.sdf.gz
O=C(O)c1nccs1,8,129.14,datawarrior.sdf.gz
O=C(O)[C@@H]1CSC[NH2+]1,8,133.172,datawarrior.sdf.gz
O=C([O-])C1CSCN1,8,133.172,datawarrior.sdf.gz
O=C([O-])[C@@H]1CSCN1,8,133.172,datawarrior.sdf.gz
N[C@H]1CCCC[C@@H]1O,8,115.176,datawarrior.sdf.gz
N[C@@H]1CCCC[C@@H]1O,8,115.176,datawarrior.sdf.gz
N[C@H]1CCC[C@H](O)C1,8,115.176,datawarrior.sdf.gz
N[C@@H]1CCC[C@H](O)C1,8,115.176,datawarrior.sdf.gz
ONc1ccccc1,8,109.12799999999997,datawarrior.sdf.gz
Cc1noc(C)c1C,8,111.14399999999998,datawarrior.sdf.gz
CCN1CCOCC1,8,115.176,datawarrior.sdf.gz
O=Cc1ccccn1,8,107.11199999999997,datawarrior.sdf.gz
C[n+]1ccccc1O,8,110.13599999999998,datawarrior.sdf.gz
[O-]c1cccc(Cl)n1,8,129.546,datawarrior.sdf.gz
[O-]c1ccncc1Br,8,173.997,datawarrior.sdf.gz
O=C1CCC(=O)N1O,8,115.08799999999998,datawarrior.sdf.gz
O=C(O)c1cnoc1,8,113.07199999999999,datawarrior.sdf.gz
CCNc1nnn[nH]1,8,113.124,datawarrior.sdf.gz
CN(C)c1nnn[nH]1,8,113.124,datawarrior.sdf.gz
Cn1n[n+](C)nc1N,8,114.132,datawarrior.sdf.gz
CC([NH3+])c1nnn[nH]1,8,113.124,datawarrior.sdf.gz
CC(N)c1nnn[n-]1,8,113.124,datawarrior.sdf.gz
[NH3+]CCc1nnn[nH]1,8,113.12400000000001,datawarrior.sdf.gz
Nc1ccncc1N,8,109.132,datawarrior.sdf.gz
Cn1cccnc1=N,8,109.13199999999998,datawarrior.sdf.gz
NCCc1cnc[nH]1,8,111.14800000000001,datawarrior.sdf.gz
[NH3+]CCc1c[nH]cn1,8,111.14800000000002,datawarrior.sdf.gz
[NH3+]CCc1cnc[nH]1,8,111.14800000000001,datawarrior.sdf.gz
Nc1cc[nH+]c([S-])n1,8,127.17199999999998,datawarrior.sdf.gz
Nc1ccnc([S-])n1,8,127.17199999999998,datawarrior.sdf.gz
Nc1cc[nH+]c([O-])n1,8,111.10399999999998,datawarrior.sdf.gz
Nc1nccc([O-])n1,8,111.10400000000001,datawarrior.sdf.gz
Nc1nc(O)cc[nH+]1,8,111.10400000000001,datawarrior.sdf.gz
Cn1cc([O-])nc1N,8,113.12000000000002,datawarrior.sdf.gz
Cn1cc(O)[nH+]c1N,8,113.12000000000002,datawarrior.sdf.gz
Nc1ccnc([O-])n1,8,111.10399999999998,datawarrior.sdf.gz
C1C[NH+]2CCN1CC2,8,112.17600000000002,datawarrior.sdf.gz
NC12CCC(CC1)C2,8,111.188,datawarrior.sdf.gz
C1=CN2CCC1CC2,8,109.17199999999998,datawarrior.sdf.gz
C[C@H]1C[C@@H]2CCN1C2,8,111.18799999999999,datawarrior.sdf.gz
C1CC2CCCN2C1,8,111.188,datawarrior.sdf.gz
C/C=C\C=C/C(=O)O,8,112.12799999999999,datawarrior.sdf.gz
CCC/C=C/C(=O)O,8,114.144,datawarrior.sdf.gz
CC#C/C=C/C(=O)O,8,110.112,datawarrior.sdf.gz
CC/C=C/CC(=O)O,8,114.14399999999999,datawarrior.sdf.gz
C/C=C/CCC(=O)O,8,114.14399999999999,datawarrior.sdf.gz
C#CCCCC(=O)O,8,112.128,datawarrior.sdf.gz
C=CC#CCC(=O)O,8,110.112,datawarrior.sdf.gz
C/C=C/C#CC(=O)O,8,110.11199999999998,datawarrior.sdf.gz
CC#CC#CC(=O)O,8,108.09599999999999,datawarrior.sdf.gz
CC(C)/C=C/C(=O)O,8,114.14399999999999,datawarrior.sdf.gz
CC(C)=CCC(=O)O,8,114.14399999999999,datawarrior.sdf.gz
CC(C)CCC(=O)O,8,116.16,datawarrior.sdf.gz
CC/C(C)=C\C(=O)O,8,114.144,datawarrior.sdf.gz
CC/C(C)=C/C(=O)O,8,114.144,datawarrior.sdf.gz
CCC(C)CC(=O)O,8,116.16,datawarrior.sdf.gz
CCC(C)(C)C(=O)O,8,116.16,datawarrior.sdf.gz
CCC(=O)CC(C)=O,8,114.14399999999999,datawarrior.sdf.gz
CC(=O)C(C)C(C)=O,8,114.14399999999999,datawarrior.sdf.gz
CC(C)C(=O)CC=O,8,114.14399999999999,datawarrior.sdf.gz
CC(C)C(Br)C(=O)O,8,181.02899999999997,datawarrior.sdf.gz
CCSC(C)C(=O)O,8,134.20000000000002,datawarrior.sdf.gz
CC(C)SCC(=O)O,8,134.20000000000002,datawarrior.sdf.gz
C[Si](C)(C)CC(=O)O,8,132.23499999999999,datawarrior.sdf.gz
CCCSCC(=O)O,8,134.2,datawarrior.sdf.gz
C=C(C)/C(C)=C(\C)O,8,112.17199999999998,datawarrior.sdf.gz
COC(=O)CC(C)=O,8,116.11599999999999,datawarrior.sdf.gz
CO/C(C)=C\C(=O)O,8,116.116,datawarrior.sdf.gz
O=CCCCC(=O)O,8,116.116,datawarrior.sdf.gz
NC(=N\O)/C(N)=N/O,8,118.096,datawarrior.sdf.gz
CNCC(C)CNC,8,116.208,datawarrior.sdf.gz
CC(C)(N)C(C)(C)N,8,116.208,datawarrior.sdf.gz
CCCCNCCN,8,116.20800000000001,datawarrior.sdf.gz
CCNCCNCC,8,116.208,datawarrior.sdf.gz
NCCCCCCN,8,116.20800000000001,datawarrior.sdf.gz
CCN(CC)CCN,8,116.20800000000001,datawarrior.sdf.gz
CNCC(C)C[NH2+]C,8,116.208,datawarrior.sdf.gz
CC(C)(N)C(C)(C)[NH3+],8,116.208,datawarrior.sdf.gz
CCCC[NH2+]CCN,8,116.20800000000001,datawarrior.sdf.gz
CCNCC[NH2+]CC,8,116.208,datawarrior.sdf.gz
CN(C)CC[NH+](C)C,8,116.208,datawarrior.sdf.gz
NCCCCCC[NH3+],8,116.20800000000001,datawarrior.sdf.gz
CC[NH+](CC)CCN,8,116.20800000000001,datawarrior.sdf.gz
CC([N+](=O)[O-])[N+](=O)[O-],8,120.064,datawarrior.sdf.gz
CC(=N\O)/C(C)=N/O,8,116.11999999999999,datawarrior.sdf.gz
CCCCN[N+](=O)[O-],8,118.13600000000001,datawarrior.sdf.gz
CC(C)CN[N+](=O)[O-],8,118.136,datawarrior.sdf.gz
CC(=N\[O-])/C(C)=N/O,8,116.11999999999999,datawarrior.sdf.gz
CC(Br)(CN)[N+](=O)[O-],8,183.005,datawarrior.sdf.gz
NCCNCCCO,8,118.18,datawarrior.sdf.gz
CC(O)CNCCN,8,118.18,datawarrior.sdf.gz
CC(C)C(N)C(N)=O,8,116.16399999999999,datawarrior.sdf.gz
CNCC(=O)N(C)C,8,116.16399999999999,datawarrior.sdf.gz
CC(O)=C(C#N)C#N,8,108.1,datawarrior.sdf.gz
CC(C)(C)/C(N)=N/O,8,116.16399999999999,datawarrior.sdf.gz
NCCCNCCO,8,118.18000000000002,datawarrior.sdf.gz
NCC[NH2+]CCCO,8,118.18,datawarrior.sdf.gz
CC(O)CNCC[NH3+],8,118.18,datawarrior.sdf.gz
C/C(O)=N\[N+](C)(C)C,8,117.172,datawarrior.sdf.gz
C/C(CN(C)C)=N\[O-],8,116.164,datawarrior.sdf.gz
NCCC[NH2+]CCO,8,118.18000000000002,datawarrior.sdf.gz
O=C(/C=N/O)/C=N/O,8,116.076,datawarrior.sdf.gz
C/C(=N\O)C(=O)NO,8,118.09199999999998,datawarrior.sdf.gz
C/C(=N\O)C(=O)[N-]O,8,118.09199999999998,datawarrior.sdf.gz
C#CCCCCCN,8,111.18799999999999,datawarrior.sdf.gz
CCCCC[C@H](C)N,8,115.22,datawarrior.sdf.gz
CCC(C)NC(C)C,8,115.22,datawarrior.sdf.gz
CC(C)CNC(C)C,8,115.21999999999998,datawarrior.sdf.gz
C#CCCCN(C)C,8,111.18799999999999,datawarrior.sdf.gz
CN(C)CC(C)(C)C,8,115.21999999999998,datawarrior.sdf.gz
CN(C)CC(Cl)CCl,8,156.056,datawarrior.sdf.gz
CCCCSCCN,8,133.26000000000002,datawarrior.sdf.gz
CCN(CC)CCBr,8,180.08899999999997,datawarrior.sdf.gz
CC(C)CSCCN,8,133.26,datawarrior.sdf.gz
CCN(CC)CC[S-],8,133.26,datawarrior.sdf.gz
CC[NH+](CC)CCS,8,133.26,datawarrior.sdf.gz
O=[N+]([O-])C(CO)CO,8,121.092,datawarrior.sdf.gz
[O-][N+]([O-])=C(CO)CO,8,120.08399999999999,datawarrior.sdf.gz
CCCNCC(=O)O,8,117.148,datawarrior.sdf.gz
CC(C)C(N)C(=O)O,8,117.148,datawarrior.sdf.gz
CC/C(=N/O)C(C)=O,8,115.13199999999999,datawarrior.sdf.gz
CC(O)CNCCO,8,119.16399999999999,datawarrior.sdf.gz
CCOC(=O)C(C)N,8,117.14800000000001,datawarrior.sdf.gz
CCOC(=O)[C@H](C)N,8,117.14800000000001,datawarrior.sdf.gz
CC(C#N)CC(=O)O,8,113.116,datawarrior.sdf.gz
CCCC/C=[N+](\[O-])O,8,117.14800000000001,datawarrior.sdf.gz
CCC[NH2+]CC(=O)O,8,117.148,datawarrior.sdf.gz
CC(C)[NH2+]CC(=O)O,8,117.14799999999998,datawarrior.sdf.gz
CC[NH2+]C(C)C(=O)O,8,117.148,datawarrior.sdf.gz
C[NH2+]C(C)(C)C(=O)O,8,117.148,datawarrior.sdf.gz
CC(C)C([NH3+])C(=O)O,8,117.148,datawarrior.sdf.gz
CC(C)[C@H]([NH3+])C(=O)O,8,117.148,datawarrior.sdf.gz
CCCNCC(=O)[O-],8,117.148,datawarrior.sdf.gz
CC(C)NCC(=O)[O-],8,117.14799999999998,datawarrior.sdf.gz
CCNC(C)C(=O)[O-],8,117.148,datawarrior.sdf.gz
CNC(C)(C)C(=O)[O-],8,117.148,datawarrior.sdf.gz
CCC(C)(N)C(=O)[O-],8,117.14800000000001,datawarrior.sdf.gz
CCCC(N)C(=O)[O-],8,117.14800000000001,datawarrior.sdf.gz
CC(C)[C@H](N)C(=O)[O-],8,117.148,datawarrior.sdf.gz
CNCCCC(=O)[O-],8,117.14800000000001,datawarrior.sdf.gz
C[C@H](N)CCC(=O)[O-],8,117.14800000000001,datawarrior.sdf.gz
C[NH2+]CCCC(=O)O,8,117.14800000000001,datawarrior.sdf.gz
C[C@H]([NH3+])CCC(=O)O,8,117.14800000000001,datawarrior.sdf.gz
CCNCCC(=O)[O-],8,117.14800000000001,datawarrior.sdf.gz
CN(C)CCC(=O)[O-],8,117.14800000000001,datawarrior.sdf.gz
CC[NH2+]CCC(=O)O,8,117.14800000000001,datawarrior.sdf.gz
NCC/C=C/C(=O)[O-],8,115.13200000000002,datawarrior.sdf.gz
NCCCCC(=O)[O-],8,117.14800000000002,datawarrior.sdf.gz
[NH3+]CC/C=C/C(=O)O,8,115.13200000000002,datawarrior.sdf.gz
[NH3+]CCCCC(=O)O,8,117.14800000000002,datawarrior.sdf.gz
CCN(CC)C(C)O,8,117.192,datawarrior.sdf.gz
CC(CO)CN(C)C,8,117.19200000000001,datawarrior.sdf.gz
CN(C)C(C)(C)C=O,8,115.17599999999999,datawarrior.sdf.gz
C/C(=N\O)C(=O)CO,8,117.10399999999997,datawarrior.sdf.gz
CC(=O)C(C)[N+](=O)[O-],8,117.104,datawarrior.sdf.gz
CN(C)C(=N)N(C)C,8,115.17999999999999,datawarrior.sdf.gz
CNCCNCCN,8,117.19600000000001,datawarrior.sdf.gz
C/N=C(/NC)N(C)C,8,115.17999999999998,datawarrior.sdf.gz
C[NH2+]CCNCC[NH3+],8,117.196,datawarrior.sdf.gz
C[NH2+]CCNCCN,8,117.196,datawarrior.sdf.gz
N#C/C(=N\O)C(N)=O,8,113.076,datawarrior.sdf.gz
CNCC/C(N)=N/O,8,117.152,datawarrior.sdf.gz
CC(N)C/C(N)=N/O,8,117.152,datawarrior.sdf.gz
CC(CN)/C(N)=N/O,8,117.152,datawarrior.sdf.gz
C[NH2+]CC/C(N)=N/O,8,117.152,datawarrior.sdf.gz
CC([NH3+])C/C(N)=N/O,8,117.152,datawarrior.sdf.gz
CC(C[NH3+])/C(N)=N/O,8,117.152,datawarrior.sdf.gz
CC(=O)C1C(=O)OC(=O)C=C1C,12,168.14799999999997,datawarrior.sdf.gz
O=C(O)[C@@H]1CC[C@@H](C(=O)O)[Se][Se]1,12,302.046,datawarrior.sdf.gz
O=C([O-])[C@@H]1CC[C@@H](C(=O)O)[Se][Se]1,12,302.046,datawarrior.sdf.gz
O=C(O)CCCC1CCCCC1,12,170.25199999999995,datawarrior.sdf.gz
O=C(O)CC#Cc1ccccc1,12,160.172,datawarrior.sdf.gz
CC(C)c1ccc(C(=O)O)cc1,12,164.20399999999998,datawarrior.sdf.gz
CC1CCC[C@H](C(C)C(=O)O)C1,12,170.25199999999998,datawarrior.sdf.gz
CC(C)c1cccc(C(=O)O)c1,12,164.20399999999998,datawarrior.sdf.gz
CC(=O)CC(=O)c1ccccc1,12,162.18799999999996,datawarrior.sdf.gz
Cc1c(C)c(O)c(C)c(C)c1[O-],12,166.21999999999997,datawarrior.sdf.gz
O=C(O)CSc1ccc(S)cc1,12,200.284,datawarrior.sdf.gz
O=C(O)CCCCC1CCSS1,12,206.33199999999997,datawarrior.sdf.gz
Cc1cccc(SCC(=O)O)c1,12,182.24399999999997,datawarrior.sdf.gz
Cc1ccc(SCC(=O)O)cc1,12,182.24399999999997,datawarrior.sdf.gz
Cc1cccc([Se]CC(=O)O)c1,12,229.137,datawarrior.sdf.gz
Cc1ccc([Se]CC(=O)O)cc1,12,229.137,datawarrior.sdf.gz
O=C(O)/C(I)=C/c1ccccc1,12,274.057,datawarrior.sdf.gz
O=C(O)/C(I)=C\c1ccccc1,12,274.057,datawarrior.sdf.gz
O=C(O)/C=C\c1cccc(Cl)c1,12,182.60599999999997,datawarrior.sdf.gz
O=S(O)CCCc1ccccc1,12,184.26000000000002,datawarrior.sdf.gz
O=C(O)/C=C\SC1CCCCC1,12,186.27599999999998,datawarrior.sdf.gz
O=C(O)/C=C/SC1CCCCC1,12,186.27599999999998,datawarrior.sdf.gz
O=C(O)C#CSc1ccccc1,12,178.212,datawarrior.sdf.gz
Cc1ccccc1SCC(=O)O,12,182.244,datawarrior.sdf.gz
Cc1ccccc1[Se]CC(=O)O,12,229.137,datawarrior.sdf.gz
O=C(O)/C=C(\I)c1ccccc1,12,274.057,datawarrior.sdf.gz
O=C(O)CSCc1ccccc1,12,182.244,datawarrior.sdf.gz
C=C(SC1CCCCC1)C(=O)O,12,186.27599999999998,datawarrior.sdf.gz
O=C1C[C@H](C(=O)O)[C@@H](C(=O)O)O1,12,174.10799999999998,datawarrior.sdf.gz
O=C1C[C@@H](C(=O)O)[C@@H](C(=O)O)O1,12,174.10799999999998,datawarrior.sdf.gz
O=C1O[C@@H]([C@@H](O)CO)C(O)=C1O,12,176.12399999999997,datawarrior.sdf.gz
O=C1O[C@@H]([C@H](O)CO)C(O)=C1O,12,176.12399999999997,datawarrior.sdf.gz
O=C1C[C@H](C(=O)O)[C@@H](C(=O)[O-])O1,12,174.10799999999998,datawarrior.sdf.gz
O=C1C[C@@H](C(=O)O)[C@@H](C(=O)[O-])O1,12,174.10799999999998,datawarrior.sdf.gz
O=C1O[C@@H]([C@@H](O)CO)C([O-])=C1O,12,176.12399999999997,datawarrior.sdf.gz
O=C1O[C@@H]([C@H](O)CO)C([O-])=C1O,12,176.12399999999997,datawarrior.sdf.gz
CC(=O)c1cccc(=O)c(O)c1,12,164.15999999999997,datawarrior.sdf.gz
CC(=O)c1ccc(O)c(=O)cc1,12,164.15999999999997,datawarrior.sdf.gz
CC1C(=O)OC(C(C)(C)C)C1=O,12,170.20799999999997,datawarrior.sdf.gz
COc1cc(C(=O)O)ccc1C,12,166.17599999999996,datawarrior.sdf.gz
CCOc1cccc(C(=O)O)c1,12,166.17599999999996,datawarrior.sdf.gz
O=C(O)C(CO)c1ccccc1,12,166.17600000000002,datawarrior.sdf.gz
Cc1cccc(OCC(=O)O)c1,12,166.176,datawarrior.sdf.gz
Cc1ccc(OCC(=O)O)cc1,12,166.176,datawarrior.sdf.gz
Cc1ccccc1OCC(=O)O,12,166.176,datawarrior.sdf.gz
CC(O)(C(=O)O)c1ccccc1,12,166.176,datawarrior.sdf.gz
O=C(O)C(=O)Cc1ccccc1,12,164.16,datawarrior.sdf.gz
Cc1ccc(C(=O)C(=O)O)cc1,12,164.15999999999997,datawarrior.sdf.gz
COc1ccc(C(=O)O)cc1C,12,166.17599999999996,datawarrior.sdf.gz
COc1ccc(C)c(C(=O)O)c1,12,166.176,datawarrior.sdf.gz
COc1ccc(C(=O)O)c(C)c1,12,166.17599999999996,datawarrior.sdf.gz
COCc1ccccc1C(=O)O,12,166.176,datawarrior.sdf.gz
CC(=O)[C@@H]1C[C@H](C(=O)O)C1(C)C,12,170.208,datawarrior.sdf.gz
COc1c(C)cccc1C(=O)O,12,166.176,datawarrior.sdf.gz
CCOc1ccccc1C(=O)O,12,166.17599999999996,datawarrior.sdf.gz
COc1cccc(C)c1C(=O)O,12,166.176,datawarrior.sdf.gz
COc1cc(C)ccc1C(=O)O,12,166.17599999999996,datawarrior.sdf.gz
CCOc1ccc(C(=O)O)cc1,12,166.17599999999996,datawarrior.sdf.gz
CC(=O)[C@H]1CC=CC[C@@H]1C(=O)O,12,168.192,datawarrior.sdf.gz
COc1cccc(C(=O)O)c1C,12,166.176,datawarrior.sdf.gz
O=C(O)CC(O)c1ccccc1,12,166.176,datawarrior.sdf.gz
O=C(O)/C=C\c1ccc(O)cc1,12,164.16,datawarrior.sdf.gz
O=C(O)/C=C/c1ccc(O)cc1,12,164.16,datawarrior.sdf.gz
O=C(O)CC[C@H]1CC[C@H](O)CC1,12,172.224,datawarrior.sdf.gz
CCOC(=O)C1CCCCC1=O,12,170.20799999999997,datawarrior.sdf.gz
CC1(C)CC(=O)C(C=O)C(=O)C1,12,168.19199999999998,datawarrior.sdf.gz
O=C([O-])/C=C\c1ccccc1O,12,164.16,datawarrior.sdf.gz
O=C([O-])/C=C/c1ccccc1O,12,164.16,datawarrior.sdf.gz
CC(=O)c1ccc(CC(=O)O)s1,12,184.21599999999998,datawarrior.sdf.gz
N=C(N)Nc1nc(N)nc(N)n1,12,168.164,datawarrior.sdf.gz
NCC(=O)NCCc1c[nH]cn1,12,168.20000000000005,datawarrior.sdf.gz
COc1cc(N)c(C#N)c(N)n1,12,164.16799999999998,datawarrior.sdf.gz
[NH3+]CC(=O)NCCc1c[nH]cn1,12,168.20000000000005,datawarrior.sdf.gz
NC(=O)Nc1[nH]c[nH+]c1C(=O)O,12,170.128,datawarrior.sdf.gz
NC(=O)Nc1[nH]cnc1C(=O)[O-],12,170.128,datawarrior.sdf.gz
CN(C)c1ccc(N(C)C)cc1,12,164.25199999999995,datawarrior.sdf.gz
NCCNCCc1ccccc1,12,164.252,datawarrior.sdf.gz
Cc1cccc(/N=C/N(C)C)c1,12,162.236,datawarrior.sdf.gz
Cc1ccccc1/N=C/N(C)C,12,162.236,datawarrior.sdf.gz
Cc1ccc(/N=C/N(C)C)cc1,12,162.236,datawarrior.sdf.gz
NCCCCCc1ccncc1,12,164.25199999999998,datawarrior.sdf.gz
NCCCCCc1cccnc1,12,164.25199999999995,datawarrior.sdf.gz
NCCCCCc1ccccn1,12,164.25199999999998,datawarrior.sdf.gz
Cc1ccc(CNCCN)cc1,12,164.25199999999998,datawarrior.sdf.gz
CN(C)c1ccc([NH+](C)C)cc1,12,164.25199999999995,datawarrior.sdf.gz
NCC[NH2+]CCc1ccccc1,12,164.252,datawarrior.sdf.gz
[NH3+]CCCCCc1ccncc1,12,164.25199999999998,datawarrior.sdf.gz
[NH3+]CCCCCc1cccnc1,12,164.25199999999995,datawarrior.sdf.gz
[NH3+]CCCCCc1ccccn1,12,164.25199999999998,datawarrior.sdf.gz
Cc1ccc(CNCC[NH3+])cc1,12,164.25199999999998,datawarrior.sdf.gz
CN(C)/C=N/c1ccccc1Cl,12,182.65399999999997,datawarrior.sdf.gz
CN(C)/C=N/c1ccccc1Br,12,227.105,datawarrior.sdf.gz
CN(C)c1cccc(NC=S)c1,12,180.27599999999998,datawarrior.sdf.gz
NC(=S)C(N)Cc1ccccc1,12,180.276,datawarrior.sdf.gz
CN(C)c1ccc(NC=S)cc1,12,180.27599999999998,datawarrior.sdf.gz
CN(C)/C=N/c1cccc(Cl)c1,12,182.654,datawarrior.sdf.gz
CN(C)/C=N/c1cccc(Br)c1,12,227.105,datawarrior.sdf.gz
CN(C)/C=N/c1ccc(Cl)cc1,12,182.654,datawarrior.sdf.gz
CN(C)/C=N/c1ccc(Br)cc1,12,227.105,datawarrior.sdf.gz
NC(=S)C([NH3+])Cc1ccccc1,12,180.276,datawarrior.sdf.gz
Cn1cnc(C(=O)O)c1C(=O)O,12,170.124,datawarrior.sdf.gz
O=C(O)C[C@@H]1NC(=O)CNC1=O,12,172.14000000000001,datawarrior.sdf.gz
NC(=O)[C@H]1CC(=O)N[C@@H]1C(=O)O,12,172.14,datawarrior.sdf.gz
Cc1[nH]c(C(=O)[O-])c(C(=O)O)[nH+]1,12,170.124,datawarrior.sdf.gz
Cn1cnc(C(=O)[O-])c1C(=O)[O-],12,170.124,datawarrior.sdf.gz
Cn1cnc(C(=O)[O-])c1C(=O)O,12,170.124,datawarrior.sdf.gz
Cn1c[nH+]c(C(=O)O)c1C(=O)O,12,170.124,datawarrior.sdf.gz
COC(=O)CCCc1c[nH]cn1,12,168.19600000000003,datawarrior.sdf.gz
NC(=O)/C(=N\O)c1ccccc1,12,164.164,datawarrior.sdf.gz
NC(=O)/C(=N/O)c1ccccc1,12,164.164,datawarrior.sdf.gz
NC(=O)/C=C(\O)c1cccnc1,12,164.164,datawarrior.sdf.gz
NC(=O)CC(=O)c1cccnc1,12,164.164,datawarrior.sdf.gz
NC(=O)/C=C(\O)c1ccncc1,12,164.164,datawarrior.sdf.gz
NC(=O)CC(=O)c1ccncc1,12,164.164,datawarrior.sdf.gz
NC(=O)/C=C(\O)c1ccccn1,12,164.16400000000002,datawarrior.sdf.gz
NC(=O)CC(=O)c1ccccn1,12,164.16400000000002,datawarrior.sdf.gz
O=N/C(Cc1ccccc1)=N\O,12,164.164,datawarrior.sdf.gz
O/N=C(/Cc1ccccc1)NO,12,166.18,datawarrior.sdf.gz
OCCN1CCN(CCO)CC1,12,174.24399999999997,datawarrior.sdf.gz
[NH3+]C(Cc1ccc[nH+]c1)C(=O)O,12,166.18,datawarrior.sdf.gz
NCCc1ccc([N+](=O)[O-])cc1,12,166.17999999999995,datawarrior.sdf.gz
[NH3+]C(CC(=O)[O-])c1ccccn1,12,166.18000000000004,datawarrior.sdf.gz
[NH3+]C(CC(=O)O)c1cccc[nH+]1,12,166.18000000000004,datawarrior.sdf.gz
NC(Cc1cccnc1)C(=O)[O-],12,166.18,datawarrior.sdf.gz
NC(Cc1ccncc1)C(=O)[O-],12,166.18,datawarrior.sdf.gz
Cc1ncc(CO)c(C[NH3+])c1O,12,168.19599999999997,datawarrior.sdf.gz
NC(CC(=O)[O-])c1ccccn1,12,166.18000000000004,datawarrior.sdf.gz
Cc1ncc(CO)c(CN)c1[O-],12,168.19599999999997,datawarrior.sdf.gz
Nc1c(Cl)cc([N+](=O)[O-])cc1Cl,12,207.016,datawarrior.sdf.gz
NCc1cc(Cl)ccc1[N+](=O)[O-],12,186.59799999999996,datawarrior.sdf.gz
O=[N+]([O-])c1cccc(NC=S)c1,12,182.20399999999998,datawarrior.sdf.gz
O=[N+]([O-])c1ccc(NC=S)cc1,12,182.20399999999998,datawarrior.sdf.gz
NC(=S)c1ccc([N+](=O)[O-])cc1,12,182.20399999999995,datawarrior.sdf.gz
NCc1ccc(Cl)cc1[N+](=O)[O-],12,186.59799999999996,datawarrior.sdf.gz
CSc1ccc(N)c([N+](=O)[O-])c1,12,184.21999999999997,datawarrior.sdf.gz
CN(C)/C=N/c1ccccc1O,12,164.20799999999994,datawarrior.sdf.gz
NC(=O)C(N)Cc1ccccc1,12,164.208,datawarrior.sdf.gz
NC(=O)[C@@H](N)Cc1ccccc1,12,164.208,datawarrior.sdf.gz
NCCNC(=O)c1ccccc1,12,164.208,datawarrior.sdf.gz
Cc1ccccc1NC(=O)CN,12,164.208,datawarrior.sdf.gz
CN(C)/C=N/c1cccc(O)c1,12,164.20799999999997,datawarrior.sdf.gz
CN(C)c1ccc(/C=N/O)cc1,12,164.20799999999997,datawarrior.sdf.gz
Cc1cc(CN)c(O)c(CN)c1,12,166.22399999999996,datawarrior.sdf.gz
COc1cc(CN)c(C)cc1N,12,166.22399999999996,datawarrior.sdf.gz
CN(C)/C=N/c1ccc(O)cc1,12,164.20799999999997,datawarrior.sdf.gz
Cc1cc(C[NH3+])c(O)c(C[NH3+])c1,12,166.22399999999996,datawarrior.sdf.gz
CC(=O)[n+]1ccc(N(C)C)cc1,12,165.21599999999995,datawarrior.sdf.gz
COc1cc(C[NH3+])c(C)cc1N,12,166.22399999999996,datawarrior.sdf.gz
O=c1cc(S(=O)(=O)[O-])[nH]c(=O)[nH]1,12,192.152,datawarrior.sdf.gz
O=[N+]([O-])c1ccc(/C=N/O)cc1,12,166.136,datawarrior.sdf.gz
O=[N+]([O-])c1cccc(/C=N\O)c1,12,166.136,datawarrior.sdf.gz
O=[N+]([O-])c1cccc(/C=N/O)c1,12,166.136,datawarrior.sdf.gz
O=[N+]([O-])c1ccccc1/C=N\O,12,166.136,datawarrior.sdf.gz
O=[N+]([O-])c1ccccc1/C=N/O,12,166.136,datawarrior.sdf.gz
O=[N+]([O-])c1ccc(NCO)cc1,12,168.15199999999996,datawarrior.sdf.gz
NOCc1ccc([N+](=O)[O-])cc1,12,168.15199999999996,datawarrior.sdf.gz
NCC(=O)N1CCC[C@H]1C(=O)[O-],12,172.184,datawarrior.sdf.gz
[NH3+]CC(=O)N1CCC[C@H]1C(=O)O,12,172.184,datawarrior.sdf.gz
CN(C)c1nc(/N=N/O)nn1C,12,170.176,datawarrior.sdf.gz
Cn1nc([N+](=O)[O-])nc1NN=O,12,172.104,datawarrior.sdf.gz
CC(N)CCCc1ccccc1,12,163.264,datawarrior.sdf.gz
CCCCNCc1ccccc1,12,163.26399999999998,datawarrior.sdf.gz
CCCNCc1ccc(C)cc1,12,163.26399999999998,datawarrior.sdf.gz
CCC(C)(C)NC1CCCCC1,12,169.31199999999995,datawarrior.sdf.gz
C[C@@H](Cc1ccccc1)N(C)C,12,163.264,datawarrior.sdf.gz
SCCNCCc1ccccc1,12,181.30400000000003,datawarrior.sdf.gz
[S-]CCNCCc1ccccc1,12,181.30400000000003,datawarrior.sdf.gz
SCC[NH2+]CCc1ccccc1,12,181.30400000000003,datawarrior.sdf.gz
O=C([O-])[C@@H]1CCC[C@H](C(=O)[O-])N1,12,173.16799999999998,datawarrior.sdf.gz
COc1cc([N+](=O)[O-])ccc1O,12,169.13599999999997,datawarrior.sdf.gz
COc1cccc([N+](=O)[O-])c1O,12,169.13599999999997,datawarrior.sdf.gz
COc1ccc(O)cc1[N+](=O)[O-],12,169.136,datawarrior.sdf.gz
NS(=O)(=O)c1ccsc1C(=O)O,12,207.232,datawarrior.sdf.gz
CC(=O)N1CS(=O)C[C@H]1C(=O)O,12,191.208,datawarrior.sdf.gz
O=[N+]([O-])c1cccc(S(=O)O)c1,12,187.17599999999996,datawarrior.sdf.gz
O=[N+]([O-])c1cccc([Se](=O)O)c1,12,234.069,datawarrior.sdf.gz
O=[N+]([O-])c1ccc(B(O)O)cc1,12,166.92899999999997,datawarrior.sdf.gz
O=[N+]([O-])c1cccc(B(O)O)c1,12,166.92899999999997,datawarrior.sdf.gz
O=[N+]([O-])c1ccccc1B(O)O,12,166.929,datawarrior.sdf.gz
O=[N+]([O-])c1ccc(S(=O)O)cc1,12,187.17599999999996,datawarrior.sdf.gz
O=[N+]([O-])c1ccc([Se](=O)O)cc1,12,234.069,datawarrior.sdf.gz
O=S(=O)([O-])CCN1CCOCC1,12,195.23999999999995,datawarrior.sdf.gz
COc1ccc(N(C)CO)cc1,12,167.20799999999997,datawarrior.sdf.gz
CC(=O)/C(=N/O)c1ccccc1,12,163.176,datawarrior.sdf.gz
C[C@H](N)[C@H](O)c1ccc(O)cc1,12,167.20799999999997,datawarrior.sdf.gz
N#CC(C(=O)O)c1ccccc1,12,161.16000000000003,datawarrior.sdf.gz
N#CC(C(=O)O)C1CCCCC1,12,167.20799999999997,datawarrior.sdf.gz
N#CC(=C(O)O)c1ccccc1,12,161.16,datawarrior.sdf.gz
C/C(=N\O)C(=O)c1ccccc1,12,163.176,datawarrior.sdf.gz
CN(C)Cc1cccc(O)c1O,12,167.20799999999994,datawarrior.sdf.gz
CN(C)c1ccc(C(=O)O)cc1,12,165.19199999999995,datawarrior.sdf.gz
N#CCc1ccc(C(=O)O)cc1,12,161.15999999999997,datawarrior.sdf.gz
COc1ccc(C(O)CN)cc1,12,167.20799999999997,datawarrior.sdf.gz
Cc1cccc(C(C)[N+](=O)[O-])c1,12,165.192,datawarrior.sdf.gz
[NH3+]C(Cc1ccccc1)C(=O)O,12,165.192,datawarrior.sdf.gz
[NH3+][C@@H](Cc1ccccc1)C(=O)O,12,165.192,datawarrior.sdf.gz
CC1CCCC/C1=N\CC(=O)[O-],12,169.22399999999996,datawarrior.sdf.gz
CC(N)(C(=O)[O-])c1ccccc1,12,165.192,datawarrior.sdf.gz
NC(Cc1ccccc1)C(=O)[O-],12,165.192,datawarrior.sdf.gz
N[C@@H](Cc1ccccc1)C(=O)[O-],12,165.192,datawarrior.sdf.gz
N#C/C(=C(\[O-])O)c1ccccc1,12,161.16,datawarrior.sdf.gz
C[NH+](C)c1ccccc1C(=O)O,12,165.19199999999998,datawarrior.sdf.gz
C[NH2+]CC(=O)c1ccc(O)cc1,12,165.19199999999998,datawarrior.sdf.gz
C[N+]1(CCC(=O)O)CCCCC1,12,172.24799999999996,datawarrior.sdf.gz
CC(c1cccc(Cl)c1)[N+](=O)[O-],12,185.60999999999996,datawarrior.sdf.gz
CC(c1cccc(F)c1)[N+](=O)[O-],12,169.15499999999997,datawarrior.sdf.gz
Cc1ccc(O)c(CN(C)C)c1,12,165.236,datawarrior.sdf.gz
CC(N)CCc1ccc(O)cc1,12,165.236,datawarrior.sdf.gz
COc1ccc(CC(C)N)cc1,12,165.236,datawarrior.sdf.gz
CN[C@H](C)[C@H](O)c1ccccc1,12,165.236,datawarrior.sdf.gz
CNCCC(=O)c1ccccc1,12,163.21999999999997,datawarrior.sdf.gz
CN(C)Cc1ccccc1CO,12,165.23599999999996,datawarrior.sdf.gz
Cc1cccc(CN(C)C)c1O,12,165.23599999999996,datawarrior.sdf.gz
Cc1cc(O)ccc1[N+](C)(C)C,12,166.244,datawarrior.sdf.gz
C[NH+](C)CCc1ccc(O)cc1,12,165.236,datawarrior.sdf.gz
C[NH+](C)CCc1cccc(O)c1,12,165.236,datawarrior.sdf.gz
C[NH+](C)CCc1ccccc1O,12,165.23599999999996,datawarrior.sdf.gz
CCCN1CC(O[Si](C)(C)C)C1,12,187.35899999999995,datawarrior.sdf.gz
COc1ccc(NCCS)cc1,12,183.27599999999995,datawarrior.sdf.gz
COc1cccc(NCCS)c1,12,183.27599999999998,datawarrior.sdf.gz
CN(C)Cc1cc(Cl)ccc1[O-],12,185.654,datawarrior.sdf.gz
C[NH+](C)Cc1cc(Cl)ccc1O,12,185.654,datawarrior.sdf.gz
C[NH+](C)Cc1cc(F)ccc1O,12,169.19899999999998,datawarrior.sdf.gz
CN(C)Cc1cc(Br)ccc1[O-],12,230.10499999999996,datawarrior.sdf.gz
C[NH+](C)Cc1cc(Br)ccc1O,12,230.10499999999996,datawarrior.sdf.gz
CC1(C)CC(=O)C(=NO)C(=O)C1,12,169.17999999999995,datawarrior.sdf.gz
NC(=O)c1ccccc1C(=O)O,12,165.14799999999997,datawarrior.sdf.gz
C/C(=N/O)c1ccc(O)cc1O,12,167.164,datawarrior.sdf.gz
CC1CC(C(=O)O)=[N+]([O-])C1(C)C,12,171.196,datawarrior.sdf.gz
O=[N+]([O-])/C=C/c1cccc(O)c1,12,165.148,datawarrior.sdf.gz
CC(=O)c1ccc([N+](=O)[O-])cc1,12,165.14799999999997,datawarrior.sdf.gz
Cc1cc(C)c(O)c([N+](=O)[O-])c1,12,167.164,datawarrior.sdf.gz
O=C(C[N+](=O)[O-])c1ccccc1,12,165.148,datawarrior.sdf.gz
O=[N+]([O-])/C=C/c1ccc(O)cc1,12,165.148,datawarrior.sdf.gz
Cc1cc(C(=O)O)cc(C)[n+]1O,12,168.172,datawarrior.sdf.gz
O=C([O-])/C(=N\O)c1ccccc1,12,165.148,datawarrior.sdf.gz
O=C([O-])/C(=N/O)c1ccccc1,12,165.148,datawarrior.sdf.gz
O=C([O-])C#CCN1CCOCC1,12,169.17999999999998,datawarrior.sdf.gz
O=C(O)C#CC[NH+]1CCOCC1,12,169.17999999999998,datawarrior.sdf.gz
C/C(=N/O)c1ccc([O-])cc1O,12,167.164,datawarrior.sdf.gz
O=[N+]([O-])c1cc(Cl)ccc1[Se]O,12,252.515,datawarrior.sdf.gz
CCC(=O)c1nc(C(=O)O)cs1,12,185.20399999999998,datawarrior.sdf.gz
Cc1ccc([Se]O)c([N+](=O)[O-])c1,12,232.09699999999998,datawarrior.sdf.gz
O=C([O-])C[NH2+]CCc1nnn[nH]1,12,171.16000000000003,datawarrior.sdf.gz
O=C([O-])CNCCc1nnn[n-]1,12,171.16000000000003,datawarrior.sdf.gz
O=C(O)C[NH2+]CCc1nnn[nH]1,12,171.16000000000003,datawarrior.sdf.gz
C[C@H]1[C@@H](N)[C@@H](C)[C@@H](N)[C@@H](C)[C@H]1N,12,171.288,datawarrior.sdf.gz
CC(C)=NNC1CCN(C)CC1,12,169.272,datawarrior.sdf.gz
CNNC1CCN(C(C)C)CC1,12,171.288,datawarrior.sdf.gz
CC(C)NNC1CCN(C)CC1,12,171.288,datawarrior.sdf.gz
C[C@H]1[C@@H]([NH3+])[C@@H](C)[C@@H](N)[C@@H](C)[C@H]1[NH3+],12,171.288,datawarrior.sdf.gz
C[C@H]1[C@@H](N)[C@@H](C)[C@@H]([NH3+])[C@@H](C)[C@H]1N,12,171.288,datawarrior.sdf.gz
CNNC1CC[NH+](C(C)C)CC1,12,171.288,datawarrior.sdf.gz
CC(C)NNC1CC[NH+](C)CC1,12,171.288,datawarrior.sdf.gz
CCCCNc1ccnc([S-])n1,12,183.27999999999994,datawarrior.sdf.gz
CCCCNc1cc[nH+]c(S)n1,12,183.27999999999994,datawarrior.sdf.gz
Cc1n[nH]c(C(=O)O)c1[N+](=O)[O-],12,171.112,datawarrior.sdf.gz
COC(=O)C(N)Cc1c[nH]cn1,12,169.18400000000003,datawarrior.sdf.gz
COC(=O)[C@@H](N)Cc1c[nH]cn1,12,169.18400000000003,datawarrior.sdf.gz
Cn1c[nH+]cc1C[C@H]([NH3+])C(=O)O,12,169.18400000000003,datawarrior.sdf.gz
Cn1cncc1C[C@H]([NH3+])C(=O)[O-],12,169.18400000000003,datawarrior.sdf.gz
Cn1cncc1C[C@H](N)C(=O)[O-],12,169.18400000000003,datawarrior.sdf.gz
COC(=O)C([NH3+])Cc1c[nH]cn1,12,169.18400000000003,datawarrior.sdf.gz
COC(=O)[C@@H]([NH3+])Cc1c[nH]cn1,12,169.18400000000003,datawarrior.sdf.gz
[NH3+][C@@H](Cc1nc[nH]c1I)C(=O)[O-],12,281.053,datawarrior.sdf.gz
[NH3+][C@@H](Cc1[nH+]c[nH]c1I)C(=O)O,12,281.053,datawarrior.sdf.gz
N[C@@H](Cc1nc[nH]c1I)C(=O)[O-],12,281.053,datawarrior.sdf.gz
[NH3+]C(Cc1c[nH]c(=S)[nH]1)C(=O)O,12,187.22399999999996,datawarrior.sdf.gz
NC(Cc1c[nH]c(=S)[nH]1)C(=O)[O-],12,187.22399999999996,datawarrior.sdf.gz
CC(=O)NN=C1CCN(C)CC1,12,169.228,datawarrior.sdf.gz
CC(=O)NNC1CCN(C)CC1,12,171.24399999999997,datawarrior.sdf.gz
CC(=O)N(N)C1CCN(C)CC1,12,171.24399999999997,datawarrior.sdf.gz
N/C(=N\O)C(N)c1ccccc1,12,165.196,datawarrior.sdf.gz
CCCCNc1cc[nH+]c([O-])n1,12,167.21199999999996,datawarrior.sdf.gz
N/C(=N\O)C([NH3+])c1ccccc1,12,165.196,datawarrior.sdf.gz
O/N=C1/CCCC(=N\O)/C1=N/O,12,171.156,datawarrior.sdf.gz
[O-]\N=C1/CCCC(=N\O)/C1=N/[O-],12,171.15599999999998,datawarrior.sdf.gz
[O-]N=C1/C(=N/O)CCC/C1=N\O,12,171.15599999999998,datawarrior.sdf.gz
c1ccc2c(c1)N1CC[NH+]2CC1,12,160.22000000000003,datawarrior.sdf.gz
O=C(O)c1ccc(C2CC2)cc1,12,162.18799999999996,datawarrior.sdf.gz
O=C(O)C1C=Cc2ccccc21,12,160.172,datawarrior.sdf.gz
O=C(O)[C@@H]1C[C@@H]1c1ccccc1,12,162.18800000000002,datawarrior.sdf.gz
O=C(O)[C@H]1C[C@@H]1c1ccccc1,12,162.18800000000002,datawarrior.sdf.gz
CC1C(=O)c2ccccc2C1=O,12,160.172,datawarrior.sdf.gz
O=C1CCCC2CCCC(=O)C12,12,166.21999999999997,datawarrior.sdf.gz
Oc1cccc2cccc(O)c12,12,160.172,datawarrior.sdf.gz
[O-]c1ccc(O)c2ccccc12,12,160.172,datawarrior.sdf.gz
O=C(O)c1csc2ccccc12,12,178.212,datawarrior.sdf.gz
O=c1c(O)c1-c1ccc(F)cc1,12,164.135,datawarrior.sdf.gz
O=C(O)c1cc2ccccc2s1,12,178.212,datawarrior.sdf.gz
OC(O)=C1SCc2ccccc21,12,180.228,datawarrior.sdf.gz
[O-]/C(O)=C1\SCc2ccccc21,12,180.228,datawarrior.sdf.gz
O=c1cc(O)c2ccccc2o1,12,162.144,datawarrior.sdf.gz
O=C1CC(=O)c2ccccc2O1,12,162.144,datawarrior.sdf.gz
O=C(O)c1coc2ccccc12,12,162.144,datawarrior.sdf.gz
O=C(O)c1cc2ccccc2o1,12,162.144,datawarrior.sdf.gz
O=C(O)C1Cc2ccccc2O1,12,164.16000000000003,datawarrior.sdf.gz
O=C(O)C[C@]1(O)C[C@@H]2C=C[C@H]1C2,12,168.19199999999998,datawarrior.sdf.gz
O=C(O)C[C@]1(O)C[C@H]2C=C[C@@H]1C2,12,168.19199999999998,datawarrior.sdf.gz
O=C(O)C[C@]1(O)C[C@H]2CC[C@@H]1C2,12,170.20799999999997,datawarrior.sdf.gz
O=C(O)C[C@]1(O)C[C@@H]2CC[C@H]1C2,12,170.20799999999997,datawarrior.sdf.gz
O=C(O)C12CCC(O)(CC1)CC2,12,170.208,datawarrior.sdf.gz
O=S1(=O)C=C(O)c2ccccc21,12,182.2,datawarrior.sdf.gz
Cc1cc(-c2ncc[nH]2)nn1C,12,162.196,datawarrior.sdf.gz
Cc1cccc(-c2nnn[nH]2)c1,12,160.17999999999998,datawarrior.sdf.gz
Cc1ccccc1-c1nnn[nH]1,12,160.17999999999998,datawarrior.sdf.gz
Cc1cc(-c2cc(C)n[nH]2)[nH]n1,12,162.19599999999997,datawarrior.sdf.gz
Cn1ccnc1-c1nccn1C,12,162.196,datawarrior.sdf.gz
[NH3+]Nc1nncc2ccccc12,12,160.18,datawarrior.sdf.gz
Cc1cc(-c2cc(C)[nH+][nH]2)[nH]n1,12,162.19599999999997,datawarrior.sdf.gz
Cc1cc(-c2[nH]cc[nH+]2)nn1C,12,162.196,datawarrior.sdf.gz
Cn1ccnc1-c1[nH+]ccn1C,12,162.196,datawarrior.sdf.gz
Clc1cccc(-c2nnn[nH]2)c1,12,180.59799999999998,datawarrior.sdf.gz
Ic1ccc(-c2nnn[nH]2)cc1,12,272.04900000000004,datawarrior.sdf.gz
Brc1cccc(-c2nnn[nH]2)c1,12,225.049,datawarrior.sdf.gz
Brc1ccc(-c2nnn[nH]2)cc1,12,225.049,datawarrior.sdf.gz
CSc1nc2cncnc2n1C,12,180.23600000000002,datawarrior.sdf.gz
Clc1ccccc1-c1nnn[nH]1,12,180.59799999999998,datawarrior.sdf.gz
Brc1ccccc1-c1nnn[nH]1,12,225.04900000000004,datawarrior.sdf.gz
Cc1cnc2c([S-])ncnc2n1,12,178.22,datawarrior.sdf.gz
Cc1nc2[nH]c(=O)[nH]c(=O)c2[nH]1,12,166.14,datawarrior.sdf.gz
Cn1c(=O)[nH]c2nc[nH]c2c1=O,12,166.14,datawarrior.sdf.gz
Cn1c(=O)[nH]c(=O)c2[nH]cnc21,12,166.14000000000001,datawarrior.sdf.gz
NC1=[NH+][C@H]2C[C@@H](N1)[NH2+][C@@H]2C(=O)O,12,170.172,datawarrior.sdf.gz
NC1=[NH+][C@H]2C[C@@H](N1)N[C@@H]2C(=O)[O-],12,170.172,datawarrior.sdf.gz
NC1=N[C@H]2C[C@@H](N1)N[C@@H]2C(=O)[O-],12,170.172,datawarrior.sdf.gz
Cn1c([O-])nc2nc[nH]c2c1=O,12,166.14,datawarrior.sdf.gz
Cn1c([O-])nc(=O)c2[nH]cnc21,12,166.14,datawarrior.sdf.gz
Cc1nc2nc([O-])[nH]c(=O)c2[nH]1,12,166.14,datawarrior.sdf.gz
Cn1cnc2c(O)nc([O-])nc21,12,166.14000000000001,datawarrior.sdf.gz
Cn1cnc2nc([O-])nc(O)c21,12,166.14000000000001,datawarrior.sdf.gz
Cn1c([O-])[nH+]c2cnc([O-])nc21,12,166.14,datawarrior.sdf.gz
Cn1cnc2c1NC=NS2(=O)=O,12,186.19600000000003,datawarrior.sdf.gz
Oc1ccc(-c2nnn[nH]2)cc1,12,162.15200000000002,datawarrior.sdf.gz
Cn1cnc2ncn(C)c2c1=O,12,164.168,datawarrior.sdf.gz
CN1Cc2[nH]cnc2N(C)C1=O,12,166.18400000000003,datawarrior.sdf.gz
COc1ncnc2c1cnn2C,12,164.16799999999998,datawarrior.sdf.gz
COc1ncnc2nccnc12,12,162.15200000000002,datawarrior.sdf.gz
Oc1ccccc1-c1nnn[nH]1,12,162.15200000000002,datawarrior.sdf.gz
Cn1cnc2nc([O-])[nH]c(=S)c21,12,182.208,datawarrior.sdf.gz
N[C@H]1C[C@@H]2CCCC[C@H]2C[C@@H]1N,12,168.28399999999996,datawarrior.sdf.gz
N[C@H]1C[C@H]2CCCC[C@@H]2C[C@@H]1N,12,168.28399999999996,datawarrior.sdf.gz
N[C@@H]1C[C@@H]2CCCC[C@H]2C[C@@H]1N,12,168.28399999999996,datawarrior.sdf.gz
Cc1cc(N)c2ccccc2n1,12,158.20399999999998,datawarrior.sdf.gz
c1cncc(-c2cccnc2)c1,12,156.18799999999996,datawarrior.sdf.gz
c1ccc(-c2cccnc2)nc1,12,156.18799999999996,datawarrior.sdf.gz
c1cncc(-c2ccncc2)c1,12,156.188,datawarrior.sdf.gz
c1cc(-c2ccncc2)ccn1,12,156.188,datawarrior.sdf.gz
c1ccc(-c2ccncc2)nc1,12,156.188,datawarrior.sdf.gz
C1CCN(C2CCNCC2)CC1,12,168.284,datawarrior.sdf.gz
N#Cc1cncc2ccccc12,12,154.172,datawarrior.sdf.gz
Nc1cccc2cccc(N)c12,12,158.204,datawarrior.sdf.gz
CN1CC=CC1c1cccnc1,12,160.21999999999997,datawarrior.sdf.gz
C1CCN(CCN2CCCC2)C1,12,168.284,datawarrior.sdf.gz
N[C@H]1C[C@@H]2CCCC[C@H]2C[C@@H]1[NH3+],12,168.28399999999996,datawarrior.sdf.gz
N[C@H]1C[C@H]2CCCC[C@@H]2C[C@@H]1[NH3+],12,168.28399999999996,datawarrior.sdf.gz
N[C@@H]1C[C@H]2CCCC[C@@H]2C[C@@H]1[NH3+],12,168.28399999999996,datawarrior.sdf.gz
c1ccc(-c2cccc[nH+]2)nc1,12,156.188,datawarrior.sdf.gz
c1cncc(-c2ccc[nH+]c2)c1,12,156.18799999999996,datawarrior.sdf.gz
c1cc(-c2cc[nH+]cc2)ccn1,12,156.188,datawarrior.sdf.gz
C1CCN(C2CC[NH2+]CC2)CC1,12,168.284,datawarrior.sdf.gz
c1ccc(-c2ccc[nH+]c2)nc1,12,156.188,datawarrior.sdf.gz
c1ccc(-c2cc[nH+]cc2)nc1,12,156.18800000000002,datawarrior.sdf.gz
C1CCN(CC[NH+]2CCCC2)C1,12,168.284,datawarrior.sdf.gz
C[NH+]1CCCC1c1cccnc1,12,162.23599999999996,datawarrior.sdf.gz
C[NH+]1CCC[C@H]1c1cccnc1,12,162.23599999999996,datawarrior.sdf.gz
Nc1ccnc2cc(Cl)ccc12,12,178.62199999999999,datawarrior.sdf.gz
CSc1cnc2ccccc2n1,12,176.24400000000003,datawarrior.sdf.gz
O=C(O)c1[nH]c2ccccc2[nH+]1,12,162.14800000000002,datawarrior.sdf.gz
O=c1[nH]c2ccccc2nc1[O-],12,162.148,datawarrior.sdf.gz
CCOc1ccc2[nH]cnc2c1,12,162.192,datawarrior.sdf.gz
Nc1ccc(O)c2ncccc12,12,160.176,datawarrior.sdf.gz
CC(=O)n1cnc2ccccc21,12,160.176,datawarrior.sdf.gz
Oc1cc(-c2ccccc2)n[nH]1,12,160.176,datawarrior.sdf.gz
Cn1c(=O)cnc2ccccc21,12,160.17600000000002,datawarrior.sdf.gz
ONc1ccnc2ccccc12,12,160.176,datawarrior.sdf.gz
c1cc(N2CCOCC2)ccn1,12,164.208,datawarrior.sdf.gz
Cc1ccc2[nH]c(CO)nc2c1,12,162.19199999999998,datawarrior.sdf.gz
COc1ncc2ccccc2n1,12,160.176,datawarrior.sdf.gz
CN(C)c1nc2c(o1)CCCC2,12,166.22399999999996,datawarrior.sdf.gz
COc1cnc2ccccc2n1,12,160.17600000000002,datawarrior.sdf.gz
Nc1ccnc2c([O-])cccc12,12,160.176,datawarrior.sdf.gz
Nc1cc[nH+]c2c(O)cccc12,12,160.176,datawarrior.sdf.gz
Cc1nc2ccccc2nc1[O-],12,160.17600000000002,datawarrior.sdf.gz
Cc1nc2ccccc2[nH+]c1O,12,160.17600000000002,datawarrior.sdf.gz
[O-]c1ccccc1C1=NCCN1,12,162.19199999999998,datawarrior.sdf.gz
Oc1ccccc1C1=[NH+]CCN1,12,162.19199999999998,datawarrior.sdf.gz
COc1ccc2c(c1)NCC[NH2+]2,12,164.20799999999997,datawarrior.sdf.gz
OCc1nc2cc(Cl)ccc2[nH]1,12,182.60999999999999,datawarrior.sdf.gz
N/N=C/c1ncnc2nc[nH]c12,12,162.156,datawarrior.sdf.gz
[NH3+]/N=C/c1ncnc2nc[nH]c12,12,162.156,datawarrior.sdf.gz
Nc1nc2nc[nH]c2c(N)[n+]1[O-],12,166.14400000000003,datawarrior.sdf.gz
Nc1[nH+]c2nc[nH]c2c(N)[n+]1O,12,167.15200000000004,datawarrior.sdf.gz
Nc1nc2nc[n-]c2c(N)[n+]1[O-],12,166.14400000000003,datawarrior.sdf.gz
c1ccc(CC2CCCN2)cc1,12,161.24800000000002,datawarrior.sdf.gz
Cc1ccc(C2CCCN2)cc1,12,161.248,datawarrior.sdf.gz
CN1CCCC1c1ccccc1,12,161.248,datawarrior.sdf.gz
Clc1ccc(C2NCCS2)cc1,12,199.70599999999996,datawarrior.sdf.gz
Ic1cccc(C2NCCS2)c1,12,291.1570000000001,datawarrior.sdf.gz
Brc1ccc(C2NCCS2)cc1,12,244.15699999999998,datawarrior.sdf.gz
Cc1cccc(C2NCCS2)c1,12,179.28799999999998,datawarrior.sdf.gz
Cc1ccc(C2NCCS2)cc1,12,179.28799999999998,datawarrior.sdf.gz
C[n+]1cccc2cc(S)ccc21,12,176.26399999999998,datawarrior.sdf.gz
C[n+]1cc(S)cc2ccccc21,12,176.264,datawarrior.sdf.gz
C[n+]1ccc2ccccc2c1S,12,176.264,datawarrior.sdf.gz
C[n+]1cccc2c(S)cccc21,12,176.26399999999998,datawarrior.sdf.gz
O=C(O)c1c[nH]c2ccccc12,12,161.16,datawarrior.sdf.gz
O=C(O)c1cc2ccccc2[nH]1,12,161.16,datawarrior.sdf.gz
C=CCN(CC1CO1)CC1CO1,12,169.22399999999996,datawarrior.sdf.gz
CC(C)N(CC1CO1)CC1CO1,12,171.23999999999995,datawarrior.sdf.gz
Oc1ccc(O)c2ncccc12,12,161.16,datawarrior.sdf.gz
O=C(O)c1ccc2[nH]ccc2c1,12,161.16,datawarrior.sdf.gz
Oc1cc(-c2ccccc2)no1,12,161.15999999999997,datawarrior.sdf.gz
COC(=O)C1CN2CCC1CC2,12,169.22399999999996,datawarrior.sdf.gz
CC(=O)OC1CN2CCC1CC2,12,169.22399999999996,datawarrior.sdf.gz
COC(=O)C1=CN2CCC1CC2,12,167.20799999999994,datawarrior.sdf.gz
[O-]c1ccc2ccccc2[n+]1O,12,162.16799999999998,datawarrior.sdf.gz
[O-]c1cc(O)c2ccccc2[nH+]1,12,161.16,datawarrior.sdf.gz
Oc1cc(O)c2ccccc2[nH+]1,12,161.16,datawarrior.sdf.gz
CN1[C@H]2CC=C(C(=O)[O-])[C@@H]1CC2,12,167.208,datawarrior.sdf.gz
C[NH+]1[C@H]2CC=C(C(=O)O)[C@@H]1CC2,12,167.208,datawarrior.sdf.gz
O=C(O)c1nsc2ccccc12,12,179.2,datawarrior.sdf.gz
Nc1cc2ccccc2cc1O,12,159.188,datawarrior.sdf.gz
Nc1cccc2c(O)cccc12,12,159.188,datawarrior.sdf.gz
OCCC[C@@H]1CC[C@@H]2CCCN12,12,169.26799999999997,datawarrior.sdf.gz
OCCC[C@H]1CC[C@@H]2CCCN12,12,169.26799999999997,datawarrior.sdf.gz
OC[C@H]1CCCN2CCCC[C@@H]12,12,169.268,datawarrior.sdf.gz
O=Cc1ccc2ccccc2n1,12,157.172,datawarrior.sdf.gz
COc1ccc2ccccc2n1,12,159.188,datawarrior.sdf.gz
N#CC1C(=O)Cc2ccccc21,12,157.17200000000003,datawarrior.sdf.gz
Oc1cccc(C2NCCS2)c1,12,181.26,datawarrior.sdf.gz
Oc1ccc(C2NCCS2)cc1,12,181.26,datawarrior.sdf.gz
O=C1[C@H]2CCCC[C@H]2C(=O)N1O,12,169.17999999999995,datawarrior.sdf.gz
Cc1ncc2c(c1O)C(=O)OC2,12,165.148,datawarrior.sdf.gz
O/N=C/c1ccc2c(c1)OCO2,12,165.148,datawarrior.sdf.gz
Cc1ncc2c(c1O)C(O)OC2,12,167.164,datawarrior.sdf.gz
Nc1nnnn1-c1ccccc1,12,161.168,datawarrior.sdf.gz
Nn1nnnc1-c1ccccc1,12,161.168,datawarrior.sdf.gz
c1ccc(Nc2nnn[nH]2)cc1,12,161.168,datawarrior.sdf.gz
Nc1ccc(-c2nnn[nH]2)cc1,12,161.16799999999998,datawarrior.sdf.gz
CN(C)c1ncc2[nH]cnc2n1,12,163.184,datawarrior.sdf.gz
NC(c1ncc[nH]1)c1ncc[nH]1,12,163.18400000000003,datawarrior.sdf.gz
CN(C)c1ncnc2nc[nH]c12,12,163.184,datawarrior.sdf.gz
CNc1nc(C)nc2nc[nH]c12,12,163.184,datawarrior.sdf.gz
CCNc1ncnc2[nH]ncc12,12,163.18400000000003,datawarrior.sdf.gz
CN(C)c1ncnc2[nH]ncc12,12,163.18400000000003,datawarrior.sdf.gz
CNc1nc(C)nc2[nH]ncc12,12,163.18400000000003,datawarrior.sdf.gz
CN(C)c1nc2ncncc2[nH]1,12,163.18399999999997,datawarrior.sdf.gz
[NH3+]C(c1ncc[nH]1)c1ncc[nH]1,12,163.18400000000003,datawarrior.sdf.gz
Cn1ncc2c(N)nc(Cl)nc21,12,183.602,datawarrior.sdf.gz
CSc1nc(N)c2[nH]cnc2n1,12,181.22400000000005,datawarrior.sdf.gz
NC1=NS(=O)(=O)Nc2nc[nH]c21,12,187.184,datawarrior.sdf.gz
NC1=NS(=O)(=O)[N-]c2nc[nH]c21,12,187.184,datawarrior.sdf.gz
Cn1c(N)nc(=O)c2[nH]cnc21,12,165.156,datawarrior.sdf.gz
Cn1cnc2c([O-])nc(N)nc21,12,165.15600000000003,datawarrior.sdf.gz
Cn1cnc2c(O)[nH+]c(N)nc21,12,165.15600000000003,datawarrior.sdf.gz
Cn1cnc2nc(N)nc([O-])c21,12,165.15600000000003,datawarrior.sdf.gz
Cn1cnc2nc(N)[nH+]c(O)c21,12,165.15600000000003,datawarrior.sdf.gz
Nc1cc(N)c2ccccc2n1,12,159.19199999999998,datawarrior.sdf.gz
Cc1ccn(-c2ccccn2)n1,12,159.19199999999998,datawarrior.sdf.gz
Cc1[nH+]c2cccc(N)c2n1C,12,161.20799999999997,datawarrior.sdf.gz
Cc1[nH+]c2cc(N)ccc2n1C,12,161.20799999999997,datawarrior.sdf.gz
Cc1ccn(-c2cccc[nH+]2)n1,12,159.19199999999998,datawarrior.sdf.gz
Cn1cc[nH+]c1-c1ccccn1,12,159.192,datawarrior.sdf.gz
Nc1nnc(-c2ccccc2)s1,12,177.23200000000003,datawarrior.sdf.gz
O=C([O-])[C@@H]1Cc2[nH]cnc2C[NH2+]1,12,167.168,datawarrior.sdf.gz
O=[N+]([O-])c1ccc2cn[nH]c2c1,12,163.136,datawarrior.sdf.gz
O=[N+]([O-])c1ccc2[nH]cnc2c1,12,163.136,datawarrior.sdf.gz
O=[N+]([O-])c1ccc2[nH]ncc2c1,12,163.136,datawarrior.sdf.gz
O=[N+]([O-])c1cccc2cn[nH]c12,12,163.136,datawarrior.sdf.gz
O=[N+]([O-])c1cccc2[nH]ncc12,12,163.136,datawarrior.sdf.gz
O=C([O-])[C@@H]1Cc2[nH]cnc2CN1,12,167.168,datawarrior.sdf.gz
O=S1(=O)N=CNc2ccncc21,12,183.192,datawarrior.sdf.gz
O=S1(=O)N=CNc2ncccc21,12,183.192,datawarrior.sdf.gz
O=S1(=O)N=CNc2cccnc21,12,183.19200000000004,datawarrior.sdf.gz
Nc1nc(N)c2[nH]c(N)[nH+]c2n1,12,165.16,datawarrior.sdf.gz
O=C(O)[C@H](P)CC[C@H](P)C(=O)O,12,210.106,datawarrior.sdf.gz
O=C(O)[C@@H](P)CC[C@H](P)C(=O)O,12,210.106,datawarrior.sdf.gz
O=C([O-])[C@H](P)CC[C@H](P)C(=O)O,12,210.106,datawarrior.sdf.gz
O=C([O-])[C@@H](P)CC[C@H](P)C(=O)O,12,210.106,datawarrior.sdf.gz
CCC[Si](C)(CCC)CC(=O)O,12,188.343,datawarrior.sdf.gz
C[Si](C)(C)CCCCCC(=O)O,12,188.34299999999996,datawarrior.sdf.gz
CCCCNCCNCCCC,12,172.31599999999997,datawarrior.sdf.gz
CCCCNCC[NH2+]CCCC,12,172.31599999999997,datawarrior.sdf.gz
CCN(CC)CC[NH+](CC)CC,12,172.31599999999997,datawarrior.sdf.gz
NC(=O)[C@H](CCC(=O)O)NC=O,12,174.15599999999998,datawarrior.sdf.gz
COC(=O)CC(=N/O)/C(C)=N/O,12,174.156,datawarrior.sdf.gz
CC(=O)OCC(=N/O)/C(C)=N/O,12,174.156,datawarrior.sdf.gz
CC(CC(C)(C)[N+](=O)[O-])[N+](=O)[O-],12,176.17199999999997,datawarrior.sdf.gz
CCCCCC([N+](=O)[O-])[N+](=O)[O-],12,176.17199999999997,datawarrior.sdf.gz
COC(=O)CC(=N/[O-])/C(C)=N/O,12,174.156,datawarrior.sdf.gz
CC(=O)OCC(=N/[O-])/C(C)=N/O,12,174.156,datawarrior.sdf.gz
C=C(C)C(=O)NCCCN(C)C,12,170.256,datawarrior.sdf.gz
C=C(C)C(=O)NC(C)CN(C)C,12,170.25599999999997,datawarrior.sdf.gz
CCN(C)CCOCCN(C)C,12,174.28799999999998,datawarrior.sdf.gz
CC[NH+](C)CCOCCN(C)C,12,174.28799999999998,datawarrior.sdf.gz
C#CC(C)(C)N(CC)C(C)(C)C,12,167.296,datawarrior.sdf.gz
C#CC(CC)(CC)N(C)C(C)C,12,167.296,datawarrior.sdf.gz
C#CC(C)(C(C)C)N(C)C(C)C,12,167.296,datawarrior.sdf.gz
C#CC(C)(C)N(C)C(C)(C)C#C,12,163.26399999999998,datawarrior.sdf.gz
CCCCSCCN(CC)CC,12,189.368,datawarrior.sdf.gz
CC(C)CN(CCS)CC(C)C,12,189.368,datawarrior.sdf.gz
CCN(CC)CCSCC(C)C,12,189.36799999999997,datawarrior.sdf.gz
CCCCN(CC[S-])CCCC,12,189.36799999999997,datawarrior.sdf.gz
CCCC[NH+](CCS)CCCC,12,189.36799999999997,datawarrior.sdf.gz
C=C(C)C(=O)OCCNC(C)C,12,171.24,datawarrior.sdf.gz
CCCN(CCO)CC(O)CC,12,175.27199999999996,datawarrior.sdf.gz
CCC(O)CN(CC)CC(C)O,12,175.272,datawarrior.sdf.gz
C=CCN(CC(C)O)CC(C)O,12,173.25599999999997,datawarrior.sdf.gz
CC(O)CN(CC(C)O)C(C)C,12,175.272,datawarrior.sdf.gz
CCC(O)CN(C)CC(O)CC,12,175.272,datawarrior.sdf.gz
CCCN(CC(C)O)CC(C)O,12,175.272,datawarrior.sdf.gz
CC(O)CN(CCO)C(C)(C)C,12,175.27199999999996,datawarrior.sdf.gz
CCCC(=O)OC(C)CN(C)C,12,173.25599999999997,datawarrior.sdf.gz
C=C(C)C(=O)OC(C)CN(C)C,12,171.23999999999998,datawarrior.sdf.gz
C=CC(=O)OCCN(CC)CC,12,171.24,datawarrior.sdf.gz
CCCCCCNCCC(=O)[O-],12,173.25599999999997,datawarrior.sdf.gz
CCCCCC[NH2+]CCC(=O)O,12,173.25599999999997,datawarrior.sdf.gz
NCCCCCCCCC(=O)[O-],12,173.25599999999997,datawarrior.sdf.gz
NCCC#CC#CCCC(=O)[O-],12,165.19199999999998,datawarrior.sdf.gz
[NH3+]CCCCCCCCC(=O)O,12,173.25599999999997,datawarrior.sdf.gz
[NH3+]CCC#CC#CCCC(=O)O,12,165.19199999999998,datawarrior.sdf.gz
CC(C)C(=O)C(C)(C)CN(C)C,12,171.284,datawarrior.sdf.gz
C=CCC(C)(O)CN(CC)CC,12,171.284,datawarrior.sdf.gz
NC(=O)C#CC#C/C=C/C(=O)O,12,163.13199999999998,datawarrior.sdf.gz
N#CC(C#N)=C(N)C(C#N)C#N,12,157.136,datawarrior.sdf.gz
CN(C)CCN(C)CCN(C)C,12,173.304,datawarrior.sdf.gz
CN(CC[NH+](C)C)CC[NH+](C)C,12,173.304,datawarrior.sdf.gz
CN(C)CCN(C)CC[NH+](C)C,12,173.304,datawarrior.sdf.gz
CN(C)CC(CSC#N)SC#N,12,201.32,datawarrior.sdf.gz
CN(C)/N=C(\N)CC[Si](C)(C)C,12,187.36299999999997,datawarrior.sdf.gz
NC(=O)NOCCC([NH3+])C(=O)O,12,177.15999999999997,datawarrior.sdf.gz
NC(=O)NOCCC(N)C(=O)[O-],12,177.15999999999997,datawarrior.sdf.gz
C[NH+](C)CCCNC(=O)/C=N/O,12,173.216,datawarrior.sdf.gz
CN(C)CCCNC(=O)/C=N/[O-],12,173.216,datawarrior.sdf.gz
C1N2CN3CN1C[NH+](C2)C3,10,140.19,datawarrior.sdf.gz
C1CN2CC[C@@H]3OC[C@H]1[C@@H]32,10,139.198,datawarrior.sdf.gz
CC1(C)OC(=O)CC(=O)O1,10,144.12599999999998,datawarrior.sdf.gz
O=C(O)c1cc(=O)cco1,10,140.094,datawarrior.sdf.gz
O=C1CC(=O)CS(=O)(=O)C1,10,162.16599999999997,datawarrior.sdf.gz
CC1CC(C)C(=O)CC1=O,10,140.182,datawarrior.sdf.gz
Cc1cccc(=O)c(O)c1,10,136.14999999999998,datawarrior.sdf.gz
Cc1ccccc(=O)c1O,10,136.14999999999998,datawarrior.sdf.gz
O=C(O)CC1CCCCC1,10,142.19799999999998,datawarrior.sdf.gz
Cc1cccc(C(=O)O)c1,10,136.14999999999998,datawarrior.sdf.gz
C[C@@H]1CCC[C@H](C(=O)O)C1,10,142.198,datawarrior.sdf.gz
C[C@H]1CC[C@@H](C(=O)O)CC1,10,142.198,datawarrior.sdf.gz
C[C@H]1CC[C@H](C(=O)O)CC1,10,142.198,datawarrior.sdf.gz
Cc1ccccc1C(=O)O,10,136.14999999999998,datawarrior.sdf.gz
C[C@@H]1CCCC[C@@H]1C(=O)O,10,142.19799999999998,datawarrior.sdf.gz
C[C@H]1CCCC[C@@H]1C(=O)O,10,142.19799999999998,datawarrior.sdf.gz
C[C@H]1CC[C@H](C)C1C(=O)O,10,142.198,datawarrior.sdf.gz
C[C@@H]1CC[C@H](C)[C@H]1C(=O)O,10,142.198,datawarrior.sdf.gz
C[C@@H]1CC[C@H](C)[C@@H]1C(=O)O,10,142.198,datawarrior.sdf.gz
CC1(C(=O)O)CCCCC1,10,142.19799999999998,datawarrior.sdf.gz
CC1(C)CC(=O)CC(=O)C1,10,140.182,datawarrior.sdf.gz
CCC1C(=O)C(CC)C1=O,10,140.18200000000002,datawarrior.sdf.gz
CC(=O)C1CCCCC1=O,10,140.182,datawarrior.sdf.gz
O=C(O)[c+]1cccccc1,10,135.14199999999997,datawarrior.sdf.gz
O=C(O)Cc1ccc(Cl)s1,10,176.62399999999997,datawarrior.sdf.gz
OB(O)Cc1ccccc1,10,135.95899999999997,datawarrior.sdf.gz
Cc1ccccc1B(O)O,10,135.95899999999997,datawarrior.sdf.gz
O=C(O)CCc1ccsc1,10,156.20600000000002,datawarrior.sdf.gz
CCc1cc(C(=O)O)cs1,10,156.206,datawarrior.sdf.gz
O=C(O)CCc1cccs1,10,156.206,datawarrior.sdf.gz
O=c1ccc(Br)ccc1O,10,201.01899999999998,datawarrior.sdf.gz
O=c1ccc(O)c(Br)cc1,10,201.019,datawarrior.sdf.gz
O=c1ccccc(Br)c1O,10,201.019,datawarrior.sdf.gz
O=S(O)Cc1ccccc1,10,156.206,datawarrior.sdf.gz
Cc1ccc(S(=O)O)cc1,10,156.20599999999996,datawarrior.sdf.gz
Cc1ccccc1S(=O)O,10,156.20599999999996,datawarrior.sdf.gz
O=C(O)c1ccccc1I,10,248.019,datawarrior.sdf.gz
O=C(O)c1ccccc1Br,10,201.019,datawarrior.sdf.gz
O=C([O-])c1ccccc1S,10,154.18999999999997,datawarrior.sdf.gz
Cc1cc(I)c(O)c(I)c1,10,359.932,datawarrior.sdf.gz
Cc1ccc(C(=O)S)cc1,10,152.21799999999996,datawarrior.sdf.gz
O=c1cccc(O)cc1O,10,138.12199999999999,datawarrior.sdf.gz
O=c1ccc(O)ccc1O,10,138.12199999999999,datawarrior.sdf.gz
O=c1ccccc(O)c1O,10,138.12199999999999,datawarrior.sdf.gz
O=C(O)/C=C/c1ccoc1,10,138.12199999999999,datawarrior.sdf.gz
O=C(O)CCc1ccoc1,10,140.138,datawarrior.sdf.gz
O=C(O)[C@@H]1CCC[C@H](O)C1,10,144.17000000000002,datawarrior.sdf.gz
O=C(O)[C@H]1CCC[C@H](O)C1,10,144.17000000000002,datawarrior.sdf.gz
COCC1=C(C(=O)O)CC1,10,142.154,datawarrior.sdf.gz
O=C(O)C1(O)CCCCC1,10,144.17,datawarrior.sdf.gz
O=C(O)/C=C/c1ccco1,10,138.12199999999999,datawarrior.sdf.gz
O=C(O)CCc1ccco1,10,140.138,datawarrior.sdf.gz
Cc1coc(C)c1C(=O)O,10,140.13799999999998,datawarrior.sdf.gz
O=C(O)[C@@H]1CCCC[C@@H]1O,10,144.17,datawarrior.sdf.gz
Cc1cc(C(=O)O)c(C)o1,10,140.13799999999998,datawarrior.sdf.gz
O=C(O)[C@H]1CC[C@@H](O)CC1,10,144.17000000000002,datawarrior.sdf.gz
O=C(O)[C@H]1CC[C@H](O)CC1,10,144.17000000000002,datawarrior.sdf.gz
O=C(O)C1=C(CO)CCC1,10,142.15400000000002,datawarrior.sdf.gz
O=C(O)CC1CCCCO1,10,144.17,datawarrior.sdf.gz
O=Cc1ccc(O)c(O)c1,10,138.12199999999999,datawarrior.sdf.gz
O=c1ccc(O)ccc1[O-],10,138.12199999999999,datawarrior.sdf.gz
O=c1cccc([O-])cc1O,10,138.12199999999999,datawarrior.sdf.gz
O=c1ccccc(O)c1[O-],10,138.12199999999999,datawarrior.sdf.gz
O=C([O-])c1cccc(O)c1,10,138.12199999999999,datawarrior.sdf.gz
O=C([O-])c1ccc(O)cc1,10,138.12199999999999,datawarrior.sdf.gz
OB(O)c1cccc(O)c1,10,137.93099999999998,datawarrior.sdf.gz
[O-]B(O)c1cccc(O)c1,10,137.93099999999998,datawarrior.sdf.gz
CCc1nnc(CC)n1N,10,140.19000000000003,datawarrior.sdf.gz
Cc1ncc(C[NH3+])c(N)n1,10,138.17399999999998,datawarrior.sdf.gz
Cc1nnn(CC(=O)O)n1,10,142.11800000000002,datawarrior.sdf.gz
Cc1nnnn1CC(=O)O,10,142.11800000000002,datawarrior.sdf.gz
Cn1nnnc1CC(=O)O,10,142.11800000000002,datawarrior.sdf.gz
Cn1nnc(CC(=O)O)n1,10,142.11800000000002,datawarrior.sdf.gz
Nc1ncc([N+](=O)[O-])cn1,10,140.10199999999998,datawarrior.sdf.gz
COc1nc([N+](=O)[O-])n[nH]1,10,144.09,datawarrior.sdf.gz
Cc1ccc(N)cc1CN,10,136.19799999999998,datawarrior.sdf.gz
Cc1cc(N)ccc1CN,10,136.19799999999998,datawarrior.sdf.gz
Cc1ccc(CN)cc1N,10,136.19799999999998,datawarrior.sdf.gz
NCCCc1ccncc1,10,136.19799999999998,datawarrior.sdf.gz
NCCCc1cccnc1,10,136.19799999999998,datawarrior.sdf.gz
NCCCc1ccccn1,10,136.19799999999998,datawarrior.sdf.gz
Cc1ccc(N)cc1C[NH3+],10,136.19799999999995,datawarrior.sdf.gz
Cc1cc(N)ccc1C[NH3+],10,136.19799999999995,datawarrior.sdf.gz
C[NH+](C)c1ccc(N)cc1,10,136.19799999999995,datawarrior.sdf.gz
[NH3+]CCCc1ccncc1,10,136.19799999999998,datawarrior.sdf.gz
[NH3+]CCCc1cccnc1,10,136.19799999999998,datawarrior.sdf.gz
[NH3+]CCCc1ccccn1,10,136.19799999999998,datawarrior.sdf.gz
Cc1nc(C)c(C)[nH+]c1C,10,136.19799999999998,datawarrior.sdf.gz
Cc1ccc(C[NH3+])cc1N,10,136.19799999999998,datawarrior.sdf.gz
NCc1ccc(Cl)c(N)c1,10,156.61599999999996,datawarrior.sdf.gz
NC(=S)C1(N)CCCCC1,10,158.26999999999998,datawarrior.sdf.gz
NCc1cc(N)cc(Cl)c1,10,156.61599999999999,datawarrior.sdf.gz
C1CNCCSCCNC1,10,160.28599999999997,datawarrior.sdf.gz
CCCCSC1=NCCN1,10,158.26999999999998,datawarrior.sdf.gz
Cc1cc(C)[n+](C)c([S-])n1,10,155.24599999999998,datawarrior.sdf.gz
Nc1cc(C[NH3+])ccc1Cl,10,156.61599999999996,datawarrior.sdf.gz
NC(=S)C1([NH3+])CCCCC1,10,158.26999999999998,datawarrior.sdf.gz
Nc1cc(Cl)cc(C[NH3+])c1,10,156.61599999999999,datawarrior.sdf.gz
C1CNCCSCC[NH2+]C1,10,160.28599999999997,datawarrior.sdf.gz
Cc1cc(C(F)(F)F)n[nH]1,10,150.103,datawarrior.sdf.gz
O=C1CS(=O)(=O)NC(=O)N1,10,164.142,datawarrior.sdf.gz
O=C(NO)c1ccncc1,10,138.12599999999995,datawarrior.sdf.gz
O=C(NO)c1cccnc1,10,138.12599999999998,datawarrior.sdf.gz
O/N=C1\CCCC\C1=N/O,10,142.158,datawarrior.sdf.gz
COC(=O)c1ncccn1,10,138.126,datawarrior.sdf.gz
Nc1ccccc1[N+](=O)[O-],10,138.126,datawarrior.sdf.gz
O=[N+]([O-])Nc1ccccc1,10,138.12599999999998,datawarrior.sdf.gz
Cn1cc([NH3+])cc1C(=O)O,10,140.14199999999997,datawarrior.sdf.gz
Nc1ccc[nH+]c1C(=O)O,10,138.126,datawarrior.sdf.gz
Nc1ccncc1C(=O)[O-],10,138.126,datawarrior.sdf.gz
O=C([O-])/C=C\c1c[nH]cn1,10,138.126,datawarrior.sdf.gz
O=C([O-])/C=C/c1c[nH]cn1,10,138.126,datawarrior.sdf.gz
O=C([O-])CCc1c[nH]cn1,10,140.142,datawarrior.sdf.gz
O=C(O)/C=C\c1c[nH]c[nH+]1,10,138.126,datawarrior.sdf.gz
O=C(O)/C=C/c1c[nH]c[nH+]1,10,138.126,datawarrior.sdf.gz
O=C(O)CCc1c[nH]c[nH+]1,10,140.142,datawarrior.sdf.gz
Nc1ncccc1C(=O)[O-],10,138.126,datawarrior.sdf.gz
[O-]/N=C1\CCCC\C1=N/O,10,142.158,datawarrior.sdf.gz
CCOc1nccc([O-])n1,10,140.142,datawarrior.sdf.gz
COc1nc(C)cc(O)[nH+]1,10,140.14199999999997,datawarrior.sdf.gz
COc1nc(C)cc([O-])n1,10,140.14199999999997,datawarrior.sdf.gz
CCOc1ccnc([O-])n1,10,140.14199999999997,datawarrior.sdf.gz
Cc1cc([O-])nc([O-])[n+]1C,10,141.14999999999998,datawarrior.sdf.gz
Cc1cc([O-])[n+](C)c([O-])n1,10,141.14999999999998,datawarrior.sdf.gz
CC(=O)N1CCN(C)CC1,10,142.202,datawarrior.sdf.gz
Cc1[nH]nc(O)c1C(C)C,10,140.18599999999998,datawarrior.sdf.gz
C=CCc1c(O)n[nH]c1C,10,138.17,datawarrior.sdf.gz
CCCc1c(O)n[nH]c1C,10,140.186,datawarrior.sdf.gz
CC(C)(C)c1cc(O)[nH]n1,10,140.18599999999998,datawarrior.sdf.gz
CCc1c(C)nn(C)c1O,10,140.186,datawarrior.sdf.gz
CNC(=O)c1ccccn1,10,136.154,datawarrior.sdf.gz
CNC(=O)C1CCCCN1,10,142.202,datawarrior.sdf.gz
Cc1cccc(/C=N/O)n1,10,136.154,datawarrior.sdf.gz
Cc1cccnc1/C=N/O,10,136.154,datawarrior.sdf.gz
COCCc1nc(C)c[nH]1,10,140.18599999999998,datawarrior.sdf.gz
CC(=O)[n+]1ccc(N)cc1,10,137.16199999999995,datawarrior.sdf.gz
C[n+]1ccc(/C=N/O)cc1,10,137.16199999999998,datawarrior.sdf.gz
CN(C)c1cccc[n+]1O,10,139.178,datawarrior.sdf.gz
CN(C)c1cc[n+](O)cc1,10,139.178,datawarrior.sdf.gz
CSC1=NC(C)(C)C(O)=N1,10,158.226,datawarrior.sdf.gz
CC[n+]1ccc([O-])nc1[S-],10,157.218,datawarrior.sdf.gz
CC[n+]1c([O-])ccnc1[S-],10,157.218,datawarrior.sdf.gz
O=C1/C(=N\O)CC/C1=N\O,10,142.114,datawarrior.sdf.gz
O=C1C=CC(=O)/C(=N/O)N1,10,140.09799999999998,datawarrior.sdf.gz
O=[N+]([O-])c1cc[n+](O)cc1,10,141.106,datawarrior.sdf.gz
CN(c1nnn[nH]1)[N+](=O)[O-],10,144.094,datawarrior.sdf.gz
Cn1nnc(N[N+](=O)[O-])n1,10,144.09400000000002,datawarrior.sdf.gz
Cn1nc(/N=N/O)nc1N,10,142.12199999999999,datawarrior.sdf.gz
Cc1ccc(CCN)cc1,10,135.20999999999995,datawarrior.sdf.gz
C[C@@H](CN)c1ccccc1,10,135.20999999999998,datawarrior.sdf.gz
CC(N)Cc1ccccc1,10,135.20999999999998,datawarrior.sdf.gz
CC(N)CC1CCCCC1,10,141.25799999999998,datawarrior.sdf.gz
CNCc1ccc(C)cc1,10,135.20999999999995,datawarrior.sdf.gz
CC1CCCC(C)(C)N1C,10,141.25799999999998,datawarrior.sdf.gz
C[C@@H]1CCC[C@H](N(C)C)C1,10,141.258,datawarrior.sdf.gz
CN(C)[C@H]1CC[C@@H](C)CC1,10,141.258,datawarrior.sdf.gz
CCCCC1CCCN1C,10,141.258,datawarrior.sdf.gz
CCCCN1CCCC1C,10,141.258,datawarrior.sdf.gz
CCC/C=C1\CCCN1C,10,139.242,datawarrior.sdf.gz
CC1CCN(C)C(C)(C)C1,10,141.25799999999998,datawarrior.sdf.gz
SCCNCc1cccs1,10,173.306,datawarrior.sdf.gz
NCCc1ccc(Cl)cc1,10,155.62799999999996,datawarrior.sdf.gz
NCCc1ccc(Br)cc1,10,200.07899999999995,datawarrior.sdf.gz
CS[C@H]1CCC[C@@H]1N(C)C,10,159.298,datawarrior.sdf.gz
SCCNc1ccccc1,10,153.24999999999997,datawarrior.sdf.gz
O=C1NC(C(=O)O)CC1O,10,145.114,datawarrior.sdf.gz
O/N=C/c1ccccc1O,10,137.13799999999998,datawarrior.sdf.gz
O/N=C/c1ccc(O)cc1,10,137.13799999999998,datawarrior.sdf.gz
NCc1cccc(O)c1O,10,139.15399999999994,datawarrior.sdf.gz
NCc1ccc(O)c(O)c1,10,139.15399999999997,datawarrior.sdf.gz
N#Cc1ccc(O)c(O)c1,10,135.12199999999996,datawarrior.sdf.gz
COC(=O)c1ccccn1,10,137.13799999999998,datawarrior.sdf.gz
COc1cccnc1C=O,10,137.13799999999998,datawarrior.sdf.gz
O=Cc1cccc(C=O)n1,10,135.12199999999996,datawarrior.sdf.gz
COc1ccc(O)c(N)c1,10,139.154,datawarrior.sdf.gz
O=[N+]([O-])Cc1ccccc1,10,137.13799999999998,datawarrior.sdf.gz
[NH3+]c1cccc(C(=O)O)c1,10,137.138,datawarrior.sdf.gz
[NH3+][C@H]1CCC[C@@H](C(=O)O)C1,10,143.186,datawarrior.sdf.gz
[NH3+][C@H]1CCC[C@H](C(=O)O)C1,10,143.186,datawarrior.sdf.gz
C[n+]1ccc(C(=O)O)cc1,10,138.146,datawarrior.sdf.gz
Nc1cccc(C(=O)[O-])c1,10,137.138,datawarrior.sdf.gz
Cc1cccc(C(=O)O)[nH+]1,10,137.13799999999998,datawarrior.sdf.gz
[NH3+]C1(C(=O)O)CCCCC1,10,143.186,datawarrior.sdf.gz
C=C1CC1C[C@H]([NH3+])C(=O)O,10,141.17,datawarrior.sdf.gz
O=C([O-])CN=C1CCCC1,10,141.17,datawarrior.sdf.gz
O=C([O-])CN1CCCCC1,10,143.18599999999998,datawarrior.sdf.gz
CC1CCCC(C(=O)[O-])N1,10,143.18599999999998,datawarrior.sdf.gz
NC1(C(=O)[O-])CCCCC1,10,143.186,datawarrior.sdf.gz
C=C1CC1C[C@H](N)C(=O)[O-],10,141.17,datawarrior.sdf.gz
CN1CCCC(C(=O)[O-])C1,10,143.186,datawarrior.sdf.gz
N[C@H]1CCCC[C@@H]1C(=O)[O-],10,143.186,datawarrior.sdf.gz
C[n+]1cccc(C(=O)O)c1,10,138.146,datawarrior.sdf.gz
[NH3+]c1ccccc1C(=O)O,10,137.138,datawarrior.sdf.gz
[NH3+][C@H]1CCCC[C@@H]1C(=O)O,10,143.186,datawarrior.sdf.gz
[O-]c1ccccc1/C=N/O,10,137.13799999999998,datawarrior.sdf.gz
[O-]c1ccc(/C=N/O)cc1,10,137.13799999999998,datawarrior.sdf.gz
[NH3+][C@H]1CC[C@@H](C(=O)O)CC1,10,143.186,datawarrior.sdf.gz
[NH3+][C@H]1CC[C@H](C(=O)O)CC1,10,143.186,datawarrior.sdf.gz
CN1CCC=C(C(=O)[O-])C1,10,141.17000000000002,datawarrior.sdf.gz
Nc1cccc(B(O)O)c1,10,136.947,datawarrior.sdf.gz
Nc1ccccc1B(O)O,10,136.947,datawarrior.sdf.gz
Nc1ccc(B(O)O)cc1,10,136.94699999999995,datawarrior.sdf.gz
CC1(C)SCNC1C(=O)[O-],10,161.226,datawarrior.sdf.gz
CN(C)[C@H]1CCCC[C@@H]1O,10,143.22999999999996,datawarrior.sdf.gz
Cc1cc(N)c(O)cc1C,10,137.182,datawarrior.sdf.gz
CC1(C)CC(=O)C(C)(C)N1,10,141.21399999999997,datawarrior.sdf.gz
CN(CO)c1ccccc1,10,137.18199999999996,datawarrior.sdf.gz
CN(C)c1cccc(O)c1,10,137.182,datawarrior.sdf.gz
NCC(O)c1ccccc1,10,137.182,datawarrior.sdf.gz
Cc1ccc(/C=N/O)cc1,10,135.16599999999997,datawarrior.sdf.gz
C/C(=N/O)c1ccccc1,10,135.16599999999997,datawarrior.sdf.gz
C/C(=N\O)c1ccccc1,10,135.16599999999997,datawarrior.sdf.gz
CN(O)Cc1ccccc1,10,137.182,datawarrior.sdf.gz
CN(C)c1ccc(O)cc1,10,137.182,datawarrior.sdf.gz
NCCc1ccc([O-])cc1,10,137.182,datawarrior.sdf.gz
[NH3+]CCc1ccc(O)cc1,10,137.182,datawarrior.sdf.gz
[NH3+]CCc1cccc(O)c1,10,137.182,datawarrior.sdf.gz
[NH3+]CCc1ccccc1O,10,137.18199999999996,datawarrior.sdf.gz
CN1CC(O[Si](C)(C)C)C1,10,159.30499999999998,datawarrior.sdf.gz
O/N=C/c1ccc(Cl)cc1,10,155.58399999999997,datawarrior.sdf.gz
O/N=C(/Cl)c1ccccc1,10,155.584,datawarrior.sdf.gz
OCNc1ccc(Cl)cc1,10,157.59999999999997,datawarrior.sdf.gz
NCc1ccc(F)c([O-])c1,10,141.14499999999995,datawarrior.sdf.gz
[NH3+]Cc1ccc(F)c(O)c1,10,141.14499999999995,datawarrior.sdf.gz
O=C1COC(=O)C1[N+](=O)[O-],10,145.07,datawarrior.sdf.gz
CCC1(C)OC(=O)NC1=O,10,143.142,datawarrior.sdf.gz
O=C(O)c1cccc[n+]1[O-],10,139.10999999999999,datawarrior.sdf.gz
CC1(C(=O)O)CCC=[N+]1[O-],10,143.142,datawarrior.sdf.gz
O=C(O)c1ccc[nH+]c1[O-],10,139.10999999999999,datawarrior.sdf.gz
O=C(O)c1cc[n+](O)cc1,10,140.118,datawarrior.sdf.gz
O=S(=O)([O-])c1ccncc1,10,159.166,datawarrior.sdf.gz
CCN(CC)c1nnn[nH]1,10,141.178,datawarrior.sdf.gz
CN(C)CCc1nnn[n-]1,10,141.178,datawarrior.sdf.gz
C[NH+](C)CCc1nnn[nH]1,10,141.178,datawarrior.sdf.gz
Nc1nnnn1CC(=O)O,10,143.106,datawarrior.sdf.gz
Cc1nc(N[N+](=O)[O-])n[nH]1,10,143.10600000000002,datawarrior.sdf.gz
Cc1nc([N-][N+](=O)[O-])n[nH]1,10,142.098,datawarrior.sdf.gz
Cn1nc(/N=N/O)nc1Cl,10,161.552,datawarrior.sdf.gz
C1CNCCNCCNC1,10,143.23399999999998,datawarrior.sdf.gz
CNNC1CCN(C)CC1,10,143.234,datawarrior.sdf.gz
C1CNCCNCC[NH2+]C1,10,143.234,datawarrior.sdf.gz
CNNC1CC[NH+](C)CC1,10,143.234,datawarrior.sdf.gz
CCNc1ccnc([S-])n1,10,155.22599999999997,datawarrior.sdf.gz
CCNc1cc[nH+]c(S)n1,10,155.22599999999997,datawarrior.sdf.gz
Cc1n[nH]c(C)c1[N+](=O)[O-],10,141.13,datawarrior.sdf.gz
Cc1c[n+](C)c([O-])nc1N,10,140.166,datawarrior.sdf.gz
CNc1cc[n+](C)c([O-])n1,10,140.16599999999997,datawarrior.sdf.gz
CCNc1cc[nH+]c([O-])n1,10,139.158,datawarrior.sdf.gz
[NH3+]NC(=O)c1ccncc1,10,137.14199999999997,datawarrior.sdf.gz
NNC(=O)c1cc[nH+]cc1,10,137.14199999999997,datawarrior.sdf.gz
NNC(=O)c1ccc[nH+]c1,10,137.142,datawarrior.sdf.gz
CC(C)(C)OOCC(=O)O,10,148.158,datawarrior.sdf.gz
CC(=O)C(C)C(=O)C(C)C,10,142.198,datawarrior.sdf.gz
CC(=O)CC(=O)C(C)(C)C,10,142.19799999999998,datawarrior.sdf.gz
CC(C)(C)CC#CC(=O)O,10,140.182,datawarrior.sdf.gz
CCCCC(CC)C(=O)O,10,144.214,datawarrior.sdf.gz
CC=C=CC(C)(C)C(=O)O,10,140.182,datawarrior.sdf.gz
C=C=C(C)C(C)(C)C(=O)O,10,140.182,datawarrior.sdf.gz
CC(=O)CC(=O)CC(C)C,10,142.19799999999998,datawarrior.sdf.gz
CC(=O)C(C(C)=O)C(C)C,10,142.19799999999998,datawarrior.sdf.gz
C[Si](C)(C)CCCC(=O)O,10,160.289,datawarrior.sdf.gz
CC(=O)CC(=O)C(F)(F)F,10,154.087,datawarrior.sdf.gz
C=C(C)/C=C(\O)C=C(C)C,10,138.21,datawarrior.sdf.gz
C=C(/C=C(/C)O)C(C)(C)C,10,140.226,datawarrior.sdf.gz
N#CC(C#N)C(C#N)C#N,10,130.10999999999999,datawarrior.sdf.gz
N/C(CC/C(N)=N/O)=N\O,10,146.15,datawarrior.sdf.gz
N/C(CC/C(N)=[NH+]/O)=N\O,10,146.15,datawarrior.sdf.gz
CC(C)NCCNC(C)C,10,144.26199999999997,datawarrior.sdf.gz
CCN(CC)CCCC#N,10,140.23000000000002,datawarrior.sdf.gz
CCCNCCNCCC,10,144.262,datawarrior.sdf.gz
CCNCC#CCNCC,10,140.23,datawarrior.sdf.gz
CC(C)NCC[NH2+]C(C)C,10,144.26199999999997,datawarrior.sdf.gz
CCCNCC[NH2+]CCC,10,144.262,datawarrior.sdf.gz
CCP(=S)(CC)C(=S)NN,10,196.281,datawarrior.sdf.gz
NC(=O)[C@@H](O)[C@H](N)C(=O)O,10,148.118,datawarrior.sdf.gz
NC(=O)[C@H](N)[C@H](O)C(=O)O,10,148.118,datawarrior.sdf.gz
CC(C)C([N+](=O)[O-])[N+](=O)[O-],10,148.118,datawarrior.sdf.gz
CCCC([N+](=O)[O-])[N+](=O)[O-],10,148.118,datawarrior.sdf.gz
CN(C)C(=S)NCC(=O)O,10,162.214,datawarrior.sdf.gz
CCN(CC)C/C(C)=N/[O-],10,144.218,datawarrior.sdf.gz
NC(=O)CC[C@H](N)C(=O)O,10,146.14600000000002,datawarrior.sdf.gz
NC(=O)[C@@H](N)CCC(=O)O,10,146.14600000000002,datawarrior.sdf.gz
C#CCN(CC#C)CC#C,10,131.178,datawarrior.sdf.gz
CC(C)N(C(C)C)C(C)C,10,143.27399999999997,datawarrior.sdf.gz
CCC(C)(C)N(C)C(C)C,10,143.27399999999997,datawarrior.sdf.gz
C#CC(C)(C)N(C)C(C)C,10,139.242,datawarrior.sdf.gz
CC(C)N(C(=S)S)C(C)C,10,177.338,datawarrior.sdf.gz
CCSCCN(CC)CC,10,161.314,datawarrior.sdf.gz
CCC[NH+](CCC)CCS,10,161.314,datawarrior.sdf.gz
CC(C)[NH+](CCS)C(C)C,10,161.31399999999996,datawarrior.sdf.gz
CN(C)C(=O)OCC(=O)O,10,147.13,datawarrior.sdf.gz
[NH3+][C@@H](CCC(=O)O)C(=O)[O-],10,147.13000000000002,datawarrior.sdf.gz
N[C@@H](CCC(=O)[O-])C(=O)[O-],10,147.13000000000002,datawarrior.sdf.gz
[NH3+][C@@H](CCC(=O)O)C(=O)O,10,147.13000000000002,datawarrior.sdf.gz
C=C(C)C(=O)OCCNC,10,143.186,datawarrior.sdf.gz
CC(O)CN(C)CC(C)O,10,147.218,datawarrior.sdf.gz
CCC(O)CN(C)CCO,10,147.218,datawarrior.sdf.gz
CCN(CCO)CC(C)O,10,147.218,datawarrior.sdf.gz
C=C(C)C(=O)OCCCN,10,143.18599999999998,datawarrior.sdf.gz
CC(C#N)C(C)(C)C(=O)O,10,141.17,datawarrior.sdf.gz
CCN(CC)CC(O)CO,10,147.218,datawarrior.sdf.gz
CCOC(=O)CCN(C)C,10,145.202,datawarrior.sdf.gz
CC(=O)OC(C)CN(C)C,10,145.20199999999997,datawarrior.sdf.gz
CC(C)CCC([NH3+])C(=O)O,10,145.202,datawarrior.sdf.gz
CCC(C)C[C@H]([NH3+])C(=O)O,10,145.202,datawarrior.sdf.gz
C[N+](C)(C)CCCC(=O)O,10,146.21,datawarrior.sdf.gz
NCCCCCCC(=O)[O-],10,145.202,datawarrior.sdf.gz
[NH3+]CCCCCCC(=O)O,10,145.202,datawarrior.sdf.gz
CCCCNCCC(=O)[O-],10,145.202,datawarrior.sdf.gz
CCCC[NH2+]CCC(=O)O,10,145.202,datawarrior.sdf.gz
CSC(=S)N(C)CC(=O)O,10,179.26600000000002,datawarrior.sdf.gz
CN(C)C(=S)SCC(=O)O,10,179.26600000000002,datawarrior.sdf.gz
CCN(CC)C(C)(C)C=O,10,143.23,datawarrior.sdf.gz
N[C@@H](C(=O)[O-])[C@H](O)C(=O)[O-],10,149.102,datawarrior.sdf.gz
N[C@H](C(=O)[O-])[C@H](O)C(=O)[O-],10,149.102,datawarrior.sdf.gz
COP(=O)(O)NS(C)(=O)=O,10,189.129,datawarrior.sdf.gz
COP(=O)([O-])NS(C)(=O)=O,10,189.129,datawarrior.sdf.gz
CNC(=O)/C=C(/C)C(=O)O,10,143.142,datawarrior.sdf.gz
CC(C)=C(C(N)=O)C(=O)O,10,143.142,datawarrior.sdf.gz
CN(C)C(=S)OCC(=O)O,10,163.198,datawarrior.sdf.gz
CC(=O)NC(CS)C(=O)O,10,163.19799999999998,datawarrior.sdf.gz
CC(=O)NC(CS)C(=O)[O-],10,163.19799999999998,datawarrior.sdf.gz
CN(CCCN)CCCN,10,145.25,datawarrior.sdf.gz
CNCCN(C)CCNC,10,145.25,datawarrior.sdf.gz
CN(C)CCN(C)CCN,10,145.25,datawarrior.sdf.gz
NCCCCNCCCN,10,145.25,datawarrior.sdf.gz
CN(CCC[NH3+])CCC[NH3+],10,145.25,datawarrior.sdf.gz
C[NH2+]CCN(C)CC[NH2+]C,10,145.25,datawarrior.sdf.gz
CN(CC[NH3+])CC[NH+](C)C,10,145.25,datawarrior.sdf.gz
NCCC[NH2+]CCCC[NH3+],10,145.25,datawarrior.sdf.gz
CN(CCCN)CCC[NH3+],10,145.25,datawarrior.sdf.gz
CNCCN(C)CC[NH2+]C,10,145.25,datawarrior.sdf.gz
CN(CCN)CC[NH+](C)C,10,145.25,datawarrior.sdf.gz
NCCCC[NH2+]CCCN,10,145.25,datawarrior.sdf.gz
O=C(O)[C@H]1[C@@H]2C=C[C@H]1CC2,10,138.16599999999997,datawarrior.sdf.gz
O=C(O)C1C2CCC1CC2,10,140.182,datawarrior.sdf.gz
O=C(O)[C@H]1C[C@H]2CC[C@@H]1C2,10,140.182,datawarrior.sdf.gz
O=C(O)[C@H]1C[C@@H]2CC[C@H]1C2,10,140.182,datawarrior.sdf.gz
O=C(O)C12CCC(CC1)C2,10,140.182,datawarrior.sdf.gz
O=C(O)[C@]1(Cl)[C@@H]2CCC[C@@H]21,10,160.59999999999994,datawarrior.sdf.gz
O=C(O)[C@@]1(Cl)[C@@H]2CCC[C@@H]21,10,160.59999999999994,datawarrior.sdf.gz
Cc1ncnc2nc[nH]c12,10,134.142,datawarrior.sdf.gz
Cn1cnc2cncnc21,10,134.142,datawarrior.sdf.gz
Cc1nc2ncncc2[nH]1,10,134.142,datawarrior.sdf.gz
Nc1ncnc2scnc12,10,152.182,datawarrior.sdf.gz
[S-]c1ncnc2nc[nH]c12,10,152.18200000000002,datawarrior.sdf.gz
[Se-]c1ncnc2nc[nH]c12,10,199.07500000000002,datawarrior.sdf.gz
[S-]c1ncc2nc[nH]c2n1,10,152.182,datawarrior.sdf.gz
Sc1nc2[nH]cnc2c[nH+]1,10,152.182,datawarrior.sdf.gz
S=c1[n-]c2ncncc2[nH]1,10,152.182,datawarrior.sdf.gz
O=C1NCc2[nH]cnc2N1,10,138.13,datawarrior.sdf.gz
O=c1[nH]cnc2[nH]ncc12,10,136.11399999999998,datawarrior.sdf.gz
[O-]c1[nH+]cnc2nc[nH]c12,10,136.11399999999998,datawarrior.sdf.gz
[O-]c1ncnc2[nH]cnc12,10,136.114,datawarrior.sdf.gz
[O-]c1ncnc2nc[nH]c12,10,136.11399999999998,datawarrior.sdf.gz
[O-]c1ncc2[nH]cnc2n1,10,136.11399999999998,datawarrior.sdf.gz
Oc1nc2nc[nH]c2c[nH+]1,10,136.114,datawarrior.sdf.gz
N=C1Cc2ccccc2N1,10,132.166,datawarrior.sdf.gz
N#CC1=CN2CCC1CC2,10,134.182,datawarrior.sdf.gz
Cc1ccc2[nH]cnc2c1,10,132.16599999999997,datawarrior.sdf.gz
CN1CCCC2CCN=C21,10,138.21399999999997,datawarrior.sdf.gz
c1ccc2c(c1)NCC[NH2+]2,10,134.182,datawarrior.sdf.gz
c1csc(-c2nccs2)n1,10,168.246,datawarrior.sdf.gz
Clc1ccc2[nH]cnc2c1,10,152.584,datawarrior.sdf.gz
Fc1ccc2[nH]cnc2c1,10,136.129,datawarrior.sdf.gz
CC1=CSC2=NCCCN12,10,154.238,datawarrior.sdf.gz
Oc1cccc2cn[nH]c12,10,134.13799999999998,datawarrior.sdf.gz
Oc1ccc2[nH]cnc2c1,10,134.138,datawarrior.sdf.gz
Nc1nc2ccccc2o1,10,134.13799999999998,datawarrior.sdf.gz
Nc1nc2c(o1)CCCC2,10,138.17,datawarrior.sdf.gz
[O-]c1nc2ccccc2[nH]1,10,134.13799999999998,datawarrior.sdf.gz
Oc1[nH]c2ccccc2[nH+]1,10,134.13799999999998,datawarrior.sdf.gz
C1CCC2CNCCC2C1,10,139.242,datawarrior.sdf.gz
Cc1ccc(C2CN2)cc1,10,133.19399999999996,datawarrior.sdf.gz
C[C@H]1CCC2CC[C@H](C)N21,10,139.24200000000002,datawarrior.sdf.gz
C[C@@H]1CC[C@H]2CC[C@H](C)N21,10,139.24200000000002,datawarrior.sdf.gz
C[C@@H]1CC[C@@H]2CC[C@H](C)N21,10,139.24200000000002,datawarrior.sdf.gz
C[C@H]1C[C@@H]2CCC[C@@H]2N1C,10,139.242,datawarrior.sdf.gz
CN1C2=CCCC1CCC2,10,137.226,datawarrior.sdf.gz
C1CCC2NCCCC2C1,10,139.24200000000002,datawarrior.sdf.gz
CC(C)(C)N1C2CCCC21,10,139.242,datawarrior.sdf.gz
Clc1ccc(C2CN2)cc1,10,153.61199999999997,datawarrior.sdf.gz
c1csc(C2CCCN2)c1,10,153.24999999999997,datawarrior.sdf.gz
ClCC1CC2CCN1CC2,10,159.66,datawarrior.sdf.gz
ClCC1CN2CCC1CC2,10,159.65999999999997,datawarrior.sdf.gz
CN(CC1CO1)CC1CO1,10,143.18599999999998,datawarrior.sdf.gz
C1CN(CC2CO2)CCO1,10,143.18599999999998,datawarrior.sdf.gz
CC1=CCN2CC[C@@H](O)[C@@H]12,10,139.19799999999998,datawarrior.sdf.gz
C[C@@H]1CCN2CC[C@H](O)[C@H]12,10,141.214,datawarrior.sdf.gz
OC[C@H]1CCN2CCC[C@@H]12,10,141.21400000000003,datawarrior.sdf.gz
OCC1CC2CCN1CC2,10,141.214,datawarrior.sdf.gz
COC1CC2CCN1CC2,10,141.214,datawarrior.sdf.gz
OCC1CN2CCC1CC2,10,141.21400000000003,datawarrior.sdf.gz
Oc1nsc2ccccc12,10,151.18999999999997,datawarrior.sdf.gz
Oc1ccc2ncsc2c1,10,151.19,datawarrior.sdf.gz
O=C(O)[C@]12C[NH2+]CC[C@H]1O2,10,143.142,datawarrior.sdf.gz
O=C([O-])[C@]12CNCC[C@H]1O2,10,143.142,datawarrior.sdf.gz
Nc1ncc2[nH]cnc2n1,10,135.13,datawarrior.sdf.gz
Nc1ncnc2[nH]ncc12,10,135.13,datawarrior.sdf.gz
Nc1ncnc2[nH]cnc12,10,135.13,datawarrior.sdf.gz
Nc1ncnc2nc[nH]c12,10,135.13,datawarrior.sdf.gz
Nc1nc2ncncc2[nH]1,10,135.12999999999997,datawarrior.sdf.gz
Nc1ncc2[nH]c[nH+]c2n1,10,135.12999999999997,datawarrior.sdf.gz
S=c1[nH]cnc2nn[nH]c12,10,153.17,datawarrior.sdf.gz
Cc1ccc2[nH]nnc2c1,10,133.15399999999997,datawarrior.sdf.gz
Nc1cccc2cn[nH]c12,10,133.154,datawarrior.sdf.gz
Nc1ccc2[nH]cnc2c1,10,133.15399999999997,datawarrior.sdf.gz
Cc1nc2ncccc2[nH]1,10,133.15399999999997,datawarrior.sdf.gz
Nc1ccc2[nH]c[nH+]c2c1,10,133.15399999999997,datawarrior.sdf.gz
Clc1ccc2[nH]nnc2c1,10,153.572,datawarrior.sdf.gz
Nc1nc2cccc[n+]2o1,10,136.134,datawarrior.sdf.gz
CC(=O)C(Cc1ccccc1)C(C)=O,14,190.24200000000002,datawarrior.sdf.gz
O=C(CC(=O)C(F)(F)F)c1cccs1,14,222.18699999999995,datawarrior.sdf.gz
[4H]c1c([4H])c([4H])c(C(=O)O)c([4H])c1[4H],14,137.22204999999997,datawarrior.sdf.gz
COc1cc(C(=O)O)cc(OC)c1O,14,198.17399999999998,datawarrior.sdf.gz
CCOc1ccccc1/C=C\C(=O)O,14,192.214,datawarrior.sdf.gz
CCOc1ccccc1/C=C/C(=O)O,14,192.214,datawarrior.sdf.gz
CCC(Oc1ccccc1C)C(=O)O,14,194.23000000000002,datawarrior.sdf.gz
Cc1ccc(/C=C/C(=O)C(=O)O)cc1,14,190.19799999999998,datawarrior.sdf.gz
Cc1cc(C)c(C(=O)C(=O)O)c(C)c1,14,192.21399999999997,datawarrior.sdf.gz
Cc1ccc(C(=O)/C=C/C(=O)O)cc1,14,190.198,datawarrior.sdf.gz
CCCCOc1ccc(C(=O)O)cc1,14,194.22999999999993,datawarrior.sdf.gz
CC(C)COc1ccc(C(=O)O)cc1,14,194.22999999999996,datawarrior.sdf.gz
O=S(=O)(O)c1cccc(C(F)(F)F)c1,14,226.17499999999995,datawarrior.sdf.gz
CO[C@H]1O[C@H](C(=O)O)[C@H](O)[C@H](O)[C@H]1O,14,208.166,datawarrior.sdf.gz
O=C([O-])c1cc(O)c(O)c(C(=O)O)[o+]1,14,201.10999999999999,datawarrior.sdf.gz
O=C(O)c1cc(O)c(O)c(C(=O)O)[o+]1,14,201.10999999999999,datawarrior.sdf.gz
O=C([O-])c1cc(O)c(O)c(C(=O)[O-])[o+]1,14,201.10999999999999,datawarrior.sdf.gz
C1CNCCNCCCNCCNC1,14,200.32999999999998,datawarrior.sdf.gz
Cc1ccc(NN=C(C#N)C#N)cc1,14,184.202,datawarrior.sdf.gz
Cc1ccccc1NN=C(C#N)C#N,14,184.20200000000003,datawarrior.sdf.gz
N#CC(C#N)=NNc1ccccc1Cl,14,204.61999999999998,datawarrior.sdf.gz
N#CC(C#N)=NNc1ccccc1Br,14,249.071,datawarrior.sdf.gz
N#CC(C#N)=NNc1cccc(Cl)c1,14,204.61999999999998,datawarrior.sdf.gz
N#CC(C#N)=NNc1ccc(Cl)cc1,14,204.61999999999998,datawarrior.sdf.gz
N#CC(C#N)=NNc1ccccc1O,14,186.17399999999998,datawarrior.sdf.gz
N#CC(C#N)=NNc1cccc(O)c1,14,186.174,datawarrior.sdf.gz
CC/N=C(\N=[N+]=[N-])c1ccccc1O,14,190.206,datawarrior.sdf.gz
CC/N=C1\C=C(NCC)CC(C)(C)C1,14,194.32199999999997,datawarrior.sdf.gz
C1CCCNCCCCCCNCC1,14,198.35399999999998,datawarrior.sdf.gz
C[C@H](NC(=O)[C@@H]1CCC(=O)N1)C(=O)O,14,200.194,datawarrior.sdf.gz
CC(c1ccc([N+](=O)[O-])cc1)[N+](=O)[O-],14,196.16199999999998,datawarrior.sdf.gz
CC(c1cccc([N+](=O)[O-])c1)[N+](=O)[O-],14,196.16199999999998,datawarrior.sdf.gz
CC(=O)Nc1ccc(O)c([N+](=O)[O-])c1,14,196.16199999999998,datawarrior.sdf.gz
CN(O)C(=O)c1ccc([N+](=O)[O-])cc1,14,196.16199999999998,datawarrior.sdf.gz
CC(=O)c1cc(C(=O)C(C)(C)C)[nH]n1,14,194.23399999999995,datawarrior.sdf.gz
CN(C)C(=O)/C=C(\O)c1ccncc1,14,192.21800000000002,datawarrior.sdf.gz
CN(C)C(=O)CC(=O)c1ccncc1,14,192.21800000000002,datawarrior.sdf.gz
C#CCN1CCN(C(=O)OCC)CC1,14,196.24999999999997,datawarrior.sdf.gz
CCCC(C)C1C(=O)NC(=S)N=C1[O-],14,214.28999999999994,datawarrior.sdf.gz
CCOc1cccc(/N=C/N(C)C)c1,14,192.262,datawarrior.sdf.gz
CNCC(=O)Nc1c(C)cccc1C,14,192.262,datawarrior.sdf.gz
CC(C)NCC(O)c1cccc(N)c1,14,194.278,datawarrior.sdf.gz
CCOc1ccc(/N=C/N(C)C)cc1,14,192.26199999999997,datawarrior.sdf.gz
CC1(C)CC(NCCO)CC(C)(C)N1,14,200.326,datawarrior.sdf.gz
CC(C)[NH2+]CC(O)c1cccc(N)c1,14,194.278,datawarrior.sdf.gz
CC1(C)CC(NCCO)CC(C)(C)[NH2+]1,14,200.326,datawarrior.sdf.gz
CCCSC(=O)CCCc1c[nH]cn1,14,212.318,datawarrior.sdf.gz
COC(=O)C(C)(C)c1c[nH]c(CO)n1,14,198.222,datawarrior.sdf.gz
O=[N+]([O-])c1cccc(/C=C/C=N/O)c1,14,192.174,datawarrior.sdf.gz
C[N+](C)(C)c1cc([N+](=O)[O-])ccc1O,14,197.21399999999997,datawarrior.sdf.gz
C[N+](C)(C)c1ccc(O)c([N+](=O)[O-])c1,14,197.21399999999997,datawarrior.sdf.gz
CN(C)Cc1cc([N+](=O)[O-])ccc1[O-],14,196.20599999999996,datawarrior.sdf.gz
C[NH+](C)Cc1cc([N+](=O)[O-])ccc1O,14,196.20599999999996,datawarrior.sdf.gz
CCCCCNCc1ccc(C)cc1,14,191.31799999999996,datawarrior.sdf.gz
CCCCCCCCN1CCCCC1,14,197.36599999999996,datawarrior.sdf.gz
CCN(CC)CCSC1CCCCC1,14,215.40599999999998,datawarrior.sdf.gz
O=C(O)CNC(=O)c1ccccc1O,14,195.174,datawarrior.sdf.gz
O=C(O)c1cccc(/C=C/[N+](=O)[O-])c1,14,193.158,datawarrior.sdf.gz
O=C(O)c1ccc(/C=C/[N+](=O)[O-])cc1,14,193.158,datawarrior.sdf.gz
O=C(O)/C=C\c1cccc([N+](=O)[O-])c1,14,193.158,datawarrior.sdf.gz
O=C(O)/C=C/c1cccc([N+](=O)[O-])c1,14,193.158,datawarrior.sdf.gz
O=C([O-])CNC(=O)c1ccccc1O,14,195.174,datawarrior.sdf.gz
O=C(O)CSc1cccc([N+](=O)[O-])c1,14,213.21399999999997,datawarrior.sdf.gz
O=C(O)C[Se]c1cccc([N+](=O)[O-])c1,14,260.107,datawarrior.sdf.gz
O=C(O)C[Se]c1ccccc1[N+](=O)[O-],14,260.10699999999997,datawarrior.sdf.gz
O=C(O)CSc1ccc([N+](=O)[O-])cc1,14,213.21399999999997,datawarrior.sdf.gz
O=C(O)C[Se]c1ccc([N+](=O)[O-])cc1,14,260.107,datawarrior.sdf.gz
O=C([O-])CNS(=O)(=O)c1ccccc1,14,215.23000000000002,datawarrior.sdf.gz
N#CC(CCC(=O)O)c1ccccc1,14,189.21400000000003,datawarrior.sdf.gz
CC(C(=O)O)C(C#N)c1ccccc1,14,189.21400000000003,datawarrior.sdf.gz
CC(C#N)(CC(=O)O)c1ccccc1,14,189.21400000000003,datawarrior.sdf.gz
CCC(C)C(=O)CCN1CCOCC1,14,199.29399999999995,datawarrior.sdf.gz
COc1ccc(C[C@H](C)N)cc1OC,14,195.26199999999997,datawarrior.sdf.gz
CC(=O)CC(=O)Nc1cccc(C)c1,14,191.23,datawarrior.sdf.gz
CC(=O)CC(=O)Nc1ccc(C)cc1,14,191.23,datawarrior.sdf.gz
CCOC(=O)c1ccc(CCN)cc1,14,193.24599999999995,datawarrior.sdf.gz
N#CCCC(C(=O)O)c1ccccc1,14,189.21400000000003,datawarrior.sdf.gz
N#CC(CC(=O)O)Cc1ccccc1,14,189.21400000000003,datawarrior.sdf.gz
CCOC(=O)C[C@H](N)c1ccccc1,14,193.24600000000004,datawarrior.sdf.gz
CC(C#N)(Cc1ccccc1)C(=O)O,14,189.21400000000003,datawarrior.sdf.gz
O=C([O-])CCCCCN1CCCCC1,14,199.29399999999995,datawarrior.sdf.gz
CC(C)C([NH2+]c1ccccc1)C(=O)O,14,193.246,datawarrior.sdf.gz
CC(C)[NH2+]CC(=O)c1ccc(O)cc1,14,193.24599999999998,datawarrior.sdf.gz
CC(C)NCC(=O)c1ccc([O-])cc1,14,193.24599999999998,datawarrior.sdf.gz
CC(=O)c1ccc([O-])c(CN(C)C)c1,14,193.24599999999995,datawarrior.sdf.gz
C[N+]1(CCCCC(=O)O)CCCCC1,14,200.30199999999996,datawarrior.sdf.gz
CCN(CC)Cc1cc(C)ccc1O,14,193.28999999999996,datawarrior.sdf.gz
CCCCCNCc1ccccc1O,14,193.28999999999994,datawarrior.sdf.gz
CCC/C(N)=C/C(=O)c1ccccc1,14,189.25799999999992,datawarrior.sdf.gz
CCN(CC)Cc1c(C)cccc1O,14,193.28999999999994,datawarrior.sdf.gz
CCN(CC)Cc1cccc(C)c1O,14,193.28999999999994,datawarrior.sdf.gz
CCN(CC)Cc1ccccc1OC,14,193.28999999999994,datawarrior.sdf.gz
CCN(CC)Cc1cccc(C)c1[O-],14,193.28999999999994,datawarrior.sdf.gz
CC[NH+](CC)Cc1cccc(C)c1O,14,193.28999999999994,datawarrior.sdf.gz
CC(=O)CC(=S)Nc1cccc(C)c1,14,207.29799999999997,datawarrior.sdf.gz
CC(=O)CC(=S)Nc1ccc(C)cc1,14,207.29799999999997,datawarrior.sdf.gz
CC(C)NCC(O)c1cccc(F)c1,14,197.253,datawarrior.sdf.gz
CCNC(=O)/C=C(/[70SH])c1ccccc1,14,245.231,datawarrior.sdf.gz
CCN(CC)Cc1cc(F)ccc1O,14,197.25299999999996,datawarrior.sdf.gz
CCN(CC)Cc1cc(Cl)ccc1[O-],14,213.70799999999997,datawarrior.sdf.gz
CC[NH+](CC)Cc1cc(Cl)ccc1O,14,213.70799999999997,datawarrior.sdf.gz
CC[NH+](CC)Cc1cc(F)ccc1O,14,197.25299999999996,datawarrior.sdf.gz
CCN(CC)Cc1cc(Br)ccc1[O-],14,258.15899999999993,datawarrior.sdf.gz
CC[NH+](CC)Cc1cc(Br)ccc1O,14,258.15899999999993,datawarrior.sdf.gz
CC[NH+](CC)Cc1cccc(F)c1O,14,197.25299999999993,datawarrior.sdf.gz
CC[NH+](CC)Cc1c(O)cccc1Cl,14,213.70799999999994,datawarrior.sdf.gz
CCOC(=O)[C@H]1CC(=O)N[C@@H]1C(=O)O,14,201.17799999999997,datawarrior.sdf.gz
O=C(O)[C@H](O)c1ccc([N+](=O)[O-])cc1,14,197.146,datawarrior.sdf.gz
O=C(O)[C@H](O)c1cccc([N+](=O)[O-])c1,14,197.146,datawarrior.sdf.gz
O=C(O)[C@H](O)c1ccccc1[N+](=O)[O-],14,197.146,datawarrior.sdf.gz
O=C(O)COc1ccccc1[N+](=O)[O-],14,197.14599999999996,datawarrior.sdf.gz
COC(=O)c1ccc(O)c([N+](=O)[O-])c1,14,197.14599999999996,datawarrior.sdf.gz
O=C(O)c1cc([N+](=O)[O-])ccc1CO,14,197.14599999999996,datawarrior.sdf.gz
NS(=O)(=O)c1ccc(P(=O)(O)O)cc1,14,237.173,datawarrior.sdf.gz
NS(=O)(=O)c1ccc(P(=O)([O-])[O-])cc1,14,237.173,datawarrior.sdf.gz
NS(=O)(=O)c1ccc(P(=O)([O-])O)cc1,14,237.173,datawarrior.sdf.gz
[NH3+]C(c1cccc(O)c1[O-])P(=O)([O-])[O-],14,219.133,datawarrior.sdf.gz
[NH3+]C(c1cccc(O)c1O)P(=O)([O-])O,14,219.133,datawarrior.sdf.gz
O=S(=O)([O-])CC(O)CN1CCOCC1,14,225.2659999999999,datawarrior.sdf.gz
[NH3+]C(c1cccc(O)c1O)P(=O)([O-])[O-],14,219.133,datawarrior.sdf.gz
NC(=O)C(CC(=O)O)c1ccccc1,14,193.202,datawarrior.sdf.gz
CCOC(=O)/C(=N/O)c1ccccc1,14,193.20200000000003,datawarrior.sdf.gz
CCC(C(=O)O)C(=O)N1CCCCC1,14,199.24999999999994,datawarrior.sdf.gz
Cc1cc([N+](=O)[O-])c(C(C)C)cc1O,14,195.21799999999996,datawarrior.sdf.gz
CCc1cc([N+](=O)[O-])cc(CC)c1O,14,195.21799999999996,datawarrior.sdf.gz
OCCN(CCO)CCc1nnn[nH]1,14,201.23000000000005,datawarrior.sdf.gz
CC(C)NNC1CCN(C(C)C)CC1,14,199.342,datawarrior.sdf.gz
CC(C)NNC1CC[NH+](C(C)C)CC1,14,199.342,datawarrior.sdf.gz
CN(C)/C=N/c1cccc([N+](=O)[O-])c1,14,193.206,datawarrior.sdf.gz
N#CC(C#N)c1ccc([N+](=O)[O-])cc1,14,187.158,datawarrior.sdf.gz
N#CCc1ccc(C#N)cc1[N+](=O)[O-],14,187.158,datawarrior.sdf.gz
CN(C)/C=N/c1ccccc1[N+](=O)[O-],14,193.206,datawarrior.sdf.gz
CN(C)/C=N/c1ccc([N+](=O)[O-])cc1,14,193.20599999999996,datawarrior.sdf.gz
N#CC(C#N)=C(O)c1ccc(N)cc1,14,185.18599999999998,datawarrior.sdf.gz
O=C(/C=N/O)NCCN1CCOCC1,14,201.22599999999994,datawarrior.sdf.gz
NCC(=O)Nc1ccc([N+](=O)[O-])cc1,14,195.17799999999994,datawarrior.sdf.gz
CC(=O)NC(Cc1c[nH]cn1)C(=O)[O-],14,197.19400000000002,datawarrior.sdf.gz
CC(=O)NC(Cc1c[nH]c[nH+]1)C(=O)O,14,197.19400000000002,datawarrior.sdf.gz
N#CCCN(CCC#N)c1nnn[nH]1,14,191.198,datawarrior.sdf.gz
O=C(O)/C=C/C(=O)CC(=O)CC(=O)O,14,200.146,datawarrior.sdf.gz
O=C([O-])/C=C/C(=O)CC(=O)CC(=O)[O-],14,200.146,datawarrior.sdf.gz
O=C([O-])/C=C/C([O-])=C/C(=O)CC(=O)[O-],14,200.14599999999996,datawarrior.sdf.gz
C#CC#CC=C=CC(O)CCC(=O)O,14,190.19799999999998,datawarrior.sdf.gz
C#CC#CC#CCC(O)CCC(=O)O,14,190.19799999999998,datawarrior.sdf.gz
C[Si](C)(C)O[Si](C)(C)CCCC(=O)O,14,234.44399999999996,datawarrior.sdf.gz
NC(=O)[C@@H](N)CSSC[C@H](N)C(N)=O,14,238.33799999999994,datawarrior.sdf.gz
CC(C)NCCCCCCNC(C)C,14,200.37,datawarrior.sdf.gz
NCCCCCCCCCCCCN,14,200.36999999999995,datawarrior.sdf.gz
CC(C)NCCCCCC[NH2+]C(C)C,14,200.37,datawarrior.sdf.gz
CCN(CC)CC(O)CN(CC)CC,14,202.34199999999996,datawarrior.sdf.gz
C=C(C)C(=O)NC(C)(C)CCN(C)C,14,198.30999999999997,datawarrior.sdf.gz
CCN(C)CCOCCN(CC)CC,14,202.34199999999998,datawarrior.sdf.gz
CCN(CC)CC(O)C[NH+](CC)CC,14,202.34199999999996,datawarrior.sdf.gz
CCN(C)CCOCC[NH+](CC)CC,14,202.34199999999998,datawarrior.sdf.gz
NNC(=O)C(F)(F)C(F)(F)C(F)(F)F,14,228.067,datawarrior.sdf.gz
CCCCCCCCCCCCCN,14,199.38199999999995,datawarrior.sdf.gz
C=C(C)C(=O)OCCN(C)CCCC,14,199.29399999999995,datawarrior.sdf.gz
CCC(O)CN(CC(C)O)C(C)(C)C,14,203.32599999999996,datawarrior.sdf.gz
CCCCCN(CCO)CC(O)CC,14,203.32599999999994,datawarrior.sdf.gz
CCCN(CC(O)CC)CC(O)CC,14,203.32599999999996,datawarrior.sdf.gz
CCCCCCN(CCO)CC(C)O,14,203.32599999999996,datawarrior.sdf.gz
CCCCCN(CC(C)O)CC(C)O,14,203.32599999999996,datawarrior.sdf.gz
C=C(C)C(=O)OC(C)CN(CC)CC,14,199.29399999999995,datawarrior.sdf.gz
CCCCCCCCNCCC(=O)[O-],14,201.30999999999995,datawarrior.sdf.gz
CCCCCCCC[NH2+]CCC(=O)O,14,201.30999999999995,datawarrior.sdf.gz
NCCCCCCCCCCC(=O)[O-],14,201.30999999999995,datawarrior.sdf.gz
NCCCCC#CC#CCCC(=O)[O-],14,193.24599999999995,datawarrior.sdf.gz
[NH3+]CCCCCCCCCCC(=O)O,14,201.30999999999995,datawarrior.sdf.gz
[NH3+]CCCCC#CC#CCCC(=O)O,14,193.24599999999995,datawarrior.sdf.gz
CCCCCCCCOCCN(C)C,14,201.35399999999993,datawarrior.sdf.gz
CN(C)CCCN(C)CCCN(C)C,14,201.358,datawarrior.sdf.gz
CN(CCC[NH+](C)C)CCC[NH+](C)C,14,201.35799999999998,datawarrior.sdf.gz
CN(C)CCCN(C)CCC[NH+](C)C,14,201.35799999999998,datawarrior.sdf.gz
CCN(CC)/N=C(\N)CC[Si](C)(C)C,14,215.41699999999994,datawarrior.sdf.gz
NCC(=O)NC(CCC(N)=O)C(=O)O,14,203.19799999999998,datawarrior.sdf.gz
NC(=O)CC[C@H](N)C(=O)NCC(=O)O,14,203.198,datawarrior.sdf.gz
CC[NH+](CC)CCCNC(=O)/C=N/O,14,201.26999999999998,datawarrior.sdf.gz
C=CC[NH+](C)CCCNC(=O)/C=N/O,14,199.254,datawarrior.sdf.gz
CCN(CC)CCCNC(=O)/C=N/[O-],14,201.26999999999998,datawarrior.sdf.gz
C=CCN(C)CCCNC(=O)/C=N/[O-],14,199.254,datawarrior.sdf.gz
C[NH+](C)CCCCCNC(=O)/C=N/O,14,201.26999999999998,datawarrior.sdf.gz
CN(C)CCCCCNC(=O)/C=N/[O-],14,201.26999999999998,datawarrior.sdf.gz
COc1c(C(=O)O)oc2ccccc12,14,192.17000000000002,datawarrior.sdf.gz
O=C(O)/C=C/c1ccc2c(c1)OCO2,14,192.16999999999996,datawarrior.sdf.gz
CC(C)C1C(=O)c2ccccc2C1=O,14,188.22599999999997,datawarrior.sdf.gz
O=C1CCC(C2CCCCC2)C(=O)C1,14,194.27399999999994,datawarrior.sdf.gz
O/C(=C\c1ccccc1)c1ccco1,14,186.21,datawarrior.sdf.gz
Oc1ccc(-c2ccc(O)cc2)cc1,14,186.21,datawarrior.sdf.gz
[O-]c1ccccc1-c1ccccc1O,14,186.21,datawarrior.sdf.gz
[O-]c1ccc(-c2ccc(O)cc2)cc1,14,186.21,datawarrior.sdf.gz
CC1(C)[C@@H]2CC[C@]1(C)C(=O)C2C(=O)O,14,196.24599999999998,datawarrior.sdf.gz
O=C(O)C1CCCc2ccccc2O1,14,192.21400000000003,datawarrior.sdf.gz
COc1ccc([C@H]2C[C@@H]2C(=O)O)cc1,14,192.214,datawarrior.sdf.gz
CC1(C)[C@H]2CC[C@@]1(C)[C@@H](O)[C@@H]2C(=O)O,14,198.26199999999994,datawarrior.sdf.gz
CC1(C)[C@H]2CC[C@@]1(C)[C@@H](O)[C@H]2C(=O)O,14,198.26199999999994,datawarrior.sdf.gz
O=C(O)c1cc2ccccc2cc1O,14,188.182,datawarrior.sdf.gz
CC[C@@H](C(=O)O)[C@@]1(O)C[C@H]2CC[C@@H]1C2,14,198.26199999999994,datawarrior.sdf.gz
CC[C@H](C(=O)O)[C@@]1(O)C[C@H]2CC[C@@H]1C2,14,198.26199999999994,datawarrior.sdf.gz
O=C(O)c1cccc2ccc(O)cc12,14,188.182,datawarrior.sdf.gz
CC(=O)C1C(=O)c2ccccc2C1=O,14,188.18199999999996,datawarrior.sdf.gz
O=C([O-])c1c(O)ccc2ccccc12,14,188.18200000000002,datawarrior.sdf.gz
O=C([O-])c1cccc2ccc(O)cc12,14,188.182,datawarrior.sdf.gz
Nc1ccnc(-c2cc(N)ccn2)c1,14,186.218,datawarrior.sdf.gz
Cc1cc(C)n(Cc2cc(C)[nH]n2)n1,14,190.25,datawarrior.sdf.gz
Nc1cccc(-c2cccc(N)n2)n1,14,186.218,datawarrior.sdf.gz
Cc1cc(Cn2[nH+]c(C)cc2C)n[nH]1,14,190.25,datawarrior.sdf.gz
Cc1n[nH]c2c1c(=O)n(C)c(=O)n2C,14,194.194,datawarrior.sdf.gz
O=C(O)c1cccc(-c2nnn[nH]2)c1,14,190.162,datawarrior.sdf.gz
O=C(O)c1ccc(-c2nnn[nH]2)cc1,14,190.162,datawarrior.sdf.gz
CC1CCn2nnnc2C(C(=O)O)C1,14,196.20999999999998,datawarrior.sdf.gz
CC1CCCC(C(=O)O)c2nnnn21,14,196.21,datawarrior.sdf.gz
O=C(O)c1ccccc1-c1nnn[nH]1,14,190.162,datawarrior.sdf.gz
CC(=O)n1ccnc1Cc1ncc[nH]1,14,190.20600000000002,datawarrior.sdf.gz
CC(=O)n1ccnc1Cc1[nH]cc[nH+]1,14,190.20600000000002,datawarrior.sdf.gz
[O-]c1nc(C(F)(F)F)nc2nc[nH]c12,14,204.11100000000005,datawarrior.sdf.gz
Oc1nc(C(F)(F)F)nc2[nH+]c[nH]c12,14,204.11100000000005,datawarrior.sdf.gz
Cc1cc([N+](=O)[O-])cc2c1nnn2O,14,194.15,datawarrior.sdf.gz
CC1=Nc2ccc(C)cc2N=C(C)C1,14,186.25799999999998,datawarrior.sdf.gz
C1CCN(CCN2CCCCC2)CC1,14,196.33799999999997,datawarrior.sdf.gz
CC1=CC(C)=Nc2ccc(C)cc2N1,14,186.25799999999998,datawarrior.sdf.gz
CC1(C)CCC(C2CCC(C)(C)N2)N1,14,196.33799999999997,datawarrior.sdf.gz
NC1CCN(Cc2ccccc2)CC1,14,190.29000000000002,datawarrior.sdf.gz
Nc1ccc(-c2ccc(N)cc2)cc1,14,184.242,datawarrior.sdf.gz
C(=C/c1ccncc1)/c1ccncc1,14,182.226,datawarrior.sdf.gz
C(=C\c1ccncc1)/c1ccncc1,14,182.226,datawarrior.sdf.gz
Cc1cc(C)c2nc(C)cc(N)c2c1,14,186.25799999999995,datawarrior.sdf.gz
C1CCN(CC[NH+]2CCCCC2)CC1,14,196.33799999999997,datawarrior.sdf.gz
CC1(C)CCC(C2CCC(C)(C)[NH2+]2)N1,14,196.33799999999997,datawarrior.sdf.gz
NCCC[n+]1ccc2ccccc2c1,14,187.266,datawarrior.sdf.gz
[NH3+]C1CCN(Cc2ccccc2)CC1,14,190.29000000000002,datawarrior.sdf.gz
CCc1ccc([C@@H]2CCC[NH+]2C)cn1,14,190.28999999999994,datawarrior.sdf.gz
Nc1ccc(-c2ccc([NH3+])cc2)cc1,14,184.242,datawarrior.sdf.gz
Clc1ccc(-c2ccc(Cl)cn2)nc1,14,225.078,datawarrior.sdf.gz
Cc1nc(-c2ccccc2[S-])[nH]c1C,14,204.29799999999997,datawarrior.sdf.gz
Cc1[nH]c(-c2ccccc2S)[nH+]c1C,14,204.29799999999997,datawarrior.sdf.gz
O=C1NC(=O)c2c1cccc2[N+](=O)[O-],14,192.13,datawarrior.sdf.gz
O=C1NC(=O)c2cc([N+](=O)[O-])ccc21,14,192.12999999999997,datawarrior.sdf.gz
O=S(=O)([O-])c1cc(O)c2[nH]ncc2c1,14,214.202,datawarrior.sdf.gz
O=S(=O)([O-])c1c(O)ccc2[nH]ncc12,14,214.20200000000003,datawarrior.sdf.gz
O=S(=O)([O-])c1ccc(O)c2[nH]ncc12,14,214.202,datawarrior.sdf.gz
O=S(=O)([O-])c1cc(O)cc2[nH]ncc12,14,214.202,datawarrior.sdf.gz
O=S(=O)([O-])c1c(O)ccc2cn[nH]c12,14,214.20200000000003,datawarrior.sdf.gz
O=S(=O)([O-])c1cc(O)c2cn[nH]c2c1,14,214.202,datawarrior.sdf.gz
O=S(=O)([O-])c1ccc(O)c2cn[nH]c12,14,214.202,datawarrior.sdf.gz
O=S(=O)([O-])c1cc(O)cc2cn[nH]c12,14,214.202,datawarrior.sdf.gz
O=C1NC(=O)/C(=C/c2ccccc2)N1,14,188.186,datawarrior.sdf.gz
C1CN(CCN2CCOCC2)CCO1,14,200.28199999999995,datawarrior.sdf.gz
COc1nc2ccccc2nc1OC,14,190.20200000000003,datawarrior.sdf.gz
Nc1ccc2ccccc2c1[N+](=O)[O-],14,188.18600000000004,datawarrior.sdf.gz
Nc1c([N+](=O)[O-])ccc2ccccc12,14,188.186,datawarrior.sdf.gz
Nc1ccc(C(=O)[O-])c2ncccc12,14,188.186,datawarrior.sdf.gz
O=C([O-])CCc1nc2ccccc2[nH]1,14,190.20200000000003,datawarrior.sdf.gz
C1CN(CC[NH+]2CCOCC2)CCO1,14,200.28199999999995,datawarrior.sdf.gz
O=S1(=O)Cc2cc(Br)ccc2N=CN1,14,275.12699999999995,datawarrior.sdf.gz
COC(=O)c1nc2cc(Cl)ccc2[nH]1,14,210.61999999999998,datawarrior.sdf.gz
Cn1c(CCl)nc2c(O)ccc(O)c21,14,212.636,datawarrior.sdf.gz
Cn1c(CBr)nc2c(O)ccc(O)c21,14,257.087,datawarrior.sdf.gz
O=[N+]([O-])c1cccc(C2NCCS2)c1,14,210.25799999999998,datawarrior.sdf.gz
O=[N+]([O-])c1ccc(C2NCCS2)cc1,14,210.25799999999998,datawarrior.sdf.gz
CCOc1ccc2[nH]c(CC)nc2c1,14,190.24599999999998,datawarrior.sdf.gz
OC(CN1CCCC1)CN1CCCC1,14,198.30999999999992,datawarrior.sdf.gz
Cn1cncc(-c2ccccc2)c1=O,14,186.214,datawarrior.sdf.gz
CCc1c(-c2ccccc2)n[nH]c1O,14,188.23000000000002,datawarrior.sdf.gz
Cc1nn(-c2ccccc2)c(O)c1C,14,188.23000000000002,datawarrior.sdf.gz
Cc1nn(C)c(O)c1-c1ccccc1,14,188.23000000000002,datawarrior.sdf.gz
Cn1cnc(=O)c(-c2ccccc2)c1,14,186.214,datawarrior.sdf.gz
Cc1ccc(C(=O)c2cc[nH]n2)cc1,14,186.214,datawarrior.sdf.gz
CN(C1=NCCCO1)c1ccccc1,14,190.24600000000004,datawarrior.sdf.gz
OC(CN1CCCC1)C[NH+]1CCCC1,14,198.30999999999992,datawarrior.sdf.gz
CN(C)c1cc[nH+]c2c(O)cccc12,14,188.23,datawarrior.sdf.gz
Cc1cnc(-c2ccccc2)c([O-])n1,14,186.21400000000003,datawarrior.sdf.gz
Cc1cnc(-c2ccccc2)c(O)[nH+]1,14,186.21400000000003,datawarrior.sdf.gz
COc1ccc(C2CCC[NH+]2C)cn1,14,192.26199999999992,datawarrior.sdf.gz
O=S(Cc1ccccc1)c1ncc[nH]1,14,206.27000000000004,datawarrior.sdf.gz
O=C(c1ccc(Cl)cc1)c1cc[nH]n1,14,206.632,datawarrior.sdf.gz
CN1CC(O)C2=C/C(=N\O)C(=O)C=C21,14,194.18999999999997,datawarrior.sdf.gz
CC(=O)N1CCc2noc(O)c2CC1,14,196.206,datawarrior.sdf.gz
O=[N+]([O-])c1ccc2cccnc2c1O,14,190.158,datawarrior.sdf.gz
Cc1cccc(Nc2ccccc2)c1,14,183.254,datawarrior.sdf.gz
Cc1ccc(Nc2ccccc2)cc1,14,183.254,datawarrior.sdf.gz
Clc1cccc(Nc2ccccc2)c1,14,203.672,datawarrior.sdf.gz
Clc1ccc(Nc2ccccc2)cc1,14,203.672,datawarrior.sdf.gz
Brc1ccc(Nc2ccccc2)cc1,14,248.12300000000002,datawarrior.sdf.gz
Nc1ccc([I+]c2ccccc2)cc1,14,296.1310000000001,datawarrior.sdf.gz
Nc1cccc([I+]c2ccccc2)c1,14,296.13100000000003,datawarrior.sdf.gz
O=C1Cc2c1cc([N+](=O)[O-])c(O)c2Br,14,258.027,datawarrior.sdf.gz
O=C(O)CCc1c[nH]c2ccccc12,14,189.21400000000003,datawarrior.sdf.gz
Cc1[nH]c2ccccc2c1CC(=O)O,14,189.214,datawarrior.sdf.gz
COC(=O)c1ccc2ccccc2n1,14,187.198,datawarrior.sdf.gz
Oc1ccccc1CN1CCOCC1,14,193.24600000000004,datawarrior.sdf.gz
Cc1nc(Cc2ccccc2)c(O)o1,14,189.21400000000003,datawarrior.sdf.gz
COc1ccc2c(c1)C(O)N(C)C=C2,14,191.23,datawarrior.sdf.gz
CCS[C@@H]1C(O)C2CC(=O)CC1N2C,14,215.31799999999996,datawarrior.sdf.gz
Oc1ccccc1CN1CCCCC1,14,191.27399999999992,datawarrior.sdf.gz
C/C=C/c1ccc2cccnc2c1O,14,185.226,datawarrior.sdf.gz
C=CCc1ccc2cccnc2c1O,14,185.226,datawarrior.sdf.gz
CC1(C)CC(=O)C=C(N2CCCC2)C1,14,193.28999999999996,datawarrior.sdf.gz
Cc1c(O)cncc1C1CCCCC1,14,191.27399999999992,datawarrior.sdf.gz
C=C[C@]1(O)C[C@H](C)N[C@@H]2CCCC[C@H]21,14,195.30599999999995,datawarrior.sdf.gz
C=C[C@]1(O)C[C@@H](C)N[C@@H]2CCCC[C@H]21,14,195.30599999999995,datawarrior.sdf.gz
C=C[C@]1(O)C[C@@H](C)N[C@H]2CCCC[C@@H]21,14,195.30599999999995,datawarrior.sdf.gz
C#C[C@]1(O)C[C@H](C)N[C@@H]2CCCC[C@H]21,14,193.28999999999994,datawarrior.sdf.gz
C#C[C@]1(O)C[C@@H](C)N[C@@H]2CCCC[C@H]21,14,193.28999999999994,datawarrior.sdf.gz
C#C[C@]1(O)C[C@@H](C)N[C@H]2CCCC[C@@H]21,14,193.28999999999994,datawarrior.sdf.gz
COc1ccc(C2CCCN2C)cc1,14,191.27399999999992,datawarrior.sdf.gz
CC[C@]1(O)C[C@H](C)N[C@@H]2CCCC[C@H]21,14,197.32199999999995,datawarrior.sdf.gz
CC[C@]1(O)C[C@@H](C)N[C@@H]2CCCC[C@H]21,14,197.32199999999995,datawarrior.sdf.gz
CC[C@]1(O)C[C@@H](C)N[C@H]2CCCC[C@@H]21,14,197.32199999999995,datawarrior.sdf.gz
[O-]c1ccccc1CN1CCCCC1,14,191.27399999999992,datawarrior.sdf.gz
CCC[n+]1cccc2cc(O)ccc21,14,188.24999999999997,datawarrior.sdf.gz
Oc1ccc(Cl)cc1CN1CCCC1,14,211.69199999999995,datawarrior.sdf.gz
Oc1ccc(Cl)cc1C[NH+]1CCCC1,14,211.69199999999995,datawarrior.sdf.gz
O=C1NC(=O)C(c2ccccc2)C1=O,14,189.17000000000002,datawarrior.sdf.gz
COC(=O)[C@@H]1[C@@H](O)C[C@H]2CC[C@@H]1N2C,14,199.24999999999994,datawarrior.sdf.gz
COC(=O)[C@@H]1[C@H](O)C[C@@H]2CC[C@H]1N2C,14,199.24999999999994,datawarrior.sdf.gz
O=[N+]([O-])c1ccc2c(O)cccc2c1,14,189.17,datawarrior.sdf.gz
O=[N+]([O-])c1ccc2ccc(O)cc2c1,14,189.17,datawarrior.sdf.gz
O=C1CCc2ccc([N+](=O)[O-])cc2C1,14,191.18599999999992,datawarrior.sdf.gz
O=[N+]([O-])c1ccc2cc(O)ccc2c1,14,189.17,datawarrior.sdf.gz
O=C1CCc2cc([N+](=O)[O-])ccc2C1,14,191.18599999999992,datawarrior.sdf.gz
O=C([O-])c1ccc(O)c2ncccc12,14,189.17,datawarrior.sdf.gz
CCN(CC)c1ncnc2[nH]ncc12,14,191.23800000000003,datawarrior.sdf.gz
CCCCNc1ncnc2[nH]ncc12,14,191.238,datawarrior.sdf.gz
[NH3+]C(Cc1ccccc1)c1nnn[nH]1,14,189.22200000000004,datawarrior.sdf.gz
NC(Cc1ccccc1)c1nnn[n-]1,14,189.22200000000004,datawarrior.sdf.gz
COC(=O)Nc1ncnc2nc[nH]c12,14,193.166,datawarrior.sdf.gz
O=[N+]([O-])c1cccc(-c2nnn[nH]2)c1,14,191.15,datawarrior.sdf.gz
O=[N+]([O-])c1ccc(-c2nnn[nH]2)cc1,14,191.15,datawarrior.sdf.gz
O=[N+]([O-])c1ccc(-n2cnnn2)cc1,14,191.14999999999998,datawarrior.sdf.gz
O=[N+]([O-])c1ccccc1-c1nnn[nH]1,14,191.15,datawarrior.sdf.gz
CO/C([O-])=N/c1ncnc2nc[nH]c12,14,193.16600000000003,datawarrior.sdf.gz
CN(C)C(=O)c1ncnc2nc[nH]c12,14,191.194,datawarrior.sdf.gz
Nc1ccnc(-c2cccc(Cl)n2)c1,14,205.64799999999997,datawarrior.sdf.gz
Nc1ccnc(-c2cc(Cl)ccn2)c1,14,205.648,datawarrior.sdf.gz
CCNc1nnc(-c2ccccc2)s1,14,205.28600000000003,datawarrior.sdf.gz
O/N=C1C=C/C(=N\O)c2cccnc2/1,14,189.174,datawarrior.sdf.gz
O=[N+]([O-])c1ccc2[nH]c(CCl)nc2c1,14,211.608,datawarrior.sdf.gz
Cc1cc([O-])n(C2CCN(C)CC2)n1,14,195.26599999999996,datawarrior.sdf.gz
Cc1cc(O)n(C2CC[NH+](C)CC2)n1,14,195.26599999999996,datawarrior.sdf.gz
O=S(Cc1ccccc1)c1cnn[nH]1,14,207.258,datawarrior.sdf.gz
O=[N+]([O-])c1ccc2[nH]c(CO)nc2c1,14,193.16199999999998,datawarrior.sdf.gz
O=[N+]([O-])c1n[nH]c(-n2cnc(Cl)n2)n1,14,215.56,datawarrior.sdf.gz
O=[N+]([O-])c1n[nH]c(-n2cnc(Br)n2)n1,14,260.011,datawarrior.sdf.gz
C#CCCCCC(=O)O,9,126.155,datawarrior.sdf.gz
CC#CC#CCC(=O)O,9,122.12299999999999,datawarrior.sdf.gz
CCCCC#CC(=O)O,9,126.155,datawarrior.sdf.gz
CCC#CC#CC(=O)O,9,122.12299999999999,datawarrior.sdf.gz
CC(C)(C)C#CC(=O)O,9,126.15499999999999,datawarrior.sdf.gz
CCC/C=C(\C)C(=O)O,9,128.171,datawarrior.sdf.gz
C=C(CCCC)C(=O)O,9,128.171,datawarrior.sdf.gz
CCC(C(C)=O)C(C)=O,9,128.171,datawarrior.sdf.gz
CCC(=O)CC(=O)CC,9,128.171,datawarrior.sdf.gz
CC(=O)CC(=O)C(C)C,9,128.171,datawarrior.sdf.gz
CCCSC(C)C(=O)O,9,148.227,datawarrior.sdf.gz
CCCP(=O)(O)CCC,9,150.15800000000002,datawarrior.sdf.gz
CC(C)P(=O)(O)C(C)C,9,150.158,datawarrior.sdf.gz
CCCCSCC(=O)O,9,148.22699999999998,datawarrior.sdf.gz
CC(C)SC(C)C(=O)O,9,148.227,datawarrior.sdf.gz
CC[Si](C)(C)CC(=O)O,9,146.262,datawarrior.sdf.gz
C[Si](C)(C)CCC(=O)O,9,146.262,datawarrior.sdf.gz
C[Si](C)(C)C#CC(=O)O,9,142.23,datawarrior.sdf.gz
CC(C)(C)C(=O)C(=O)O,9,130.14299999999997,datawarrior.sdf.gz
CCOC(=O)CC(C)=O,9,130.14299999999997,datawarrior.sdf.gz
CC(=O)C(C=O)C(C)=O,9,128.12699999999998,datawarrior.sdf.gz
N/C(C/C(N)=N/O)=N\O,9,132.12300000000002,datawarrior.sdf.gz
CN(C)CC(C)(C)CN,9,130.23499999999999,datawarrior.sdf.gz
CN(C)CCCN(C)C,9,130.23499999999999,datawarrior.sdf.gz
CC(CN(C)C)N(C)C,9,130.23499999999999,datawarrior.sdf.gz
C[NH+](C)CC(C)(C)CN,9,130.23499999999999,datawarrior.sdf.gz
CN(C)CCC[NH+](C)C,9,130.23499999999999,datawarrior.sdf.gz
CC(CN(C)C)[NH+](C)C,9,130.23499999999999,datawarrior.sdf.gz
NC(=O)NOCC(=O)O,9,134.091,datawarrior.sdf.gz
CC/C([N+](=O)[O-])=[N+](/[O-])O,9,134.091,datawarrior.sdf.gz
CCC([N+](=O)[O-])[N+](=O)[O-],9,134.091,datawarrior.sdf.gz
CC(C)=NNS(C)(=O)=O,9,150.203,datawarrior.sdf.gz
CC(C)CC(N)C(N)=O,9,130.19099999999997,datawarrior.sdf.gz
CC(C)C[C@H](N)C(N)=O,9,130.19099999999997,datawarrior.sdf.gz
C/C(CCN(C)C)=N\[O-],9,130.191,datawarrior.sdf.gz
NC(=O)CC(N)C(=O)O,9,132.119,datawarrior.sdf.gz
NC(=O)C[C@H](N)C(=O)O,9,132.119,datawarrior.sdf.gz
NC(=O)C(N)CC(=O)O,9,132.119,datawarrior.sdf.gz
NC(=O)[C@@H](N)CC(=O)O,9,132.119,datawarrior.sdf.gz
CC(=N\O)/C(CO)=N/O,9,132.119,datawarrior.sdf.gz
NCC(=O)NCC(=O)[O-],9,132.11899999999997,datawarrior.sdf.gz
CC(=N\O)/C(CO)=N/[O-],9,132.119,datawarrior.sdf.gz
C#CCCCCCCN,9,125.21499999999999,datawarrior.sdf.gz
CC(C)CCCC(C)N,9,129.24699999999999,datawarrior.sdf.gz
CCC(C)NCC(C)C,9,129.24699999999999,datawarrior.sdf.gz
CCC(C)NC(C)CC,9,129.24699999999999,datawarrior.sdf.gz
CCCCCC(C)NC,9,129.24699999999999,datawarrior.sdf.gz
CCN(C(C)C)C(C)C,9,129.24699999999999,datawarrior.sdf.gz
C#CCCCCN(C)C,9,125.21499999999999,datawarrior.sdf.gz
CCN(CC)CCSC,9,147.287,datawarrior.sdf.gz
O=C(O)CC(=O)/C=N/O,9,131.08700000000002,datawarrior.sdf.gz
N[C@@H](CC(=O)[O-])C(=O)[O-],9,133.103,datawarrior.sdf.gz
CCOC(=O)C[N+](=O)[O-],9,133.103,datawarrior.sdf.gz
O=C([O-])CC(=O)/C=N/O,9,131.08700000000002,datawarrior.sdf.gz
CC(C)(C#N)CC(=O)O,9,127.143,datawarrior.sdf.gz
C=C(C)C(=O)OCCN,9,129.159,datawarrior.sdf.gz
CC(O)CN(C)CCO,9,133.191,datawarrior.sdf.gz
CC(C)=CC(=O)/C=N/O,9,127.14299999999999,datawarrior.sdf.gz
CC(=O)/C(=N\O)C(C)C,9,129.15899999999996,datawarrior.sdf.gz
CC(C)=C(C#N)C(=O)O,9,125.127,datawarrior.sdf.gz
CCOC(=O)C(N)CC,9,131.175,datawarrior.sdf.gz
[NH3+]CCCCCC(=O)O,9,131.175,datawarrior.sdf.gz
NCCCCCC(=O)[O-],9,131.175,datawarrior.sdf.gz
CCCC[NH2+]CC(=O)O,9,131.175,datawarrior.sdf.gz
CC(C)C[NH2+]CC(=O)O,9,131.17499999999998,datawarrior.sdf.gz
CC[NH+](CC)CC(=O)O,9,131.175,datawarrior.sdf.gz
CCC[NH2+]C(C)C(=O)O,9,131.175,datawarrior.sdf.gz
CCCCC([NH3+])C(=O)O,9,131.175,datawarrior.sdf.gz
CCCC[C@H]([NH3+])C(=O)O,9,131.175,datawarrior.sdf.gz
CC(C)CC([NH3+])C(=O)O,9,131.175,datawarrior.sdf.gz
CC(C)C[C@H]([NH3+])C(=O)O,9,131.175,datawarrior.sdf.gz
CC[C@H](C)[C@H]([NH3+])C(=O)O,9,131.175,datawarrior.sdf.gz
CCC(C)[C@H]([NH3+])C(=O)O,9,131.175,datawarrior.sdf.gz
CCCCNCC(=O)[O-],9,131.175,datawarrior.sdf.gz
CC(C)CNCC(=O)[O-],9,131.17499999999998,datawarrior.sdf.gz
CCN(CC)CC(=O)[O-],9,131.175,datawarrior.sdf.gz
CNC(C(=O)[O-])C(C)C,9,131.17499999999998,datawarrior.sdf.gz
CCCNC(C)C(=O)[O-],9,131.175,datawarrior.sdf.gz
CCCCC(N)C(=O)[O-],9,131.175,datawarrior.sdf.gz
CCCC[C@H](N)C(=O)[O-],9,131.175,datawarrior.sdf.gz
CC(C)CC(N)C(=O)[O-],9,131.175,datawarrior.sdf.gz
CC(C)C[C@H](N)C(=O)[O-],9,131.175,datawarrior.sdf.gz
CC[C@H](C)[C@H](N)C(=O)[O-],9,131.175,datawarrior.sdf.gz
CCC(C)[C@H](N)C(=O)[O-],9,131.175,datawarrior.sdf.gz
CCNCCCC(=O)[O-],9,131.175,datawarrior.sdf.gz
CC[NH2+]CCCC(=O)O,9,131.175,datawarrior.sdf.gz
CSC(=S)NCC(=O)O,9,165.239,datawarrior.sdf.gz
CC(O)CNC(C)(C)C,9,131.219,datawarrior.sdf.gz
COCC(C)CN(C)C,9,131.219,datawarrior.sdf.gz
CCCCCC/C=N/O,9,129.203,datawarrior.sdf.gz
CC(=O)N(C)CC(=O)O,9,131.131,datawarrior.sdf.gz
CC(=O)C(=NO)C(C)=O,9,129.11499999999998,datawarrior.sdf.gz
CC(CC(=O)O)C(N)=O,9,131.131,datawarrior.sdf.gz
CCOC(=O)/C(C)=N/O,9,131.131,datawarrior.sdf.gz
CNC(=O)/C=C\C(=O)O,9,129.11499999999998,datawarrior.sdf.gz
CC(CCN(C)C)NN,9,131.22299999999998,datawarrior.sdf.gz
CNCCN(C)CCN,9,131.223,datawarrior.sdf.gz
CCN(CC)/N=C(\C)N,9,129.207,datawarrior.sdf.gz
CN(C)CCNCCN,9,131.22299999999998,datawarrior.sdf.gz
CCN(CC#N)CC#N,9,123.15899999999999,datawarrior.sdf.gz
CN=C(N(C)C)N(C)C,9,129.20699999999997,datawarrior.sdf.gz
NCCCNCCCN,9,131.223,datawarrior.sdf.gz
C[NH2+]CCN(C)CC[NH3+],9,131.223,datawarrior.sdf.gz
C[NH+](C)CCNCC[NH3+],9,131.22299999999998,datawarrior.sdf.gz
[NH3+]CCCNCCC[NH3+],9,131.223,datawarrior.sdf.gz
CC(CC[NH+](C)C)NN,9,131.22299999999998,datawarrior.sdf.gz
C[NH2+]CCN(C)CCN,9,131.223,datawarrior.sdf.gz
C[NH+](C)CCNCCN,9,131.22299999999998,datawarrior.sdf.gz
NCCCNCCC[NH3+],9,131.223,datawarrior.sdf.gz
NC(=O)C[C@H](N)C(N)=O,9,131.135,datawarrior.sdf.gz
N#CC(O)=C(C#N)C#N,9,119.083,datawarrior.sdf.gz
N=C(N)NOCC(=O)[O-],9,133.107,datawarrior.sdf.gz
NC(=[NH2+])NOCC(=O)O,9,133.107,datawarrior.sdf.gz
O=C(O)C12CCC(C1)C2,9,126.155,datawarrior.sdf.gz
c1ncc2cn[nH]c2n1,9,120.115,datawarrior.sdf.gz
c1ncc2[nH]cnc2n1,9,120.11499999999998,datawarrior.sdf.gz
c1ccc2[nH]ncc2c1,9,118.13899999999997,datawarrior.sdf.gz
C1CN=C2NCCC2C1,9,124.187,datawarrior.sdf.gz
CC1=CSC2=NCCN12,9,140.211,datawarrior.sdf.gz
c1ccc(C2CN2)cc1,9,119.16699999999996,datawarrior.sdf.gz
CC1CN2CCC1CC2,9,125.21499999999999,datawarrior.sdf.gz
CC(C)N1C2CCCC21,9,125.215,datawarrior.sdf.gz
CC1CC2CCN1CC2,9,125.21499999999999,datawarrior.sdf.gz
C[C@@H]1CCN2CC=C[C@H]12,9,123.19899999999997,datawarrior.sdf.gz
C[C@@H]1CC[C@@H]2CCCN21,9,125.215,datawarrior.sdf.gz
C[C@H]1CC[C@@H]2CCCN21,9,125.215,datawarrior.sdf.gz
ClC1CN2CCC1CC2,9,145.633,datawarrior.sdf.gz
O=C1CN2CCC1CC2,9,125.17100000000002,datawarrior.sdf.gz
OC1CN2CCC1CC2,9,127.18700000000001,datawarrior.sdf.gz
c1ncc2[nH]nnc2n1,9,121.103,datawarrior.sdf.gz
c1cc2[nH]cnc2cn1,9,119.12699999999998,datawarrior.sdf.gz
c1cnc2nc[nH]c2c1,9,119.12699999999997,datawarrior.sdf.gz
Sc1ccc(Cl)c(Cl)c1,9,179.071,datawarrior.sdf.gz
O=C(O)C1COCCO1,9,132.115,datawarrior.sdf.gz
O=C(O)C1(C(=O)O)CC1,9,130.09900000000002,datawarrior.sdf.gz
O=C1COC=C([O-])C1=O,9,128.08299999999997,datawarrior.sdf.gz
O=C([O-])C1(C(=O)O)CC1,9,130.09900000000002,datawarrior.sdf.gz
O=c1cccc(O)cc1,9,122.12299999999998,datawarrior.sdf.gz
Cc1cc(O)ccc1O,9,124.13899999999997,datawarrior.sdf.gz
CC1(C)CC(=O)CC1=O,9,126.15499999999999,datawarrior.sdf.gz
O=c1cccccc1O,9,122.12299999999996,datawarrior.sdf.gz
O=C(O)C1CCCCC1,9,128.17100000000002,datawarrior.sdf.gz
O=c1ccccc(O)c1,9,122.12299999999998,datawarrior.sdf.gz
O=CC1CCCCC1=O,9,126.155,datawarrior.sdf.gz
CC(=O)C1CCCC1=O,9,126.155,datawarrior.sdf.gz
Cc1cc(O)cc(C)[o+]1,9,125.14699999999998,datawarrior.sdf.gz
Cc1cc([O-])ccc1O,9,124.13899999999997,datawarrior.sdf.gz
Cc1ccc(O)c([O-])c1,9,124.13899999999997,datawarrior.sdf.gz
O=C(O)c1ccc(Cl)s1,9,162.59699999999998,datawarrior.sdf.gz
O=C(O)c1cc(Br)cs1,9,207.04799999999997,datawarrior.sdf.gz
O=C(O)c1ccc(Br)s1,9,207.048,datawarrior.sdf.gz
O=C(O)c1csc(Br)c1,9,207.048,datawarrior.sdf.gz
Oc1ccc(O)c(Cl)c1,9,144.55699999999996,datawarrior.sdf.gz
Oc1ccc(O)c(Br)c1,9,189.008,datawarrior.sdf.gz
Cc1csc(C(=O)O)c1,9,142.17899999999997,datawarrior.sdf.gz
O=S(O)c1ccccc1,9,142.17899999999997,datawarrior.sdf.gz
O=[PH](O)c1ccccc1,9,142.094,datawarrior.sdf.gz
Cc1ccc(C(=O)O)s1,9,142.17899999999997,datawarrior.sdf.gz
O=C(O)Cc1cccs1,9,142.179,datawarrior.sdf.gz
Cc1cc(C(=O)O)cs1,9,142.179,datawarrior.sdf.gz
[O-]c1ccc(O)cc1Cl,9,144.55699999999996,datawarrior.sdf.gz
[O-]c1ccc(O)cc1Br,9,189.008,datawarrior.sdf.gz
O=c1cccccc1S,9,138.19099999999997,datawarrior.sdf.gz
O=C(S)c1ccccc1,9,138.19099999999997,datawarrior.sdf.gz
O=C(O)[C@H]1O[C@@H]1C(=O)O,9,132.071,datawarrior.sdf.gz
O=C(O)[C@H]1O[C@H]1C(=O)[O-],9,132.071,datawarrior.sdf.gz
O=C([O-])[C@H]1O[C@@H]1C(=O)O,9,132.071,datawarrior.sdf.gz
Oc1cccc(O)c1O,9,126.11099999999995,datawarrior.sdf.gz
CC1=CC(=O)CC(=O)O1,9,126.11099999999998,datawarrior.sdf.gz
CC1CC(=O)CC(=O)O1,9,128.12699999999998,datawarrior.sdf.gz
O=C(O)C1=C(CO)CC1,9,128.127,datawarrior.sdf.gz
Cc1ccc(C(=O)O)o1,9,126.11099999999998,datawarrior.sdf.gz
O=C(O)C1CCCCO1,9,130.143,datawarrior.sdf.gz
O=C(O)C1(O)CCCC1,9,130.143,datawarrior.sdf.gz
O=C(O)C1CCCOC1,9,130.143,datawarrior.sdf.gz
CCO[C@H]1C[C@H]1C(=O)O,9,130.143,datawarrior.sdf.gz
CCO[C@H]1C[C@@H]1C(=O)O,9,130.143,datawarrior.sdf.gz
O=C(O)Cc1ccco1,9,126.11099999999998,datawarrior.sdf.gz
CCC1C(=O)COC1=O,9,128.12699999999998,datawarrior.sdf.gz
O=C(O)Cc1ccoc1,9,126.11099999999998,datawarrior.sdf.gz
CC(=O)[C@@H]1C[C@@H]1C(=O)O,9,128.12699999999998,datawarrior.sdf.gz
Oc1cc(O)cc(O)c1,9,126.11099999999998,datawarrior.sdf.gz
[O-]c1cc([O-])cc(O)c1,9,126.11099999999998,datawarrior.sdf.gz
[O-]c1c(O)cccc1O,9,126.11099999999996,datawarrior.sdf.gz
O=C(O)c1cc(Cl)co1,9,146.529,datawarrior.sdf.gz
O=C(O)c1ccc(I)o1,9,237.98,datawarrior.sdf.gz
O=C1CC(=O)CS(=O)C1,9,146.16699999999997,datawarrior.sdf.gz
Nc1ncnc([S-])c1N,9,142.18699999999998,datawarrior.sdf.gz
Nc1nc[nH+]c(S)c1N,9,142.18699999999998,datawarrior.sdf.gz
Nc1cnc([S-])nc1N,9,142.18699999999998,datawarrior.sdf.gz
Nc1c[nH+]c(S)nc1N,9,142.18699999999998,datawarrior.sdf.gz
O=C(O)Cn1ncnn1,9,128.091,datawarrior.sdf.gz
O=C(O)Cn1cnnn1,9,128.091,datawarrior.sdf.gz
O=C(O)Cc1nnn[nH]1,9,128.091,datawarrior.sdf.gz
Nc1c[nH]nc1[N+](=O)[O-],9,128.091,datawarrior.sdf.gz
Nc1n[nH]cc1[N+](=O)[O-],9,128.091,datawarrior.sdf.gz
O=C([O-])Cc1nnn[nH]1,9,128.091,datawarrior.sdf.gz
Nc1ncnc([O-])c1N,9,126.11900000000001,datawarrior.sdf.gz
Nc1nc[nH+]c(O)c1N,9,126.11900000000001,datawarrior.sdf.gz
NCc1ccc(N)cc1,9,122.171,datawarrior.sdf.gz
NCCc1ccncc1,9,122.171,datawarrior.sdf.gz
Cc1cc(N)c(C)cn1,9,122.171,datawarrior.sdf.gz
NCCc1cccnc1,9,122.17099999999999,datawarrior.sdf.gz
CN(C)C1CCNCC1,9,128.21900000000002,datawarrior.sdf.gz
N=C(N)c1ccccc1,9,120.15499999999996,datawarrior.sdf.gz
CN(C)c1ccncc1,9,122.17099999999999,datawarrior.sdf.gz
CN1C=C(C#N)C=CC1,9,120.15499999999999,datawarrior.sdf.gz
CN1C=C(C#N)CCC1,9,122.171,datawarrior.sdf.gz
CCc1cnccc1N,9,122.17099999999999,datawarrior.sdf.gz
CC1CN(C)CCN1C,9,128.219,datawarrior.sdf.gz
Nc1ccc(C[NH3+])cc1,9,122.17099999999998,datawarrior.sdf.gz
[NH3+]CCc1ccncc1,9,122.171,datawarrior.sdf.gz
[NH3+]CCc1cccnc1,9,122.17099999999999,datawarrior.sdf.gz
[NH3+]CCc1ccccn1,9,122.171,datawarrior.sdf.gz
CN(C)c1ccc[nH+]c1,9,122.17099999999998,datawarrior.sdf.gz
Cc1cnc(C)c(C)[nH+]1,9,122.17099999999998,datawarrior.sdf.gz
CC1CN(C)CC[NH+]1C,9,128.219,datawarrior.sdf.gz
C[NH2+]Cc1ccccn1,9,122.17099999999999,datawarrior.sdf.gz
Cc1cc([S-])nc([S-])n1,9,158.251,datawarrior.sdf.gz
Cc1cc([S-])[nH+]c([S-])n1,9,158.251,datawarrior.sdf.gz
C[n+]1c([S-])ccnc1[S-],9,159.259,datawarrior.sdf.gz
C1CNCCSCCN1,9,146.259,datawarrior.sdf.gz
CSc1nccc(C)n1,9,140.21099999999998,datawarrior.sdf.gz
Cc1cc(C)[nH+]c([S-])n1,9,140.21099999999998,datawarrior.sdf.gz
Cc1cc(C)nc([S-])n1,9,140.21099999999998,datawarrior.sdf.gz
C1C[NH2+]CCSCCN1,9,146.259,datawarrior.sdf.gz
O=C(O)c1cccnn1,9,124.09899999999999,datawarrior.sdf.gz
O=C(O)c1ccnnc1,9,124.09899999999999,datawarrior.sdf.gz
C[n+]1nc(O)ccc1[O-],9,127.12299999999998,datawarrior.sdf.gz
Cc1cc(O)[nH+]c(O)[nH+]1,9,126.11499999999997,datawarrior.sdf.gz
O=[N+]([O-])c1ccncc1,9,124.09899999999998,datawarrior.sdf.gz
COc1cnc[nH+]c1O,9,126.11499999999998,datawarrior.sdf.gz
COc1cncnc1[O-],9,126.11499999999998,datawarrior.sdf.gz
C[n+]1ccc([O-])nc1[O-],9,127.12299999999996,datawarrior.sdf.gz
Cc1cc([O-])[nH+]c([O-])n1,9,126.11499999999997,datawarrior.sdf.gz
C[n+]1c([O-])ccnc1[O-],9,127.12299999999996,datawarrior.sdf.gz
O=C1CC(=O)NC(=S)N1,9,144.15499999999997,datawarrior.sdf.gz
O=C1CC(=O)NC(=S)[N-]1,9,144.15499999999997,datawarrior.sdf.gz
Nc1ccc(O)c(N)c1,9,124.14299999999999,datawarrior.sdf.gz
Nc1cccc(N)c1O,9,124.14299999999999,datawarrior.sdf.gz
COCc1nc(C)c[nH]1,9,126.15899999999998,datawarrior.sdf.gz
NC(=O)c1ccccn1,9,122.12699999999997,datawarrior.sdf.gz
NC(=O)C1CCCCN1,9,128.17499999999998,datawarrior.sdf.gz
O/N=C/c1ccncc1,9,122.12699999999998,datawarrior.sdf.gz
O/N=C/c1ccccn1,9,122.12699999999998,datawarrior.sdf.gz
O/N=C/c1cccnc1,9,122.12699999999998,datawarrior.sdf.gz
NCCN1CCOCC1,9,130.191,datawarrior.sdf.gz
COc1cnccc1N,9,124.14299999999999,datawarrior.sdf.gz
OCCN1CCNCC1,9,130.191,datawarrior.sdf.gz
COc1nccc(C)n1,9,124.14299999999997,datawarrior.sdf.gz
Nc1cc([NH3+])ccc1O,9,124.14299999999999,datawarrior.sdf.gz
Nc1cccc([NH3+])c1O,9,124.14299999999999,datawarrior.sdf.gz
CNc1cccc[n+]1O,9,125.15099999999997,datawarrior.sdf.gz
CNc1ccc[n+](O)c1,9,125.151,datawarrior.sdf.gz
CO[n+]1ccccc1N,9,125.15099999999997,datawarrior.sdf.gz
CNc1cc[n+](O)cc1,9,125.151,datawarrior.sdf.gz
[NH3+]CCN1CCOCC1,9,130.191,datawarrior.sdf.gz
OCCN1CC[NH2+]CC1,9,130.191,datawarrior.sdf.gz
Cc1cc([O-])[nH+]c([S-])n1,9,142.18299999999996,datawarrior.sdf.gz
O=[N+]([O-])Nc1nnn[nH]1,9,130.067,datawarrior.sdf.gz
O=[N+]([O-])[N-]c1nnn[nH]1,9,129.059,datawarrior.sdf.gz
CC(N)c1ccccc1,9,121.18299999999995,datawarrior.sdf.gz
CC1CCCC(C)(C)N1,9,127.231,datawarrior.sdf.gz
CCN1CCCCC1C,9,127.231,datawarrior.sdf.gz
CC1CCNC(C)(C)C1,9,127.23099999999998,datawarrior.sdf.gz
CCCC1CCCN1C,9,127.231,datawarrior.sdf.gz
CC(C)N1CCCCC1,9,127.231,datawarrior.sdf.gz
NCc1ccc(Cl)cc1,9,141.60099999999997,datawarrior.sdf.gz
OC(O)c1ccncc1,9,125.12699999999997,datawarrior.sdf.gz
Cc1c[nH]cc1C(=O)O,9,125.12699999999998,datawarrior.sdf.gz
NCc1ccc(C=O)o1,9,125.127,datawarrior.sdf.gz
Nc1ccc(O)cc1O,9,125.12699999999997,datawarrior.sdf.gz
Nc1cc(O)ccc1O,9,125.12699999999997,datawarrior.sdf.gz
O=C(O)Cn1cccc1,9,125.12699999999997,datawarrior.sdf.gz
Cc1ccc(C(=O)O)[nH]1,9,125.12699999999998,datawarrior.sdf.gz
OC(O)c1ccccn1,9,125.12699999999997,datawarrior.sdf.gz
Cc1cc[nH]c1C(=O)O,9,125.12699999999998,datawarrior.sdf.gz
Cc1c[nH]c(C(=O)O)c1,9,125.12699999999998,datawarrior.sdf.gz
Cn1cccc1C(=O)O,9,125.12699999999998,datawarrior.sdf.gz
Nc1c(O)cccc1O,9,125.12699999999997,datawarrior.sdf.gz
OC(O)c1cccnc1,9,125.12699999999997,datawarrior.sdf.gz
Cc1cc(C(=O)O)c[nH]1,9,125.12699999999998,datawarrior.sdf.gz
Cc1[nH]ccc1C(=O)O,9,125.12699999999998,datawarrior.sdf.gz
O=Nc1ccc(O)cc1,9,123.11099999999996,datawarrior.sdf.gz
ONc1ccc(O)cc1,9,125.12699999999997,datawarrior.sdf.gz
OCCN1CCOCC1,9,131.175,datawarrior.sdf.gz
O=C1C=CC(=NO)C=C1,9,123.11099999999999,datawarrior.sdf.gz
O=C(O)c1cc[nH+]cc1,9,123.11099999999998,datawarrior.sdf.gz
O=C([O-])c1ccncc1,9,123.11099999999998,datawarrior.sdf.gz
Nc1ccc(O)cc1[O-],9,125.127,datawarrior.sdf.gz
Nc1cc([O-])ccc1O,9,125.12699999999997,datawarrior.sdf.gz
O=C(O)c1cccc[nH+]1,9,123.11099999999998,datawarrior.sdf.gz
O=C(O)C1CCCC[NH2+]1,9,129.159,datawarrior.sdf.gz
O=C([O-])C1CCCCN1,9,129.159,datawarrior.sdf.gz
NC1(C(=O)[O-])CCCC1,9,129.15900000000002,datawarrior.sdf.gz
Nc1c([O-])cccc1O,9,125.12699999999997,datawarrior.sdf.gz
O=C(O)c1ccc[nH+]c1,9,123.11099999999998,datawarrior.sdf.gz
CO[n+]1ccc(O)cc1,9,126.13499999999996,datawarrior.sdf.gz
CO[n+]1ccccc1O,9,126.13499999999995,datawarrior.sdf.gz
COc1cccc([O-])n1,9,125.12699999999997,datawarrior.sdf.gz
O=C(O)c1cnc(Cl)s1,9,163.585,datawarrior.sdf.gz
O=C(O)c1csc(Cl)n1,9,163.585,datawarrior.sdf.gz
O=C(O)c1cnc(Br)s1,9,208.036,datawarrior.sdf.gz
O=C(O)c1csc(Br)n1,9,208.036,datawarrior.sdf.gz
CC1(C)SC(=O)NC1=O,9,145.18299999999996,datawarrior.sdf.gz
Cc1ncsc1C(=O)O,9,143.167,datawarrior.sdf.gz
Cc1ncc(C(=O)O)s1,9,143.167,datawarrior.sdf.gz
COC(=O)[C@@H]1CSCN1,9,147.19899999999998,datawarrior.sdf.gz
Cc1cnc(C(=O)O)s1,9,143.167,datawarrior.sdf.gz
CN1CSC[C@H]1C(=O)[O-],9,147.19899999999998,datawarrior.sdf.gz
C[NH+]1CSC[C@H]1C(=O)O,9,147.19899999999998,datawarrior.sdf.gz
NCc1ccc(O)cc1,9,123.155,datawarrior.sdf.gz
NCc1ccccc1O,9,123.15499999999999,datawarrior.sdf.gz
NC[C@H]1CCCC[C@@H]1O,9,129.203,datawarrior.sdf.gz
NCc1cccc(O)c1,9,123.155,datawarrior.sdf.gz
CN[C@H]1CCCC[C@@H]1O,9,129.20299999999997,datawarrior.sdf.gz
N[C@H]1CCCCC[C@@H]1O,9,129.203,datawarrior.sdf.gz
CC1CC[C@H](O)[C@@H](N)C1,9,129.20299999999997,datawarrior.sdf.gz
CC(=O)c1ccccn1,9,121.13899999999997,datawarrior.sdf.gz
CCN(CC)CC1CO1,9,129.20299999999997,datawarrior.sdf.gz
O/N=C\c1ccccc1,9,121.13899999999997,datawarrior.sdf.gz
O/N=C/c1ccccc1,9,121.13899999999997,datawarrior.sdf.gz
CC1CCN(O)C1(C)C,9,129.20299999999997,datawarrior.sdf.gz
C#CCN1CCOCC1,9,125.17099999999999,datawarrior.sdf.gz
C[C@]1(O)CCCC[C@@H]1N,9,129.203,datawarrior.sdf.gz
CNc1ccc(O)cc1,9,123.15499999999999,datawarrior.sdf.gz
ClCCN1CCOCC1,9,149.62099999999998,datawarrior.sdf.gz
ONc1ccc(Cl)cc1,9,143.57299999999998,datawarrior.sdf.gz
O=C1CCC(C(=O)O)N1,9,129.115,datawarrior.sdf.gz
O=C1CC[C@@H](C(=O)O)N1,9,129.115,datawarrior.sdf.gz
O=C(O)[C@@H]1C[C@@H](O)C[NH2+]1,9,131.131,datawarrior.sdf.gz
O=C([O-])[C@@H]1C[C@@H](O)CN1,9,131.131,datawarrior.sdf.gz
CC(C)n1nnnc1N,9,127.151,datawarrior.sdf.gz
CCCn1nnnc1N,9,127.15100000000001,datawarrior.sdf.gz
N#Cc1nn[nH]c1C#N,9,119.087,datawarrior.sdf.gz
Nc1ncnc(N)c1N,9,125.13500000000002,datawarrior.sdf.gz
Cn1ccnc1N=[N+]=[N-],9,123.11899999999999,datawarrior.sdf.gz
Nc1nc[nH+]c(N)c1N,9,125.13500000000002,datawarrior.sdf.gz
Cn1cc[nH+]c1N=[N+]=[N-],9,123.11899999999999,datawarrior.sdf.gz
Nc1nc(N)nc([S-])n1,9,143.17499999999998,datawarrior.sdf.gz
O=[N+]([O-])Nc1nc[nH]n1,9,129.07900000000004,datawarrior.sdf.gz
O=[N+]([O-])[N-]c1nc[nH]n1,9,128.071,datawarrior.sdf.gz
CC(=O)Nc1nnn[nH]1,9,127.10700000000001,datawarrior.sdf.gz
Cn1cnc(/N=N/O)n1,9,127.107,datawarrior.sdf.gz
Cn1ncnc1/N=N/O,9,127.107,datawarrior.sdf.gz
Nc1nc(N)nc([O-])n1,9,127.10700000000001,datawarrior.sdf.gz
Nc1nc(N)[nH+]c(O)n1,9,127.10700000000001,datawarrior.sdf.gz
Nc1ccc(N)c(N)c1,9,123.15899999999999,datawarrior.sdf.gz
CCc1n[nH]c(CC)n1,9,125.175,datawarrior.sdf.gz
CNc1cnccc1N,9,123.15899999999999,datawarrior.sdf.gz
C1CNCCNCCN1,9,129.207,datawarrior.sdf.gz
CN1CCC(NN)CC1,9,129.207,datawarrior.sdf.gz
Nc1ccc([NH3+])c(N)c1,9,123.15899999999999,datawarrior.sdf.gz
C1CNCC[NH2+]CCN1,9,129.207,datawarrior.sdf.gz
C[NH+]1CCC(NN)CC1,9,129.207,datawarrior.sdf.gz
CNc1ccnc([S-])n1,9,141.19899999999998,datawarrior.sdf.gz
CNc1cc[nH+]c(S)n1,9,141.19899999999998,datawarrior.sdf.gz
Cc1nc([N+](=O)[O-])c[nH]1,9,127.103,datawarrior.sdf.gz
O=[N+]([O-])c1[nH]cnc1Cl,9,147.521,datawarrior.sdf.gz
Nc1ncc([N+](=O)[O-])s1,9,145.143,datawarrior.sdf.gz
C[n+]1ccc(N)nc1[O-],9,126.13899999999998,datawarrior.sdf.gz
Cc1c[nH+]c([O-])nc1N,9,125.13099999999999,datawarrior.sdf.gz
CNc1cc[nH+]c([O-])n1,9,125.13099999999997,datawarrior.sdf.gz
C[n+]1c(N)ccnc1[O-],9,126.13899999999998,datawarrior.sdf.gz
Cc1nc(N)cc(O)[nH+]1,9,125.13100000000001,datawarrior.sdf.gz
Cc1cnc([O-])nc1N,9,125.13099999999999,datawarrior.sdf.gz
O=C(O)CCCOC(=O)CCCBr,13,253.09199999999996,datawarrior.sdf.gz
CC(C)(C)C(=O)CC(=O)C(C)(C)C,13,184.27899999999997,datawarrior.sdf.gz
C[Si](C)(CCCCl)CCCC(=O)O,13,222.78799999999998,datawarrior.sdf.gz
CC(C[Si](C)(C)CCCCl)C(=O)O,13,222.788,datawarrior.sdf.gz
CCCCCP(=O)(O)CCCCC,13,206.26599999999996,datawarrior.sdf.gz
CC(C)CCP(=O)(O)CCC(C)C,13,206.26600000000002,datawarrior.sdf.gz
CC(C)CC(=O)CC(=O)C(F)(F)F,13,196.16799999999998,datawarrior.sdf.gz
CCC(C)NC(C#N)=C(C#N)C#N,13,174.207,datawarrior.sdf.gz
NC(=O)CNCCCNCC(N)=O,13,188.23099999999997,datawarrior.sdf.gz
CCN(CC)CCC[NH+](CC)CC,13,186.34299999999996,datawarrior.sdf.gz
CCC(CC(C)(C)[N+](=O)[O-])[N+](=O)[O-],13,190.19899999999996,datawarrior.sdf.gz
CCCCCCC([N+](=O)[O-])[N+](=O)[O-],13,190.19899999999996,datawarrior.sdf.gz
C=C(C)C(=O)NCCN(CC)CC,13,184.283,datawarrior.sdf.gz
C=CC(=O)NC(C)(C)CCN(C)C,13,184.283,datawarrior.sdf.gz
CCN(CC)CCOCCN(C)C,13,188.315,datawarrior.sdf.gz
CC[NH+](CC)CCOCCN(C)C,13,188.315,datawarrior.sdf.gz
C[Si](C)(CCN)O[Si](C)(C)CCN,13,220.46499999999995,datawarrior.sdf.gz
NC(=O)CN(CC(=O)O)CC(=O)O,13,190.155,datawarrior.sdf.gz
C#CC(CC)(CC)N(CC)C(C)C,13,181.323,datawarrior.sdf.gz
C=C(C)C(=O)OCCNCCCC,13,185.26699999999997,datawarrior.sdf.gz
C=C(C)C(=O)OCCNCC(C)C,13,185.267,datawarrior.sdf.gz
C=C(C)C(=O)OCCN(CC)CC,13,185.26699999999997,datawarrior.sdf.gz
C=CCN(C)CCOC(=O)C(=C)C,13,183.25099999999998,datawarrior.sdf.gz
CCC(O)CN(CCO)C(C)(C)C,13,189.29899999999995,datawarrior.sdf.gz
CCCN(CC(C)O)CC(O)CC,13,189.29899999999998,datawarrior.sdf.gz
CCC(O)CN(CC)CC(O)CC,13,189.29899999999998,datawarrior.sdf.gz
CCCCCN(CCO)CC(C)O,13,189.29899999999998,datawarrior.sdf.gz
CC(C)CN(CC(C)O)CC(C)O,13,189.29899999999998,datawarrior.sdf.gz
CCCCN(CC(C)O)CC(C)O,13,189.29899999999998,datawarrior.sdf.gz
CC(O)CN(CC(C)O)C(C)(C)C,13,189.29899999999998,datawarrior.sdf.gz
[NH3+]CCCCCCCCCC(=O)O,13,187.28299999999996,datawarrior.sdf.gz
[NH3+]CCCC#CC#CCCC(=O)O,13,179.21899999999997,datawarrior.sdf.gz
NCCCCCCCCCC(=O)[O-],13,187.28299999999996,datawarrior.sdf.gz
NCCCC#CC#CCCC(=O)[O-],13,179.21899999999997,datawarrior.sdf.gz
CN(C)CC(P(=O)([O-])[O-])P(=O)([O-])[O-],13,233.09699999999998,datawarrior.sdf.gz
C[NH+](C)CC(P(=O)([O-])O)P(=O)([O-])O,13,233.09699999999998,datawarrior.sdf.gz
CCOC(=O)C(=NO)C(=O)OCC,13,189.16699999999997,datawarrior.sdf.gz
N#CC(C#N)=C(C#N)C(C#N)C#N,13,167.131,datawarrior.sdf.gz
NCC(=O)N[C@@H](CC(N)=O)C(=O)O,13,189.17099999999996,datawarrior.sdf.gz
NC(=O)C[C@H](N)C(=O)NCC(=O)O,13,189.17100000000002,datawarrior.sdf.gz
COC(=O)C(N)CCONC(N)=O,13,191.18699999999995,datawarrior.sdf.gz
NNC(=O)CC([NH2+]CCO)C(=O)[O-],13,191.187,datawarrior.sdf.gz
CCN(CC)CC(=N\O)/C(C)=N/O,13,187.243,datawarrior.sdf.gz
CN(C)CCCN(C)C(=O)/C=N/[O-],13,187.243,datawarrior.sdf.gz
CN(CCC[NH+](C)C)C(=O)/C=N/O,13,187.243,datawarrior.sdf.gz
C[NH+](C)CCCCNC(=O)/C=N/O,13,187.243,datawarrior.sdf.gz
CN(C)CCCCNC(=O)/C=N/[O-],13,187.243,datawarrior.sdf.gz
CC[NH+](C)CCCNC(=O)/C=N/O,13,187.243,datawarrior.sdf.gz
CCN(C)CCCNC(=O)/C=N/[O-],13,187.243,datawarrior.sdf.gz
CCN(CC)CC(=N\[O-])/C(C)=N/O,13,187.24299999999997,datawarrior.sdf.gz
CC[NH+](CC)CC(=N\O)/C(C)=N/O,13,187.243,datawarrior.sdf.gz
N#CCCNC(CC(N)=O)C(=O)O,13,185.183,datawarrior.sdf.gz
O=c1cc(O)c2ccc(O)cc2o1,13,178.143,datawarrior.sdf.gz
O=C(O)c1cccc2ccccc12,13,172.183,datawarrior.sdf.gz
CCC1C(=O)c2ccccc2C1=O,13,174.19899999999998,datawarrior.sdf.gz
O=C1CC(=O)CC2(CCCCC2)C1,13,180.24699999999996,datawarrior.sdf.gz
O=C(O)[C@H]1C[C@@H]1c1ccc(Cl)cc1,13,196.63299999999995,datawarrior.sdf.gz
O=C(O)[C@H]1C[C@@H]1c1cccc(Cl)c1,13,196.63299999999995,datawarrior.sdf.gz
O=C1C(=O)C(c2ccccc2)C1=O,13,174.155,datawarrior.sdf.gz
COc1ccc(-c2c(O)c2=O)cc1,13,176.17099999999996,datawarrior.sdf.gz
O=C1C=C(O)C(=O)c2ccccc21,13,174.15499999999997,datawarrior.sdf.gz
Cc1cccc2oc(=O)cc(O)c12,13,176.171,datawarrior.sdf.gz
O=C(O)C1CCc2ccccc2O1,13,178.18700000000004,datawarrior.sdf.gz
COCC1=C(C(=O)O)C2C=CC1C2,13,180.20299999999997,datawarrior.sdf.gz
COC1=CC2CCC1(C(=O)O)CC2,13,182.21899999999997,datawarrior.sdf.gz
CC1(C)[C@@H]2CC[C@](C(=O)O)(C2)[C@H]1O,13,184.23499999999999,datawarrior.sdf.gz
CC1(C)[C@@H]2CC[C@](C(=O)O)(C2)[C@@H]1O,13,184.23499999999999,datawarrior.sdf.gz
O=C1C=CC(=O)c2c(O)cccc21,13,174.15499999999997,datawarrior.sdf.gz
Cn1nncc1Nc1ccccc1,13,174.20700000000002,datawarrior.sdf.gz
Cc1cc(-n2nc(C)cc2C)[nH]n1,13,176.22299999999998,datawarrior.sdf.gz
Cc1cc(-n2[nH+]c(C)cc2C)[nH]n1,13,176.22299999999998,datawarrior.sdf.gz
Cn1c(=O)[nH]c2c(ncn2C)c1=O,13,180.16699999999997,datawarrior.sdf.gz
O=C(O)C1CCCCn2nnnc21,13,182.183,datawarrior.sdf.gz
Cn1c(=O)c2[nH]c[nH+]c2n(C)c1=O,13,180.167,datawarrior.sdf.gz
C[n+]1cnc2nc([O-])cnc2c1[O-],13,179.15900000000002,datawarrior.sdf.gz
Cn1cnc2c1c(O)[nH+]c([O-])[n+]2C,13,181.175,datawarrior.sdf.gz
Cn1cnc2c1c([O-])nc([O-])[n+]2C,13,181.175,datawarrior.sdf.gz
COc1ccccc1-c1nnn[nH]1,13,176.179,datawarrior.sdf.gz
COc1cccc(-c2nnn[nH]2)c1,13,176.179,datawarrior.sdf.gz
COc1ccc(-c2nnn[nH]2)cc1,13,176.179,datawarrior.sdf.gz
CC1=Nc2ccccc2N=C(C)C1,13,172.231,datawarrior.sdf.gz
C1CCN(CCCN2CCCC2)C1,13,182.31099999999998,datawarrior.sdf.gz
CN1C(=N)C(C)(C)c2ccccc21,13,174.247,datawarrior.sdf.gz
N#Cc1ccc(N)c2ccccc12,13,168.19899999999998,datawarrior.sdf.gz
CN1CCCC[C@H]1c1cccnc1,13,176.26299999999995,datawarrior.sdf.gz
C1CCN(CCC[NH+]2CCCC2)C1,13,182.31099999999998,datawarrior.sdf.gz
Cc1ccc(C2CCC[NH+]2C)cn1,13,176.26299999999995,datawarrior.sdf.gz
Cc1ccc2c(c1)C(CC[NH3+])CN2,13,176.26299999999995,datawarrior.sdf.gz
CC1CCN(c2cc[nH+]cc2)CC1,13,176.26299999999998,datawarrior.sdf.gz
C[n+]1ccccc1-c1ccccn1,13,171.223,datawarrior.sdf.gz
C[NH+]1CCCC1c1ccc(Cl)nc1,13,196.68099999999993,datawarrior.sdf.gz
Cc1nc2c(O)ccc(O)c2n1C,13,178.19099999999997,datawarrior.sdf.gz
[O-][n+]1ccc(NO)c2ccccc21,13,176.17499999999998,datawarrior.sdf.gz
O=[N+]([O-])c1cccc2cnccc12,13,174.159,datawarrior.sdf.gz
Cc1nc2cc(C(=O)[O-])ccc2[nH]1,13,176.17499999999998,datawarrior.sdf.gz
ONc1cc[n+](O)c2ccccc12,13,177.18300000000002,datawarrior.sdf.gz
O=C([O-])Cc1nc2ccccc2[nH]1,13,176.17500000000004,datawarrior.sdf.gz
O=C(O)Cc1[nH]c2ccccc2[nH+]1,13,176.17500000000004,datawarrior.sdf.gz
O=C(O)CC1[NH2+]Nc2ccccc21,13,178.19100000000003,datawarrior.sdf.gz
C[n+]1c([O-])c([O-])nc2ccccc21,13,177.18300000000002,datawarrior.sdf.gz
O=C([O-])c1nc2cc(Cl)ccc2[nH]1,13,196.593,datawarrior.sdf.gz
CCOc1ccc2[nH]c(C)nc2c1,13,176.219,datawarrior.sdf.gz
N=C1C=C(N)C(=O)c2ccccc21,13,172.187,datawarrior.sdf.gz
Cc1cc(O)nn1-c1ccccc1,13,174.203,datawarrior.sdf.gz
Cc1n[nH]c(O)c1-c1ccccc1,13,174.203,datawarrior.sdf.gz
Cc1c(O)n[nH]c1-c1ccccc1,13,174.203,datawarrior.sdf.gz
Cc1cc(O)n(-c2ccccc2)n1,13,174.203,datawarrior.sdf.gz
Cn1nc(-c2ccccc2)cc1O,13,174.203,datawarrior.sdf.gz
Cc1nc2ccccc2n(C)c1=O,13,174.203,datawarrior.sdf.gz
O=C(c1ccccc1)c1cc[nH]n1,13,172.187,datawarrior.sdf.gz
O/N=C/c1ccnc2ccccc12,13,172.18699999999998,datawarrior.sdf.gz
COc1ccc2nccc(N)c2c1,13,174.20299999999997,datawarrior.sdf.gz
CN(C1=NCCO1)c1ccccc1,13,176.21900000000002,datawarrior.sdf.gz
c1ccc(NC2=NCCCO2)cc1,13,176.21900000000002,datawarrior.sdf.gz
COc1nc2ccccc2nc1C,13,174.20300000000003,datawarrior.sdf.gz
N#Cc1c[nH+]c2ccccc2c1O,13,170.171,datawarrior.sdf.gz
C[n+]1c([S-])nc([O-])c2ccccc21,13,193.251,datawarrior.sdf.gz
Cc1cc(-c2c(C)noc2O)on1,13,180.16299999999998,datawarrior.sdf.gz
CNc1nc(NC)c2cn[nH]c2n1,13,178.199,datawarrior.sdf.gz
NC(=O)Nc1ncnc2nc[nH]c12,13,178.155,datawarrior.sdf.gz
N/C(=N\O)c1ncnc2nc[nH]c12,13,178.155,datawarrior.sdf.gz
O=C1Cc2c1ccc(O)c2[N+](=O)[O-],13,179.13099999999997,datawarrior.sdf.gz
Cc1[nH]c2ccccc2c1C(=O)O,13,175.187,datawarrior.sdf.gz
O=C1/C(=N/O)C=Cc2ccccc21,13,173.171,datawarrior.sdf.gz
O=C(O)Cn1ccc2ccccc21,13,175.187,datawarrior.sdf.gz
Cc1c(C(=O)O)[nH]c2ccccc12,13,175.187,datawarrior.sdf.gz
CCCCN(CC1CO1)CC1CO1,13,185.26699999999997,datawarrior.sdf.gz
O=C1C=Cc2ccccc2/C1=N\O,13,173.171,datawarrior.sdf.gz
CCOC(=O)C1CN2CCC1CC2,13,183.25099999999998,datawarrior.sdf.gz
CC(=O)OCC1CN2CCC1CC2,13,183.25099999999995,datawarrior.sdf.gz
CC(=O)OCC1CC2CCN1CC2,13,183.25099999999995,datawarrior.sdf.gz
CCOC(=O)C1CC2CCN1CC2,13,183.25099999999998,datawarrior.sdf.gz
C1CCC(NC2CCCCO2)OC1,13,185.26699999999994,datawarrior.sdf.gz
CC(N)Cc1ccc2c(c1)OCO2,13,179.21899999999997,datawarrior.sdf.gz
O=C(O)c1ccc2ccccc2[nH+]1,13,173.17100000000002,datawarrior.sdf.gz
C=CC1CN2CCC1C[C@H]2C(=O)[O-],13,181.23499999999999,datawarrior.sdf.gz
O=C([O-])c1ccc2ncccc2c1,13,173.171,datawarrior.sdf.gz
O=C([O-])c1cnc2ccccc2c1,13,173.17100000000002,datawarrior.sdf.gz
O=C([O-])c1cccc2cccnc12,13,173.17100000000002,datawarrior.sdf.gz
O=C(O)c1cccc2ccc[nH+]c12,13,173.17100000000002,datawarrior.sdf.gz
Oc1onc(-c2ccccc2)c1Br,13,240.056,datawarrior.sdf.gz
Oc1ccccc1CN1CCCC1,13,177.24699999999993,datawarrior.sdf.gz
Cc1cc(C)c2cccc(O)c2n1,13,173.21499999999997,datawarrior.sdf.gz
CN(C)C[C@@H]1[C@H](CO)[C@H]2C=C[C@@H]1C2,13,181.279,datawarrior.sdf.gz
c1ccc(Oc2ccccn2)cc1,13,171.19899999999998,datawarrior.sdf.gz
Cc1cc(N)c2ccccc2c1O,13,173.21499999999997,datawarrior.sdf.gz
Oc1c(Br)cc(Br)c2cccnc12,13,302.953,datawarrior.sdf.gz
COc1cccc(C2NCCS2)c1,13,195.28699999999998,datawarrior.sdf.gz
COc1ccc(C2NCCS2)cc1,13,195.28699999999998,datawarrior.sdf.gz
CN1[C@@H]2CC[C@H]1[C@H](C(=O)[O-])[C@@H](O)C2,13,185.22299999999996,datawarrior.sdf.gz
CN1[C@H]2CC[C@@H]1[C@H](C(=O)[O-])[C@H](O)C2,13,185.22299999999996,datawarrior.sdf.gz
N#Cc1ccccc1-c1nnn[nH]1,13,171.163,datawarrior.sdf.gz
Cc1cccc(-n2nnnc2N)c1,13,175.195,datawarrior.sdf.gz
Cc1ccccc1-n1nnnc1N,13,175.19500000000002,datawarrior.sdf.gz
Nc1nnnn1Cc1ccccc1,13,175.19500000000002,datawarrior.sdf.gz
N#Cc1cccc(-c2nnn[nH]2)c1,13,171.16299999999998,datawarrior.sdf.gz
N#Cc1ccc(-c2nnn[nH]2)cc1,13,171.16299999999998,datawarrior.sdf.gz
CC(C)Nc1ncnc2[nH]ncc12,13,177.211,datawarrior.sdf.gz
Nc1nnnn1-c1cccc(Cl)c1,13,195.61299999999997,datawarrior.sdf.gz
CNc1nc(SC)nc2[nH]ncc12,13,195.25100000000003,datawarrior.sdf.gz
Nc1nnnn1-c1ccc(Cl)cc1,13,195.61299999999997,datawarrior.sdf.gz
Nc1nccc(-c2csc(N)[nH+]2)n1,13,193.235,datawarrior.sdf.gz
CNC(=O)c1ncnc2nc[nH]c12,13,177.167,datawarrior.sdf.gz
COc1nc(N)c2cnn(C)c2n1,13,179.183,datawarrior.sdf.gz
Cc1cc(-c2ccccn2)nn1C,13,173.21899999999997,datawarrior.sdf.gz
Nc1ccnc(-c2ccccn2)c1,13,171.203,datawarrior.sdf.gz
Cn1cc/c(=N\N)c2ccccc21,13,173.219,datawarrior.sdf.gz
Cn1/c(=N/N)ccc2ccccc21,13,173.219,datawarrior.sdf.gz
Cc1cc(C)n(-c2ccccn2)n1,13,173.21899999999997,datawarrior.sdf.gz
Cc1cc(-c2cccc[nH+]2)nn1C,13,173.21899999999997,datawarrior.sdf.gz
Cc1cc(C)n(-c2cccc[nH+]2)n1,13,173.21899999999997,datawarrior.sdf.gz
Cc1cc(N[NH3+])nc2ccccc12,13,173.219,datawarrior.sdf.gz
Clc1c(Cl)c(Cl)c2[nH]nnc2c1Cl,13,256.907,datawarrior.sdf.gz
CNc1nnc(-c2ccccc2)s1,13,191.25900000000004,datawarrior.sdf.gz
c1ccc(CSc2cnn[nH]2)cc1,13,191.25900000000001,datawarrior.sdf.gz
Cn1cnc2c(N=O)c(O)ccc21,13,177.16299999999998,datawarrior.sdf.gz
Cc1nc2cc([N+](=O)[O-])ccc2[nH]1,13,177.16299999999998,datawarrior.sdf.gz
[O-]c1nc(O)nn1-c1ccccc1,13,177.163,datawarrior.sdf.gz
CC1=NS(=O)(=O)c2cccnc2N1,13,197.219,datawarrior.sdf.gz
CC1=NS(=O)(=O)c2cnccc2N1,13,197.219,datawarrior.sdf.gz
CC1=NS(=O)(=O)c2ncccc2N1,13,197.21900000000002,datawarrior.sdf.gz
Nc1cc(N)c2cccnc2c1O,13,175.191,datawarrior.sdf.gz
OC(c1ccncc1)n1cc[nH+]c1,13,175.191,datawarrior.sdf.gz
N/N=C(\N)c1ncnc2nc[nH]c12,13,177.171,datawarrior.sdf.gz
Nc1cnc2c(N)nc(N)nc2n1,13,177.171,datawarrior.sdf.gz
O=[N+]([O-])c1n[nH]c(-n2cncn2)n1,13,181.11500000000004,datawarrior.sdf.gz
CC(=O)C(C(C)=O)c1ccccc1,13,176.215,datawarrior.sdf.gz
C/C(=C\c1ccccc1)CC(=O)O,13,176.215,datawarrior.sdf.gz
CC(C)(C)c1ccc(C(=O)O)cc1,13,178.23099999999997,datawarrior.sdf.gz
Cc1cc(C)c(C)c(C(=O)O)c1C,13,178.231,datawarrior.sdf.gz
CC(=O)C(C)C(=O)c1ccccc1,13,176.21499999999997,datawarrior.sdf.gz
CC(C)c1ccc(Br)c(O)c(=O)c1,13,243.1,datawarrior.sdf.gz
C[Si](C)(CC(=O)O)c1ccccc1,13,194.30599999999998,datawarrior.sdf.gz
O=C(O)CS/C=C/c1ccccc1,13,194.25500000000002,datawarrior.sdf.gz
O=S(O)CCCCc1ccccc1,13,198.28700000000003,datawarrior.sdf.gz
C[Si](C)(C)c1cccc(C(=O)O)c1,13,194.30599999999998,datawarrior.sdf.gz
C[Si](C)(C)c1ccc(C(=O)O)cc1,13,194.30599999999995,datawarrior.sdf.gz
COc1ccccc1/C=C\C(=O)O,13,178.187,datawarrior.sdf.gz
Cc1cccc(C)c1OCC(=O)O,13,180.203,datawarrior.sdf.gz
Cc1ccccc1OC(C)C(=O)O,13,180.203,datawarrior.sdf.gz
O=C(O)C(=O)/C=C/c1ccccc1,13,176.171,datawarrior.sdf.gz
Cc1ccc(C)c(C(=O)C(=O)O)c1,13,178.18699999999998,datawarrior.sdf.gz
CCOc1ccc(C)c(C(=O)O)c1,13,180.20299999999997,datawarrior.sdf.gz
CCOc1ccc(C(=O)O)c(C)c1,13,180.20299999999995,datawarrior.sdf.gz
O=C(O)/C=C/C(=O)c1ccccc1,13,176.17100000000002,datawarrior.sdf.gz
CC(C)Oc1ccccc1C(=O)O,13,180.20299999999997,datawarrior.sdf.gz
CCOc1cccc(C)c1C(=O)O,13,180.20299999999997,datawarrior.sdf.gz
C=CCOc1ccc(C(=O)O)cc1,13,178.18699999999995,datawarrior.sdf.gz
CCOc1cccc(C(=O)O)c1C,13,180.20299999999997,datawarrior.sdf.gz
COc1ccc(/C=C\C(=O)O)cc1,13,178.18699999999998,datawarrior.sdf.gz
CC(=O)[C@H]1C[C@@H](CC(=O)O)C1(C)C,13,184.23499999999999,datawarrior.sdf.gz
CC(O)[C@@H]1C[C@H](CC(=O)O)C1(C)C,13,186.251,datawarrior.sdf.gz
CC1=C(C)/C(=C(\C)C(=O)O)CC1=O,13,180.20299999999997,datawarrior.sdf.gz
CC1=C(C)C(C(C)C(=O)O)CC1=O,13,182.21899999999997,datawarrior.sdf.gz
N#CC(C#N)=NNc1ccccc1,13,170.175,datawarrior.sdf.gz
CNCC(=O)NCCc1c[nH]cn1,13,182.22700000000003,datawarrior.sdf.gz
NCCC(=O)NCCc1c[nH]cn1,13,182.22700000000003,datawarrior.sdf.gz
C[NH2+]CC(=O)NCCc1c[nH]cn1,13,182.22700000000003,datawarrior.sdf.gz
[NH3+]CCC(=O)NCCc1c[nH]cn1,13,182.22700000000003,datawarrior.sdf.gz
NC(=O)c1c(CC(=O)O)n[nH]c1N,13,184.155,datawarrior.sdf.gz
NC1=[NH+][C@H](C(=O)O)[C@@H]([C@H](O)C[NH3+])N1,13,188.18699999999995,datawarrior.sdf.gz
NC[C@@H](O)[C@H]1NC(N)=[NH+][C@@H]1C(=O)[O-],13,188.18699999999995,datawarrior.sdf.gz
NC[C@@H](O)[C@H]1NC(N)=N[C@@H]1C(=O)[O-],13,188.18699999999995,datawarrior.sdf.gz
CN(C)C1CC(C)(C)NC(C)(C)C1,13,184.327,datawarrior.sdf.gz
CCN(CC)[C@H]1CCC[C@@H]1N(C)C,13,184.32699999999997,datawarrior.sdf.gz
CC[NH+](CC)[C@H]1CCC[C@@H]1N(C)C,13,184.32699999999997,datawarrior.sdf.gz
CN(C)C1CC(C)(C)[NH2+]C(C)(C)C1,13,184.327,datawarrior.sdf.gz
O=C(O)CC[C@@H]1NC(=O)CNC1=O,13,186.167,datawarrior.sdf.gz
Cn1c(C(=O)O)cc(=O)n(C)c1=O,13,184.15099999999998,datawarrior.sdf.gz
O=[N+]([O-])Cc1ccc([N+](=O)[O-])cc1,13,182.13499999999996,datawarrior.sdf.gz
O=[N+]([O-])Cc1cccc([N+](=O)[O-])c1,13,182.13499999999996,datawarrior.sdf.gz
Nc1ccc(B(O)O)c([N+](=O)[O-])c1,13,181.944,datawarrior.sdf.gz
Nc1ccc([N+](=O)[O-])c(B(O)O)c1,13,181.944,datawarrior.sdf.gz
NS(=O)(=O)c1ccc([N+](=O)[O-])cc1,13,202.191,datawarrior.sdf.gz
NS(=O)(=O)c1cccc([N+](=O)[O-])c1,13,202.191,datawarrior.sdf.gz
NC(=O)[C@@H](N)Cc1ccc(O)cc1,13,180.207,datawarrior.sdf.gz
CC(=O)/C(CN1CCCCC1)=N\[O-],13,184.23899999999995,datawarrior.sdf.gz
CC(=O)/C(C[NH+]1CCCCC1)=N\O,13,184.23899999999995,datawarrior.sdf.gz
O=C(/C=C/c1c[nH]cn1)OCCCl,13,200.62500000000003,datawarrior.sdf.gz
CCOC(=O)c1cnc(N(C)C)s1,13,200.26299999999998,datawarrior.sdf.gz
CN(C)S(=O)(=O)c1ccc(N)cc1,13,200.263,datawarrior.sdf.gz
CC(=S)Nc1ccc([N+](=O)[O-])cc1,13,196.23099999999997,datawarrior.sdf.gz
COc1ccc(/N=C/N(C)C)cc1,13,178.23499999999999,datawarrior.sdf.gz
COc1c(CN)cc(C)cc1CN,13,180.25099999999998,datawarrior.sdf.gz
COc1ccccc1/N=C/N(C)C,13,178.23499999999999,datawarrior.sdf.gz
CCN(CCO)c1ccc(N)cc1,13,180.25099999999998,datawarrior.sdf.gz
COc1cccc(/N=C/N(C)C)c1,13,178.23499999999999,datawarrior.sdf.gz
C[N+](C)(C)/N=C(/O)c1ccccc1,13,179.243,datawarrior.sdf.gz
CC[NH+](CCO)c1ccc(N)cc1,13,180.25099999999998,datawarrior.sdf.gz
CC(C)(C)CC(=O)n1cnc(Br)c1,13,245.11999999999998,datawarrior.sdf.gz
CC(=O)c1cccc(NC(N)=S)c1,13,194.259,datawarrior.sdf.gz
CC(=O)/C(CN1CCOCC1)=N\O,13,186.21099999999996,datawarrior.sdf.gz
CC(C)(C)C1C(=O)NC(=O)NC1=O,13,184.19499999999996,datawarrior.sdf.gz
COc1ccc([N+](=O)[O-])c(CN)c1,13,182.17899999999997,datawarrior.sdf.gz
COc1ccc(CN)c([N+](=O)[O-])c1,13,182.17899999999997,datawarrior.sdf.gz
C[C@@H](N)C(=O)N1CCC[C@H]1C(=O)[O-],13,186.211,datawarrior.sdf.gz
C[C@@H]([NH3+])C(=O)N1CCC[C@H]1C(=O)O,13,186.211,datawarrior.sdf.gz
CC(C)(C(=O)[O-])c1c[nH]c(CO)n1,13,184.195,datawarrior.sdf.gz
CCCC1(Br)C(=O)NC(=O)NC1=O,13,249.06399999999996,datawarrior.sdf.gz
O=[N+]([O-])/C(=N/O)c1ccc(Cl)cc1,13,200.58099999999996,datawarrior.sdf.gz
CCNc1nc(N)nc(NCC)n1,13,182.23099999999997,datawarrior.sdf.gz
CCN(CC)c1nc(N)nc(N)n1,13,182.231,datawarrior.sdf.gz
CN(c1nc([N+](=O)[O-])n[nH]1)[N+](=O)[O-],13,188.103,datawarrior.sdf.gz
Nc1nc(NCO)nc(NCO)n1,13,186.175,datawarrior.sdf.gz
CCCCNCc1ccc(C)cc1,13,177.29099999999997,datawarrior.sdf.gz
Cc1cccc(C(=O)O)c1[N+](=O)[O-],13,181.147,datawarrior.sdf.gz
CC(=O)c1ccc(O)c([N+](=O)[O-])c1,13,181.14699999999996,datawarrior.sdf.gz
Cc1ccc(C(=O)O)c([N+](=O)[O-])c1,13,181.147,datawarrior.sdf.gz
Cc1ccc([N+](=O)[O-])c(C(=O)O)c1,13,181.14699999999996,datawarrior.sdf.gz
Cc1ccc([N+](=O)[O-])cc1C(=O)O,13,181.14699999999996,datawarrior.sdf.gz
Cc1cccc([N+](=O)[O-])c1C(=O)O,13,181.147,datawarrior.sdf.gz
Cc1ccc(C(=O)O)cc1[N+](=O)[O-],13,181.147,datawarrior.sdf.gz
Cc1cc(C(=O)O)ccc1[N+](=O)[O-],13,181.14699999999996,datawarrior.sdf.gz
Cc1c(C(=O)O)cccc1[N+](=O)[O-],13,181.147,datawarrior.sdf.gz
NS(=O)(=O)c1ccccc1C(=O)O,13,201.203,datawarrior.sdf.gz
NS(=O)(=O)c1cccc(C(=O)O)c1,13,201.203,datawarrior.sdf.gz
NS(=O)(=O)c1ccc(C(=O)O)cc1,13,201.203,datawarrior.sdf.gz
O=C(O)c1ccc(F)c([N+](=O)[O-])c1,13,185.10999999999996,datawarrior.sdf.gz
O=C(O)c1ccc(Br)c([N+](=O)[O-])c1,13,246.01599999999996,datawarrior.sdf.gz
O=C(O)c1cc([N+](=O)[O-])ccc1F,13,185.10999999999996,datawarrior.sdf.gz
O=Cc1cc(Cl)cc([N+](=O)[O-])c1O,13,201.565,datawarrior.sdf.gz
O=Cc1cc([N+](=O)[O-])cc(Br)c1O,13,246.016,datawarrior.sdf.gz
COc1ccc([Se]O)c([N+](=O)[O-])c1,13,248.09599999999998,datawarrior.sdf.gz
O=S(=O)([O-])CCCN1CCOCC1,13,209.26699999999994,datawarrior.sdf.gz
COc1ccc(CCN)cc1OC,13,181.23499999999996,datawarrior.sdf.gz
CC(=O)CC(=O)Nc1ccccc1,13,177.203,datawarrior.sdf.gz
COc1ccc(O)c(CN(C)C)c1,13,181.23499999999999,datawarrior.sdf.gz
COc1cccc(CN(C)C)c1O,13,181.23499999999996,datawarrior.sdf.gz
CCNCC(=O)c1ccc(O)cc1,13,179.21899999999997,datawarrior.sdf.gz
N#CC(Cc1ccccc1)C(=O)O,13,175.18700000000004,datawarrior.sdf.gz
C/C(=N/O)c1cc(C)c(C)cc1O,13,179.21899999999997,datawarrior.sdf.gz
CCC1=CC(=O)C=C(CC)C1=NO,13,179.219,datawarrior.sdf.gz
COC(=O)C(N)Cc1ccccc1,13,179.21900000000002,datawarrior.sdf.gz
OCCN(CCO)c1ccccc1,13,181.235,datawarrior.sdf.gz
COc1ccccc1/C=C/C=N\O,13,177.20299999999997,datawarrior.sdf.gz
COc1ccccc1/C=C/C=N/O,13,177.20299999999997,datawarrior.sdf.gz
N#CCC(C(=O)O)c1ccccc1,13,175.187,datawarrior.sdf.gz
N#C/C(=C\C(=O)O)c1ccccc1,13,173.17100000000002,datawarrior.sdf.gz
N#CC(CC(=O)O)c1ccccc1,13,175.187,datawarrior.sdf.gz
C[N+]1(CCCC(=O)O)CCCCC1,13,186.27499999999998,datawarrior.sdf.gz
C=CCC1(CC=C)SC(=O)NC1=O,13,197.259,datawarrior.sdf.gz
CCCC1(CCC)SC(=O)NC1=O,13,201.29099999999997,datawarrior.sdf.gz
CCc1ccc(O)c(CN(C)C)c1,13,179.26299999999998,datawarrior.sdf.gz
CCN(CC)Cc1ccccc1O,13,179.26299999999995,datawarrior.sdf.gz
COCc1ccccc1CN(C)C,13,179.26299999999998,datawarrior.sdf.gz
CC(C(O)c1ccccc1)N(C)C,13,179.263,datawarrior.sdf.gz
C[C@@H]([C@H](O)c1ccccc1)N(C)C,13,179.263,datawarrior.sdf.gz
C[C@H]([C@H](O)c1ccccc1)N(C)C,13,179.263,datawarrior.sdf.gz
CCc1cccc(CN(C)C)c1O,13,179.26299999999995,datawarrior.sdf.gz
CC(N)CCCc1ccc(O)cc1,13,179.26299999999998,datawarrior.sdf.gz
CC(C)NCCc1ccc([O-])cc1,13,179.263,datawarrior.sdf.gz
CC(C)[NH2+]CCc1ccc(O)cc1,13,179.263,datawarrior.sdf.gz
CC(C)N1C[Si](C)(C)O[Si](C)(C)C1,13,217.46099999999998,datawarrior.sdf.gz
CC(C)(C)N1CC(O[Si](C)(C)C)C1,13,201.38599999999997,datawarrior.sdf.gz
CC(=O)CC(=S)Nc1ccccc1,13,193.271,datawarrior.sdf.gz
O=C(O)c1ccc([N+](=O)[O-])cc1O,13,183.11899999999997,datawarrior.sdf.gz
O=C([O-])c1ccc([N+](=O)[O-])cc1O,13,183.11899999999997,datawarrior.sdf.gz
O=C([O-])c1cc([N+](=O)[O-])ccc1O,13,183.11899999999997,datawarrior.sdf.gz
O=C([O-])c1ccc(O)c([N+](=O)[O-])c1,13,183.11899999999997,datawarrior.sdf.gz
O=C([O-])c1cccc([N+](=O)[O-])c1O,13,183.11899999999997,datawarrior.sdf.gz
CC(=O)N1CS(=O)(=O)C[C@H]1C(=O)O,13,207.207,datawarrior.sdf.gz
O=[N+]([O-])c1ccc(S(=O)(=O)O)cc1,13,203.17499999999998,datawarrior.sdf.gz
O=[N+]([O-])c1cccc(S(=O)(=O)O)c1,13,203.17499999999998,datawarrior.sdf.gz
COC(=O)/C=C(\O)c1ccncc1,13,179.175,datawarrior.sdf.gz
COC(=O)CC(=O)c1ccncc1,13,179.175,datawarrior.sdf.gz
NC(=O)Cc1ccc(C(=O)O)cc1,13,179.17499999999995,datawarrior.sdf.gz
CN(C)Cc1ccc(O)c(O)c1O,13,183.20699999999994,datawarrior.sdf.gz
COC(=O)CC(=O)c1cccnc1,13,179.175,datawarrior.sdf.gz
COC(=O)/C(=N/O)c1ccccc1,13,179.175,datawarrior.sdf.gz
COc1ccc(/C=N/O)cc1OC,13,181.191,datawarrior.sdf.gz
[NH3+][C@@H](Cc1nc(I)[nH]c1I)C(=O)[O-],13,406.94900000000007,datawarrior.sdf.gz
N[C@@H](Cc1nc(I)[n-]c1I)C(=O)[O-],13,406.94900000000007,datawarrior.sdf.gz
NC(=S)Nc1ccc([N+](=O)[O-])cc1,13,197.219,datawarrior.sdf.gz
NC(=S)Nc1cccc([N+](=O)[O-])c1,13,197.219,datawarrior.sdf.gz
NNC(=O)[C@@H](N)Cc1ccccc1,13,179.22300000000004,datawarrior.sdf.gz
N/C(CCNc1ccccc1)=N\O,13,179.223,datawarrior.sdf.gz
N/C(CC(N)c1ccccc1)=N\O,13,179.223,datawarrior.sdf.gz
N/C(=N\O)C(N)Cc1ccccc1,13,179.223,datawarrior.sdf.gz
N/C(CC[NH2+]c1ccccc1)=N\O,13,179.223,datawarrior.sdf.gz
N/C(CC([NH3+])c1ccccc1)=N\O,13,179.223,datawarrior.sdf.gz
CONc1cc(=O)n(C)c(=O)n1C,13,185.183,datawarrior.sdf.gz
NC(=O)Nc1ccc([N+](=O)[O-])cc1,13,181.15099999999995,datawarrior.sdf.gz
O=C(O)C12CC3CC(CC(C3)C1)C2,13,180.24699999999996,datawarrior.sdf.gz
c1ccc2c3c([nH]c2c1)CNCC3,13,172.23100000000002,datawarrior.sdf.gz
c1ccc2c(c1)ccc1nc[nH]c12,13,168.199,datawarrior.sdf.gz
Cc1ccc2c(c1)N1CC[NH+]2CC1,13,174.247,datawarrior.sdf.gz
CC12CN3CC(C)(C1)CC(C)(C3)C2,13,179.307,datawarrior.sdf.gz
C1=C(c2ccco2)C2CCN1CC2,13,175.23099999999994,datawarrior.sdf.gz
c1coc(C2CN3CCC2CC3)c1,13,177.24699999999996,datawarrior.sdf.gz
C1OC1CN(CC1CO1)CC1CO1,13,185.22299999999996,datawarrior.sdf.gz
O=c1c(O)c1-c1ccccc1,11,146.14499999999998,datawarrior.sdf.gz
Cc1cc(-c2ncc[nH]2)n[nH]1,11,148.169,datawarrior.sdf.gz
c1c[nH]c(Cc2ncc[nH]2)n1,11,148.169,datawarrior.sdf.gz
c1ncc(Cc2cnc[nH]2)[nH]1,11,148.169,datawarrior.sdf.gz
Cc1cc(-c2[nH]cc[nH+]2)n[nH]1,11,148.16899999999998,datawarrior.sdf.gz
c1c[nH]c(Cc2[nH]cc[nH+]2)n1,11,148.169,datawarrior.sdf.gz
c1ncc(Cc2c[nH+]c[nH]2)[nH]1,11,148.169,datawarrior.sdf.gz
[S-]c1nc(S)c2[nH]cnc2n1,11,184.24900000000002,datawarrior.sdf.gz
CSc1ncc2[nH]cnc2n1,11,166.20900000000003,datawarrior.sdf.gz
CSc1ncnc2nc[nH]c12,11,166.209,datawarrior.sdf.gz
CNc1ncnc2scnc12,11,166.209,datawarrior.sdf.gz
[S-]c1cnc2cncnc2n1,11,164.193,datawarrior.sdf.gz
[S-]c1ncnc2nccnc12,11,164.193,datawarrior.sdf.gz
[S-]c1ncc2nccnc2n1,11,164.193,datawarrior.sdf.gz
[S-]c1ncnc2ncncc12,11,164.19299999999998,datawarrior.sdf.gz
O=c1c2[nH]cnc2ncn1O,11,152.113,datawarrior.sdf.gz
[O-]c1nc([O-])c2[nH]cnc2n1,11,152.113,datawarrior.sdf.gz
[O-]c1[nH+]c(O)nc2nc[nH]c12,11,152.113,datawarrior.sdf.gz
O=c1c2[nH]cnc2ncn1[O-],11,152.113,datawarrior.sdf.gz
Oc1nc2nc[nH]c2c(O)[nH+]1,11,152.113,datawarrior.sdf.gz
O=S1(=O)N=CNc2nc[nH]c21,11,172.169,datawarrior.sdf.gz
O=S1(=O)N=C[N-]c2nc[nH]c21,11,172.169,datawarrior.sdf.gz
Cc1cc(=O)n2ncnc2[nH]1,11,150.141,datawarrior.sdf.gz
CN1C(=O)NCc2[nH]cnc21,11,152.157,datawarrior.sdf.gz
COc1ncc2[nH]cnc2n1,11,150.14100000000002,datawarrior.sdf.gz
O=Cc1ncnc2nc[nH]c12,11,148.125,datawarrior.sdf.gz
C[n+]1cnc2nc[nH]c2c1O,11,151.149,datawarrior.sdf.gz
Cn1cnc2ncnc([O-])c21,11,150.141,datawarrior.sdf.gz
Cn1cnc2c([O-])ncnc21,11,150.141,datawarrior.sdf.gz
Cn1cnc2c(O)[nH+]cnc21,11,150.141,datawarrior.sdf.gz
Cn1cnc2cnc([O-])nc21,11,150.141,datawarrior.sdf.gz
O=c1[nH]c(=S)c2[nH]cnc2[nH]1,11,168.181,datawarrior.sdf.gz
O=c1[nH]c(=S)[nH]c2nc[nH]c12,11,168.181,datawarrior.sdf.gz
[O-]c1nc(S)c2[nH]cnc2n1,11,168.18099999999998,datawarrior.sdf.gz
Oc1nc([S-])nc2nc[nH]c12,11,168.18099999999998,datawarrior.sdf.gz
CN1C(=N)Cc2ccccc21,11,146.19299999999998,datawarrior.sdf.gz
Nc1ccc2ccncc2c1,11,144.17699999999996,datawarrior.sdf.gz
Nc1ccc2ncccc2c1,11,144.17699999999996,datawarrior.sdf.gz
c1ccc(-c2cn[nH]c2)cc1,11,144.177,datawarrior.sdf.gz
Nc1cccc2cnccc12,11,144.17699999999996,datawarrior.sdf.gz
Cc1cnc2ccccc2n1,11,144.177,datawarrior.sdf.gz
Nc1ccc2[nH+]cccc2c1,11,144.17699999999996,datawarrior.sdf.gz
c1cc(N2CCCC2)cc[nH+]1,11,148.20899999999997,datawarrior.sdf.gz
Cc1ccc2c(c1)NCC[NH2+]2,11,148.20899999999997,datawarrior.sdf.gz
Nc1cccc2[nH+]cccc12,11,144.17699999999996,datawarrior.sdf.gz
Fc1cc2nc[nH]c2cc1Cl,11,170.574,datawarrior.sdf.gz
[S-]c1cnc2ccccc2[nH+]1,11,162.217,datawarrior.sdf.gz
Oc1onc2c1CC[NH2+]CC2,11,154.16899999999998,datawarrior.sdf.gz
NC(=O)C1CN2CCC1CC2,11,154.213,datawarrior.sdf.gz
NC(=O)C1CC2CCN1CC2,11,154.21299999999997,datawarrior.sdf.gz
NC(=O)C1=CN2CCC1CC2,11,152.19699999999997,datawarrior.sdf.gz
Cn1cnc2cc(O)ccc21,11,148.165,datawarrior.sdf.gz
Oc1ccc2cnncc2c1,11,146.14899999999997,datawarrior.sdf.gz
OCc1nc2ccccc2[nH]1,11,148.165,datawarrior.sdf.gz
COc1nc2ccccc2[nH]1,11,148.165,datawarrior.sdf.gz
[O-]c1ccnc2cccnc12,11,146.149,datawarrior.sdf.gz
Oc1cc[nH+]c2cccnc12,11,146.149,datawarrior.sdf.gz
[O-]c1cc2ccccc2nn1,11,146.149,datawarrior.sdf.gz
[O-]c1nncc2ccccc12,11,146.149,datawarrior.sdf.gz
Oc1cc2ccccc2n[nH+]1,11,146.149,datawarrior.sdf.gz
Oc1[nH+]ncc2ccccc12,11,146.149,datawarrior.sdf.gz
[O-]c1cnc2ccccc2n1,11,146.149,datawarrior.sdf.gz
[O-]c1nccc2cccnc12,11,146.149,datawarrior.sdf.gz
Oc1cnc2ccccc2[nH+]1,11,146.149,datawarrior.sdf.gz
Oc1[nH+]ccc2cccnc12,11,146.149,datawarrior.sdf.gz
[O-]c1ncc2ccccc2n1,11,146.14899999999997,datawarrior.sdf.gz
Oc1nc2ccccc2c[nH+]1,11,146.14899999999997,datawarrior.sdf.gz
[O-]c1ncnc2ccccc12,11,146.149,datawarrior.sdf.gz
Oc1[nH+]cnc2ccccc12,11,146.149,datawarrior.sdf.gz
[O-]c1cnnc2ccccc12,11,146.149,datawarrior.sdf.gz
Oc1cn[nH+]c2ccccc12,11,146.149,datawarrior.sdf.gz
O=C1C[C@H]2C(=O)NC(=O)[C@H]2N1,11,154.12499999999997,datawarrior.sdf.gz
Nc1nc(N)c2[nH]cnc2n1,11,150.145,datawarrior.sdf.gz
Nc1nc(N)c2cn[nH]c2n1,11,150.145,datawarrior.sdf.gz
NC1CCc2ccccc2C1,11,147.221,datawarrior.sdf.gz
NC1CCCc2ccccc21,11,147.221,datawarrior.sdf.gz
c1ccc(C2CCCN2)cc1,11,147.221,datawarrior.sdf.gz
C1CCC(C2CCCN2)CC1,11,153.269,datawarrior.sdf.gz
C1CCC(N2CCCC2)CC1,11,153.26899999999998,datawarrior.sdf.gz
Sc1ccc2ncccc2c1,11,161.22899999999998,datawarrior.sdf.gz
Sc1cnc2ccccc2c1,11,161.229,datawarrior.sdf.gz
Brc1cnc2ccccc2c1,11,208.058,datawarrior.sdf.gz
Sc1cc2ccccc2cn1,11,161.22899999999998,datawarrior.sdf.gz
c1ccc(C2NCCS2)cc1,11,165.261,datawarrior.sdf.gz
Sc1cccc2ncccc12,11,161.22899999999998,datawarrior.sdf.gz
[SH2+]c1ccc2ncccc2c1,11,161.22899999999998,datawarrior.sdf.gz
[S-]c1cccc2cccnc12,11,161.22899999999998,datawarrior.sdf.gz
Sc1cccc2ccc[nH+]c12,11,161.22899999999998,datawarrior.sdf.gz
[S-]c1ccc2ccccc2n1,11,161.22899999999998,datawarrior.sdf.gz
[S-]c1nccc2ccccc12,11,161.22899999999998,datawarrior.sdf.gz
Sc1ccc2ccccc2[nH+]1,11,161.22899999999998,datawarrior.sdf.gz
Sc1[nH+]ccc2ccccc12,11,161.22899999999998,datawarrior.sdf.gz
[SH2+]c1cccc2ncccc12,11,161.22899999999998,datawarrior.sdf.gz
[S-]c1ccnc2ccccc12,11,161.22899999999998,datawarrior.sdf.gz
Sc1cc[nH+]c2ccccc12,11,161.22899999999998,datawarrior.sdf.gz
OCC1=CCN2CC[C@@H](O)[C@@H]12,11,155.19699999999997,datawarrior.sdf.gz
OC[C@@H]1CCN2CC[C@H](O)[C@H]12,11,157.213,datawarrior.sdf.gz
CCN(CC1CO1)CC1CO1,11,157.21299999999997,datawarrior.sdf.gz
Cc1cc([O-])nc2c1CCO2,11,151.165,datawarrior.sdf.gz
Cc1cc(O)[nH+]c2c1CCO2,11,151.165,datawarrior.sdf.gz
CC1=C[C@H]2CC[C@@H](O)[C@H]2N1C,11,153.225,datawarrior.sdf.gz
Oc1nccc2ccccc12,11,145.16099999999997,datawarrior.sdf.gz
COc1ccc(C2CN2)cc1,11,149.19299999999996,datawarrior.sdf.gz
CC1=Nc2ccccc2CO1,11,147.177,datawarrior.sdf.gz
[O-]c1ccc2ccccc2n1,11,145.161,datawarrior.sdf.gz
Oc1ccc2ccccc2[nH+]1,11,145.161,datawarrior.sdf.gz
[O-]c1ccnc2ccccc12,11,145.161,datawarrior.sdf.gz
Oc1cc[nH+]c2ccccc12,11,145.161,datawarrior.sdf.gz
Cc1n[nH]c2ncnc(N)c12,11,149.15699999999998,datawarrior.sdf.gz
Cc1n[nH]c2c(N)ncnc12,11,149.157,datawarrior.sdf.gz
CNc1ncnc2[nH]ncc12,11,149.157,datawarrior.sdf.gz
Cc1nc(N)c2cn[nH]c2n1,11,149.15699999999998,datawarrior.sdf.gz
CNc1ncnc2nc[nH]c12,11,149.157,datawarrior.sdf.gz
CNc1nc2ncncc2[nH]1,11,149.15699999999998,datawarrior.sdf.gz
Cn1cnc2c(N)nc[nH+]c21,11,149.15699999999998,datawarrior.sdf.gz
Nc1nc([S-])c2[nH]cnc2n1,11,167.197,datawarrior.sdf.gz
[O-]c1nc([O-])c2[nH]nnc2n1,11,153.101,datawarrior.sdf.gz
[O-]c1nc([O-])c2[nH]nnc2[nH+]1,11,153.101,datawarrior.sdf.gz
ONc1ncnc2nc[nH]c12,11,151.12900000000002,datawarrior.sdf.gz
Nc1nc2nc[nH]c2c([O-])[nH+]1,11,151.12900000000002,datawarrior.sdf.gz
Nc1nc([O-])c2[n-]cnc2n1,11,151.12900000000002,datawarrior.sdf.gz
Nc1c2[nH]cnc2nc[n+]1[O-],11,151.12900000000002,datawarrior.sdf.gz
Nc1nc([O-])c2nc[nH]c2n1,11,151.12900000000005,datawarrior.sdf.gz
Nc1nc2[nH]cnc2c(O)[nH+]1,11,151.12900000000005,datawarrior.sdf.gz
Nc1nc2nc[nH]c2c(O)[nH+]1,11,151.12900000000002,datawarrior.sdf.gz
Nc1nc(O)[nH+]c2nc[nH]c12,11,151.12900000000002,datawarrior.sdf.gz
Nc1nc([O-])nc2nc[nH]c12,11,151.12900000000002,datawarrior.sdf.gz
Nc1c2[n-]cnc2nc[n+]1[O-],11,151.12900000000002,datawarrior.sdf.gz
c1ccc(-c2ccn[nH]2)nc1,11,145.16499999999996,datawarrior.sdf.gz
c1ccc(C2=NCCN2)nc1,11,147.18099999999995,datawarrior.sdf.gz
Cc1n[nH]c2c(N)cccc12,11,147.181,datawarrior.sdf.gz
Cc1n[nH]c2cc(N)ccc12,11,147.18099999999998,datawarrior.sdf.gz
Cc1n[nH]c2ccc(N)cc12,11,147.18099999999995,datawarrior.sdf.gz
Cc1nc2cc(N)ccc2[nH]1,11,147.18099999999998,datawarrior.sdf.gz
NCc1nc2ccccc2[nH]1,11,147.18099999999995,datawarrior.sdf.gz
c1ccc(-n2cccn2)nc1,11,145.165,datawarrior.sdf.gz
c1ccc(-c2ccn[nH]2)[nH+]c1,11,145.16499999999996,datawarrior.sdf.gz
Cn1c[nH+]c2cc(N)ccc21,11,147.18099999999998,datawarrior.sdf.gz
Cc1[nH]c2ccc(N)cc2[nH+]1,11,147.18099999999998,datawarrior.sdf.gz
Cn1c[nH+]c2cccc(N)c21,11,147.18099999999998,datawarrior.sdf.gz
[NH3+]Cc1nc2ccccc2[nH]1,11,147.18099999999995,datawarrior.sdf.gz
c1ccc(-n2cccn2)[nH+]c1,11,145.165,datawarrior.sdf.gz
c1ccc(-c2[nH]cc[nH+]2)nc1,11,145.165,datawarrior.sdf.gz
O/N=C1\CCCc2nonc21,11,153.141,datawarrior.sdf.gz
[O-]c1ccnc2nccnc12,11,147.13699999999997,datawarrior.sdf.gz
[O-]c1nccc2nccnc12,11,147.13699999999997,datawarrior.sdf.gz
[O-]c1ncnc2cccnc12,11,147.137,datawarrior.sdf.gz
CC(=O)C(=O)CC(=O)C(C)=O,11,156.13699999999997,datawarrior.sdf.gz
CC(C)(C)OOCCC(=O)O,11,162.185,datawarrior.sdf.gz
CCC#CC#CC#CC(=O)O,11,146.14499999999998,datawarrior.sdf.gz
CC(C)=C=CC(C)(C)C(=O)O,11,154.20899999999997,datawarrior.sdf.gz
CCCCCC(=O)CC(C)=O,11,156.225,datawarrior.sdf.gz
CC(C)C(=O)CC(=O)C(C)C,11,156.225,datawarrior.sdf.gz
CC(C[Si](C)(C)CCl)C(=O)O,11,194.734,datawarrior.sdf.gz
CCCCP(=O)(O)CCCC,11,178.212,datawarrior.sdf.gz
CC(C)CP(=O)(O)CC(C)C,11,178.212,datawarrior.sdf.gz
CC(C)(C)P(=O)(O)C(C)(C)C,11,178.212,datawarrior.sdf.gz
CC[Si](C)(C)CCCC(=O)O,11,174.31599999999997,datawarrior.sdf.gz
C[Si](C)(C)CCCCC(=O)O,11,174.31599999999997,datawarrior.sdf.gz
CCOC(=O)C(CC)C(C)=O,11,158.197,datawarrior.sdf.gz
CC(=O)C(C)C(C)(C)C(=O)O,11,158.19699999999997,datawarrior.sdf.gz
C=CCNCCCNCC=C,11,154.257,datawarrior.sdf.gz
C=CCNCCC[NH2+]CC=C,11,154.257,datawarrior.sdf.gz
[NH3+]CCCCCCNC(=S)S,11,192.35299999999995,datawarrior.sdf.gz
CN(C)CCSCCN(C)C,11,176.329,datawarrior.sdf.gz
CN(C)CCSCC[NH+](C)C,11,176.329,datawarrior.sdf.gz
CC(C)(CC[N+](=O)[O-])[N+](=O)[O-],11,162.14499999999998,datawarrior.sdf.gz
CC(C)(C)C([N+](=O)[O-])[N+](=O)[O-],11,162.14499999999998,datawarrior.sdf.gz
CCCCC([N+](=O)[O-])[N+](=O)[O-],11,162.14499999999998,datawarrior.sdf.gz
CC(C)CC([N+](=O)[O-])[N+](=O)[O-],11,162.145,datawarrior.sdf.gz
C=CC(=O)NCCCN(C)C,11,156.229,datawarrior.sdf.gz
C=C(C)C(=O)NCCN(C)C,11,156.229,datawarrior.sdf.gz
CCNCC(=O)N(CC)CC,11,158.24499999999998,datawarrior.sdf.gz
CN(C)CCOCCN(C)C,11,160.261,datawarrior.sdf.gz
CN(C)CCOCC[NH+](C)C,11,160.261,datawarrior.sdf.gz
C[Si](C)(CN)O[Si](C)(C)CN,11,192.41099999999997,datawarrior.sdf.gz
NNC(=O)C(F)(F)C(F)(F)F,11,178.06000000000003,datawarrior.sdf.gz
C=CC(C)(C)N(C)C(C)(C)C,11,155.28499999999997,datawarrior.sdf.gz
CCC(C)(C)N(C)C(C)(C)C,11,157.301,datawarrior.sdf.gz
C#CC(C)(C)N(C)C(C)(C)C,11,153.26899999999998,datawarrior.sdf.gz
C=CC(C)(CC)N(C)C(C)C,11,155.28499999999997,datawarrior.sdf.gz
CCC(C)(C)NC(C)(C)CC,11,157.301,datawarrior.sdf.gz
C#CC(C)(C)NC(C)(C)C#C,11,149.237,datawarrior.sdf.gz
CCN(CC)CCSC(C)C,11,175.34099999999998,datawarrior.sdf.gz
CCCSCCN(CC)CC,11,175.34099999999998,datawarrior.sdf.gz
CCOC(=O)/C(=N\O)C(C)=O,11,159.141,datawarrior.sdf.gz
CCC(=O)OC(C)CN(C)C,11,159.22899999999998,datawarrior.sdf.gz
C=C(C)C(=O)OCCNCC,11,157.213,datawarrior.sdf.gz
C=C(C)C(=O)OCCN(C)C,11,157.213,datawarrior.sdf.gz
CCC(O)CN(CC)CCO,11,161.24499999999998,datawarrior.sdf.gz
CCC(O)CN(C)CC(C)O,11,161.245,datawarrior.sdf.gz
CCCN(CCO)CC(C)O,11,161.245,datawarrior.sdf.gz
CCOC(=O)C(N)CC(C)C,11,159.229,datawarrior.sdf.gz
NCCCCCCCC(=O)[O-],11,159.22899999999998,datawarrior.sdf.gz
NCC#CC#CCCC(=O)[O-],11,151.165,datawarrior.sdf.gz
[NH3+]CCCCCCCC(=O)O,11,159.22899999999998,datawarrior.sdf.gz
[NH3+]CC#CC#CCCC(=O)O,11,151.165,datawarrior.sdf.gz
CN(C)CCC(=O)C(C)(C)C,11,157.257,datawarrior.sdf.gz
CCN(CC)CCCC(C)=O,11,157.257,datawarrior.sdf.gz
C=C(C)C(C)(C(N)=O)C(=O)O,11,157.16899999999998,datawarrior.sdf.gz
C[N+](C)(C)CC(O)CC(=O)O,11,162.209,datawarrior.sdf.gz
CCCCN/C(C)=N/N(C)C,11,157.26099999999997,datawarrior.sdf.gz
CCCCC/C(N)=N/N(C)C,11,157.261,datawarrior.sdf.gz
CN(C)CCNCCN(C)C,11,159.277,datawarrior.sdf.gz
C[NH+](C)CCNCC[NH+](C)C,11,159.277,datawarrior.sdf.gz
CN(C)CCNCC[NH+](C)C,11,159.277,datawarrior.sdf.gz
N#CCCC([N+](=O)[O-])[N+](=O)[O-],11,159.101,datawarrior.sdf.gz
CC(=N\O)/C(CN(C)C)=N\O,11,159.18900000000002,datawarrior.sdf.gz
C[NH+](C)CCNC(=O)/C=N/O,11,159.189,datawarrior.sdf.gz
CN(C)CCNC(=O)/C=N/[O-],11,159.189,datawarrior.sdf.gz
C[NH2+]CCCNC(=O)/C=N/O,11,159.18900000000002,datawarrior.sdf.gz
CNCCCNC(=O)/C=N/[O-],11,159.18900000000002,datawarrior.sdf.gz
CC(=N\O)/C(CN(C)C)=N\[O-],11,159.189,datawarrior.sdf.gz
CC(=O)N=C(N(C)C)N(C)C,11,157.21699999999998,datawarrior.sdf.gz
CCCCNCC/C(N)=N/O,11,159.23299999999998,datawarrior.sdf.gz
CCCC[NH2+]CC/C(N)=N/O,11,159.23299999999998,datawarrior.sdf.gz
C1CCC2(CC1)N1CCCN12,11,152.24099999999999,datawarrior.sdf.gz
CN1[C@@H]2C[C@@H]3C[C@H]1[C@@H](O)[C@H]2O3,11,155.19699999999997,datawarrior.sdf.gz
Fc1cc(F)c(F)c(S)c1F,11,182.141,datawarrior.sdf.gz
O=C(O)[C@@H]1CC[C@H](C(=O)O)C1,11,158.15300000000002,datawarrior.sdf.gz
O=C(O)C1(C(=O)O)CCCC1,11,158.153,datawarrior.sdf.gz
O=C([O-])[C@@H]1CC[C@H](C(=O)O)C1,11,158.15300000000002,datawarrior.sdf.gz
O=C([O-])C1(C(=O)O)CCCC1,11,158.153,datawarrior.sdf.gz
O=S(=O)(O)c1ccc(O)cc1,11,174.177,datawarrior.sdf.gz
CC1SC(C)(C(=O)O)OC1=O,11,176.19299999999998,datawarrior.sdf.gz
O=C(O)[C@@H]1CC[C@H](C(=O)O)S1,11,176.193,datawarrior.sdf.gz
O=C(O)[C@@H]1CC[C@@H](C(=O)O)S1,11,176.193,datawarrior.sdf.gz
O=C(O)[C@@H]1CC[C@H](C(=O)O)[Se]1,11,223.08599999999996,datawarrior.sdf.gz
O=C(O)[C@@H]1CC[C@@H](C(=O)O)[Se]1,11,223.08599999999996,datawarrior.sdf.gz
O=S(=O)([O-])c1ccc(O)cc1,11,174.177,datawarrior.sdf.gz
O=C(O)[C@@H]1CC[C@H](C(=O)[O-])[Se]1,11,223.08599999999996,datawarrior.sdf.gz
O=C([O-])[C@@H]1CC[C@@H](C(=O)O)[Se]1,11,223.08599999999996,datawarrior.sdf.gz
O=C(O)/C=C\c1ccccc1,11,148.161,datawarrior.sdf.gz
O=C(O)CCC1CCCCC1,11,156.22499999999997,datawarrior.sdf.gz
O=C(O)C#Cc1ccccc1,11,146.14499999999998,datawarrior.sdf.gz
O=C(O)C1=C/C=C\C=C/C=C\1,11,148.16099999999997,datawarrior.sdf.gz
Cc1cc(C)cc(C(=O)O)c1,11,150.17699999999996,datawarrior.sdf.gz
Cc1ccc(C(=O)O)cc1C,11,150.17699999999996,datawarrior.sdf.gz
CCc1ccccc1C(=O)O,11,150.177,datawarrior.sdf.gz
Cc1cccc(C(=O)O)c1C,11,150.177,datawarrior.sdf.gz
Cc1ccc(C)c(C(=O)O)c1,11,150.177,datawarrior.sdf.gz
Cc1cccc(C)c1C(=O)O,11,150.177,datawarrior.sdf.gz
CC1CCCC(C)C1C(=O)O,11,156.225,datawarrior.sdf.gz
Cc1ccc(C(=O)O)c(C)c1,11,150.17699999999996,datawarrior.sdf.gz
CC1C(=O)CC(C)(C)CC1=O,11,154.209,datawarrior.sdf.gz
O=C(O)c1ccc(Cl)cc1Cl,11,191.01299999999998,datawarrior.sdf.gz
OB(O)CCc1ccccc1,11,149.986,datawarrior.sdf.gz
O=C(O)CSc1ccccc1,11,168.21699999999998,datawarrior.sdf.gz
CSc1ccccc1C(=O)O,11,168.21699999999998,datawarrior.sdf.gz
O=C(O)C[Se]c1ccccc1,11,215.11,datawarrior.sdf.gz
Cc1cccc(C(=O)O)c1Cl,11,170.59499999999997,datawarrior.sdf.gz
Cc1cccc(C(=O)O)c1I,11,262.046,datawarrior.sdf.gz
Cc1cccc(C(=O)O)c1Br,11,215.046,datawarrior.sdf.gz
CC1(C)CC(=O)C(Br)C(=O)C1,11,219.07799999999995,datawarrior.sdf.gz
Cc1ccc(=O)c(O)c(Br)c1,11,215.046,datawarrior.sdf.gz
Cc1ccc(Br)c(O)c(=O)c1,11,215.046,datawarrior.sdf.gz
COc1ccc(C(=O)S)cc1,11,168.21699999999996,datawarrior.sdf.gz
CC(=O)CC(=O)c1ccc[se]1,11,215.10999999999996,datawarrior.sdf.gz
CC(C)c1csc(C(=O)O)c1,11,170.23299999999998,datawarrior.sdf.gz
O=C(O)C(F)c1ccccc1,11,154.14,datawarrior.sdf.gz
O=S(O)CCc1ccccc1,11,170.233,datawarrior.sdf.gz
O=C(O)CCCc1cccs1,11,170.233,datawarrior.sdf.gz
CSc1ccc(C(=O)O)cc1,11,168.21699999999996,datawarrior.sdf.gz
O=C(O)c1ccc(CCl)cc1,11,170.59499999999997,datawarrior.sdf.gz
Cc1ccc(Cl)cc1C(=O)O,11,170.59499999999997,datawarrior.sdf.gz
Cc1cc(Cl)ccc1C(=O)O,11,170.59499999999997,datawarrior.sdf.gz
Cc1cccc(Cl)c1C(=O)O,11,170.59499999999997,datawarrior.sdf.gz
Cc1ccc(C(=O)O)cc1Cl,11,170.59499999999997,datawarrior.sdf.gz
Cc1cc(C(=O)O)ccc1Cl,11,170.59499999999997,datawarrior.sdf.gz
Cc1c(Cl)cccc1C(=O)O,11,170.59499999999997,datawarrior.sdf.gz
Cc1ccc(I)cc1C(=O)O,11,262.046,datawarrior.sdf.gz
Cc1cc(I)ccc1C(=O)O,11,262.046,datawarrior.sdf.gz
Cc1cccc(I)c1C(=O)O,11,262.046,datawarrior.sdf.gz
Cc1c(I)cccc1C(=O)O,11,262.046,datawarrior.sdf.gz
Cc1ccc(Br)cc1C(=O)O,11,215.04599999999996,datawarrior.sdf.gz
Cc1cccc(Br)c1C(=O)O,11,215.046,datawarrior.sdf.gz
Cc1cc(O)c(=O)ccc1Br,11,215.046,datawarrior.sdf.gz
Cc1ccc(C(=O)O)cc1Br,11,215.046,datawarrior.sdf.gz
Cc1cc(C(=O)O)ccc1Br,11,215.046,datawarrior.sdf.gz
Cc1c(Br)cccc1C(=O)O,11,215.046,datawarrior.sdf.gz
COC(=O)c1ccccc1S,11,168.21699999999996,datawarrior.sdf.gz
Cc1ccc(C(=O)O)c(Cl)c1,11,170.59499999999997,datawarrior.sdf.gz
Cc1ccc(Cl)c(C(=O)O)c1,11,170.59499999999997,datawarrior.sdf.gz
Cc1ccc(C(=O)O)c(I)c1,11,262.046,datawarrior.sdf.gz
Cc1ccc(I)c(C(=O)O)c1,11,262.046,datawarrior.sdf.gz
Cc1ccc(C(=O)O)c(Br)c1,11,215.046,datawarrior.sdf.gz
Cc1ccc(Br)c(C(=O)O)c1,11,215.046,datawarrior.sdf.gz
C=C(C)C1=C(O)CC(C)CC1,11,152.23699999999997,datawarrior.sdf.gz
Cc1cc(O)ccc1[S+](C)C,11,169.26899999999998,datawarrior.sdf.gz
CC1(C)C(=O)CC(=O)CC1=O,11,154.16499999999996,datawarrior.sdf.gz
CC(=O)c1ccc(O)c(O)c1,11,152.14899999999997,datawarrior.sdf.gz
COc1cccc(=O)c(O)c1,11,152.14899999999997,datawarrior.sdf.gz
COc1ccc(O)c(=O)cc1,11,152.14899999999997,datawarrior.sdf.gz
COc1ccccc(=O)c1O,11,152.14899999999997,datawarrior.sdf.gz
COc1cccc(C(=O)O)c1,11,152.14899999999997,datawarrior.sdf.gz
Cc1ccc(C(=O)O)cc1O,11,152.14899999999997,datawarrior.sdf.gz
O=C(O)C1(O)CCCCCC1,11,158.19699999999997,datawarrior.sdf.gz
O=C(O)C(=O)c1ccccc1,11,150.13299999999998,datawarrior.sdf.gz
O=C(O)C(O)c1ccccc1,11,152.149,datawarrior.sdf.gz
OC(O)=C(O)c1ccccc1,11,152.14899999999997,datawarrior.sdf.gz
Cc1cc(C(=O)O)ccc1O,11,152.14899999999997,datawarrior.sdf.gz
O=C(O)c1ccc(CO)cc1,11,152.14899999999997,datawarrior.sdf.gz
O=Cc1ccccc1C(=O)O,11,150.13299999999998,datawarrior.sdf.gz
O=C(O)c1ccccc1CO,11,152.149,datawarrior.sdf.gz
Cc1ccc(O)cc1C(=O)O,11,152.149,datawarrior.sdf.gz
Cc1cc(O)ccc1C(=O)O,11,152.14899999999997,datawarrior.sdf.gz
COc1ccccc1C(=O)O,11,152.14899999999997,datawarrior.sdf.gz
CCC1C(=O)C=C(C)OC1=O,11,154.165,datawarrior.sdf.gz
COc1ccc(C(=O)O)cc1,11,152.14899999999997,datawarrior.sdf.gz
Cc1c(O)cccc1C(=O)O,11,152.149,datawarrior.sdf.gz
COCC1=C(C(=O)O)CCC1,11,156.181,datawarrior.sdf.gz
O=C(O)c1cccc(=O)cc1,11,150.13299999999998,datawarrior.sdf.gz
O=C(O)c1cccccc1=O,11,150.13299999999998,datawarrior.sdf.gz
CCOC(=O)C1CCCC1=O,11,156.18099999999998,datawarrior.sdf.gz
CC1(C)C(=O)[CH-]C(=O)CC1=O,11,154.16499999999996,datawarrior.sdf.gz
O=S(=O)(O)c1ccc(Br)cc1,11,237.07399999999998,datawarrior.sdf.gz
COc1ccc(B(O)O)cc1,11,151.958,datawarrior.sdf.gz
O=Cc1cccc(B(O)O)c1,11,149.94199999999998,datawarrior.sdf.gz
O=Cc1ccccc1B(O)O,11,149.94199999999998,datawarrior.sdf.gz
CS(=O)(=O)c1ccc(O)cc1,11,172.20499999999998,datawarrior.sdf.gz
Cc1cccc(S(=O)(=O)O)c1,11,172.20499999999998,datawarrior.sdf.gz
CC(=O)c1ccc(C(=O)O)s1,11,170.18899999999996,datawarrior.sdf.gz
CCn1nnc(CC(=O)O)n1,11,156.145,datawarrior.sdf.gz
CCn1nnnc1CC(=O)O,11,156.145,datawarrior.sdf.gz
[NH3+]C(Cc1nc[nH]n1)C(=O)[O-],11,156.14500000000004,datawarrior.sdf.gz
NC(Cc1nc[n-]n1)C(=O)[O-],11,156.14500000000004,datawarrior.sdf.gz
[NH3+]C(Cc1nc[nH]n1)C(=O)O,11,156.14500000000004,datawarrior.sdf.gz
NC(=O)C(N)Cc1c[nH]cn1,11,154.17300000000003,datawarrior.sdf.gz
NC(=O)C([NH3+])Cc1c[nH]cn1,11,154.17300000000003,datawarrior.sdf.gz
CN(C)c1ccc(C#N)cc1,11,146.19299999999998,datawarrior.sdf.gz
Cc1cc(C)c(CN)cc1N,11,150.225,datawarrior.sdf.gz
NCCCCc1ccncc1,11,150.225,datawarrior.sdf.gz
NCCCCc1cccnc1,11,150.22499999999997,datawarrior.sdf.gz
NCCCCc1ccccn1,11,150.225,datawarrior.sdf.gz
CN(C)/C=N/c1ccccc1,11,148.209,datawarrior.sdf.gz
NCCNCc1ccccc1,11,150.225,datawarrior.sdf.gz
[NH3+]CCCCc1ccncc1,11,150.225,datawarrior.sdf.gz
[NH3+]CCCCc1cccnc1,11,150.22499999999997,datawarrior.sdf.gz
[NH3+]CCCCc1ccccn1,11,150.225,datawarrior.sdf.gz
Cc1cc(C)c(C[NH3+])cc1N,11,150.22499999999994,datawarrior.sdf.gz
NCC[NH2+]Cc1ccccc1,11,150.225,datawarrior.sdf.gz
NC(=S)Nc1cccc(Cl)c1,11,186.66699999999997,datawarrior.sdf.gz
NC(=S)Nc1ccc(Cl)cc1,11,186.66699999999997,datawarrior.sdf.gz
NC(=S)Nc1ccc(Br)cc1,11,231.118,datawarrior.sdf.gz
NC(=S)NCc1ccccc1,11,166.24900000000002,datawarrior.sdf.gz
CSC(=N)Nc1ccccc1,11,166.249,datawarrior.sdf.gz
O=C([O-])c1nc[nH]c1C(=O)[O-],11,156.097,datawarrior.sdf.gz
O=C(O)c1[nH]c[nH+]c1C(=O)[O-],11,156.097,datawarrior.sdf.gz
NC(=O)c1ccc(N)cc1O,11,152.15299999999996,datawarrior.sdf.gz
O=NCC(=O)c1cccnc1,11,150.137,datawarrior.sdf.gz
O=NCC(=O)c1ccncc1,11,150.13699999999997,datawarrior.sdf.gz
O/N=C1\CCCCC\C1=N/O,11,156.18499999999997,datawarrior.sdf.gz
O=N/C(=N/O)c1ccccc1,11,150.13699999999997,datawarrior.sdf.gz
O/N=C(/NO)c1ccccc1,11,152.153,datawarrior.sdf.gz
CC(=O)OCCc1c[nH]cn1,11,154.169,datawarrior.sdf.gz
NCc1ccccc1[N+](=O)[O-],11,152.153,datawarrior.sdf.gz
Cc1ccc(N[N+](=O)[O-])cc1,11,152.15299999999996,datawarrior.sdf.gz
[O-]/N=C1\CCCCC\C1=N/O,11,156.18499999999997,datawarrior.sdf.gz
COC(=O)[n+]1ccc(N)cc1,11,153.16099999999997,datawarrior.sdf.gz
O=C([O-])CCCc1c[nH]cn1,11,154.16900000000004,datawarrior.sdf.gz
O=C(O)CCCc1c[nH]c[nH+]1,11,154.16900000000004,datawarrior.sdf.gz
CCOC(=O)c1cnc(N)s1,11,172.20899999999997,datawarrior.sdf.gz
Nc1ccccc1S(N)(=O)=O,11,172.209,datawarrior.sdf.gz
Nc1ccc([N+](=O)[O-])c(F)c1,11,156.11599999999999,datawarrior.sdf.gz
Nc1ccc(Cl)cc1[N+](=O)[O-],11,172.57099999999997,datawarrior.sdf.gz
C=CCc1c(C)nn(C)c1O,11,152.197,datawarrior.sdf.gz
NCC(=O)Nc1ccccc1,11,150.181,datawarrior.sdf.gz
CCNC(=O)c1ccccn1,11,150.181,datawarrior.sdf.gz
CCNC(=O)C1CCCCN1,11,156.22899999999998,datawarrior.sdf.gz
N/C(Cc1ccccc1)=N\O,11,150.18099999999998,datawarrior.sdf.gz
Cc1ccc(/C(N)=N/O)cc1,11,150.18099999999995,datawarrior.sdf.gz
Cc1ccccc1/C(N)=N/O,11,150.18099999999998,datawarrior.sdf.gz
COc1ccc(N)cc1CN,11,152.19699999999995,datawarrior.sdf.gz
COc1ccc(CN)cc1N,11,152.19699999999997,datawarrior.sdf.gz
CCCc1c(C)[nH][n+](C)c1[O-],11,155.22099999999998,datawarrior.sdf.gz
Cc1cc(N(C)C)cc[n+]1O,11,153.20499999999998,datawarrior.sdf.gz
COc1ccc(N)cc1C[NH3+],11,152.19699999999995,datawarrior.sdf.gz
COc1ccc(C[NH3+])cc1N,11,152.19699999999997,datawarrior.sdf.gz
CSc1nc(C)cc(=O)n1C,11,170.237,datawarrior.sdf.gz
CCSc1nccc(O)[n+]1C,11,171.245,datawarrior.sdf.gz
Nc1ccc(O)c([N+](=O)[O-])c1,11,154.12499999999997,datawarrior.sdf.gz
O=[N+]([O-])c1ccc(NO)cc1,11,154.12499999999997,datawarrior.sdf.gz
O=C([O-])[C@@H](O)Cc1c[nH]cn1,11,156.14100000000002,datawarrior.sdf.gz
O=C(O)[C@@H](O)Cc1c[nH]c[nH+]1,11,156.14100000000002,datawarrior.sdf.gz
CCNc1nc(N)nc(N)n1,11,154.177,datawarrior.sdf.gz
CCN(c1nnn[nH]1)[N+](=O)[O-],11,158.121,datawarrior.sdf.gz
CCn1nnnc1N[N+](=O)[O-],11,158.121,datawarrior.sdf.gz
CC(C)[C@H]1CC[C@H](C)C[C@@H]1N,11,155.28499999999997,datawarrior.sdf.gz
CC(N)CCc1ccccc1,11,149.237,datawarrior.sdf.gz
CCNCc1ccc(C)cc1,11,149.23699999999997,datawarrior.sdf.gz
CNC(C)Cc1ccccc1,11,149.237,datawarrior.sdf.gz
CC(C)(C)NC1CCCCC1,11,155.28499999999997,datawarrior.sdf.gz
Cc1ccccc1CN(C)C,11,149.237,datawarrior.sdf.gz
CCCCN1CCCCC1C,11,155.285,datawarrior.sdf.gz
Cc1cccc(NCCS)c1,11,167.277,datawarrior.sdf.gz
Cc1ccc(NCCS)cc1,11,167.27699999999996,datawarrior.sdf.gz
Cc1ccccc1NCCS,11,167.277,datawarrior.sdf.gz
[S-]CCNCc1ccccc1,11,167.277,datawarrior.sdf.gz
SCC[NH2+]Cc1ccccc1,11,167.277,datawarrior.sdf.gz
O=[N+]([O-])c1ccc(O)c(O)c1,11,155.10899999999998,datawarrior.sdf.gz
O=[N+]([O-])c1cc(O)ccc1O,11,155.10899999999998,datawarrior.sdf.gz
O=[N+]([O-])c1cccc(O)c1O,11,155.10899999999998,datawarrior.sdf.gz
O=[N+]([O-])c1ccc([O-])c(O)c1,11,155.10899999999998,datawarrior.sdf.gz
O=[N+]([O-])c1cc(O)ccc1[O-],11,155.10899999999998,datawarrior.sdf.gz
O=[N+]([O-])c1cccc(O)c1[O-],11,155.10899999999998,datawarrior.sdf.gz
O=C(O)c1cc([N+](=O)[O-])cs1,11,173.14899999999997,datawarrior.sdf.gz
O=C(O)c1sccc1[N+](=O)[O-],11,173.149,datawarrior.sdf.gz
O=C(O)c1csc([N+](=O)[O-])c1,11,173.14899999999997,datawarrior.sdf.gz
Cc1ncc(CO)c(C)c1O,11,153.18099999999998,datawarrior.sdf.gz
NCCc1cccc(O)c1O,11,153.18099999999995,datawarrior.sdf.gz
NCC(=O)c1ccc(O)cc1,11,151.165,datawarrior.sdf.gz
O=C(/C=N/O)c1ccccc1,11,149.149,datawarrior.sdf.gz
N#C[C@H]1CCCC[C@@H]1C(=O)O,11,153.18099999999998,datawarrior.sdf.gz
COc1ccc(/C=N/O)cc1,11,151.16499999999996,datawarrior.sdf.gz
CC1=CC(=O)C=C(C)C1=NO,11,151.165,datawarrior.sdf.gz
COc1cccc(/C=N/O)c1,11,151.16499999999996,datawarrior.sdf.gz
COc1ccccc1/C=N/O,11,151.16499999999996,datawarrior.sdf.gz
Cc1cnc(C)c(O)c1C=O,11,151.16499999999996,datawarrior.sdf.gz
CC(=O)CCN1CCOCC1,11,157.213,datawarrior.sdf.gz
O=[N+]([O-])CCc1ccccc1,11,151.165,datawarrior.sdf.gz
Cc1cccc(C[N+](=O)[O-])c1,11,151.165,datawarrior.sdf.gz
Cc1ccccc1C[N+](=O)[O-],11,151.165,datawarrior.sdf.gz
CC(c1ccccc1)[N+](=O)[O-],11,151.165,datawarrior.sdf.gz
C[N+]1(CC(=O)O)CCCCC1,11,158.22099999999998,datawarrior.sdf.gz
O=C([O-])CN=C1CCCCC1,11,155.19699999999997,datawarrior.sdf.gz
Nc1ccc(CC(=O)[O-])cc1,11,151.16499999999996,datawarrior.sdf.gz
NCc1ccc(C(=O)[O-])cc1,11,151.16499999999996,datawarrior.sdf.gz
[NH3+]c1ccc(CC(=O)O)cc1,11,151.16499999999996,datawarrior.sdf.gz
[NH3+]Cc1ccc(C(=O)O)cc1,11,151.16499999999996,datawarrior.sdf.gz
Cc1cccc([NH3+])c1C(=O)O,11,151.165,datawarrior.sdf.gz
CCC1(CC)SC(=O)NC1=O,11,173.237,datawarrior.sdf.gz
O=[N+]([O-])Cc1cccc(Cl)c1,11,171.58299999999997,datawarrior.sdf.gz
O=[N+]([O-])CSc1ccccc1,11,169.20499999999998,datawarrior.sdf.gz
CCC[C@H]1NC(C(=O)[O-])CS1,11,175.253,datawarrior.sdf.gz
CN(C)Cc1ccccc1O,11,151.20899999999997,datawarrior.sdf.gz
Cc1ccc(N(C)CO)cc1,11,151.20899999999995,datawarrior.sdf.gz
COc1ccc(CCN)cc1,11,151.20899999999997,datawarrior.sdf.gz
NCCCc1ccccc1O,11,151.20899999999997,datawarrior.sdf.gz
CNCC(O)c1ccccc1,11,151.20899999999997,datawarrior.sdf.gz
Cc1ccc(C(O)CN)cc1,11,151.20899999999997,datawarrior.sdf.gz
C[C@H](N)[C@H](O)c1ccccc1,11,151.209,datawarrior.sdf.gz
O/N=C\C=C\c1ccccc1,11,147.177,datawarrior.sdf.gz
O/N=C/C=C/c1ccccc1,11,147.177,datawarrior.sdf.gz
NCCC(=O)c1ccccc1,11,149.19299999999996,datawarrior.sdf.gz
C[NH+](C)Cc1ccc(O)cc1,11,151.209,datawarrior.sdf.gz
C[NH+](C)Cc1cccc(O)c1,11,151.209,datawarrior.sdf.gz
C[N+](C)(C)c1ccccc1O,11,152.21699999999998,datawarrior.sdf.gz
CCN1CC(O[Si](C)(C)C)C1,11,173.33199999999997,datawarrior.sdf.gz
NCC(O)c1ccc(Cl)cc1,11,171.62699999999995,datawarrior.sdf.gz
N#Cc1ccc(C(=O)S)cc1,11,163.20099999999996,datawarrior.sdf.gz
CN(CO)c1ccc(Cl)cc1,11,171.62699999999998,datawarrior.sdf.gz
CC(=O)Nc1ccc(S)cc1,11,167.23299999999998,datawarrior.sdf.gz
O=C(O)c1ccc([N+](=O)[O-])o1,11,157.081,datawarrior.sdf.gz
O=Cc1cccnc1C(=O)O,11,151.12099999999998,datawarrior.sdf.gz
CC(=O)N1CCC[C@H]1C(=O)O,11,157.169,datawarrior.sdf.gz
O/N=C/c1ccc(O)cc1O,11,153.13699999999997,datawarrior.sdf.gz
COc1cccnc1C(O)O,11,155.153,datawarrior.sdf.gz
CCC1(CC)OC(=O)NC1=O,11,157.16899999999998,datawarrior.sdf.gz
COc1cnccc1C(O)O,11,155.153,datawarrior.sdf.gz
CC1(C)CCC(C(=O)O)=[N+]1[O-],11,157.169,datawarrior.sdf.gz
Cc1cc([N+](=O)[O-])ccc1O,11,153.13699999999997,datawarrior.sdf.gz
Cc1cc(O)ccc1[N+](=O)[O-],11,153.13699999999997,datawarrior.sdf.gz
Cc1nc(C(=O)[O-])ccc1O,11,153.137,datawarrior.sdf.gz
CC(=O)N1CSC[C@H]1C(=O)O,11,175.20899999999997,datawarrior.sdf.gz
O=[N+]([O-])c1cc(Cl)ccc1O,11,173.55499999999998,datawarrior.sdf.gz
O=[N+]([O-])c1ccccc1[Se]O,11,218.07,datawarrior.sdf.gz
CC(C)N1CCC(NN)CC1,11,157.261,datawarrior.sdf.gz
CC(C)[NH+]1CCC(NN)CC1,11,157.261,datawarrior.sdf.gz
O=C1NC(=O)C(=NO)C(=O)N1,11,157.08499999999998,datawarrior.sdf.gz
O=[N+]([O-])c1cnc([O-])nc1[O-],11,157.08499999999998,datawarrior.sdf.gz
O=C1[N-]C(=O)/C(=N/O)C(=O)N1,11,157.08499999999998,datawarrior.sdf.gz
O=[N+]([O-])c1cnc([O-])[nH+]c1[O-],11,157.08499999999998,datawarrior.sdf.gz
[NH3+][C@@H](Cc1c[nH+]c[nH]1)C(=O)O,11,155.157,datawarrior.sdf.gz
[NH3+]C(Cc1c[nH]c[nH+]1)C(=O)O,11,155.15700000000004,datawarrior.sdf.gz
[NH3+][C@@H](Cc1c[nH]c[nH+]1)C(=O)O,11,155.15700000000004,datawarrior.sdf.gz
[NH3+]C(Cc1c[nH]cn1)C(=O)[O-],11,155.15700000000004,datawarrior.sdf.gz
[NH3+][C@@H](Cc1c[nH]cn1)C(=O)[O-],11,155.15700000000004,datawarrior.sdf.gz
[NH3+]C(Cc1cnc[nH]1)C(=O)[O-],11,155.157,datawarrior.sdf.gz
[NH3+][C@@H](Cc1cnc[nH]1)C(=O)[O-],11,155.157,datawarrior.sdf.gz
[NH3+][C@@H](Cn1cccn1)C(=O)O,11,155.15700000000004,datawarrior.sdf.gz
NC(Cc1c[nH]cn1)C(=O)[O-],11,155.15700000000004,datawarrior.sdf.gz
N[C@@H](Cc1c[nH]cn1)C(=O)[O-],11,155.15700000000004,datawarrior.sdf.gz
NC(Cc1cnc[nH]1)C(=O)[O-],11,155.157,datawarrior.sdf.gz
N[C@@H](Cc1cnc[nH]1)C(=O)[O-],11,155.157,datawarrior.sdf.gz
CN(C)c1ncc([N+](=O)[O-])s1,11,173.197,datawarrior.sdf.gz
NNC(=O)c1ccc(N)cc1,11,151.16899999999998,datawarrior.sdf.gz
NNC(=O)c1cccc(N)c1,11,151.16899999999998,datawarrior.sdf.gz
NNC(=O)c1ccccc1N,11,151.169,datawarrior.sdf.gz
N/C(=N\O)c1ccccc1N,11,151.169,datawarrior.sdf.gz
CN(C)c1cc[n+](C)c([O-])n1,11,154.19299999999998,datawarrior.sdf.gz
NNC(=O)c1ccc([NH3+])cc1,11,151.16899999999998,datawarrior.sdf.gz
NNC(=O)c1cccc([NH3+])c1,11,151.16899999999998,datawarrior.sdf.gz
NNC(=O)c1ccccc1[NH3+],11,151.169,datawarrior.sdf.gz
N/C(=[NH+]\O)c1ccccc1N,11,151.169,datawarrior.sdf.gz
NC12CCC(C1)C2,7,97.161,datawarrior.sdf.gz
CCCCCCP(=O)(O)CCCCCC,15,234.31999999999994,datawarrior.sdf.gz
CCCC(C(CC)CO)C(CC)C(=O)O,15,216.32099999999997,datawarrior.sdf.gz
CC#CC#CC=C=C[C@@H](O)CCC(=O)O,15,204.22499999999997,datawarrior.sdf.gz
C=CC(=O)NC(C)(C)CCN(CC)CC,15,212.33699999999996,datawarrior.sdf.gz
CCN(CC)CCOCCN(CC)CC,15,216.36899999999997,datawarrior.sdf.gz
CCN(CC)CCOCC[NH+](CC)CC,15,216.36899999999997,datawarrior.sdf.gz
CCCCCCCCCCCCCCN,15,213.40899999999993,datawarrior.sdf.gz
C=CCC(C)(CN(CC)CC)OC(C)=O,15,213.32099999999994,datawarrior.sdf.gz
C=CCN(CC=C)CCOC(=O)C(=C)C,15,209.28899999999996,datawarrior.sdf.gz
C=C(C)C(=O)OCCN(C(C)C)C(C)C,15,213.321,datawarrior.sdf.gz
CCC(O)CN(CC(O)CC)C(C)(C)C,15,217.35299999999995,datawarrior.sdf.gz
CCCCCCN(CCO)CC(O)CC,15,217.35299999999992,datawarrior.sdf.gz
CCCCCN(CC(C)O)CC(O)CC,15,217.35299999999995,datawarrior.sdf.gz
CCCCCCN(CC(C)O)CC(C)O,15,217.35299999999995,datawarrior.sdf.gz
NCCCCCC#CC#CCCC(=O)[O-],15,207.27299999999994,datawarrior.sdf.gz
[NH3+]CCCCCCCCCCCC(=O)O,15,215.33699999999993,datawarrior.sdf.gz
[NH3+]CCCCCC#CC#CCCC(=O)O,15,207.27299999999994,datawarrior.sdf.gz
NC(=O)C[C@H](NC(=O)[C@@H](N)CS)C(=O)O,15,235.265,datawarrior.sdf.gz
C[NH+](C)CCCCCCNC(=O)/C=N/O,15,215.29699999999997,datawarrior.sdf.gz
CN(C)CCCCCCNC(=O)/C=N/[O-],15,215.29699999999997,datawarrior.sdf.gz
Cc1cc(C(C)(C)C)cc(C)c1C(=O)O,15,206.28499999999997,datawarrior.sdf.gz
CC(=O)C(Cc1ccc(Cl)cc1)C(C)=O,15,224.68699999999995,datawarrior.sdf.gz
O=C(CC(=O)C(F)(F)F)c1ccccc1,15,216.15800000000002,datawarrior.sdf.gz
CCc1ccc(C(=O)/C=C/C(=O)O)cc1,15,204.225,datawarrior.sdf.gz
CCCCCOc1ccc(C(=O)O)cc1,15,208.25699999999992,datawarrior.sdf.gz
CCOC(=O)CC(=O)c1ccc(C)cc1,15,206.241,datawarrior.sdf.gz
CC(C)(/C=C/C(=O)[O-])c1ccccc1O,15,206.241,datawarrior.sdf.gz
N#CC(C#N)=C(C#N)NC1CCCCC1,15,200.24499999999995,datawarrior.sdf.gz
Cc1ccc(C)c(NN=C(C#N)C#N)c1,15,198.229,datawarrior.sdf.gz
Cc1cccc(C)c1NN=C(C#N)C#N,15,198.229,datawarrior.sdf.gz
N#CC(C#N)=NNc1c(Cl)cccc1Cl,15,239.06499999999997,datawarrior.sdf.gz
N#CC(C#N)=NNc1cccc(Cl)c1Cl,15,239.065,datawarrior.sdf.gz
[NH3+]CC(=O)N[C@@H](Cc1c[nH]cn1)C(=O)[O-],15,212.209,datawarrior.sdf.gz
[NH3+]CC(=O)N[C@@H](Cc1c[nH]c[nH+]1)C(=O)O,15,212.209,datawarrior.sdf.gz
[NH3+][C@@H](Cc1c[nH]cn1)C(=O)NCC(=O)[O-],15,212.20900000000006,datawarrior.sdf.gz
[NH3+]C(Cc1cnc[nH]1)C(=O)NCC(=O)[O-],15,212.20900000000006,datawarrior.sdf.gz
[NH3+][C@@H](Cc1c[nH]c[nH+]1)C(=O)NCC(=O)O,15,212.20900000000006,datawarrior.sdf.gz
NCC(=O)N[C@@H](Cc1c[nH]cn1)C(=O)[O-],15,212.209,datawarrior.sdf.gz
N[C@@H](Cc1c[nH]cn1)C(=O)NCC(=O)[O-],15,212.20900000000006,datawarrior.sdf.gz
Cc1cnc([C@@H](O)[C@H](O)[C@H](O)CO)cn1,15,214.22099999999995,datawarrior.sdf.gz
NCCC(=O)Oc1ccc([N+](=O)[O-])cc1,15,210.18899999999994,datawarrior.sdf.gz
CCCCC1(CC)C(=O)NC(=S)NC1=O,15,228.31699999999992,datawarrior.sdf.gz
CCN(CC)S(=O)(=O)c1ccc(N)cc1,15,228.317,datawarrior.sdf.gz
CCCCC1(CC)C(=O)[N-]C(=S)NC1=O,15,228.31699999999992,datawarrior.sdf.gz
CCNCC(=O)Nc1c(C)cccc1C,15,206.28900000000002,datawarrior.sdf.gz
CCN(CC)CC(=O)Nc1ccccc1,15,206.289,datawarrior.sdf.gz
CCN(CC)CC(=O)NC1CCCCC1,15,212.33699999999996,datawarrior.sdf.gz
Cc1cccc(C)c1NC(=O)CN(C)C,15,206.28900000000002,datawarrior.sdf.gz
CC(C)Cc1cnc(CC(C)C)c(O)[nH+]1,15,208.305,datawarrior.sdf.gz
C=C(C)[C@H]1C[NH2+][C@H](C(=O)O)[C@H]1CC(N)=O,15,212.24899999999997,datawarrior.sdf.gz
C=C(C)[C@H]1CN[C@H](C(=O)[O-])[C@H]1CC(N)=O,15,212.24899999999997,datawarrior.sdf.gz
N=C(N)Nc1nc(N)nc(NC(=N)N)n1,15,210.205,datawarrior.sdf.gz
N=C(N)Nc1nc(N)nc(NC(N)=[NH2+])n1,15,210.205,datawarrior.sdf.gz
CCNc1nc(NCC)nc(NCC)n1,15,210.28499999999997,datawarrior.sdf.gz
Nc1nc(N)nc(N(CCO)CCO)n1,15,214.229,datawarrior.sdf.gz
Nc1nc(NCCO)nc(NCCO)n1,15,214.22899999999998,datawarrior.sdf.gz
OCNc1nc(NCO)nc(NCO)n1,15,216.20100000000002,datawarrior.sdf.gz
CCCCCCNCc1ccc(C)cc1,15,205.34499999999994,datawarrior.sdf.gz
C=C(C)[C@@H]1C[NH2+][C@H](C(=O)[O-])[C@@H]1CC(=O)O,15,213.23299999999998,datawarrior.sdf.gz
C=C(C)[C@H]1C[NH2+][C@H](C(=O)[O-])[C@H]1CC(=O)O,15,213.23299999999998,datawarrior.sdf.gz
CC(C)[C@H]1C[NH2+][C@H](C(=O)[O-])[C@H]1CC(=O)O,15,215.249,datawarrior.sdf.gz
CC(C)C1CC(CC(=O)O)[NH2+]C1C(=O)[O-],15,215.24899999999997,datawarrior.sdf.gz
C=C(C)[C@@H]1CN[C@H](C(=O)[O-])[C@@H]1CC(=O)[O-],15,213.23299999999998,datawarrior.sdf.gz
CC(C)[C@H]1CN[C@H](C(=O)[O-])[C@H]1CC(=O)[O-],15,215.249,datawarrior.sdf.gz
CC(C)C1CC(CC(=O)[O-])NC1C(=O)[O-],15,215.24899999999997,datawarrior.sdf.gz
C/C=C(\C(=O)O)c1ccc([N+](=O)[O-])cc1,15,207.18499999999997,datawarrior.sdf.gz
C=C(C)[C@@H]1C[NH2+][C@H](C(=O)O)[C@@H]1CC(=O)O,15,213.23299999999998,datawarrior.sdf.gz
C=C(C)[C@H]1C[NH2+][C@H](C(=O)O)[C@H]1CC(=O)O,15,213.23299999999998,datawarrior.sdf.gz
CC(C)[C@H]1C[NH2+][C@H](C(=O)O)[C@H]1CC(=O)O,15,215.249,datawarrior.sdf.gz
CC(C)C1CC(CC(=O)O)[NH2+]C1C(=O)O,15,215.24899999999997,datawarrior.sdf.gz
O=C(O)C(CO)[NH2+]Cc1ccccc1O,15,211.217,datawarrior.sdf.gz
O=C([O-])C(CO)NCc1ccccc1O,15,211.217,datawarrior.sdf.gz
CCOP(=O)(CN1CCOCC1)OCC,15,237.23599999999993,datawarrior.sdf.gz
Cc1ccc(S(=O)(=O)NCC(=O)[O-])cc1,15,229.257,datawarrior.sdf.gz
COCCN(CCOC)c1ccccc1,15,209.28899999999996,datawarrior.sdf.gz
CNC(C)Cc1ccc(OC)c(OC)c1,15,209.289,datawarrior.sdf.gz
CC(C)(C)N1CCCC(=O)C(O)CCC1,15,213.32099999999997,datawarrior.sdf.gz
CCN(CC)Cc1cc(OC)ccc1O,15,209.28899999999996,datawarrior.sdf.gz
CC(C)CNCC(=O)c1ccc(O)cc1,15,207.27299999999997,datawarrior.sdf.gz
CCCCNCC(=O)c1ccc(O)cc1,15,207.27299999999994,datawarrior.sdf.gz
N#CC(CCCC(=O)O)c1ccccc1,15,203.241,datawarrior.sdf.gz
CC(C)(C(=O)O)C(C#N)c1ccccc1,15,203.241,datawarrior.sdf.gz
CC(C)NCC(O)COc1ccccc1,15,209.289,datawarrior.sdf.gz
CN(C)CCCC(=O)Oc1ccccc1,15,207.273,datawarrior.sdf.gz
CCOC(=O)CC(NC)c1ccccc1,15,207.27300000000002,datawarrior.sdf.gz
C[N+]1(CCCCCC(=O)O)CCCCC1,15,214.32899999999995,datawarrior.sdf.gz
CC(C)(C)[NH2+]CC(=O)c1ccc(O)cc1,15,207.27299999999997,datawarrior.sdf.gz
CC(c1cccc(C(F)(F)F)c1)[N+](=O)[O-],15,219.162,datawarrior.sdf.gz
CN(C)Cc1cc(C(C)(C)C)ccc1O,15,207.31699999999998,datawarrior.sdf.gz
CCCN(CCC)Cc1ccccc1O,15,207.31699999999992,datawarrior.sdf.gz
CC(C)N(Cc1ccccc1O)C(C)C,15,207.31699999999998,datawarrior.sdf.gz
CC(C)Cc1ccc(O)c(CN(C)C)c1,15,207.31699999999998,datawarrior.sdf.gz
CCN(CC)Cc1cc(Cl)cc(Cl)c1[O-],15,248.15299999999993,datawarrior.sdf.gz
CC[NH+](CC)Cc1cc(Cl)cc(Cl)c1O,15,248.15299999999993,datawarrior.sdf.gz
O=C(O)CNC(=O)c1cccc(O)c1O,15,211.173,datawarrior.sdf.gz
CC(O)[C@@H]1C[NH2+][C@H](C(=O)[O-])[C@H]1CC(=O)O,15,217.221,datawarrior.sdf.gz
CC(O)[C@@H]1CN[C@H](C(=O)[O-])[C@H]1CC(=O)[O-],15,217.221,datawarrior.sdf.gz
CCOC(=O)c1ccc(O)c([N+](=O)[O-])c1,15,211.17299999999994,datawarrior.sdf.gz
CC(=O)c1ccc([N+](=O)[O-])cc1C(=O)O,15,209.15699999999995,datawarrior.sdf.gz
CC(=O)c1cc([N+](=O)[O-])ccc1C(=O)O,15,209.15699999999995,datawarrior.sdf.gz
CC(=O)c1c(C(=O)O)cccc1[N+](=O)[O-],15,209.15699999999998,datawarrior.sdf.gz
CC(O)[C@@H]1C[NH2+][C@H](C(=O)O)[C@H]1CC(=O)O,15,217.221,datawarrior.sdf.gz
O=C([O-])CNC(=O)c1cccc(O)c1O,15,211.173,datawarrior.sdf.gz
COP(=O)(O)NS(=O)(=O)c1ccccc1,15,251.20000000000002,datawarrior.sdf.gz
CC(=O)NS(=O)(=O)c1ccsc1C(=O)O,15,249.26899999999998,datawarrior.sdf.gz
COP(=O)([O-])NS(=O)(=O)c1ccccc1,15,251.20000000000002,datawarrior.sdf.gz
NC(=O)C(CCC(=O)O)c1ccccc1,15,207.229,datawarrior.sdf.gz
C[S+](C)CC(=O)c1ccc([N+](=O)[O-])cc1,15,226.27700000000002,datawarrior.sdf.gz
CC(=O)ONc1cc(=O)n(C)c(=O)n1C,15,213.19299999999998,datawarrior.sdf.gz
CN(C)c1ccc(NC(=O)/C=N/O)cc1,15,207.233,datawarrior.sdf.gz
N#CC(C#N)Cc1ccc([N+](=O)[O-])cc1,15,201.18499999999997,datawarrior.sdf.gz
CC(=O)N(N=C(C)C)C1CCN(C)CC1,15,211.30899999999997,datawarrior.sdf.gz
CCCCc1c(C)nc(NCC)nc1[O-],15,209.29299999999995,datawarrior.sdf.gz
CCCCc1c(O)nc(NCC)[nH+]c1C,15,209.29299999999995,datawarrior.sdf.gz
COC(=O)[C@H](Cc1c[nH]cn1)NC(C)=O,15,211.22100000000003,datawarrior.sdf.gz
CCN(CC)CCCCCCCC(C)Nc1c2ccc(Cl)cc2nc2ccc(OC)cc12,32,456.07400000000047,datawarrior.sdf.gz
CC[NH+](CC)CCCCCCCC(C)Nc1c2ccc(Cl)cc2nc2ccc(OC)cc12,32,456.07400000000047,datawarrior.sdf.gz
COc1cc(S(C)(=O)=O)cc(C(=O)N[C@@H]2C[C@H]3CC[C@@H](C2)N3Cc2ccccc2)c1OC,32,458.5800000000002,datawarrior.sdf.gz
COc1cc(S(N)(=O)=O)cc(C(=O)N[C@@H]2C[C@H]3CC[C@@H](C2)N3Cc2ccccc2)c1OC,32,459.56800000000027,datawarrior.sdf.gz
C=Cc1c(C)c2cc3nc(c(CC(=O)OC)c4[nH]c(cc5nc(cc1[nH]2)C(C)=C5CC)c(C)c4C(=O)NCC)[C@@H](CCC(=O)OC)[C@@H]3C,48,651.8080000000002,datawarrior.sdf.gz
C=Cc1c(C)c2cc3[nH+]c(c(CC(=O)OC)c4[nH]c(cc5nc(cc1[nH]2)C(C)=C5CC)c(C)c4C(=O)NCC)[C@@H](CCC(=O)OC)[C@@H]3C,48,651.8080000000002,datawarrior.sdf.gz
CCCCCCCCCCCCCCCC[NH+](CCCCCCCCCCCCCCCC)CCn1ccnc1,40,560.0120000000005,datawarrior.sdf.gz
O=[N+]([O-])c1ccc2c(c1)C([P+](c1ccccc1)(c1ccccc1)c1ccccc1)c1ccccc1-2.[Br-],36,553.4160000000003,datawarrior.sdf.gz
CCCCN(C(=O)c1cccc(O)c1)c1ccc(/N=N/c2ccc3c(c2)OCCOCCOCCOCCOCCO3)cc1,44,607.7040000000001,datawarrior.sdf.gz
CCCCN(C(=O)c1ccc(O)cc1)c1ccc(/N=N/c2ccc3c(c2)OCCOCCOCCOCCOCCO3)cc1,44,607.7040000000001,datawarrior.sdf.gz
Oc1c(C(Nc2nc3ccccc3s2)c2ccccn2)ccc2cccnc12,28,384.4640000000001,datawarrior.sdf.gz
CC1/C(=N\O)C[C@@H]2N=C(c3ccccc3)O[C@@]13[C@@H]1OC(=O)[C@H](C)[C@H]1CC[C@]23C,28,382.46000000000004,datawarrior.sdf.gz
CC1/C(=N/O)C[C@@H]2N=C(c3ccccc3)O[C@@]13[C@@H]1OC(=O)[C@H](C)[C@H]1CC[C@]23C,28,382.46000000000004,datawarrior.sdf.gz
O=C(N[C@@H]1C[C@H]2CC[C@@H](C1)N2Cc1ccccc1)c1cccc2c1OCCO2,28,378.4720000000002,datawarrior.sdf.gz
CN1CC[C@]23c4c5ccc(OCc6ccccc6)c4O[C@H]2[C@@H](O)C=C[C@H]3[C@H]1C5,28,375.4680000000001,datawarrior.sdf.gz
CCCCCCCCCCCCCCCCN(CCCCCCCCCCCCCCCC)C(=O)[C@H](C)NC(=O)[C@H](Cc1c[nH]cn1)NC(=O)CCCCC[N+](C)(C)C.[Br-],60,911.2769999999989,datawarrior.sdf.gz
C=C1[C@@H]2CC3C4N5C[C@]6(C)C[C@@H](OC(C)=O)[C@H](OC(C)=O)[C@]47C6[C@@H]5C[C@]3([C@H]1OC(C)=O)[C@@]7(O)C2,34,471.5500000000003,datawarrior.sdf.gz
C[C@H](CCCNCc1ccccc1)[C@H]1CC[C@H]2[C@@H]3[C@H](O)C[C@@H]4C[C@H](O)CC[C@]4(C)[C@H]3CC[C@]12C,34,467.73800000000017,datawarrior.sdf.gz
C[C@H](CCCNCc1ccccc1)[C@H]1CC[C@H]2[C@@H]3[C@@H](O)C[C@@H]4C[C@H](O)CC[C@]4(C)[C@H]3CC[C@]12C,34,467.73800000000017,datawarrior.sdf.gz
C[C@H](CCCNCc1ccccc1)[C@H]1CC[C@H]2[C@@H]3CC[C@@H]4C[C@H](O)CC[C@]4(C)[C@H]3C[C@H](O)[C@]12C,34,467.7380000000002,datawarrior.sdf.gz
CCOCCn1c(CN2CCC[NH+](CCCCn3cc(C(=O)[O-])cn3)CC2)nc2ccccc21,34,468.60200000000026,datawarrior.sdf.gz
CCOCCn1c(CN2CCCN(CCCCn3cc(C(=O)[O-])cn3)CC2)nc2ccccc21,34,468.60200000000026,datawarrior.sdf.gz
CC1(C)O[C@@H]2CC(=O)OC[C@]23[C@@H]1CC(=O)[C@@]1(C)[C@H]3C[C@](C)(CC2CCOC2)C[C@]12O[C@H]2C(=O)O,34,476.5660000000004,datawarrior.sdf.gz
C/C=C(/C)C(=O)O[C@H]1CC[C@@]2(C)[C@@H]3CC[C@H]4[C@]5(O)C[C@H](O)[C@@]6(O)[C@@H](CN7C[C@@H](C)CC[C@H]7[C@@]6(C)O)[C@]5(O)C[C@@]42O[C@]13O,42,591.7420000000001,datawarrior.sdf.gz
CCN(CC)c1ccc(C(O)(c2ccccc2)c2ccc(N(CC)CC)cc2)cc1,30,402.5820000000003,datawarrior.sdf.gz
O=S(=O)([O-])c1ccc2c(/N=N/c3ccc4[nH]cnc4c3)c(O)c(S(=O)(=O)[O-])cc2c1,30,448.4380000000001,datawarrior.sdf.gz
COc1cc(OC)c(OC)c(C(=O)N[C@H]2C[C@H]3CC[C@@H](C2)N3Cc2ccccc2)c1,30,410.5140000000002,datawarrior.sdf.gz
CCOCCn1c(N2CCCN(CCCCn3cccn3)CC2)nc2ccccc21,30,410.5660000000002,datawarrior.sdf.gz
CCOCCn1c(CN2CCN(CCCCn3cccn3)CC2)nc2ccccc21,30,410.56600000000026,datawarrior.sdf.gz
CCOCCn1c(N2CCC[NH+](CCCCn3cccn3)CC2)nc2ccccc21,30,410.5660000000002,datawarrior.sdf.gz
CCOCCn1c(CN2CC[NH+](CCCCn3cccn3)CC2)nc2ccccc21,30,410.56600000000026,datawarrior.sdf.gz
COc1cc(C#N)cc(C(=O)N[C@@H]2C[C@H]3CC[C@@H](C2)N3Cc2ccccc2)c1OC,30,405.49800000000016,datawarrior.sdf.gz
CCS(=O)(=O)c1cc(OC)c(OC)c(C(=O)N[C@@H]2C[C@H]3CC[C@@H](C2)N3Cc2ccccc2)c1,33,472.60700000000026,datawarrior.sdf.gz
CCOCCn1c(N2CCC[NH+](CCCCn3cc(C(=O)O)cn3)CC2)[nH+]c2ccccc21,33,454.5750000000002,datawarrior.sdf.gz
CCOCCn1c(CN2CC[NH+](CCCCn3cc(C(=O)O)cn3)CC2)[nH+]c2ccccc21,33,454.5750000000002,datawarrior.sdf.gz
CCOCCn1c(N2CCC[NH+](CCCCn3cc(C(=O)[O-])cn3)CC2)nc2ccccc21,33,454.5750000000002,datawarrior.sdf.gz
CCOCCn1c(CN2CC[NH+](CCCCn3cc(C(=O)O)cn3)CC2)nc2ccccc21,33,454.5750000000002,datawarrior.sdf.gz
CCOCCn1c(N2CCCN(CCCCn3cc(C(=O)[O-])cn3)CC2)nc2ccccc21,33,454.5750000000002,datawarrior.sdf.gz
CCOCCn1c(CN2CCN(CCCCn3cc(C(=O)[O-])cn3)CC2)nc2ccccc21,33,454.5750000000002,datawarrior.sdf.gz
CN1CC[C@]23c4c5ccc(O[C@@H]6O[C@H](C(=O)[O-])[C@@H](O)[C@H](O)[C@H]6O)c4O[C@H]2[C@@H](O)C=C[C@H]3[C@H]1C5,33,461.46700000000027,datawarrior.sdf.gz
COc1cc2c(cc1OC)[C@]13CCN4CC5=CCO[C@H]6CC(=O)N2[C@H]1C6[C@@]5(S(=O)(=O)[O-])C[C@H]43,33,474.5350000000003,datawarrior.sdf.gz
COc1cc2c(cc1OC)C13CCN4C1CC1C(=CCOC5CC(=O)N2C3C51)[C@@H]4S(=O)(=O)[O-],33,474.53500000000025,datawarrior.sdf.gz
CCCCCCCCCCCCCCCC[NH+](CCCCCCCCCCCCCCCC)CCCn1ccnc1,41,574.0390000000004,datawarrior.sdf.gz
CCCCCCCCCCCCCCCCCCNCCCCCCCCCCCCCCCCCC,37,522.0030000000006,datawarrior.sdf.gz
O=C(O)[C@@H]1O[C@H](Oc2ccc3oc4cccc(O)c4c(=O)c3c2)[C@@H](O)[C@H](O)[C@H]1O,29,404.3270000000001,datawarrior.sdf.gz
O=S1(=O)OC(c2cc(Br)c(O)c(Br)c2)(c2cc(Br)c(O)c(Br)c2)c2ccccc21,29,669.9670000000003,datawarrior.sdf.gz
Cc1c(Cc2c(C)n(C)[n+](-c3ccccc3)c2O)c(=O)n(-c2ccccc2)n1C,29,389.4790000000001,datawarrior.sdf.gz
CCOc1cccc(C(=O)N[C@@H]2C[C@H]3CC[C@@H](C2)N3Cc2ccccc2)c1OC,29,394.5150000000002,datawarrior.sdf.gz
COc1cc(Br)cc(C(=O)N[C@@H]2C[C@H]3CC[C@@H](C2)N3Cc2ccccc2)c1OC,29,459.38400000000024,datawarrior.sdf.gz
COc1ccc([N+](=O)[O-])cc1C(=O)N[C@@H]1C[C@H]2CC[C@@H](C1)N2Cc1ccccc1,29,395.4590000000001,datawarrior.sdf.gz
COc1c(C(=O)N[C@@H]2C[C@H]3CC[C@@H](C2)N3Cc2ccccc2)cccc1[N+](=O)[O-],29,395.4590000000002,datawarrior.sdf.gz
COc1cc(N)cc(C(=O)N[C@@H]2C[C@H]3CC[C@@H](C2)N3Cc2ccccc2)c1OC,29,395.50300000000016,datawarrior.sdf.gz
c1ccc2c(c1)CCC2N(c1ccc2ccccc2c1)C1CCc2ccccc21,29,375.515,datawarrior.sdf.gz
C[C@H](C1CC1C(=O)O)[C@H]1CC[C@H]2[C@@H]3[C@@H](O)C[C@@H]4C[C@H](O)CC[C@]4(C)[C@H]3CC[C@]12C,29,404.5910000000002,datawarrior.sdf.gz
COc1cc2c(cc1OC)[C@]13CCN4CC5=CCO[C@@H]6CC(=O)N2[C@@H]1[C@@H]6[C@@H]5C[C@@H]43,29,394.4710000000002,datawarrior.sdf.gz
O=C1C[C@H]2OCC(S(=O)(=O)[O-])=C3CN4CC[C@@]56c7ccccc7N1[C@@H]5[C@@H]2[C@@H]3C[C@@H]46,29,414.48300000000023,datawarrior.sdf.gz
O=C1C[C@@H]2OCC=C3CN4CC[C@@]56c7ccccc7N1[C@H]5C2[C@@]3(S(=O)(=O)[O-])C[C@H]46,29,414.4830000000002,datawarrior.sdf.gz
O=C1CC2OCC=C3C4CC5N(CCC56c5ccccc5N1C6C24)[C@H]3S(=O)(=O)[O-],29,414.4830000000001,datawarrior.sdf.gz
Cc1c(C)c2c(c(C)c1OP(=O)([O-])O)CCC(C)(CCC[C@@H](C)CCC[C@@H](C)CCCC(C)C)O2,35,510.69600000000054,datawarrior.sdf.gz
CCOC(=O)c1c(C)nc(C)c(C(=O)OCC)c1-c1ccc(NS(=O)(=O)c2ccc(N)cc2)cc1,35,497.57300000000043,datawarrior.sdf.gz
CCOC(=O)c1c(C)nc(C)c(C(=O)OCC)c1-c1cccc(NS(=O)(=O)c2ccc(N)cc2)c1,35,497.57300000000043,datawarrior.sdf.gz
CC[C@H]1[C@H](CC2=N/C(=C/c3[nH]c(C[C@@H]4NC(=O)[C@H](CC)[C@H]4C)c(C)c3CCC(=O)[O-])C(CCC(=O)[O-])=C2C)NC(=O)[C@@H]1C,43,594.7530000000003,datawarrior.sdf.gz
COc1ccc(/C(=C\C(=O)c2ccc(S(=O)(=O)[O-])cc2)CC(=O)c2ccc(S(=O)(=O)[O-])cc2)cc1S(=O)(=O)[O-],39,596.6130000000003,datawarrior.sdf.gz
CCCCN(C(=O)c1cc([N+](=O)[O-])ccc1O)c1ccc(/N=N/c2ccc3c(c2)OCCOCCOCCOCCOCCO3)cc1,47,652.7009999999999,datawarrior.sdf.gz
COC(=O)N1c2ccccc2[C@@]23CCN4CC=C[C@]5(CC[C@]12[C@](O)(C(=O)OC)C5O)[C@H]43,31,426.4690000000002,datawarrior.sdf.gz
Cc1cc(C2(c3ccc(O)c(C)c3)OS(=O)(=O)c3c(Br)c(Br)c(Br)c(Br)c32)ccc1O,31,698.0210000000002,datawarrior.sdf.gz
CCOCCn1c(CN2CCCN(CCCCn3cccn3)CC2)nc2ccccc21,31,424.5930000000003,datawarrior.sdf.gz
CCOCCn1c(CN2CCC[NH+](CCCCn3cccn3)CC2)nc2ccccc21,31,424.5930000000003,datawarrior.sdf.gz
CCN(CC)CCC[C@@H](C)[C@H]1CC[C@H]2[C@@H]3CC[C@@H]4C[C@H](O)CC[C@]4(C)[C@H]3C[C@H](O)[C@]12C,31,433.7210000000003,datawarrior.sdf.gz
COc1cc([N+](=O)[O-])cc(C(=O)N[C@@H]2C[C@H]3CC[C@@H](C2)N3Cc2ccccc2)c1OC,31,425.4850000000002,datawarrior.sdf.gz
CN(C)c1cccc2c(S(=O)(=O)[N-]CCN3CCNCCNCCNCC3)cccc12,31,448.6370000000003,datawarrior.sdf.gz
O=C1O[C@@H]([C@H](O)[C@@H](O)[C@@H](O)CO)C(O)=C1O,16,236.176,datawarrior.sdf.gz
O=C1O[C@@H]([C@H](O)[C@@H](O)[C@@H](O)CO)C([O-])=C1O,16,236.176,datawarrior.sdf.gz
CCOC(=O)C(Cc1ccccc1)C(C)=O,16,220.26800000000003,datawarrior.sdf.gz
CC(C)c1ccc(C(=O)/C=C/C(=O)O)cc1,16,218.252,datawarrior.sdf.gz
COc1ccc(CC(C(C)=O)C(C)=O)cc1,16,220.268,datawarrior.sdf.gz
O=C([O-])CCC(=O)C=C=Cc1ccccc1,16,216.23600000000002,datawarrior.sdf.gz
CC(C)(/C=C/C(=O)O)c1cc(Br)ccc1O,16,285.137,datawarrior.sdf.gz
CC(C)(/C=C/C(=O)[O-])c1cc(Br)ccc1O,16,285.137,datawarrior.sdf.gz
N#CC(C#N)=NNc1ccc(CCCl)cc1,16,232.67399999999998,datawarrior.sdf.gz
N#CC(C#N)=C(C#N)Nc1ccc(Br)cc1,16,273.09299999999996,datawarrior.sdf.gz
N#CC(C#N)=NNc1ccccc1C(=O)O,16,214.18399999999997,datawarrior.sdf.gz
CC(=O)c1ccc(NN=C(C#N)C#N)cc1,16,212.21199999999996,datawarrior.sdf.gz
C[C@H]([NH3+])C(=O)N[C@@H](Cc1c[nH]cn1)C(=O)[O-],16,226.23600000000002,datawarrior.sdf.gz
C[C@H]([NH3+])C(=O)N[C@@H](Cc1c[nH]c[nH+]1)C(=O)O,16,226.23600000000002,datawarrior.sdf.gz
[NH3+]CCC(=O)NC(Cc1c[nH]cn1)C(=O)[O-],16,226.236,datawarrior.sdf.gz
[NH3+]CCC(=O)N[C@@H](Cc1c[nH]cn1)C(=O)[O-],16,226.236,datawarrior.sdf.gz
[NH3+]CCC(=O)N[C@@H](Cc1cnc[nH]1)C(=O)[O-],16,226.236,datawarrior.sdf.gz
[NH3+]CCC(=O)NC(Cc1c[nH]c[nH+]1)C(=O)O,16,226.236,datawarrior.sdf.gz
[NH3+]CCC(=O)N[C@@H](Cc1c[nH]c[nH+]1)C(=O)O,16,226.236,datawarrior.sdf.gz
[NH3+]CCC(=O)N[C@@H](Cc1c[nH+]c[nH]1)C(=O)O,16,226.236,datawarrior.sdf.gz
C[C@H](N)C(=O)N[C@@H](Cc1c[nH]cn1)C(=O)[O-],16,226.23600000000002,datawarrior.sdf.gz
NCCC(=O)NC(Cc1c[nH]cn1)C(=O)[O-],16,226.236,datawarrior.sdf.gz
NCCC(=O)N[C@@H](Cc1c[nH]cn1)C(=O)[O-],16,226.236,datawarrior.sdf.gz
NCCC(=O)N[C@@H](Cc1cnc[nH]1)C(=O)[O-],16,226.236,datawarrior.sdf.gz
CN1CCCCCCN(C)CCCCCC1,16,226.40799999999996,datawarrior.sdf.gz
[NH3+]C(CCc1ccc([N+](=O)[O-])cc1)C(=O)O,16,224.21599999999995,datawarrior.sdf.gz
NC(CCc1ccc([N+](=O)[O-])cc1)C(=O)[O-],16,224.21599999999995,datawarrior.sdf.gz
Cc1cc(C(O)=C(C#N)C#N)cc(C)c1O,16,214.22399999999996,datawarrior.sdf.gz
CCCN(CCC)c1ccc([N+](=O)[O-])cc1,16,222.2879999999999,datawarrior.sdf.gz
CN(C)Cc1ccc(C[NH+](C)C)c(O)c1O,16,224.30399999999995,datawarrior.sdf.gz
CN(C)Cc1cc(C[NH+](C)C)cc(O)c1O,16,224.30399999999995,datawarrior.sdf.gz
CCC(CC)C1(CC)C(=O)NC(=S)NC1=O,16,242.34399999999994,datawarrior.sdf.gz
CCC(CC)C1(CC)C(=O)[N-]C(=S)NC1=O,16,242.34399999999994,datawarrior.sdf.gz
CCN(CC)CC(=O)Nc1ccccc1C,16,220.316,datawarrior.sdf.gz
CCN(CC)CC(=O)NCc1ccccc1,16,220.31600000000003,datawarrior.sdf.gz
CCCNCC(=O)Nc1c(C)cccc1C,16,220.316,datawarrior.sdf.gz
CCN(CC)CC(=O)Nc1ccc(C)cc1,16,220.31599999999997,datawarrior.sdf.gz
Cc1cc(C[NH+](C)C)c(O)c(C[NH+](C)C)c1,16,222.33199999999997,datawarrior.sdf.gz
CCN(CC)C(=S)NC(=O)c1ccccc1,16,236.34,datawarrior.sdf.gz
C[NH+](C)Cc1cc(Cl)cc(C[NH+](C)C)c1O,16,242.74999999999997,datawarrior.sdf.gz
C[NH+](C)Cc1cc(F)cc(C[NH+](C)C)c1O,16,226.29500000000002,datawarrior.sdf.gz
CN(C)c1cccc(/C(=N\O)C(F)(F)F)c1,16,232.205,datawarrior.sdf.gz
Cc1cc([C@@H](N)CO)c(O)c([C@@H](N)CO)c1,16,226.27599999999993,datawarrior.sdf.gz
Cc1cc([C@@H]([NH3+])CO)c(O)c([C@@H]([NH3+])CO)c1,16,226.27599999999993,datawarrior.sdf.gz
CCCC(C)C1(CC)C(=O)N=C([O-])NC1=O,16,226.27599999999993,datawarrior.sdf.gz
CC[C@H](C(=O)[O-])[C@H](CO)Cc1cncn1C,16,226.276,datawarrior.sdf.gz
CCN(CC)Cc1cc([N+](=O)[O-])ccc1[O-],16,224.25999999999993,datawarrior.sdf.gz
CC[NH+](CC)Cc1cc([N+](=O)[O-])ccc1O,16,224.25999999999993,datawarrior.sdf.gz
CCCCCCCNCc1ccc(C)cc1,16,219.37199999999993,datawarrior.sdf.gz
O=C(O)/C=C\C(=O)NOCc1ccccc1,16,221.21200000000002,datawarrior.sdf.gz
O=C(O)CCC(=O)NOCc1ccccc1,16,223.228,datawarrior.sdf.gz
C=C(C)[C@H]1C[NH2+][C@H](C(=O)O)[C@H]1CC(=O)OC,16,227.25999999999996,datawarrior.sdf.gz
C=C(C)[C@H]1CN[C@H](C(=O)[O-])[C@H]1CC(=O)OC,16,227.25999999999996,datawarrior.sdf.gz
O=C([O-])/C=C\C(=O)NOCc1ccccc1,16,221.21200000000002,datawarrior.sdf.gz
O=C([O-])CCC(=O)NOCc1ccccc1,16,223.228,datawarrior.sdf.gz
CCN(CC)S(=O)(=O)c1ccsc1C(=O)O,16,263.34,datawarrior.sdf.gz
O=C([O-])C(CO)NCc1cc(Cl)ccc1[O-],16,245.662,datawarrior.sdf.gz
O=C([O-])C(CO)[NH2+]Cc1cc(Cl)ccc1O,16,245.662,datawarrior.sdf.gz
O=C(O)C(CO)[NH2+]Cc1cc(Cl)ccc1O,16,245.662,datawarrior.sdf.gz
Cc1ccc(S(=O)(=O)NCCC(=O)[O-])cc1,16,243.284,datawarrior.sdf.gz
CC(O)CN(Cc1ccccc1)CC(C)O,16,223.31600000000003,datawarrior.sdf.gz
N#CC(CCCCC(=O)O)c1ccccc1,16,217.26800000000003,datawarrior.sdf.gz
CN(C)CCCCC(=O)Oc1ccccc1,16,221.29999999999998,datawarrior.sdf.gz
Cc1ccc(OC(=O)CCCN(C)C)cc1,16,221.29999999999998,datawarrior.sdf.gz
CCOC(=O)CC(c1ccccc1)N(C)C,16,221.3,datawarrior.sdf.gz
CC(=O)C(Cc1ccc(C#N)cc1)C(C)=O,16,215.252,datawarrior.sdf.gz
CN(C)Cc1cc(CC(C)(C)C)ccc1O,16,221.34399999999997,datawarrior.sdf.gz
Cc1ccc(C(C)C)c(OCCN(C)C)c1,16,221.34399999999997,datawarrior.sdf.gz
CC[NH+](CC)Cc1c(O)c(Cl)cc(Cl)c1Cl,16,282.598,datawarrior.sdf.gz
CCN(CC)Cc1c([O-])c(Cl)cc(Cl)c1Cl,16,282.598,datawarrior.sdf.gz
COC(=O)C[C@@H]1[C@@H](C(=O)O)[NH2+]C[C@H]1C(C)O,16,231.248,datawarrior.sdf.gz
COC(=O)C[C@@H]1[C@@H](C(=O)[O-])NC[C@H]1C(C)O,16,231.248,datawarrior.sdf.gz
CCOP(=O)(O)NS(=O)(=O)c1ccccc1,16,265.22700000000003,datawarrior.sdf.gz
CCOP(=O)([O-])NS(=O)(=O)c1ccccc1,16,265.22700000000003,datawarrior.sdf.gz
CC(=O)NS(=O)(=O)c1ccccc1C(=O)O,16,243.23999999999998,datawarrior.sdf.gz
CC(C)(C(=O)O)C(C(N)=O)c1ccccc1,16,221.256,datawarrior.sdf.gz
CCN(CC)CCNc1cc(C)nc(N)n1,16,223.32399999999996,datawarrior.sdf.gz
CCN(CC)CCNc1nc(C)cc(N)n1,16,223.32399999999996,datawarrior.sdf.gz
CC[NH+](CC)CCNc1cc(C)nc(N)n1,16,223.32399999999996,datawarrior.sdf.gz
CC[NH+](CC)CCNc1nc(C)cc(N)n1,16,223.32399999999996,datawarrior.sdf.gz
N#CC(C#N)=NNc1ccccc1[N+](=O)[O-],16,215.17199999999997,datawarrior.sdf.gz
N#CC(C#N)=NNc1ccc([N+](=O)[O-])cc1,16,215.17199999999997,datawarrior.sdf.gz
C[N+](C)(C)CCOC(=O)/C=C/c1c[nH]cn1,16,224.28400000000002,datawarrior.sdf.gz
CN(C)Cc1ccc(NC(=O)/C=N/[O-])cc1,16,221.26,datawarrior.sdf.gz
CN(C)Cc1cccc(NC(=O)/C=N/[O-])c1,16,221.26,datawarrior.sdf.gz
C[NH+](C)Cc1ccc(NC(=O)/C=N/O)cc1,16,221.26,datawarrior.sdf.gz
C[NH+](C)Cc1cccc(NC(=O)/C=N/O)c1,16,221.26,datawarrior.sdf.gz
Cc1ccc(S(=O)(=O)[N-]CCC(=N)N)cc1,16,241.316,datawarrior.sdf.gz
C[N+](C)(C)NC(=O)c1ccc([N+](=O)[O-])cc1,16,224.23999999999998,datawarrior.sdf.gz
C[N+](C)(C)NC(=O)c1cccc([N+](=O)[O-])c1,16,224.23999999999998,datawarrior.sdf.gz
O=C(O)C1c2ccccc2-c2ccccc21,16,210.23200000000003,datawarrior.sdf.gz
OC(O)=C1c2ccccc2-c2ccccc21,16,210.23200000000003,datawarrior.sdf.gz
[O-]C(O)=C1c2ccccc2-c2ccccc21,16,210.23200000000003,datawarrior.sdf.gz
Cc1ccc2c(c1[O-])-c1c-2ccc(C)c1O,16,212.24799999999996,datawarrior.sdf.gz
O=C(O)C12CC3(F)CC(F)(CC(F)(C3)C1)C2,16,234.21699999999993,datawarrior.sdf.gz
c1cc(-c2nn[nH]n2)cc(-c2nnn[nH]2)c1,16,214.192,datawarrior.sdf.gz
c1cc(-c2nnn[nH]2)ccc1-c1nnn[nH]1,16,214.192,datawarrior.sdf.gz
c1ccc(-c2nnn[nH]2)c(-c2nnn[nH]2)c1,16,214.19200000000004,datawarrior.sdf.gz
c1coc(CSc2ncnc3nc[nH]c23)c1,16,232.268,datawarrior.sdf.gz
O=C1c2ncnc([O-])c2C(=O)c2nc[nH]c21,16,216.156,datawarrior.sdf.gz
CN1CCN(C)c2cccc3cccc1c23,16,212.29600000000002,datawarrior.sdf.gz
C[n+]1c2ccccc2cc2ccc(N)cc21,16,209.272,datawarrior.sdf.gz
C[n+]1c2ccccc2cc2c(N)cccc21,16,209.272,datawarrior.sdf.gz
C[n+]1c2ccccc2cc2cc(N)ccc21,16,209.272,datawarrior.sdf.gz
Clc1ccnc2c1ccc1c(Cl)ccnc12,16,249.1,datawarrior.sdf.gz
[NH3+]c1cccc(-c2nc3ccccc3s2)c1,16,226.304,datawarrior.sdf.gz
[NH3+]c1ccccc1-c1nc2ccccc2s1,16,226.30400000000003,datawarrior.sdf.gz
[NH3+]c1ccc(-c2nc3ccccc3s2)cc1,16,226.304,datawarrior.sdf.gz
Oc1c2c(nn1-c1ccccc1)CCCC2,16,214.26799999999997,datawarrior.sdf.gz
Cc1ccc2nc3ccc(O)cc3nc2c1,16,210.236,datawarrior.sdf.gz
COc1ccc2c3c([nH]c2c1)C(C)NCC3,16,216.28399999999996,datawarrior.sdf.gz
Nc1c2ccccc2[nH+]c2ccc(O)cc12,16,210.23600000000002,datawarrior.sdf.gz
Nc1c2ccccc2[nH+]c2c(O)cccc12,16,210.236,datawarrior.sdf.gz
Nc1c2ccccc2[nH+]c2cc(O)ccc12,16,210.23600000000002,datawarrior.sdf.gz
[O-]c1cc2ccccc2cc1C1=NCCN1,16,212.25199999999998,datawarrior.sdf.gz
Oc1cc2ccccc2cc1C1=[NH+]CCN1,16,212.25199999999998,datawarrior.sdf.gz
Nc1c2ccccc2[nH+]c2cccc(O)c12,16,210.23600000000002,datawarrior.sdf.gz
c1c[nH]c(P(c2ncc[nH]2)c2ncc[nH]2)n1,16,232.18700000000004,datawarrior.sdf.gz
c1c[nH]c(P(c2[nH]cc[nH+]2)c2[nH]cc[nH+]2)n1,16,232.18700000000004,datawarrior.sdf.gz
c1c[nH]c(P(c2ncc[nH]2)c2[nH]cc[nH+]2)n1,16,232.18700000000004,datawarrior.sdf.gz
Nc1ncnc2c1nnn2Cc1ccco1,16,216.204,datawarrior.sdf.gz
Cc1ccc(N(CC2CO2)CC2CO2)cc1,16,219.28399999999996,datawarrior.sdf.gz
c1ccc(CN(CC2CO2)CC2CO2)cc1,16,219.284,datawarrior.sdf.gz
c1ccc(C2=Nc3ccccc3CO2)cc1,16,209.24800000000002,datawarrior.sdf.gz
Nc1ncc2[nH]c(-c3ccccc3)nc2n1,16,211.228,datawarrior.sdf.gz
c1ccc(Nc2ncnc3[nH]ncc23)cc1,16,211.22800000000004,datawarrior.sdf.gz
c1nc(NC2CCCCC2)c2[nH]cnc2n1,16,217.27599999999995,datawarrior.sdf.gz
c1coc(CNc2ncnc3[nH]ncc23)c1,16,215.21600000000004,datawarrior.sdf.gz
c1coc(CNc2ncnc3nc[nH]c23)c1,16,215.21600000000004,datawarrior.sdf.gz
c1cc(C2CCCN2)nc(C2CCCN2)c1,16,217.31599999999992,datawarrior.sdf.gz
c1cc([C@@H]2CCCN2)nc([C@@H]2CCCN2)c1,16,217.31599999999992,datawarrior.sdf.gz
Nc1ccc2c(N)c3ccccc3nc2c1,16,209.25199999999998,datawarrior.sdf.gz
Nc1cccc2nc3ccccc3c(N)c12,16,209.25199999999998,datawarrior.sdf.gz
Cn1c(-c2ccccn2)nc2ccccc21,16,209.252,datawarrior.sdf.gz
Nc1ccc2nc3ccc(N)cc3cc2c1,16,209.25199999999995,datawarrior.sdf.gz
Cc1cn2nc(-c3ccccc3)ccc2n1,16,209.252,datawarrior.sdf.gz
Nc1ccc2nc3cc(N)ccc3cc2c1,16,209.25199999999998,datawarrior.sdf.gz
Nc1c2ccccc2nc2c(N)cccc12,16,209.252,datawarrior.sdf.gz
c1cc(C2CCCN2)nc(C2CCC[NH2+]2)c1,16,217.31599999999992,datawarrior.sdf.gz
c1cc([C@@H]2CCCN2)nc([C@@H]2CCC[NH2+]2)c1,16,217.31599999999992,datawarrior.sdf.gz
C[n+]1ccc(-c2nc3ccccc3[nH]2)cc1,16,210.26,datawarrior.sdf.gz
Cn1c(-c2ccccn2)[nH+]c2ccccc21,16,209.25200000000004,datawarrior.sdf.gz
Cc1cc(C)c2c(O)c(CC(=O)O)oc2c1,16,220.224,datawarrior.sdf.gz
O=C(O)c1cc(-c2ccccc2)oc(=O)c1,16,216.192,datawarrior.sdf.gz
O=C(O)c1cc(=O)cc(-c2ccccc2)o1,16,216.19200000000004,datawarrior.sdf.gz
O=C(O)Cc1ccc(-c2ccccc2)cc1,16,212.248,datawarrior.sdf.gz
C/C=C/C1=C(O)C(=O)c2ccccc2C1=O,16,214.22,datawarrior.sdf.gz
O=C(c1ccccc1)c1ccc(O)c(O)c1,16,214.22,datawarrior.sdf.gz
O=C(O)CCc1nnnn1-c1ccccc1,16,218.21600000000004,datawarrior.sdf.gz
COc1cc(C)nc(-n2nc(C)cc2O)n1,16,220.232,datawarrior.sdf.gz
Cc1cc(O)n(-c2nc(C)c(C)c([O-])n2)n1,16,220.232,datawarrior.sdf.gz
Cc1cc(O)n(-c2nc(O)c(C)c(C)[nH+]2)n1,16,220.232,datawarrior.sdf.gz
[NH-]S(=O)(=O)c1nnc(Nc2ccccc2)s1,16,256.312,datawarrior.sdf.gz
Nc1ccc(S(=O)(=O)Nc2ncc[nH]2)cc1,16,238.27200000000002,datawarrior.sdf.gz
O=[N+]([O-])c1cc([N+](=O)[O-])c2cn[nH]c2c1O,16,224.13199999999998,datawarrior.sdf.gz
C(=C\CN1CCCCC1)/CN1CCCCC1,16,222.37599999999992,datawarrior.sdf.gz
CC1CC(/C=C2\CC(C)(C)CN2)=NC1(C)C,16,220.35999999999996,datawarrior.sdf.gz
CN(C)c1cccc2cccc(N(C)C)c12,16,214.31199999999998,datawarrior.sdf.gz
C/C(=N\c1ccccc1)Nc1ccccc1,16,210.28,datawarrior.sdf.gz
Cc1cccc(N)c1-c1c(C)cccc1N,16,212.296,datawarrior.sdf.gz
Cc1ccc(N)cc1-c1cc(N)ccc1C,16,212.296,datawarrior.sdf.gz
Cc1cc(N)ccc1-c1ccc(N)cc1C,16,212.296,datawarrior.sdf.gz
Cc1cc(-c2ccc(N)c(C)c2)ccc1N,16,212.296,datawarrior.sdf.gz
C(=C\C[NH+]1CCCCC1)/CN1CCCCC1,16,222.37599999999992,datawarrior.sdf.gz
CN(C)c1cccc2cccc([NH+](C)C)c12,16,214.31199999999998,datawarrior.sdf.gz
Cc1cccc(N)c1-c1c(C)cccc1[NH3+],16,212.296,datawarrior.sdf.gz
Cc1ccc(N)cc1-c1cc([NH3+])ccc1C,16,212.296,datawarrior.sdf.gz
Cc1cc(N)ccc1-c1ccc([NH3+])cc1C,16,212.296,datawarrior.sdf.gz
Cc1cc(-c2ccc([NH3+])c(C)c2)ccc1N,16,212.296,datawarrior.sdf.gz
CCOC(=O)N1CCc2noc(O)c2CC1,16,226.23199999999997,datawarrior.sdf.gz
O=C(O)c1ccc([N+](=O)[O-])c2cccnc12,16,218.16799999999998,datawarrior.sdf.gz
O=C([O-])c1ccc([N+](=O)[O-])c2cccnc12,16,218.16799999999998,datawarrior.sdf.gz
CC(=O)c1cc(C(=O)c2ccccc2)n[nH]1,16,214.224,datawarrior.sdf.gz
c1coc(CNCCNCc2ccco2)c1,16,220.27200000000002,datawarrior.sdf.gz
O=[N+]([O-])c1cccc(Nc2ccccc2)c1,16,214.22400000000002,datawarrior.sdf.gz
O=[N+]([O-])c1ccc(Nc2ccccc2)cc1,16,214.224,datawarrior.sdf.gz
c1coc(CNCC[NH2+]Cc2ccco2)c1,16,220.27200000000002,datawarrior.sdf.gz
CCOc1ccc2[nH]c(CC(C)C)nc2c1,16,218.29999999999998,datawarrior.sdf.gz
CCCCc1c(-c2ccccc2)n[nH]c1O,16,216.28400000000002,datawarrior.sdf.gz
CCCc1c(C)nn(-c2ccccc2)c1O,16,216.284,datawarrior.sdf.gz
Cc1nn(-c2ccccc2)c(O)c1C(C)C,16,216.284,datawarrior.sdf.gz
O=C(CN1CCCCC1)Nc1ccccc1,16,218.29999999999995,datawarrior.sdf.gz
Nc1ccc(C(=O)c2ccc(N)cc2)cc1,16,212.25199999999995,datawarrior.sdf.gz
Nc1ccc(C(=O)c2ccc([NH3+])cc2)cc1,16,212.25199999999995,datawarrior.sdf.gz
CC1(C)NC(C)(C)[N+](O)=C1c1ccccc1,16,219.30800000000002,datawarrior.sdf.gz
O=C1CNC(=O)[C@H](Cc2ccc(O)cc2)N1,16,220.22800000000004,datawarrior.sdf.gz
OC(CN1CCOCC1)CN1CCOCC1,16,230.30799999999994,datawarrior.sdf.gz
Cc1cc(O)nn1-c1ccccc1C(=O)[O-],16,218.212,datawarrior.sdf.gz
OC(CN1CCOCC1)C[NH+]1CCOCC1,16,230.30799999999994,datawarrior.sdf.gz
O=[N+]([O-])c1cccc2c[n+](CCO)ccc12,16,219.21999999999997,datawarrior.sdf.gz
O=S(=O)(Nc1nccs1)c1ccc(O)cc1,16,256.308,datawarrior.sdf.gz
Nc1n[nH]c(N)c1/N=N/c1ccc(O)cc1,16,218.22,datawarrior.sdf.gz
O=C(CCN1CCOCC1)c1ccccc1,16,219.2839999999999,datawarrior.sdf.gz
[O-]c1c(Cl)cc(Cl)cc1CN1CCOCC1,16,262.1359999999999,datawarrior.sdf.gz
Oc1c(Cl)cc(Cl)cc1C[NH+]1CCOCC1,16,262.1359999999999,datawarrior.sdf.gz
N[C@H](c1ccccc1)[C@H](O)c1ccccc1,16,213.28000000000003,datawarrior.sdf.gz
O=C(CCN1CCCCC1)c1ccccc1,16,217.3119999999999,datawarrior.sdf.gz
CCOc1ccc(Nc2ccccc2)cc1,16,213.28,datawarrior.sdf.gz
C[n+]1cccc(/C=C(/O)c2ccccc2)c1,16,212.272,datawarrior.sdf.gz
[O-]c1c(Cl)cc(Cl)cc1CN1CCCCC1,16,260.16399999999993,datawarrior.sdf.gz
Oc1c(Cl)cc(Cl)cc1C[NH+]1CCCCC1,16,260.16399999999993,datawarrior.sdf.gz
C[Si](C)(C)OC1CN(Cc2ccccc2)C1,16,235.403,datawarrior.sdf.gz
O=C(c1ccccc1)c1ccc([O-])[n+](O)c1,16,216.216,datawarrior.sdf.gz
O=[N+]([O-])c1cccc(-c2ccc(O)cc2)c1,16,215.208,datawarrior.sdf.gz
O=[N+]([O-])c1ccc(-c2ccc(O)cc2)cc1,16,215.208,datawarrior.sdf.gz
CCOC(=O)c1cnc2ccccc2c1[O-],16,217.224,datawarrior.sdf.gz
Cn1c(=O)c2[nH]c([N+](=O)[O-])nc2n(C)c1=O,16,225.164,datawarrior.sdf.gz
O=[N+]([O-])c1cc([N+](=O)[O-])c2nnn(O)c2c1,16,225.12,datawarrior.sdf.gz
N=C(Nc1ccccc1)Nc1ccccc1,16,211.26800000000003,datawarrior.sdf.gz
N=C(N)N(c1ccccc1)c1ccccc1,16,211.268,datawarrior.sdf.gz
Cc1ccc(N=C2C=CC(=N)C=C2)c(N)c1,16,211.268,datawarrior.sdf.gz
CCN(CC)c1nnc(-c2ccccc2)s1,16,233.34000000000003,datawarrior.sdf.gz
CC1=Nc2ccc([N+](=O)[O-])cc2N=C(C)C1,16,217.22799999999995,datawarrior.sdf.gz
CC1=Nc2ccc([N+](=O)[O-])cc2[NH+]=C(C)C1,16,217.22799999999995,datawarrior.sdf.gz
NCC[n+]1ccc2c([N+](=O)[O-])cccc2c1,16,218.23599999999996,datawarrior.sdf.gz
O=S(=O)(Nc1ncccn1)c1ccccc1,16,235.26800000000003,datawarrior.sdf.gz
O=[N+]([O-])c1ccc2[nH]c(C(F)(F)Cl)nc2c1,16,247.58800000000002,datawarrior.sdf.gz
O=[N+]([O-])c1ccc2[nH]c(C(F)(F)F)nc2c1,16,231.133,datawarrior.sdf.gz
CC(=O)Nc1ccc(C2CCC[NH+]2C)cn1,16,219.28799999999995,datawarrior.sdf.gz
O=C1C=C(S(=O)(=O)[O-])c2cn[nH]c2/C1=N\O,16,243.2,datawarrior.sdf.gz
O=C1/C(=N\O)C=C(S(=O)(=O)[O-])c2cn[nH]c21,16,243.2,datawarrior.sdf.gz
O=C1C=C(S(=O)(=O)[O-])c2[nH]ncc2/C1=N/O,16,243.2,datawarrior.sdf.gz
O=C1C=C(S(=O)(=O)[O-])/C(=N\O)c2cn[nH]c21,16,243.2,datawarrior.sdf.gz
O=C1C=C(S(=O)(=O)[O-])/C(=N/O)c2[nH]ncc21,16,243.2,datawarrior.sdf.gz
O=C(c1ccc([N+](=O)[O-])cc1)c1cc[nH]n1,16,217.184,datawarrior.sdf.gz
N=C(N)Nc1nccc(-c2csc(N)n2)n1,16,235.27600000000004,datawarrior.sdf.gz
NC(=[NH2+])Nc1nccc(-c2csc(N)n2)n1,16,235.27600000000004,datawarrior.sdf.gz
c1ccc2c(c1)C1CCN2c2ccccc21,16,207.276,datawarrior.sdf.gz
CCCCNCCCCCCNCCCC,16,228.42399999999995,datawarrior.sdf.gz
CC(C)(C)NCCCCCCNC(C)(C)C,16,228.42399999999995,datawarrior.sdf.gz
N#CC(C#N)=C(C(C#N)C#N)C(C#N)C#N,16,206.16799999999998,datawarrior.sdf.gz
CCCCCCCCCCCCCCCN,16,227.43599999999992,datawarrior.sdf.gz
CCCCCN(CC(O)CC)CC(O)CC,16,231.37999999999994,datawarrior.sdf.gz
CCCCCCN(CC(C)O)CC(O)CC,16,231.37999999999994,datawarrior.sdf.gz
CCCCCCCCN(CCO)CC(C)O,16,231.37999999999994,datawarrior.sdf.gz
CCCCCCCCCCNCCC(=O)[O-],16,229.36399999999992,datawarrior.sdf.gz
CCCCCCCCCC[NH2+]CCC(=O)O,16,229.36399999999992,datawarrior.sdf.gz
NCCCCCCC#CC#CCCC(=O)[O-],16,221.29999999999993,datawarrior.sdf.gz
[NH3+]CCCCCCC#CC#CCCC(=O)O,16,221.29999999999993,datawarrior.sdf.gz
C=CC[NH+](CC=C)CCCNC(=O)/C=N/O,16,225.29199999999997,datawarrior.sdf.gz
CCC[NH+](CCC)CCCNC(=O)/C=N/O,16,229.32399999999996,datawarrior.sdf.gz
C=CCN(CC=C)CCCNC(=O)/C=N/[O-],16,225.29199999999997,datawarrior.sdf.gz
CCCN(CCC)CCCNC(=O)/C=N/[O-],16,229.32399999999996,datawarrior.sdf.gz
C[NH+](C)CCCCCCCNC(=O)/C=N/O,16,229.32399999999996,datawarrior.sdf.gz
CN(C)CCCCCCCNC(=O)/C=N/[O-],16,229.32399999999996,datawarrior.sdf.gz
O=C(O)C[NH+](CCNS(=O)(=O)c1ccc(CCBr)cc1)CC(=O)O,24,423.28500000000025,datawarrior.sdf.gz
O=C([O-])C[NH+](CCNS(=O)(=O)c1ccc(CCBr)cc1)CC(=O)[O-],24,423.28500000000025,datawarrior.sdf.gz
CCN(CC)CCCNS(=O)(=O)c1ccc(OC)c(OC)c1OC,24,360.47600000000017,datawarrior.sdf.gz
C/C=C1/CN2CC[C@]34C(=C(C(=O)OC)[C@H]1C[C@H]23)Nc1ccccc14,24,322.408,datawarrior.sdf.gz
COc1ccc2c(c1O)-c1c3c(cc4c1[C@H](C2)N(C)CC4)OCO3,24,325.3640000000001,datawarrior.sdf.gz
O=C(O)CSC(c1ccccc1)(c1ccccc1)c1ccccc1,24,334.44000000000005,datawarrior.sdf.gz
O=C(O)C(c1ccc(-c2ccccc2)cc1)C(O)c1ccccc1,24,318.372,datawarrior.sdf.gz
O=C(O)C(c1ccc(C2CCCCC2)cc1)C(O)c1ccccc1,24,324.42000000000024,datawarrior.sdf.gz
O=C(O)C(c1ccc(-c2ccccc2)cc1)C(O)C1CCCCC1,24,324.42,datawarrior.sdf.gz
CC1CCC(O)(C(C(=O)O)c2ccc(-c3ccccc3)cc2)CC1,24,324.41999999999996,datawarrior.sdf.gz
C[NH+](C)CCCNc1c2ccccc2nc2cccc([N+](=O)[O-])c12,24,324.38400000000007,datawarrior.sdf.gz
O=C([O-])c1cc(-c2ccccc2)nnc1NCC[NH+]1CCOCC1,24,328.3720000000001,datawarrior.sdf.gz
O=C(O)c1cc(-c2ccccc2)n[nH+]c1NCC[NH+]1CCOCC1,24,328.3720000000001,datawarrior.sdf.gz
O=C([O-])c1cc(-c2ccccc2)nnc1NCCN1CCOCC1,24,328.3720000000001,datawarrior.sdf.gz
CN(C)CCC/N=C(\c1ccccc1)c1cccc2ccccc12,24,316.44800000000004,datawarrior.sdf.gz
CC(CN1CCCCC1)C(C#N)(c1ccccc1)c1ccccc1,24,318.46400000000017,datawarrior.sdf.gz
CC(CC(C#N)(c1ccccc1)c1ccccc1)N1CCCCC1,24,318.4640000000002,datawarrior.sdf.gz
CN(C)CCC/N=C(\c1ccccc1)c1ccc2ccccc2c1,24,316.44800000000004,datawarrior.sdf.gz
C[NH+](C)CCC/N=C(\c1ccccc1)c1cccc2ccccc12,24,316.44800000000004,datawarrior.sdf.gz
C[NH+](C)CCC/N=C(\c1ccccc1)c1ccc2ccccc2c1,24,316.44800000000004,datawarrior.sdf.gz
c1ccc2c(c1)CNCCCNCc1ccccc1OCCCO2,24,326.44000000000005,datawarrior.sdf.gz
c1ccc2c(c1)CNCCC[NH2+]Cc1ccccc1OCCCO2,24,326.44000000000005,datawarrior.sdf.gz
CCCCCCc1c(-c2ccccc2)nn(-c2ccccc2)c1O,24,320.4360000000001,datawarrior.sdf.gz
CCCN(CCC)CC(=O)NC1c2ccccc2-c2ccccc21,24,322.45200000000006,datawarrior.sdf.gz
CCOc1ccc2nc(/C=C/C=C/c3ccccc3)cc(N)c2c1,24,316.404,datawarrior.sdf.gz
CC(CC(C#N)(c1ccccc1)c1ccccc1)N1CCOCC1,24,320.43600000000004,datawarrior.sdf.gz
CC1(C)S[C@H]2[C@@H](NC(=O)Cc3ccc(O)cc3)C(=O)N2[C@@H]1C(=O)O,24,350.3960000000001,datawarrior.sdf.gz
O=C([O-])[C@@H]1O[C@H](Oc2ccc3[nH+]c(O)ccc3c2)[C@@H](O)[C@H](O)[C@H]1O,24,337.28400000000005,datawarrior.sdf.gz
O=C([O-])[C@@H]1O[C@H](Oc2ccc3[nH+]ccc(O)c3c2)[C@@H](O)[C@H](O)[C@H]1O,24,337.28400000000005,datawarrior.sdf.gz
O=C(O)[C@@H]1O[C@H](Oc2ccc3[nH+]c(O)ccc3c2)[C@@H](O)[C@H](O)[C@H]1O,24,337.28400000000005,datawarrior.sdf.gz
O=C(O)[C@@H]1O[C@H](Oc2ccc3[nH+]ccc(O)c3c2)[C@@H](O)[C@H](O)[C@H]1O,24,337.28400000000005,datawarrior.sdf.gz
O=C(CCCN1CCC(O)(c2ccccc2)CC1)c1ccccc1,24,323.436,datawarrior.sdf.gz
NC(=O)c1cc(-c2ccccc2)nnc1NCCN1CCOCC1,24,327.38800000000015,datawarrior.sdf.gz
NC(=O)c1cc(-c2ccccc2)nnc1NCC[NH+]1CCOCC1,24,327.38800000000015,datawarrior.sdf.gz
O=[N+]([O-])c1cc(-c2ccccc2)nnc1NCCN1CCOCC1,24,329.3600000000002,datawarrior.sdf.gz
O=[N+]([O-])c1cc(-c2ccccc2)nnc1NCC[NH+]1CCOCC1,24,329.3600000000002,datawarrior.sdf.gz
O=[N+]([O-])c1ccc(P(=O)(Nc2nccs2)Oc2ccccc2)cc1,24,361.3190000000001,datawarrior.sdf.gz
CC1(C)S[C@H]2[C@@H](NC(=O)Cc3ccc(N)cc3)C(=O)N2[C@@H]1C(=O)[O-],24,349.4120000000001,datawarrior.sdf.gz
COc1ccc(S(=O)(=O)NCCN2CCOCC2)c(OC)c1OC,24,360.4320000000002,datawarrior.sdf.gz
Cc1ccc(S(=O)(=O)NC(=O)OCc2ccc([N+](=O)[O-])cc2)cc1,24,350.35200000000003,datawarrior.sdf.gz
CCN1CCCC1CNS(=O)(=O)c1ccc(OC)c(OC)c1OC,24,358.4600000000002,datawarrior.sdf.gz
CC1=C(CC(C)NCC(O)c2ccc([N+](=O)[O-])cc2)CCC1(C)C,24,332.44400000000013,datawarrior.sdf.gz
CCc1cc(CC)c(OC)c(C(=O)NC[C@H]2CCC[NH+]2CC)c1O,24,334.46000000000015,datawarrior.sdf.gz
CCc1cc(CC)c(OC)c(C(=O)NC[C@H]2CCCN2CC)c1[O-],24,334.46000000000015,datawarrior.sdf.gz
CCOC(=O)COc1ccc(C(=O)c2ccc(O)c(C[NH3+])c2)cc1,24,329.3520000000001,datawarrior.sdf.gz
Cc1ccc([N+](=O)[O-])cc1/C(=N/CCCN(C)C)c1ccccc1,24,325.41200000000003,datawarrior.sdf.gz
Cc1ccc([N+](=O)[O-])cc1/C(=N/CCC[NH+](C)C)c1ccccc1,24,325.41200000000003,datawarrior.sdf.gz
CC1(C)S[C@H]2C(C(=O)[O-])[NH+]=C(CCCC([NH3+])C(=O)[O-])N2C1C(=O)O,24,359.4040000000001,datawarrior.sdf.gz
CC1(C)S[C@H]2C(C(=O)[O-])[NH+]=C(CCCC(N)C(=O)[O-])N2C1C(=O)[O-],24,359.4040000000001,datawarrior.sdf.gz
CC1(C)S[C@H]2C(C(=O)[O-])N=C(CCCC(N)C(=O)[O-])N2C1C(=O)[O-],24,359.4040000000001,datawarrior.sdf.gz
C[C@]12C[C@H](C(=O)O)OC(=O)[C@H]1CC[C@@]1(C)[C@@H]2[C@H]2CCC1(O)C(=O)O2,24,338.356,datawarrior.sdf.gz
c1ccc2cc(NCCNc3ccc4ccccc4c3)ccc2c1,24,312.41600000000005,datawarrior.sdf.gz
c1ccc2cc(NCC[NH2+]c3ccc4ccccc4c3)ccc2c1,24,312.41600000000005,datawarrior.sdf.gz
CC[C@H]1CN2CC[C@@H]1C[C@H]2[C@H](O)c1ccnc2ccc(OC)cc12,24,326.4400000000001,datawarrior.sdf.gz
C=C[C@H]1C[NH+]2CC[C@@H]1C[C@H]2[C@H](O)c1ccnc2ccc(OC)cc12,24,324.4240000000001,datawarrior.sdf.gz
C=C[C@]1(O)CN2CC[C@H]1C[C@H]2[C@H](O)c1cc([O-])[nH+]c2ccccc12,24,326.3960000000001,datawarrior.sdf.gz
C=C[C@]1(O)C[NH+]2CC[C@H]1C[C@H]2[C@H](O)c1cc(O)[nH+]c2ccccc12,24,326.3960000000001,datawarrior.sdf.gz
CCCCCCCCCCCCCCN(CC(C)O)CC(O)CC,24,343.5960000000002,datawarrior.sdf.gz
CCC(CC)C(=O)O[C@H]1O[C@@H](C(=O)O)[C@H](O)[C@@H](O)[C@@H]1O,20,292.28400000000005,datawarrior.sdf.gz
CC(C)(C)c1cc(/C=C/C(=O)[O-])cc(C(C)(C)C)c1O,20,276.376,datawarrior.sdf.gz
CC(C)C(O[C@H]1O[C@@H](C(=O)O)[C@H](O)[C@@H](O)[C@@H]1O)C(C)C,20,292.3280000000001,datawarrior.sdf.gz
NCC(=O)NCC(=O)NCC(=O)N1CCC[C@H]1C(=O)[O-],20,286.28800000000007,datawarrior.sdf.gz
[NH3+]CC(=O)NCC(=O)NCC(=O)N1CCC[C@H]1C(=O)O,20,286.28800000000007,datawarrior.sdf.gz
CCCNc1ccncc1S(=O)(=O)NC(=O)NC(C)C,20,300.38400000000007,datawarrior.sdf.gz
C[NH+](C)Cc1c(O)c(O)c(O)c(C[NH+](C)C)c1C(=O)[O-],20,284.312,datawarrior.sdf.gz
Cc1ccc(S(=O)(=O)N[C@@H](CCC(N)=O)C(=O)[O-])cc1,20,300.336,datawarrior.sdf.gz
O=C([O-])CN(CC(=O)[O-])Cc1cc([N+](=O)[O-])ccc1[O-],20,284.22399999999993,datawarrior.sdf.gz
O=C([O-])C[NH+](CC(=O)[O-])Cc1cc([N+](=O)[O-])ccc1O,20,284.22399999999993,datawarrior.sdf.gz
O=C(O)C[NH+](CC(=O)O)Cc1cc([N+](=O)[O-])ccc1O,20,284.22399999999993,datawarrior.sdf.gz
CCCCCCCCCCCNCc1ccc(C)cc1,20,275.47999999999996,datawarrior.sdf.gz
C=CCC(C)(CN(CC)CC)OC(=O)c1ccccc1,20,275.392,datawarrior.sdf.gz
c1ccc(CNC23OC4C5C6CC(C7C6C4C72)C53)cc1,20,265.356,datawarrior.sdf.gz
O=C1C(O)=C(Cc2ccccc2)C(=O)c2ccccc21,20,264.28,datawarrior.sdf.gz
Cc1cc(-c2ccccc2)nn2c(C[NH+](C)C)cnc12,20,266.34799999999996,datawarrior.sdf.gz
COCc1nc2c(n1C)C(=O)c1ncnc([O-])c1C2=O,20,274.236,datawarrior.sdf.gz
COc1cc(S(C)=O)ccc1-c1nc2nnccc2[nH]1,20,288.332,datawarrior.sdf.gz
COc1cc(S(C)=O)ccc1-c1nc2cnncc2[nH]1,20,288.332,datawarrior.sdf.gz
COc1cc(S(C)=O)ccc1-c1nc2ccnnc2[nH]1,20,288.332,datawarrior.sdf.gz
O=c1nc([O-])c2ncn([C@H]3O[C@@H](CO)[C@H](O)[C@@H]3O)c2[nH]1,20,284.228,datawarrior.sdf.gz
C[NH+]1CCN(C(c2ccccc2)c2ccccc2)CC1,20,266.38800000000003,datawarrior.sdf.gz
O=C1/C(=C2\C=CC=CN2)C(=O)c2cc([N+](=O)[O-])ccc21,20,268.22799999999995,datawarrior.sdf.gz
COc1ccc2nccc(C(O)C3CCCCN3)c2c1,20,272.34800000000007,datawarrior.sdf.gz
COc1ccc2nccc(C(O)C3CCCC[NH2+]3)c2c1,20,272.34800000000007,datawarrior.sdf.gz
COc1ccc(-c2ncc(-c3ccc([NH3+])cc3)o2)cc1,20,266.3,datawarrior.sdf.gz
COc1ccc(-c2cnc(-c3ccc([NH3+])cc3)o2)cc1,20,266.3,datawarrior.sdf.gz
COc1cc(S(C)=O)ccc1-c1nc2ccccc2[nH]1,20,286.356,datawarrior.sdf.gz
CCc1c(-c2ccccc2)nn(-c2ccccc2)c1O,20,264.32800000000003,datawarrior.sdf.gz
Cc1nn(-c2ccccc2)c(O)c1Cc1ccccc1,20,264.32800000000003,datawarrior.sdf.gz
OC(c1ccccc1)(c1ccncc1)c1ccncc1,20,262.312,datawarrior.sdf.gz
O=[N+]([O-])c1ccc(-c2cnc(-c3ccccc3)o2)cc1,20,266.256,datawarrior.sdf.gz
O=[N+]([O-])c1ccc(-c2ncc(-c3ccccc3)o2)cc1,20,266.256,datawarrior.sdf.gz
CN(C)c1ccc(/C=N/c2ncc3nc[nH]c3n2)cc1,20,266.308,datawarrior.sdf.gz
CN(C)c1ccc(/C=N/c2ncc3[nH+]c[nH]c3n2)cc1,20,266.30800000000005,datawarrior.sdf.gz
O=C1N[C@@H](Cc2cnc[nH]2)C(=O)N[C@H]1Cc1cnc[nH]1,20,274.28400000000005,datawarrior.sdf.gz
O=C1N[C@@H](Cc2c[nH+]c[nH]2)C(=O)N[C@H]1Cc1cnc[nH]1,20,274.28400000000005,datawarrior.sdf.gz
CC(C=C(c1cccs1)c1cccs1)N1CCCCC1,20,303.49600000000015,datawarrior.sdf.gz
COc1ccc(-c2cnc(-c3ccc(C)cc3)o2)cc1,20,265.312,datawarrior.sdf.gz
COc1ccc(-c2ncc(-c3ccc(C)cc3)o2)cc1,20,265.312,datawarrior.sdf.gz
CC1(C)CC(=O)C2=C(C1)NC1=C(C2)C(=O)CC(C)(C)C1,20,273.376,datawarrior.sdf.gz
NCCCCOc1c2ccccc2cc2ccccc12,20,265.356,datawarrior.sdf.gz
O=C(O[C@@H]1C[C@H]2CC[C@@H](C1)N2)[C@H](CO)c1ccccc1,20,275.34800000000007,datawarrior.sdf.gz
CO[C@H]1C=CC2=CCN3CC[C@H](CO)/C(=C\CO)[C@]23C1,20,277.3639999999999,datawarrior.sdf.gz
CO[C@H]1CC=C2CCN3CC[C@H](CO)/C(=C\CO)[C@]23C1,20,279.37999999999994,datawarrior.sdf.gz
CO[C@H]1C=CC2=CCN3CCC(CO)=C(CCO)[C@]23C1,20,277.3639999999999,datawarrior.sdf.gz
CO[C@H]1CC=C2CCN3CCC(CO)=C(CCO)[C@]23C1,20,279.3799999999999,datawarrior.sdf.gz
CN1[C@@H]2CC[C@H]1C[C@H](OC(=O)C(O)c1ccccc1)C2,20,275.348,datawarrior.sdf.gz
Nc1nc([S-])c2ncn([C@H]3O[C@@H](CO)[C@H](O)[C@@H]3O)c2n1,20,299.31200000000007,datawarrior.sdf.gz
Nc1nc([Se-])c2ncn([C@H]3O[C@@H](CO)[C@H](O)[C@@H]3O)c2n1,20,346.20500000000004,datawarrior.sdf.gz
COc1cc(C(N)=O)ccc1-c1nc2nn(C)cc2[nH]1,20,271.28,datawarrior.sdf.gz
COc1cc(C(N)=O)ccc1-c1nc2c(ncn2C)[nH]1,20,271.28,datawarrior.sdf.gz
COc1cc(/C=N/c2ncc3nc[nH]c3n2)ccc1O,20,269.264,datawarrior.sdf.gz
Nc1nc2c(ncn2[C@H]2O[C@@H](CO)[C@H](O)[C@@H]2O)c(O)[nH+]1,20,283.244,datawarrior.sdf.gz
Nc1nc([O-])c2ncn([C@H]3O[C@@H](CO)[C@H](O)[C@@H]3O)c2n1,20,283.244,datawarrior.sdf.gz
CN(C)c1ccc2cc3ccc(N(C)C)cc3nc2c1,20,265.36,datawarrior.sdf.gz
Nc1ccc(/C=C/c2cc(N)c3ccccc3n2)cc1,20,261.328,datawarrior.sdf.gz
CN(C)c1ccc2cc3ccc([NH+](C)C)cc3[nH+]c2c1,20,265.36,datawarrior.sdf.gz
C[NH+](C)CCCCN1C=Nc2cccc3cccc1c23,20,267.376,datawarrior.sdf.gz
CN(C)c1ccc2cc3ccc(N(C)C)cc3[nH+]c2c1,20,265.36,datawarrior.sdf.gz
CN(C)c1ccc2c(c1)Sc1cc([NH+](C)C)ccc1N2,20,285.41600000000005,datawarrior.sdf.gz
Cc1c(Cn2ccnc2)n(C)c2ccc(C(=O)[O-])cc12,20,269.304,datawarrior.sdf.gz
Cc1c(Cn2cc[nH+]c2)n(C)c2ccc(C(=O)O)cc12,20,269.304,datawarrior.sdf.gz
C[N-]C(=O)Oc1ccc2c(c1)[C@@]1(C)CCN(C)[C@H]1N2C,20,275.35200000000003,datawarrior.sdf.gz
COc1cc(S(C)=O)ccc1-c1nc2ncccc2[nH]1,20,287.344,datawarrior.sdf.gz
COc1cc(S(C)=O)ccc1-c1nc2cnccc2[nH]1,20,287.344,datawarrior.sdf.gz
COc1cc(S(C)=O)ccc1-c1cn2cccnc2n1,20,287.344,datawarrior.sdf.gz
COc1cc(S(C)=O)ccc1-c1cn2ccncc2n1,20,287.344,datawarrior.sdf.gz
OC(c1ccncc1)(c1ccncc1)c1ccncc1,20,263.3,datawarrior.sdf.gz
OC(c1ccncc1)(c1ccncc1)c1ccccn1,20,263.3,datawarrior.sdf.gz
OC(c1ccncc1)(c1ccccn1)c1ccccn1,20,263.3,datawarrior.sdf.gz
OC(c1ccncc1)(c1ccncc1)c1cccnc1,20,263.3,datawarrior.sdf.gz
O=C(Nc1nnc(-c2ccccc2)s1)c1ccccc1,20,281.34000000000003,datawarrior.sdf.gz
CCC(O)C(C(=O)O)c1ccc(-c2ccccc2)cc1,20,270.328,datawarrior.sdf.gz
CC(C)(O)C(C(=O)O)c1ccc(-c2ccccc2)cc1,20,270.328,datawarrior.sdf.gz
CC(C)(O)C(C(=O)O)c1ccc(C2CCCCC2)cc1,20,276.37600000000003,datawarrior.sdf.gz
O=C(O)[C@@H]1O[C@H](Oc2ccc(I)cc2)[C@@H](O)[C@H](O)[C@H]1O,20,396.1330000000001,datawarrior.sdf.gz
O=C(O)[C@@H]1O[C@H](Oc2ccc(Br)cc2)[C@@H](O)[C@H](O)[C@H]1O,20,349.13300000000004,datawarrior.sdf.gz
C[NH+](C)CCCNc1ccnc2cc([N+](=O)[O-])ccc12,20,274.324,datawarrior.sdf.gz
C[NH+](C)CCCNc1ccnc2ccc([N+](=O)[O-])cc12,20,274.324,datawarrior.sdf.gz
C[NH+](C)CCCNc1c([N+](=O)[O-])cnc2ccccc12,20,274.324,datawarrior.sdf.gz
C[NH+](C)CCCNc1ccnc2c([N+](=O)[O-])cccc12,20,274.324,datawarrior.sdf.gz
C[NH+](C)CCCNc1ccnc2cccc([N+](=O)[O-])c12,20,274.324,datawarrior.sdf.gz
CN(CC[NH+](C)C)c1ccnc2cccc([N+](=O)[O-])c12,20,274.324,datawarrior.sdf.gz
CN(C)CCC(C#N)(c1ccccc1)c1ccccc1,20,264.372,datawarrior.sdf.gz
CN(C)CCCN=C(c1ccccc1)c1ccccc1,20,266.38800000000003,datawarrior.sdf.gz
C[NH+](C)CCCN=C(c1ccccc1)c1ccccc1,20,266.38800000000003,datawarrior.sdf.gz
O=C([O-])c1cc([O-])nc([O-])[n+]1[C@H]1O[C@@H](CO)[C@H](O)[C@@H]1O,20,289.22,datawarrior.sdf.gz
Nc1ccc(S(=O)(=O)Nc2ccc(C(=O)O)cc2)cc1,20,292.31600000000003,datawarrior.sdf.gz
O=P(O)(O)C([NH2+]Cc1cccc[nH+]1)c1ccccc1O,20,294.247,datawarrior.sdf.gz
O=P([O-])(O)C([NH2+]Cc1ccccn1)c1ccccc1O,20,294.247,datawarrior.sdf.gz
O=P(O)(O)C([NH2+]Cc1ccc[nH+]c1)c1ccccc1O,20,294.247,datawarrior.sdf.gz
O=P([O-])(O)C([NH2+]Cc1cccnc1)c1ccccc1O,20,294.247,datawarrior.sdf.gz
O=P(O)(O)C([NH2+]Cc1cc[nH+]cc1)c1ccccc1O,20,294.247,datawarrior.sdf.gz
O=P([O-])(O)C([NH2+]Cc1ccncc1)c1ccccc1O,20,294.247,datawarrior.sdf.gz
O=[N+]([O-])c1ccc(S(=O)(=O)NCc2ccccc2)cc1,20,292.3160000000001,datawarrior.sdf.gz
O=P([O-])([O-])C([NH2+]Cc1ccccn1)c1ccccc1O,20,294.247,datawarrior.sdf.gz
O=P([O-])([O-])C(NCc1ccccn1)c1ccccc1[O-],20,294.247,datawarrior.sdf.gz
O=P([O-])([O-])C([NH2+]Cc1cccnc1)c1ccccc1O,20,294.247,datawarrior.sdf.gz
O=P([O-])([O-])C(NCc1cccnc1)c1ccccc1[O-],20,294.247,datawarrior.sdf.gz
O=P([O-])([O-])C([NH2+]Cc1ccncc1)c1ccccc1O,20,294.247,datawarrior.sdf.gz
O=P([O-])([O-])C(NCc1ccncc1)c1ccccc1[O-],20,294.247,datawarrior.sdf.gz
CC(C)(S)C(C(=O)[O-])n1ccnc1Cc1ccccc1,20,290.38800000000003,datawarrior.sdf.gz
CC(C)(S)[C@@H](C(=O)[O-])n1ccnc1Cc1ccccc1,20,290.38800000000003,datawarrior.sdf.gz
CC(C)(S)C(C(=O)O)n1cc[nH+]c1Cc1ccccc1,20,290.38800000000003,datawarrior.sdf.gz
CC(C)(S)[C@@H](C(=O)O)n1cc[nH+]c1Cc1ccccc1,20,290.38800000000003,datawarrior.sdf.gz
CCCCCCCCc1c(-c2ccccc2)n[nH]c1O,20,272.392,datawarrior.sdf.gz
CN(C)c1ccc(C(O)c2ccc(N(C)C)cc2)cc1,20,270.376,datawarrior.sdf.gz
CCOC(=O)c1ccccc1-n1nc(O)c(CC)c1C,20,274.32000000000005,datawarrior.sdf.gz
CC[NH+]1CCC[C@@H]1CNC(=O)c1c(O)cccc1OC,20,278.35200000000003,datawarrior.sdf.gz
CCN1CCC[C@@H]1CNC(=O)c1c([O-])cccc1OC,20,278.35200000000003,datawarrior.sdf.gz
CCN(CC)Cc1cc([N+](=O)[O-])c2ccccc2c1[O-],20,274.32,datawarrior.sdf.gz
CC[NH+](CC)Cc1cc([N+](=O)[O-])c2ccccc2c1O,20,274.32,datawarrior.sdf.gz
CC(C)N(CCc1ccccc1)CCc1ccccc1,20,267.41600000000005,datawarrior.sdf.gz
Cc1cc(Cc2cc([N+](=O)[O-])ccc2O)cc(C)c1O,20,273.28799999999995,datawarrior.sdf.gz
Cc1cc(Cc2cc(O)ccc2C)c(O)c([N+](=O)[O-])c1,20,273.28799999999995,datawarrior.sdf.gz
Cc1ccc(O)c(Cc2cc(C)cc([N+](=O)[O-])c2O)c1,20,273.288,datawarrior.sdf.gz
Cc1cc(Cc2cc([N+](=O)[O-])ccc2[O-])cc(C)c1O,20,273.28799999999995,datawarrior.sdf.gz
Cc1cc(Cc2cc(O)ccc2C)c([O-])c([N+](=O)[O-])c1,20,273.28799999999995,datawarrior.sdf.gz
Cc1ccc(O)c(Cc2cc(C)cc([N+](=O)[O-])c2[O-])c1,20,273.288,datawarrior.sdf.gz
Cc1ccc(Sc2ccc([N+](=O)[O-])cc2C(=O)O)cc1,20,289.312,datawarrior.sdf.gz
CCN(CC)CCOC(=O)c1ccc2ccccc2c1,20,271.35999999999996,datawarrior.sdf.gz
C[C@@H](C(=O)c1ccc(O)cc1)[NH+](C)Cc1ccccc1,20,269.344,datawarrior.sdf.gz
Cc1ccc([C@@H](OCCN(C)C)c2ccccc2)cc1,20,269.38800000000003,datawarrior.sdf.gz
CC(C)CN[C@H](c1ccccc1)[C@H](O)c1ccccc1,20,269.388,datawarrior.sdf.gz
CN(C)CCOC(C)(c1ccccc1)c1ccccc1,20,269.38800000000003,datawarrior.sdf.gz
O=C(O)c1cc([N+](=O)[O-])ccc1C(=O)c1ccccc1,20,271.22799999999995,datawarrior.sdf.gz
O=C(c1ccccc1)c1cccc([N+](=O)[O-])c1C(=O)O,20,271.228,datawarrior.sdf.gz
O=C(O)c1cccc([N+](=O)[O-])c1C(=O)c1ccccc1,20,271.228,datawarrior.sdf.gz
[NH3+]c1ccccc1O[C@H]1O[C@@H](C(=O)O)[C@H](O)[C@@H](O)[C@@H]1O,20,285.252,datawarrior.sdf.gz
[NH3+]c1cccc(O[C@H]2O[C@@H](C(=O)O)[C@H](O)[C@@H](O)[C@@H]2O)c1,20,285.252,datawarrior.sdf.gz
[NH3+]c1ccc(O[C@H]2O[C@@H](C(=O)O)[C@H](O)[C@@H](O)[C@@H]2O)cc1,20,285.25200000000007,datawarrior.sdf.gz
CN(C)c1ccc(C(=N)c2ccc(N(C)C)cc2)cc1,20,267.376,datawarrior.sdf.gz
CCN(CC)CCCCNc1ccnc2ccccc12,20,271.4079999999999,datawarrior.sdf.gz
CCN(CC)CCCCNc1cc[nH+]c2ccccc12,20,271.4079999999999,datawarrior.sdf.gz
CCOP(=O)(Nc1nccs1)c1ccc([N+](=O)[O-])cc1,20,313.27500000000003,datawarrior.sdf.gz
Cc1cc(N)cc(C)c1C(=O)NCCN1CCOCC1,20,277.368,datawarrior.sdf.gz
Oc1ccccc1CN1CCCNCCCNCCC1,20,277.412,datawarrior.sdf.gz
Oc1ccccc1CN1CCCNCCC[NH2+]CCC1,20,277.412,datawarrior.sdf.gz
CC(=O)Nc1ccc(S(=O)(=O)Nc2ccccn2)cc1,20,291.3320000000001,datawarrior.sdf.gz
CCCCCCCC/C=C\CCCCCCCC(=O)O,20,282.46799999999996,datawarrior.sdf.gz
CCCCCCCCCCCCCCCCCC(=O)O,20,284.4839999999999,datawarrior.sdf.gz
CCCCCCCCCCN(CC(C)O)CC(O)CC,20,287.488,datawarrior.sdf.gz
CCCCCCCCCCCCN(CCO)CC(C)O,20,287.488,datawarrior.sdf.gz
c1cc(N2CCCC2)c2c(N3CCCC3)cccc2c1,20,266.38800000000003,datawarrior.sdf.gz
CN1C[C@H](C(=O)[O-])C[C@@H]2c3cccc4[nH]cc(c34)C[C@@H]21,20,270.332,datawarrior.sdf.gz
CN1C[C@@H](C(=O)[O-])C[C@H]2c3cccc4[nH]cc(c34)C[C@@H]21,20,270.332,datawarrior.sdf.gz
CN1C[C@@H](C(=O)[O-])C=C2c3cccc4[nH]cc(c34)C[C@@H]21,20,268.31600000000003,datawarrior.sdf.gz
CN1C[C@H](C(=O)[O-])C=C2c3cccc4[nH]cc(c34)C[C@@H]21,20,268.31600000000003,datawarrior.sdf.gz
C[NH+]1C[C@@H](C(=O)O)C=C2c3cccc4[nH]cc(c34)C[C@@H]21,20,268.31600000000003,datawarrior.sdf.gz
C[NH+]1C[C@H](C(=O)O)C=C2c3cccc4[nH]cc(c34)C[C@@H]21,20,268.31600000000003,datawarrior.sdf.gz
Cc1ccc2nc3c(c(N4CCOCC4)c2c1)CCC3,20,268.35999999999996,datawarrior.sdf.gz
Brc1ccc2nc3c(c(N4CCOCC4)c2c1)CCC3,20,333.22900000000016,datawarrior.sdf.gz
CN1CCC2Cc3ccc(O)c(O)c3C3CCCC1C23,20,273.376,datawarrior.sdf.gz
CN1CCc2cccc3c2[C@@H]1Cc1ccc(O)c(O)c1-3,20,267.328,datawarrior.sdf.gz
O=C(O)C[NH+](CC(=O)O)Cc1cc(Cl)cc(C[NH+](CC(=O)O)CC(=O)O)c1O,28,418.7860000000001,datawarrior.sdf.gz
O=C([O-])C[NH+](CC(=O)[O-])Cc1cc(Cl)cc(C[NH+](CC(=O)[O-])CC(=O)[O-])c1O,28,418.7860000000001,datawarrior.sdf.gz
O=C([O-])CN(CC(=O)O)Cc1cc(Cl)cc(C[NH+](CC(=O)[O-])CC(=O)O)c1O,28,418.7860000000001,datawarrior.sdf.gz
CCCCCCCCCCCCCCCC(=O)N[C@@H](Cc1c[nH]cn1)C(=O)[O-],28,393.57200000000034,datawarrior.sdf.gz
C[C@H]1O[C@H](O[C@H]2CC[C@H](n3ccc(N)nc3=O)O[C@@H]2C)[C@H](O)[C@@H](O)[C@@H]1N(C)C,28,398.46000000000004,datawarrior.sdf.gz
C[C@H]1O[C@H](O[C@H]2CC[C@H]([n+]3ccc(N)nc3O)O[C@@H]2C)[C@H](O)[C@@H](O)[C@@H]1[NH+](C)C,28,399.46800000000013,datawarrior.sdf.gz
CCCCCCCCCCc1c(-c2ccccc2)nn(-c2ccccc2)c1O,28,376.54400000000027,datawarrior.sdf.gz
CC(=O)c1ccccc1NN=C(C(=O)c1ccccc1)C(=O)c1ccccc1,28,370.4080000000001,datawarrior.sdf.gz
O=C(Cc1ccccc1Nc1c(Cl)cccc1Cl)OCCCN1CCOCC1,28,423.3400000000004,datawarrior.sdf.gz
NC(=O)CN(CCN(CC(N)=O)Cc1ccccc1O)Cc1ccccc1O,28,386.4520000000001,datawarrior.sdf.gz
NC(=O)CN(CCN(CC(N)=O)Cc1ccccc1O)Cc1ccccc1[O-],28,386.4520000000001,datawarrior.sdf.gz
NC(=O)CN(CC[NH+](CC(N)=O)Cc1ccccc1O)Cc1ccccc1O,28,386.4520000000001,datawarrior.sdf.gz
c1ccc(Cc2cc(-c3ccccc3)nnc2NCCN2CCOCC2)cc1,28,374.48800000000006,datawarrior.sdf.gz
c1ccc(Cc2cc(-c3ccccc3)nnc2NCC[NH+]2CCOCC2)cc1,28,374.48800000000006,datawarrior.sdf.gz
CCOc1ccc2ccc(OCC)c(N3CCOCC3)c2c1N1CCOCC1,28,386.49200000000025,datawarrior.sdf.gz
COc1ccc(C=O)cc1C(=O)N[C@@H]1C[C@H]2CC[C@@H](C1)N2Cc1ccccc1,28,378.47200000000015,datawarrior.sdf.gz
COc1cccc(C(=O)NC2CC3CCC(C2)N3Cc2ccccc2)c1OC,28,380.48800000000017,datawarrior.sdf.gz
COc1cccc(C(=O)N[C@H]2C[C@H]3CC[C@@H](C2)N3Cc2ccccc2)c1OC,28,380.48800000000017,datawarrior.sdf.gz
O=C1c2ccccc2C(=O)C1Cc1ccccc1,18,236.27,datawarrior.sdf.gz
CN(C)c1ccc2nc3ccc(N)cc3nc2c1,18,238.29399999999998,datawarrior.sdf.gz
O[C@@H]1[C@H](O)[C@@H](n2cnc3cncnc32)OC[C@@H]1O,18,252.23,datawarrior.sdf.gz
Nc1cccc2nn([C@@H]3C[C@@H](O)[C@H](CO)O3)nc12,18,250.258,datawarrior.sdf.gz
Nc1cccc2c1nnn2[C@@H]1C[C@@H](O)[C@H](CO)O1,18,250.258,datawarrior.sdf.gz
Nc1cccc2nnn([C@@H]3C[C@@H](O)[C@H](CO)O3)c12,18,250.258,datawarrior.sdf.gz
Cc1nc2c(n1C)C(=O)c1ncnc([O-])c1C2=O,18,244.20999999999998,datawarrior.sdf.gz
Cc1nc2c(n1C)C(=O)c1nc[nH+]c(O)c1C2=O,18,244.20999999999998,datawarrior.sdf.gz
c1cc(N2CCCCC2)ccc1N1CCCCC1,18,244.38199999999992,datawarrior.sdf.gz
Oc1onc2c1CCN(Cc1ccccc1)CC2,18,244.29399999999998,datawarrior.sdf.gz
Oc1onc2c1CC[NH+](Cc1ccccc1)CC2,18,244.29399999999998,datawarrior.sdf.gz
COc1ccc(-c2cn3ccsc3n2)c(OC)c1,18,260.318,datawarrior.sdf.gz
O=C(O)c1ccc2sc(Cn3cc[nH+]c3)cc2c1,18,258.30199999999996,datawarrior.sdf.gz
O=C([O-])c1ccc2sc(Cn3ccnc3)cc2c1,18,258.30199999999996,datawarrior.sdf.gz
O=C(O)c1cc2cc(Cn3cc[nH+]c3)ccc2s1,18,258.30199999999996,datawarrior.sdf.gz
O=C([O-])c1cc2cc(Cn3ccnc3)ccc2s1,18,258.30199999999996,datawarrior.sdf.gz
O=C([O-])CSc1nc2cc3ccccc3cc2[nH]1,18,258.302,datawarrior.sdf.gz
O=C([O-])CSc1nc2cc3c(cc2[nH]1)CCCC3,18,262.334,datawarrior.sdf.gz
O=C(O)CSc1[nH]c2cc3ccccc3cc2[nH+]1,18,258.302,datawarrior.sdf.gz
Oc1cc(-c2ccccc2)n(-c2ccccc2)n1,18,236.27400000000003,datawarrior.sdf.gz
Oc1cc(-c2ccccc2)nn1-c1ccccc1,18,236.27400000000003,datawarrior.sdf.gz
C=CCCN1C[C@H]2C[C@@H](C1)c1cccc([O-])[n+]1C2,18,245.34599999999992,datawarrior.sdf.gz
[NH3+]c1ccc(-c2ncc(-c3ccccc3)o2)cc1,18,236.274,datawarrior.sdf.gz
[NH3+]c1ccc(-c2cnc(-c3ccccc3)o2)cc1,18,236.274,datawarrior.sdf.gz
O=C(O)c1cc2cc(Cn3cc[nH+]c3)ccc2o1,18,242.234,datawarrior.sdf.gz
O=C([O-])c1cc2cc(Cn3ccnc3)ccc2o1,18,242.234,datawarrior.sdf.gz
Nc1ncnc2nn([C@@H]3C[C@@H](O)[C@H](CO)O3)nc12,18,252.234,datawarrior.sdf.gz
Cc1ccc(-c2ncc(-c3ccccc3)o2)cc1,18,235.286,datawarrior.sdf.gz
Cc1ccc(-c2cnc(-c3ccccc3)o2)cc1,18,235.286,datawarrior.sdf.gz
CCN1CC[C@]2(C)c3cc(O)ccc3C[C@H]1[C@H]2C,18,245.36599999999996,datawarrior.sdf.gz
Clc1ccc(-c2ncc(-c3ccccc3)o2)cc1,18,255.704,datawarrior.sdf.gz
Brc1ccc(-c2ncc(-c3ccccc3)o2)cc1,18,300.155,datawarrior.sdf.gz
Clc1ccc(-c2cnc(-c3ccccc3)o2)cc1,18,255.704,datawarrior.sdf.gz
Brc1ccc(-c2cnc(-c3ccccc3)o2)cc1,18,300.155,datawarrior.sdf.gz
c1ccc(CCNc2ncnc3[nH]ncc23)cc1,18,239.28200000000004,datawarrior.sdf.gz
Cc1n[nH]c2c(NCc3ccccc3)ncnc12,18,239.28200000000004,datawarrior.sdf.gz
c1ccc(CCNc2ncnc3nc[nH]c23)cc1,18,239.28200000000004,datawarrior.sdf.gz
Clc1ccc(CNc2ncnc3[nH]ncc23)cc1,18,259.7,datawarrior.sdf.gz
Nc1nc2c(ncn2[C@@H]2C=C[C@H](CO)C2)c(O)[nH+]1,18,247.25800000000004,datawarrior.sdf.gz
Nc1nc([O-])c2ncn([C@@H]3C=C[C@H](CO)C3)c2n1,18,247.258,datawarrior.sdf.gz
Oc1ccc(/C=N/c2ncc3nc[nH]c3n2)cc1,18,239.23800000000003,datawarrior.sdf.gz
Oc1ccccc1/C=N/c1ncc2nc[nH]c2n1,18,239.238,datawarrior.sdf.gz
Nc1ccc2[nH]c(CCc3ccccc3)nc2c1,18,237.30599999999998,datawarrior.sdf.gz
c1ccc(-c2cccc(-c3ccccn3)n2)nc1,18,233.27400000000003,datawarrior.sdf.gz
c1ccc(-c2cccc(-c3cccc[nH+]3)n2)nc1,18,233.274,datawarrior.sdf.gz
C[NH+](C)CCN1C=Nc2cccc3cccc1c23,18,239.32199999999997,datawarrior.sdf.gz
O=[N+]([O-])c1ccc2[nH]c(-c3ccccc3)nc2c1,18,239.234,datawarrior.sdf.gz
c1ccc(C2=NSC(N3CCOCC3)=NS2)cc1,18,279.39,datawarrior.sdf.gz
CC=C=CC(=O)CC(Cc1ccccc1)C(=O)[O-],18,244.29000000000002,datawarrior.sdf.gz
N#CC(C#N)=C(C#N)Nc1ccc(C(=O)O)cc1,18,238.20599999999996,datawarrior.sdf.gz
N#CC(C#N)=NNc1ccc(OC(F)(F)F)cc1,18,254.17100000000002,datawarrior.sdf.gz
CN(C)CCCC(=O)Oc1cccc([N+](=O)[O-])c1,18,252.26999999999992,datawarrior.sdf.gz
CN(C)CCCC(=O)Oc1ccc([N+](=O)[O-])cc1,18,252.26999999999992,datawarrior.sdf.gz
CCCCN(CCCC)c1ccc([N+](=O)[O-])cc1,18,250.34199999999987,datawarrior.sdf.gz
CC/C=C/Cc1nccn1[C@H](C(=O)[O-])C(C)(C)S,18,268.382,datawarrior.sdf.gz
CC/C=C/Cc1[nH+]ccn1[C@H](C(=O)O)C(C)(C)S,18,268.382,datawarrior.sdf.gz
O=C([O-])C(CO)NCc1cc([N+](=O)[O-])ccc1[O-],18,256.21399999999994,datawarrior.sdf.gz
O=C([O-])C(CO)[NH2+]Cc1cc([N+](=O)[O-])ccc1O,18,256.21399999999994,datawarrior.sdf.gz
O=C(O)C(CO)[NH2+]Cc1cc([N+](=O)[O-])ccc1O,18,256.21399999999994,datawarrior.sdf.gz
CCN(CC)CC(=O)Nc1c(C)cc(C)cc1C,18,248.36999999999998,datawarrior.sdf.gz
O=C(O)CNC(=O)CNS(=O)(=O)c1ccccc1,18,272.282,datawarrior.sdf.gz
O=C([O-])CNC(=O)CNS(=O)(=O)c1ccccc1,18,272.282,datawarrior.sdf.gz
CC(O)CN(CCCN1CCOCC1)CC(C)O,18,260.378,datawarrior.sdf.gz
CC[NH+](CC)CCOc1ccccc1C(=O)NO,18,252.31399999999994,datawarrior.sdf.gz
CC(O)C[NH+](CCCN1CCOCC1)CC(C)O,18,260.378,datawarrior.sdf.gz
OCCNc1nc(NCCO)nc(NCCO)n1,18,258.282,datawarrior.sdf.gz
CCCCCCCCCNCc1ccc(C)cc1,18,247.4259999999999,datawarrior.sdf.gz
CN(C)Cc1c(C(C)(C)C)cccc1C(C)(C)C,18,247.42599999999996,datawarrior.sdf.gz
Cc1ccc(S(=O)(=O)NC(=O)OC(C)(C)C)cc1,18,271.33799999999997,datawarrior.sdf.gz
CCOC(=O)C1(CCC(=O)O)CCC(=O)NC1=O,18,257.2419999999999,datawarrior.sdf.gz
CC(C)(/C=C/C(=O)O)c1cc([N+](=O)[O-])ccc1O,18,251.23799999999997,datawarrior.sdf.gz
CC(C)(/C=C/C(=O)[O-])c1cc([N+](=O)[O-])ccc1O,18,251.23799999999997,datawarrior.sdf.gz
C[C@@H]1N[C@H](CCCCCCCC(=O)[O-])CC[C@@H]1O,18,257.37399999999997,datawarrior.sdf.gz
C[C@@H]1[NH2+][C@H](CCCCCCCC(=O)O)CC[C@@H]1O,18,257.37399999999997,datawarrior.sdf.gz
N#CC(C#N)=C(C#N)Nc1cccc([N+](=O)[O-])c1,18,239.194,datawarrior.sdf.gz
Cc1ccc(S(=O)(=O)[N-]CCC(=N)N(C)C)cc1,18,269.37,datawarrior.sdf.gz
CCN(CC)CC(=O)Nc1ccc([N+](=O)[O-])cc1,18,251.28599999999992,datawarrior.sdf.gz
CCCCCCCCCCCCCCCCCN,18,255.4899999999999,datawarrior.sdf.gz
CCCCCCCCN(CC(C)O)CC(O)CC,18,259.4339999999999,datawarrior.sdf.gz
CCCCCCCCCCN(CCO)CC(C)O,18,259.4339999999999,datawarrior.sdf.gz
C=CCC(C)(CN(CC)CC)OC(=O)CC(C)C,18,255.40199999999996,datawarrior.sdf.gz
CCCCCCCCCCCCNCCC(=O)[O-],18,257.4179999999999,datawarrior.sdf.gz
CCCCCCCCCCCC[NH2+]CCC(=O)O,18,257.4179999999999,datawarrior.sdf.gz
CC(C)C[C@H](N)C(=O)N[C@@H](CCC(N)=O)C(=O)O,18,259.306,datawarrior.sdf.gz
CN(C)CCCCCCCCCNC(=O)/C=N/[O-],18,257.37799999999993,datawarrior.sdf.gz
C[NH+](C)CCCCCCCCCNC(=O)/C=N/O,18,257.37799999999993,datawarrior.sdf.gz
O=C1CCC[C@H]2[C@H]3C[C@@H](CN12)[C@@H]1CCCCN1C3,18,248.36999999999992,datawarrior.sdf.gz
O=C1CCC[C@H]2[C@H]3C[C@@H](CN12)[C@H]1CCCCN1C3,18,248.36999999999992,datawarrior.sdf.gz
O=C1[C@H]2C[C@H](CN3CCCC=C23)[C@@H]2CCCCN12,18,246.3539999999999,datawarrior.sdf.gz
O=C1[C@@H]2C[C@@H](CN3CCCC[C@@H]23)[C@H]2CCCCN12,18,248.3699999999999,datawarrior.sdf.gz
O=C1[C@H]2C[C@H](CN3CCCC[C@@H]23)C2=CCCCN12,18,246.3539999999999,datawarrior.sdf.gz
O=C1CC[C@H]2N1CC[C@H]1c3ccccc3CCN12,18,242.322,datawarrior.sdf.gz
O=C1C=CN2C[C@@H]3C[C@@H](CN4CCCC[C@H]34)[C@@H]2C1,18,246.35399999999993,datawarrior.sdf.gz
OC1(c2cc3ccccc3o2)CN2CCC1CC2,18,243.30599999999993,datawarrior.sdf.gz
Cc1c2ccncc2cc2c1[nH]c1ccncc12,18,233.274,datawarrior.sdf.gz
Cc1c2ccncc2cc2c1[nH]c1cc[nH+]cc12,18,233.274,datawarrior.sdf.gz
O=C(O)CC(c1ccccc1)c1ccccc1Cl,18,260.71999999999997,datawarrior.sdf.gz
CC(C)CCC1=C(O)C(=O)c2ccccc2C1=O,18,244.28999999999996,datawarrior.sdf.gz
O=C(O)C(=O)C(c1ccccc1)c1ccccc1,18,240.25800000000004,datawarrior.sdf.gz
N=C(Nc1ccccc1)Nc1nc(N)nc(N)n1,18,244.26200000000003,datawarrior.sdf.gz
C(CSCCc1nnn[nH]1)SCCc1nnn[nH]1,18,286.39,datawarrior.sdf.gz
C(CSCCc1nnn[nH]1)SCCc1nnn[n-]1,18,286.39,datawarrior.sdf.gz
C(COCCc1nnn[nH]1)OCCc1nnn[nH]1,18,254.25400000000002,datawarrior.sdf.gz
C(COCCc1nnn[nH]1)OCCc1nnn[n-]1,18,254.25400000000002,datawarrior.sdf.gz
CC(C)N/C=N/c1ccc(-c2cn(C)cn2)cc1,18,242.32600000000002,datawarrior.sdf.gz
CC(C)/N=C/N(C)c1ccc(-c2c[nH]cn2)cc1,18,242.326,datawarrior.sdf.gz
CC(C)N(C)/C=N/c1ccc(-c2c[nH]cn2)cc1,18,242.326,datawarrior.sdf.gz
CC(C)N/C=N/c1ccc(-c2cncn2C)cc1,18,242.32600000000002,datawarrior.sdf.gz
CC(C)N(C)/C=[NH+]/c1ccc(-c2c[nH]cn2)cc1,18,242.326,datawarrior.sdf.gz
CC(C)N/C=[NH+]/c1ccc(-c2cn(C)cn2)cc1,18,242.326,datawarrior.sdf.gz
CC(C)N/C=[NH+]/c1ccc(-c2cncn2C)cc1,18,242.326,datawarrior.sdf.gz
CC(C)/[NH+]=C/N(C)c1ccc(-c2c[nH]cn2)cc1,18,242.32600000000002,datawarrior.sdf.gz
S=C(/N=N/c1ccccc1)NNc1ccccc1,18,256.33400000000006,datawarrior.sdf.gz
O=C1NC(=O)[C@H](CSSC[C@@H]2NC(=O)NC2=O)N1,18,290.326,datawarrior.sdf.gz
O=c1[nH]cc(SSc2c[nH]c(=O)[nH]c2=O)c(=O)[nH]1,18,286.29400000000004,datawarrior.sdf.gz
Nc1ccnc2c1ncn2CCOCP(=O)(O)O,18,272.201,datawarrior.sdf.gz
Nc1nccc2c1ncn2CCOCP(=O)([O-])[O-],18,272.201,datawarrior.sdf.gz
Nc1nccc2c1[nH+]cn2CCOCP(=O)([O-])O,18,272.201,datawarrior.sdf.gz
Nc1cc[nH+]c2c1ncn2CCOCP(=O)([O-])O,18,272.201,datawarrior.sdf.gz
Nc1nccc2c1[nH+]cn2CCOCP(=O)(O)O,18,272.201,datawarrior.sdf.gz
Nc1ccnc2c1ncn2CCOCP(=O)([O-])O,18,272.201,datawarrior.sdf.gz
Nc1cc[nH+]c2c1ncn2CCOCP(=O)(O)O,18,272.201,datawarrior.sdf.gz
Cc1ccnc(/N=C/c2ccc([N+](=O)[O-])cc2)n1,18,242.238,datawarrior.sdf.gz
Nc1ccc(S(=O)(=O)Nc2cnc(Cl)nc2)cc1,18,284.728,datawarrior.sdf.gz
Nc1ccc(S(=O)(=O)Nc2ccc(N)cn2)cc1,18,264.31,datawarrior.sdf.gz
Nc1ccc(S(=O)(=O)Nc2ccc(N)nc2)cc1,18,264.31,datawarrior.sdf.gz
C[n+]1ccn(CCC[n+]2ccc(/C=N/O)cc2)c1,18,246.31399999999996,datawarrior.sdf.gz
[NH3+]c1ccc(/C=N/NC(=O)c2ccncc2)cc1,18,240.266,datawarrior.sdf.gz
Cc1ccc(NCCNc2ccc(C)cc2)cc1,18,240.35,datawarrior.sdf.gz
CN(C)CCC(c1ccccc1)c1ccccn1,18,240.35,datawarrior.sdf.gz
CCCN(CCC)CCc1c[nH]c2ccccc12,18,244.38200000000003,datawarrior.sdf.gz
Cc1ccc(NCC[NH2+]c2ccc(C)cc2)cc1,18,240.35,datawarrior.sdf.gz
CN(C)c1ccc(C(=S)Nc2ccccc2)cc1,18,256.37399999999997,datawarrior.sdf.gz
COc1cc2c(OC)ncnc2c(OC)c1OC,18,250.25399999999996,datawarrior.sdf.gz
Cc1nn(-c2ccccc2)c(C(=O)[O-])c1C(=O)[O-],18,246.22200000000004,datawarrior.sdf.gz
N[C@H]1CCC[C@H]1C(=O)Oc1ccc([N+](=O)[O-])cc1,18,250.25399999999993,datawarrior.sdf.gz
N#CC(c1ccccc1)c1ccc([N+](=O)[O-])cc1,18,238.246,datawarrior.sdf.gz
C=CCC1(C2=CCCCC2)C(=O)NC(=S)NC1=O,18,264.34999999999997,datawarrior.sdf.gz
C=CCC1(C2C=CCCC2)C(=O)NC(=S)NC1=O,18,264.34999999999997,datawarrior.sdf.gz
O=[N+]([O-])c1ccc(C(=S)Nc2ccccc2)cc1,18,258.302,datawarrior.sdf.gz
C=CCC1(C2=CCCCC2)C(=O)[N-]C(=S)NC1=O,18,264.34999999999997,datawarrior.sdf.gz
C=CCC1(C2C=CCCC2)C(=O)[N-]C(=S)NC1=O,18,264.34999999999997,datawarrior.sdf.gz
[O-]c1[nH+]c(O)c(Br)c[n+]1[C@H]1O[C@@H](CO)[C@H](O)[C@@H]1O,18,324.1070000000001,datawarrior.sdf.gz
CCCCCCc1c(-c2ccccc2)n[nH]c1O,18,244.338,datawarrior.sdf.gz
Cc1ccc(NC(=O)CN2CCCCC2)c(C)c1,18,246.35399999999996,datawarrior.sdf.gz
CCN(CC)CC(=O)NC1CCc2ccccc21,18,246.35399999999998,datawarrior.sdf.gz
Cc1cccc(C)c1NC(=O)CN1CCCCC1,18,246.35399999999996,datawarrior.sdf.gz
C[NH+](C)c1ccc(/C=C/c2cc[n+](O)cc2)cc1,18,241.314,datawarrior.sdf.gz
CCOC(=O)c1ccccc1-n1nc(O)cc1C,18,246.26600000000002,datawarrior.sdf.gz
O=[N+]([O-])c1ccc(/C(=N\O)c2ccccc2)cc1,18,242.234,datawarrior.sdf.gz
CCc1c(O)nn(-c2ccccc2C(=O)[O-])c1C,18,246.26599999999996,datawarrior.sdf.gz
O=P([O-])([O-])c1cn2c(n1)[C@@H](O)[C@H](O)[C@@H](O)[C@@H]2CO,18,280.173,datawarrior.sdf.gz
O=P([O-])(O)c1cn2c([nH+]1)[C@@H](O)[C@H](O)[C@@H](O)[C@@H]2CO,18,280.173,datawarrior.sdf.gz
C(CNCCc1nnn[n-]1)NCCc1nnn[n-]1,18,252.286,datawarrior.sdf.gz
C(C[NH2+]CCc1nnn[nH]1)[NH2+]CCc1nnn[nH]1,18,252.286,datawarrior.sdf.gz
C(C[NH2+]CCc1nnn[n-]1)NCCc1nnn[n-]1,18,252.286,datawarrior.sdf.gz
C(C[NH2+]CCc1nnn[nH]1)[NH2+]CCc1nnn[n-]1,18,252.286,datawarrior.sdf.gz
Nc1n[nH]c(N)c1/N=N/c1ccc(C(=O)O)cc1,18,246.22999999999996,datawarrior.sdf.gz
SCCN(Cc1ccccc1)Cc1ccccc1,18,257.40200000000004,datawarrior.sdf.gz
O=C(CCCCN1CCOCC1)c1ccccc1,18,247.3379999999999,datawarrior.sdf.gz
O=C(CC(=O)c1ccccc1)Nc1ccccc1,18,239.27400000000003,datawarrior.sdf.gz
C[C@@H]1C[C@H](OC(=O)c2ccccc2)CC(C)(C)N1,18,247.338,datawarrior.sdf.gz
COc1ccc(CN2CC(O[Si](C)(C)C)C2)cc1,18,265.429,datawarrior.sdf.gz
COc1cccc(CN2CC(O[Si](C)(C)C)C2)c1,18,265.429,datawarrior.sdf.gz
OC[C@@H]1O[C@H](CN2CCOCC2)[C@@H](O)[C@H](O)[C@@H]1O,18,263.28999999999996,datawarrior.sdf.gz
O=C(/C=C(/[70SH])c1ccccc1)Nc1ccccc1,18,293.27500000000003,datawarrior.sdf.gz
CC(=O)N1C[C@@]2(C(C)C)OC(=O)C[C@H]2[C@@H]1C(=O)O,18,255.26999999999995,datawarrior.sdf.gz
COc1cccc(C(=O)CCN2CCOCC2)c1,18,249.30999999999992,datawarrior.sdf.gz
OCCN(CCc1nnn[n-]1)CCc1nnn[n-]1,18,253.27000000000007,datawarrior.sdf.gz
OCC[NH+](CCc1nnn[nH]1)CCc1nnn[nH]1,18,253.27000000000007,datawarrior.sdf.gz
CCCCC(CC)CNc1ncnc2[nH]ncc12,18,247.34599999999998,datawarrior.sdf.gz
Nc1ncnc2c1ncn2CCOCP(=O)([O-])O,18,273.189,datawarrior.sdf.gz
Nc1nc[nH+]c2c1ncn2CCOCP(=O)(O)O,18,273.189,datawarrior.sdf.gz
Nc1ccc(S(=O)(=O)Nc2nccc(N)n2)cc1,18,265.298,datawarrior.sdf.gz
Cc1ccccc1NC(=N)Nc1ccccc1C,18,239.32200000000003,datawarrior.sdf.gz
CCN(CC)CCNc1ccnc2ccccc12,18,243.35399999999993,datawarrior.sdf.gz
CC(CN1CCCC(C)(C)C1)Nc1ccccn1,18,247.3859999999999,datawarrior.sdf.gz
CC[NH+](CC)CCNc1ccnc2ccccc12,18,243.35399999999993,datawarrior.sdf.gz
CNc1nc(O)[n+]([C@@H]2C[C@@H](O)[C@H](CO)O2)cc1C,18,256.282,datawarrior.sdf.gz
CC(=O)Nc1c(C)n(C)n(-c2ccccc2)c1=O,18,245.282,datawarrior.sdf.gz
O=C(N/N=C/c1ccccc1O)c1ccncc1,18,241.25,datawarrior.sdf.gz
CCCCNc1ccnc2cccc([N+](=O)[O-])c12,18,245.28199999999995,datawarrior.sdf.gz
O=C(N/N=C/c1ccccc1[O-])c1ccncc1,18,241.25,datawarrior.sdf.gz
Nc1ccc(S(=O)(=O)Nc2ccc(Br)nc2)cc1,18,328.1910000000001,datawarrior.sdf.gz
Cc1ccnc(NS(=O)(=O)c2ccc(Cl)cc2)n1,18,283.74,datawarrior.sdf.gz
CCOP(=O)(Nc1nccs1)c1ccc(N)cc1,18,283.293,datawarrior.sdf.gz
CNc1ccc(S(=O)(=O)Nc2nc(C)cs2)cc1,18,283.378,datawarrior.sdf.gz
Cc1nc(NS(=O)(=O)c2ccc(N)cc2)sc1C,18,283.37800000000004,datawarrior.sdf.gz
[O-]c1nc(NO)cc[n+]1[C@H]1O[C@@H](CO)[C@H](O)[C@@H]1O,18,260.226,datawarrior.sdf.gz
Nc1c(C(=O)O)[nH+]cn1[C@H]1O[C@@H](CO)[C@H](O)[C@@H]1O,18,259.218,datawarrior.sdf.gz
Nc1c(C(=O)[O-])ncn1[C@H]1O[C@@H](CO)[C@H](O)[C@@H]1O,18,259.218,datawarrior.sdf.gz
OC[C@@H]1O[C@H]([n+]2ccc(NO)nc2O)[C@@H](O)[C@H]1O,18,260.226,datawarrior.sdf.gz
Nc1nc(O)[n+]([C@@H]2C[C@@H](O)[C@H](CO)O2)cc1CO,18,258.25399999999996,datawarrior.sdf.gz
O=[N+]([O-])c1cccc2nccc(NCCCO)c12,18,247.25399999999996,datawarrior.sdf.gz
O=S(=O)(Nc1ncc(Cl)cn1)c1ccc(O)cc1,18,285.71200000000005,datawarrior.sdf.gz
O=S(=O)([N-]c1ncc(Cl)cn1)c1ccc(O)cc1,18,285.71200000000005,datawarrior.sdf.gz
Nc1ccc(S(=O)(=O)Nc2ccc(O)cn2)cc1,18,265.294,datawarrior.sdf.gz
Nc1ccc(S(=O)(=O)Nc2ncccc2O)cc1,18,265.29400000000004,datawarrior.sdf.gz
Nc1ccc(S(=O)(=O)Nc2cccc[n+]2[O-])cc1,18,265.29400000000004,datawarrior.sdf.gz
C[NH+](C)CCCCCNc1c2ccccc2nc2cccc([N+](=O)[O-])c12,26,352.43800000000016,datawarrior.sdf.gz
CCOC(=O)c1cc(-c2ccccc2)nnc1NCCN1CCOCC1,26,356.42600000000016,datawarrior.sdf.gz
CN(C)CCC/N=C(\c1ccccc1)c1ccccc1-c1ccccc1,26,342.48600000000005,datawarrior.sdf.gz
C[NH+](C)CCC/N=C(\c1ccccc1)c1ccccc1-c1ccccc1,26,342.48600000000005,datawarrior.sdf.gz
O=C([O-])c1c2cccc1COCCOCc1ncc([nH]1)COCCOC2,26,362.38200000000006,datawarrior.sdf.gz
CN(C)c1ccc(C(O)(c2ccccc2)c2ccc(N(C)C)cc2)cc1,26,346.4740000000001,datawarrior.sdf.gz
CCCCCCCCc1c(-c2ccccc2)nn(-c2ccccc2)c1O,26,348.4900000000002,datawarrior.sdf.gz
CCC(=O)C(c1ccccc1)(c1ccccc1)C(C)CN1CCOCC1,26,351.4900000000002,datawarrior.sdf.gz
CCC(=O)C(CC(C)N1CCOCC1)(c1ccccc1)c1ccccc1,26,351.49000000000024,datawarrior.sdf.gz
CC#C[C@H](C)Oc1cc(N)c(Cl)cc1C(=O)N[C@@H]1C[C@H]2CC[C@@H](C1)N2C,26,375.9000000000002,datawarrior.sdf.gz
CCN(CC)CC(C)Nc1c2ccc(Cl)cc2nc2ccc(OC)cc12,26,371.9120000000002,datawarrior.sdf.gz
CC[NH+](CC)CC(C)Nc1c2ccc(Cl)cc2nc2ccc(OC)cc12,26,371.9120000000002,datawarrior.sdf.gz
NC(=O)c1c2cccc1COCCOCc1ncc([nH]1)COCCOC2,26,361.398,datawarrior.sdf.gz
CC(C)=CCC1C(=O)C(CC=C(C)C)(CC=C(C)C)C(O)(C(=O)O)C1=O,26,362.4660000000002,datawarrior.sdf.gz
CC(C)=CCC1=C(O)[C@](O)(CC=C(C)C)C(=O)C(C(=O)CC(C)C)=C1O,26,362.4660000000001,datawarrior.sdf.gz
CC(C)=CCC1C(=O)C(CC=C(C)C)(CC=C(C)C)C(O)(C(=O)[O-])C1=O,26,362.4660000000002,datawarrior.sdf.gz
CC[C@]12CCCN3CC[C@@]4(c5cccc(OC)c5N(C(C)=O)[C@H]4CC1)[C@@H]32,26,354.4940000000002,datawarrior.sdf.gz
S=C(/N=N/c1ccc2ccccc2c1)NNc1ccc2ccccc2c1,26,356.45400000000006,datawarrior.sdf.gz
COc1ccc2ccc(OC)c(N3CCOCC3)c2c1N1CCOCC1,26,358.4380000000002,datawarrior.sdf.gz
COc1ccccc1C(=O)N[C@@H]1C[C@H]2CC[C@@H](C1)N2Cc1ccccc1,26,350.4620000000001,datawarrior.sdf.gz
O=C(C[n+]1cccc2c3ccccc3ccc21)c1ccc([N+](=O)[O-])cc1,26,343.362,datawarrior.sdf.gz
c1ccc(N=P(c2ccccc2)(c2ccccc2)c2ccccc2)cc1,26,353.4050000000001,datawarrior.sdf.gz
COc1ccc2c(c1OC(C)=O)[C@]13CCN(C)[C@H](C2)[C@@H]1CC[C@H](OC)C3,26,359.4660000000001,datawarrior.sdf.gz
C[C@H](CCCN)[C@H]1CC[C@H]2[C@@H]3CC[C@@H]4C[C@H](O)CC[C@]4(C)[C@H]3CC[C@]12C,26,361.6140000000002,datawarrior.sdf.gz
COc1ccc2c(c1O)CN(C)CCc1cc3c(cc1C(=O)C2)OCO3,26,355.3900000000001,datawarrior.sdf.gz
CN1CCC(n2nc(-c3ccccc3)c(Cc3ccccc3)c2[O-])CC1,26,347.46200000000005,datawarrior.sdf.gz
C[NH+]1CCC(n2nc(-c3ccccc3)c(Cc3ccccc3)c2O)CC1,26,347.46200000000005,datawarrior.sdf.gz
O=C([O-])[C@@H](NCC[NH2+][C@@H](C(=O)[O-])c1ccccc1[O-])c1ccccc1O,26,360.3660000000001,datawarrior.sdf.gz
O=C([O-])[C@H](NCC[NH2+][C@@H](C(=O)[O-])c1ccccc1[O-])c1ccccc1O,26,360.3660000000001,datawarrior.sdf.gz
O=C([O-])C(NCCNC(C(=O)[O-])c1ccccc1[O-])c1ccccc1[O-],26,360.3660000000001,datawarrior.sdf.gz
O=C([O-])[C@@H](NCCN[C@@H](C(=O)[O-])c1ccccc1[O-])c1ccccc1[O-],26,360.3660000000001,datawarrior.sdf.gz
O=C([O-])[C@H](NCCN[C@@H](C(=O)[O-])c1ccccc1[O-])c1ccccc1[O-],26,360.3660000000001,datawarrior.sdf.gz
O=C([O-])C(NCC[NH2+]C(C(=O)[O-])c1ccccc1O)c1ccccc1O,26,360.3660000000001,datawarrior.sdf.gz
O=C([O-])[C@@H](NCC[NH2+][C@@H](C(=O)[O-])c1ccccc1O)c1ccccc1O,26,360.3660000000001,datawarrior.sdf.gz
O=C([O-])[C@H](NCC[NH2+][C@@H](C(=O)[O-])c1ccccc1O)c1ccccc1O,26,360.3660000000001,datawarrior.sdf.gz
O=[N+]([O-])c1ccc([O-])c(CN2CCOCCOCCOCCOCC2)c1,26,370.4020000000002,datawarrior.sdf.gz
O=[N+]([O-])c1ccc(O)c(C[NH+]2CCOCCOCCOCCOCC2)c1,26,370.4020000000002,datawarrior.sdf.gz
CCOC(=O)COc1ccc(C(=O)c2ccc([O-])c(CN)c2)c(Cl)c1Cl,26,398.2420000000002,datawarrior.sdf.gz
CCOC(=O)COc1ccc(C(=O)c2ccc(O)c(C[NH3+])c2)c(Cl)c1Cl,26,398.2420000000002,datawarrior.sdf.gz
CC(C)c1ccc2c(c1)CC[C@H]1[C@](C)(C(=O)O)CCC[C@]21C,22,300.442,datawarrior.sdf.gz
CC(C)C1=CC2=CC[C@H]3[C@@](C)(CCC[C@]3(C)C(=O)O)[C@@H]2CC1,22,302.458,datawarrior.sdf.gz
O=C(O)C(c1ccc(-c2ccccc2)cc1)C1(O)CCCC1,22,296.36599999999993,datawarrior.sdf.gz
CCN(CC)Cc1cn2nc(-c3ccccc3)cc(C)c2n1,22,294.40200000000004,datawarrior.sdf.gz
CCCc1c(O)n2c3cc(C)ccc3nc(N(C)C)n2c1=O,22,300.362,datawarrior.sdf.gz
CNc1nccn2cc(-c3ccc(S(C)=O)cc3OC)nc12,22,316.38599999999997,datawarrior.sdf.gz
Cc1cc(-c2ccccc2)nnc1NCCN1CCOCC1,22,298.39000000000004,datawarrior.sdf.gz
Cn1nc(-c2ccccc2)cc/c1=N\CCN1CCOCC1,22,298.39000000000004,datawarrior.sdf.gz
Cc1cc(-c2ccccc2)nn(CCN2CCOCC2)c1=N,22,298.39000000000004,datawarrior.sdf.gz
C[n+]1nc(-c2ccccc2)ccc1NCCN1CCOCC1,22,299.398,datawarrior.sdf.gz
Cc1cc(-c2ccccc2)nnc1NCC[NH+]1CCOCC1,22,298.39000000000004,datawarrior.sdf.gz
Clc1cc(-c2ccccc2)nnc1NCCN1CCOCC1,22,318.8080000000001,datawarrior.sdf.gz
COc1cc(NS(C)(=O)=O)ccc1-c1cn2cccnc2n1,22,318.358,datawarrior.sdf.gz
CC1(C)CC(Nc2ccccc2)=C/C(=N/c2ccccc2)C1,22,290.40999999999997,datawarrior.sdf.gz
Nc1ccc(-c2ccc(/N=C/c3ccc(O)cc3)cc2)cc1,22,288.3500000000001,datawarrior.sdf.gz
Nc1ccc(-c2ccc(/N=C/c3ccccc3O)cc2)cc1,22,288.35,datawarrior.sdf.gz
Nc1ccc(C(O)(c2ccccc2)c2ccc(N)cc2)cc1,22,290.36600000000004,datawarrior.sdf.gz
CCCCc1c(-c2ccccc2)nn(-c2ccccc2)c1O,22,292.382,datawarrior.sdf.gz
CCN(CC)CC(=O)NC1c2ccccc2-c2ccccc21,22,294.398,datawarrior.sdf.gz
CCOc1ccc2nc(/C=C/c3ccccc3)cc(N)c2c1,22,290.366,datawarrior.sdf.gz
Nc1ccc(-c2ccc(/[NH+]=C/c3ccc(O)cc3)cc2)cc1,22,288.3500000000001,datawarrior.sdf.gz
Nc1ccc(-c2ccc(/[NH+]=C/c3ccccc3O)cc2)cc1,22,288.35,datawarrior.sdf.gz
c1ccc(CN(Cc2ccccc2)Cc2ccccc2)cc1,22,287.40600000000006,datawarrior.sdf.gz
CC(CC(c1ccccc1)c1ccccc1)N1CCCCC1,22,293.454,datawarrior.sdf.gz
CC(C=C(c1cccs1)c1cccs1)N1CCCCCCC1,22,331.55000000000024,datawarrior.sdf.gz
COC(=O)[C@H]1[C@H]2CC[C@@H](C[C@H]1OC(=O)c1ccccc1)N2C,22,303.3580000000001,datawarrior.sdf.gz
c1ccc(C(OCCN2CCCCC2)c2ccccc2)cc1,22,295.4260000000001,datawarrior.sdf.gz
CC(CC(c1ccccc1)c1ccccc1)N1CCOCC1,22,295.42600000000004,datawarrior.sdf.gz
c1ccc(N=C(Nc2ccccc2)Nc2ccccc2)cc1,22,287.36600000000004,datawarrior.sdf.gz
CN(C)c1ccc(/C=C/c2cc(N)c3ccccc3n2)cc1,22,289.382,datawarrior.sdf.gz
COc1cc(OS(C)(=O)=O)ccc1-c1cn2cccnc2n1,22,319.342,datawarrior.sdf.gz
Nc1ccc(P(=O)(Nc2nccs2)Oc2ccccc2)cc1,22,331.33700000000005,datawarrior.sdf.gz
COc1cc(S(C)=O)ccc1-c1cn2ccnc(OC)c2n1,22,317.37,datawarrior.sdf.gz
CN1CC[C@]23c4c5ccc(O)c4O[C@H]2[C@@H](O)C=C[C@H]3[C@H]1[C@H]5O,22,301.342,datawarrior.sdf.gz
CN1CC[C@@]23c4c5ccc(O)c4O[C@]2(C)C(=O)CC[C@@H]3[C@@H]1C5,22,299.37000000000006,datawarrior.sdf.gz
COc1ccc2c3c1O[C@H]1CCC[C@H]4[C@@H]([C@H]2O)N(C)CC[C@]314,22,301.38599999999997,datawarrior.sdf.gz
COc1ccc2c3c1O[C@H]1CCC[C@H]4[C@@H]([C@@H]2O)N(C)CC[C@]314,22,301.38599999999997,datawarrior.sdf.gz
CCCCC(CC)C(=O)O[C@H]1O[C@@H](C(=O)O)[C@H](O)[C@@H](O)[C@@H]1O,22,320.33800000000014,datawarrior.sdf.gz
Cc1ccc(S(=O)(=O)N(CCNCC(=O)[O-])CC(=O)[O-])cc1,22,330.36200000000014,datawarrior.sdf.gz
Cc1ccc(S(=O)(=O)NCC[NH+](CC(=O)O)CC(=O)O)cc1,22,330.362,datawarrior.sdf.gz
Cc1ccc(S(=O)(=O)N(CC[NH2+]CC(=O)O)CC(=O)O)cc1,22,330.36200000000014,datawarrior.sdf.gz
Cc1ccc(S(=O)(=O)NCC[NH+](CC(=O)[O-])CC(=O)[O-])cc1,22,330.362,datawarrior.sdf.gz
C/C(=C\C=C\C(C)C(=O)O)[C@H]1C[NH2+][C@H](C(=O)[O-])[C@H]1CC(=O)O,22,311.33400000000006,datawarrior.sdf.gz
C/C(=C\C=C\C(C)C(=O)O)[C@H]1C[NH2+][C@H](C(=O)O)[C@H]1CC(=O)O,22,311.33400000000006,datawarrior.sdf.gz
C/C(=C\C=C\C(C)C(=O)O)[C@H]1C[NH2+][C@H](C(=O)[O-])[C@H]1CC(=O)[O-],22,311.33400000000006,datawarrior.sdf.gz
C/C(=C\C=C\C(C)C(=O)[O-])[C@H]1CN[C@H](C(=O)[O-])[C@H]1CC(=O)[O-],22,311.33400000000006,datawarrior.sdf.gz
O=c1oc2c(O)c(O)cc3c(=O)oc4c(O)c(O)cc1c4c23,22,302.194,datawarrior.sdf.gz
O=C1Nc2cncnc2N/C1=C1/Nc2ncncc2NC1=O,22,296.25000000000006,datawarrior.sdf.gz
c1ccc(-c2ccc3ncc(CN4CCOCC4)n3n2)cc1,22,294.35800000000006,datawarrior.sdf.gz
c1ccc(-c2ccc3nc(CN4CCOCC4)cn3n2)cc1,22,294.35800000000006,datawarrior.sdf.gz
c1ccc(-c2ccc3ncc(C[NH+]4CCOCC4)n3n2)cc1,22,294.35800000000006,datawarrior.sdf.gz
c1ccc(-c2ccc3nc(C[NH+]4CCOCC4)cn3n2)cc1,22,294.35800000000006,datawarrior.sdf.gz
CC1=[NH+]c2ccccc2/C1=C/C=C1\Cc2ccccc2N1C,22,286.378,datawarrior.sdf.gz
c1cc(N2CCOCC2)c2c(N3CCOCC3)cccc2c1,22,298.3860000000001,datawarrior.sdf.gz
CCOc1ccc2nc3c(c(N4CCOCC4)c2c1)CCC3,22,298.386,datawarrior.sdf.gz
C=C[C@H]1CN2CC[C@@H]1C[C@@H]2[C@@H](O)c1ccnc2ccccc12,22,294.398,datawarrior.sdf.gz
C=C[C@H]1CN2CC[C@@H]1C[C@H]2[C@H](O)c1ccnc2ccccc12,22,294.398,datawarrior.sdf.gz
CN1[C@@H]2C[C@H](OC(=O)[C@H](CO)c3ccccc3)C[C@H]1[C@H]1O[C@H]12,22,303.3580000000001,datawarrior.sdf.gz
Cc1c2ccccc2c(CN2CCOCC2)c2ccccc12,22,291.39400000000006,datawarrior.sdf.gz
Nc1c2ccccc2nc2c1ccc1c([N+](=O)[O-])cccc12,22,289.294,datawarrior.sdf.gz
CCCCCCCCCCCCN(CC(C)O)CC(O)CC,22,315.5420000000001,datawarrior.sdf.gz
CCCCCCCCCCCCCCN(CCO)CC(C)O,22,315.5420000000001,datawarrior.sdf.gz
Cc1cc(C)c2nccc(NCCC[NH+](C)C)c2c1[N+](=O)[O-],22,302.37800000000004,datawarrior.sdf.gz
Cc1cnc2ccc(C)c([N+](=O)[O-])c2c1NCCC[NH+](C)C,22,302.37800000000004,datawarrior.sdf.gz
Cc1cnc2c(C)ccc([N+](=O)[O-])c2c1NCCC[NH+](C)C,22,302.37800000000004,datawarrior.sdf.gz
Cc1nc2cccc([N+](=O)[O-])c2c(NCCC[NH+](C)C)c1C,22,302.37800000000004,datawarrior.sdf.gz
Cc1nn(C)c(N(C)C(=O)CN)c1C(=O)c1ccccc1F,22,304.32500000000005,datawarrior.sdf.gz
CC(C)N(CCC(c1ccccc1)c1ccccn1)C(C)C,22,296.4580000000001,datawarrior.sdf.gz
Cc1ccccc1C(=NCCCN(C)C)c1ccccc1C,22,294.442,datawarrior.sdf.gz
Cc1cccc(C)c1/C(=N/CCCN(C)C)c1ccccc1,22,294.442,datawarrior.sdf.gz
CC(C)[NH+](CCC(c1ccccc1)c1ccccn1)C(C)C,22,296.4580000000001,datawarrior.sdf.gz
Cc1ccccc1C(=NCCC[NH+](C)C)c1ccccc1C,22,294.442,datawarrior.sdf.gz
Cc1cccc(C)c1/C(=N/CCC[NH+](C)C)c1ccccc1,22,294.442,datawarrior.sdf.gz
Cc1ccc(Cl)cc1/C(=N/CCCN(C)C)c1ccccc1,22,314.86,datawarrior.sdf.gz
Cc1cccc(Cl)c1/C(=N/CCCN(C)C)c1ccccc1,22,314.86,datawarrior.sdf.gz
Cc1ccccc1/C(=N\CCCN(C)C)c1ccccc1Cl,22,314.86,datawarrior.sdf.gz
Cc1ccc(Cl)cc1/C(=N/CCC[NH+](C)C)c1ccccc1,22,314.86,datawarrior.sdf.gz
Cc1cccc(Cl)c1/C(=N/CCC[NH+](C)C)c1ccccc1,22,314.86,datawarrior.sdf.gz
Cc1ccccc1/C(=N\CCC[NH+](C)C)c1ccccc1Cl,22,314.86,datawarrior.sdf.gz
CC(C)[C@H](C(=O)O)N1C[C@H](NC(=O)Cc2ccccc2)C1=O,22,304.34599999999995,datawarrior.sdf.gz
COc1ccccc1/C(=N/CCCN(C)C)c1ccccc1,22,296.414,datawarrior.sdf.gz
CCCCCCCCCCc1c(-c2ccccc2)n[nH]c1O,22,300.4460000000001,datawarrior.sdf.gz
CC1=C(CC(C)NCC(O)c2ccc(N)cc2)CCC1(C)C,22,302.462,datawarrior.sdf.gz
COc1ccccc1/C(=N/CCC[NH+](C)C)c1ccccc1,22,296.414,datawarrior.sdf.gz
CC1=C(CC(C)[NH2+]CC(O)c2ccc(N)cc2)CCC1(C)C,22,302.462,datawarrior.sdf.gz
CCc1ccc(OC)c(C(=O)NC[C@H]2CCCN2CC)c1[O-],22,306.40600000000006,datawarrior.sdf.gz
CCc1ccc(OC)c(C(=O)NC[C@H]2CCC[NH+]2CC)c1O,22,306.40600000000006,datawarrior.sdf.gz
CC[NH+]1CCC[C@@H]1CNC(=O)c1c(O)c(Cl)cc(Cl)c1OC,22,347.2420000000002,datawarrior.sdf.gz
CCN1CCC[C@@H]1CNC(=O)c1c([O-])c(Cl)cc(Cl)c1OC,22,347.2420000000002,datawarrior.sdf.gz
CC[NH+]1CCC[C@@H]1CNC(=O)c1c(O)c(Br)cc(Br)c1OC,22,436.14400000000023,datawarrior.sdf.gz
CCN1CCC[C@@H]1CNC(=O)c1c([O-])c(Br)cc(Br)c1OC,22,436.14400000000023,datawarrior.sdf.gz
O=C(Oc1ccc([N+](=O)[O-])cc1[N+](=O)[O-])c1ccc(O)cc1,22,304.214,datawarrior.sdf.gz
CN(C)CC(CSCc1ccccc1)SCc1ccccc1,22,331.55,datawarrior.sdf.gz
CC1=C(CC(C)NCC(O)c2ccc(C)cc2)CCC1(C)C,22,301.474,datawarrior.sdf.gz
CC1=C(CC(C)NCC(O)c2ccc(Cl)cc2)CCC1(C)C,22,321.89200000000005,datawarrior.sdf.gz
CC1=C(CC(C)NCC(O)c2ccc(F)cc2)CCC1(C)C,22,305.43700000000007,datawarrior.sdf.gz
CC1=C(CC(C)NCC(O)c2ccc(Br)cc2)CCC1(C)C,22,366.3430000000002,datawarrior.sdf.gz
[O-]c1cc2nc(c1)COCCOCCSCCOCCOC2,22,329.41799999999995,datawarrior.sdf.gz
NNC(=O)[C@H](Cc1c[nH]cn1)NC(=O)OCc1ccccc1,22,303.322,datawarrior.sdf.gz
NNC(=O)[C@H](Cc1c[nH]c[nH+]1)NC(=O)OCc1ccccc1,22,303.322,datawarrior.sdf.gz
Cc1ccccc1/C(=N\CCCN(C)C)c1ccccc1N,22,295.43,datawarrior.sdf.gz
Cc1ccccc1/C(=N\CCC[NH+](C)C)c1ccccc1N,22,295.43,datawarrior.sdf.gz
CCN(CC)CCCC(C)Nc1ccnc2cc(Br)ccc12,22,364.33100000000024,datawarrior.sdf.gz
CC[NH+](CC)CCCC(C)Nc1ccnc2cc(Br)ccc12,22,364.33100000000024,datawarrior.sdf.gz
CC[NH2+]/C(=C/C(=O)c1cccc(S(=O)(=O)[O-])c1)n1ccnc1,22,321.35800000000006,datawarrior.sdf.gz
CN(C)c1cccc2c(S(=O)(=O)NCC[NH+](C)C)cccc12,22,321.4460000000001,datawarrior.sdf.gz
CN(C)CC[N-]S(=O)(=O)c1cccc2c(N(C)C)cccc12,22,321.4460000000001,datawarrior.sdf.gz
Cc1[nH]cnc1CSCCNC(=N)NCCCc1c[nH]cn1,22,321.454,datawarrior.sdf.gz
Cc1[nH]cnc1CSCCNC(=[NH2+])NCCCc1c[nH]c[nH+]1,22,321.454,datawarrior.sdf.gz
Cc1[nH]cnc1CSCCNC(=[NH2+])NCCCc1c[nH]cn1,22,321.454,datawarrior.sdf.gz
Oc1cccc2c1-c1cccc(O)c1-2,14,184.194,datawarrior.sdf.gz
[O-]c1cccc2c1-c1cccc(O)c1-2,14,184.194,datawarrior.sdf.gz
[O-]c1cccc2c1-c1c(O)cccc1-2,14,184.194,datawarrior.sdf.gz
O=C(O)C12CC3CC(CC(F)(C3)C1)C2,14,198.23699999999994,datawarrior.sdf.gz
c1cnc2ccc3ncccc3c2c1,14,180.20999999999998,datawarrior.sdf.gz
c1ccc2nc3ccccc3nc2c1,14,180.21,datawarrior.sdf.gz
c1cnc2c(c1)ccc1ccc[nH+]c12,14,180.21,datawarrior.sdf.gz
c1cnc2c(c1)ccc1[nH+]cccc12,14,180.20999999999998,datawarrior.sdf.gz
c1cnc2ccc3[nH+]cccc3c2c1,14,180.20999999999998,datawarrior.sdf.gz
Sc1nc2cc3ccccc3cc2[nH]1,14,200.266,datawarrior.sdf.gz
Clc1nc2cc3c(cc2[nH]1)CCCC3,14,206.6759999999999,datawarrior.sdf.gz
Oc1nc2cc3ccccc3cc2[nH]1,14,184.198,datawarrior.sdf.gz
Oc1nc2cc3c(cc2[nH]1)CCCC3,14,188.22999999999993,datawarrior.sdf.gz
c1ccc(C2CN3CCC2CC3)cc1,14,187.28600000000003,datawarrior.sdf.gz
OC1(c2ccco2)CN2CCC1CC2,14,193.24599999999995,datawarrior.sdf.gz
C[NH+]1CCn2c(nc3ccccc32)C1,14,187.24599999999995,datawarrior.sdf.gz
O=C1OC2C3CC4C2C4(C(=O)O)C13Br,14,259.05499999999995,datawarrior.sdf.gz
CC(C)=CCC1C(=O)C(C(=O)CC(C)C)C(=O)C(CC=C(C)C)(CC=C(C)C)C1=O,30,414.58600000000024,datawarrior.sdf.gz
CCCCCCCCCCCCCCC(=O)O,17,242.4029999999999,datawarrior.sdf.gz
C=CCN(CC=C)CCCN(CC=C)CC=C,17,234.38699999999994,datawarrior.sdf.gz
C=CCN(CC=C)CCC[NH+](CC=C)CC=C,17,234.38699999999994,datawarrior.sdf.gz
CCCCCCCCCCCC[NH2+]CCCN,17,242.4509999999999,datawarrior.sdf.gz
CC(C)(C)OC(=O)NC(CCC(N)=O)C(=O)O,17,246.26299999999992,datawarrior.sdf.gz
[NH3+]C(CC(=O)[O-])C(=O)NC(CC(=O)O)C(=O)O,17,248.19099999999997,datawarrior.sdf.gz
[NH3+]C(CC(=O)O)C(=O)NC(CC(=O)O)C(=O)O,17,248.19099999999997,datawarrior.sdf.gz
[NH3+]C(CC(=O)[O-])C(=O)NC(CC(=O)O)C(=O)[O-],17,248.19099999999997,datawarrior.sdf.gz
NC(CC(=O)[O-])C(=O)NC(CC(=O)[O-])C(=O)[O-],17,248.19099999999997,datawarrior.sdf.gz
CCCCCCCCCCCCCCCCN,17,241.4629999999999,datawarrior.sdf.gz
CCCCCCCCN(CCO)CC(O)CC,17,245.4069999999999,datawarrior.sdf.gz
CCCCCCN(CC(O)CC)CC(O)CC,17,245.40699999999993,datawarrior.sdf.gz
CCCCCCCCN(CC(C)O)CC(C)O,17,245.40699999999993,datawarrior.sdf.gz
C=CCC(C)(CN(CC)CC)OC(=O)CCC,17,241.37499999999997,datawarrior.sdf.gz
C=CCNCCCCCCCCCCC(=O)[O-],17,241.37499999999994,datawarrior.sdf.gz
C=CC[NH2+]CCCCCCCCCCC(=O)O,17,241.37499999999994,datawarrior.sdf.gz
CC(C)CC(N)C(=O)NC(CC(N)=O)C(=O)O,17,245.27899999999997,datawarrior.sdf.gz
CC(C)C[C@H](N)C(=O)N[C@@H](CC(N)=O)C(=O)O,17,245.27899999999997,datawarrior.sdf.gz
C[NH+](C)CCCCCCCCNC(=O)/C=N/O,17,243.35099999999994,datawarrior.sdf.gz
CN(C)CCCCCCCCNC(=O)/C=N/[O-],17,243.35099999999994,datawarrior.sdf.gz
CC(C)CCC[NH+](C)CCCNC(=O)/C=N/O,17,243.35099999999997,datawarrior.sdf.gz
CC(C)CCCN(C)CCCNC(=O)/C=N/[O-],17,243.35099999999997,datawarrior.sdf.gz
N#CC(C#N)=C(C#N)NC(C#N)=C(C#N)C#N,17,219.16699999999997,datawarrior.sdf.gz
C1=C(c2nc3ccccc3s2)C2CCN1CC2,17,242.34699999999995,datawarrior.sdf.gz
C1=C(c2nc3ccccc3o2)C2CCN1CC2,17,226.27899999999994,datawarrior.sdf.gz
COc1ccc2cc([C@@H](C)C(=O)O)ccc2c1,17,230.263,datawarrior.sdf.gz
CN(C)c1ccc(/N=N/c2ccncc2)cc1,17,226.28300000000002,datawarrior.sdf.gz
CC(C)N/C=N/c1ccc(-c2c[nH]cn2)cc1,17,228.299,datawarrior.sdf.gz
C[NH+](C)c1ccc(/N=N/c2ccncc2)cc1,17,226.28300000000002,datawarrior.sdf.gz
CC(C)N/C=[NH+]/c1ccc(-c2c[nH]cn2)cc1,17,228.299,datawarrior.sdf.gz
CN(C)c1ccc(/N=N/c2cccc[nH+]2)cc1,17,226.283,datawarrior.sdf.gz
CC(C)(C)C1CCn2nnnc2C(C(=O)O)C1,17,238.29099999999997,datawarrior.sdf.gz
CCOc1cc(C)nc(-n2nc(C)cc2O)n1,17,234.259,datawarrior.sdf.gz
COc1nc(-n2nc(C)cc2O)nc(C)c1C,17,234.259,datawarrior.sdf.gz
CC(C)(C(=O)O)c1nnnn1C1CCCCC1,17,238.29099999999994,datawarrior.sdf.gz
O=[N+]([O-])c1ccc(/C=N/c2ncccn2)cc1,17,228.211,datawarrior.sdf.gz
Nc1ccc(S(=O)(=O)Nc2cccnn2)cc1,17,250.28300000000002,datawarrior.sdf.gz
Nc1ccc(S(=O)(=O)Nc2cnccn2)cc1,17,250.28300000000002,datawarrior.sdf.gz
Nc1ccc(S(=O)(=O)Nc2ccncn2)cc1,17,250.28300000000002,datawarrior.sdf.gz
Nc1ccc(S(=O)(=O)Nc2cncnc2)cc1,17,250.28300000000002,datawarrior.sdf.gz
Cc1nc(NS(=O)(=O)c2ccc(N)cc2)no1,17,254.271,datawarrior.sdf.gz
Cc1nonc1NS(=O)(=O)c1ccc(N)cc1,17,254.271,datawarrior.sdf.gz
CN(C)c1ccc(/C=C/c2ccncc2)cc1,17,224.307,datawarrior.sdf.gz
C[NH+](C)c1ccc(/C=C/c2ccncc2)cc1,17,224.307,datawarrior.sdf.gz
O=[N+]([O-])c1ccc([O-])c(CN2CCOCC2)c1,17,238.2429999999999,datawarrior.sdf.gz
O=[N+]([O-])c1ccc(O)c(C[NH+]2CCOCC2)c1,17,238.2429999999999,datawarrior.sdf.gz
O=C(CN1CCOCC1)NCc1ccccc1,17,234.299,datawarrior.sdf.gz
CCC(=O)c1cc(C(=O)c2ccccc2)n[nH]1,17,228.25099999999998,datawarrior.sdf.gz
CCC1(c2ccccc2)C(=O)NC(=S)NC1=O,17,248.307,datawarrior.sdf.gz
CCC1(C2=CCCCC2)C(=O)NC(=S)NC1=O,17,252.3389999999999,datawarrior.sdf.gz
CN(C)c1cccc2c(S(N)(=O)=O)cccc12,17,250.323,datawarrior.sdf.gz
CCC1(C2=CCCCC2)C(=O)[N-]C(=S)NC1=O,17,252.3389999999999,datawarrior.sdf.gz
[O-]c1cc[n+]([C@H]2O[C@@H](CO)[C@H](O)[C@H]2O)c([O-])n1,17,245.211,datawarrior.sdf.gz
CCCCCc1c(-c2ccccc2)n[nH]c1O,17,230.311,datawarrior.sdf.gz
CCCCc1c(C)nn(-c2ccccc2)c1O,17,230.31099999999998,datawarrior.sdf.gz
O=C(CN1CCCCC1)NCc1ccccc1,17,232.327,datawarrior.sdf.gz
Cc1ccc(NC(=O)CN2CCCCC2)cc1,17,232.32699999999994,datawarrior.sdf.gz
Cc1ccccc1NC(=O)CN1CCCCC1,17,232.32699999999997,datawarrior.sdf.gz
OCCNC1CCN(Cc2ccccc2)CC1,17,234.34300000000002,datawarrior.sdf.gz
OCCNC1CC[NH+](Cc2ccccc2)CC1,17,234.34300000000002,datawarrior.sdf.gz
C[C@@]12CC(=O)N[C@]1(CCC(=O)O)C(=O)NC2=O,17,240.21499999999995,datawarrior.sdf.gz
C[C@@]12CC(=O)N[C@]1(CCC(=O)[O-])C(=O)NC2=O,17,240.21499999999995,datawarrior.sdf.gz
COC(=O)c1ccccc1-n1nc(O)cc1C,17,232.239,datawarrior.sdf.gz
O=[N+]([O-])c1cccc2c[n+](CCCO)ccc12,17,233.24699999999996,datawarrior.sdf.gz
O=[N+]([O-])c1ccc([O-])c(CN2CCCCC2)c1,17,236.2709999999999,datawarrior.sdf.gz
O=[N+]([O-])c1ccc(O)c(C[NH+]2CCCCC2)c1,17,236.2709999999999,datawarrior.sdf.gz
Nc1ccc(S(=O)(=O)NCc2ccco2)cc1,17,252.29500000000002,datawarrior.sdf.gz
O=NNc1nc([N+](=O)[O-])nn1-c1ccccc1,17,234.17500000000004,datawarrior.sdf.gz
CC(C=C(c1cccs1)c1cccs1)N(C)C,17,263.431,datawarrior.sdf.gz
CC(=O)C(CN1CCOCC1)c1ccccc1,17,233.31099999999995,datawarrior.sdf.gz
COc1cc(O)ccc1C(=N)c1ccccc1,17,227.263,datawarrior.sdf.gz
C/C(=N/c1ccccc1O)c1ccccc1O,17,227.26299999999998,datawarrior.sdf.gz
O=C(/C(=N\O)c1ccccc1)c1ccccc1,17,225.247,datawarrior.sdf.gz
O=C(/C(=N/O)c1ccccc1)c1ccccc1,17,225.247,datawarrior.sdf.gz
CC1=CC(=Nc2ccc(O)cc2)C=C(C)C1=O,17,227.26299999999998,datawarrior.sdf.gz
Cc1cc(Nc2ccc(O)cc2)cc(C)c1O,17,229.279,datawarrior.sdf.gz
O=C(O)c1ccc(/N=C/c2ccccc2)cc1,17,225.24699999999999,datawarrior.sdf.gz
Cc1cc(O)cc(O)c1C(=N)c1ccccc1,17,227.263,datawarrior.sdf.gz
CC(=O)C1(c2cccc(O)c2)CCN(C)CC1,17,233.31099999999998,datawarrior.sdf.gz
O=C(CCCN1CCOCC1)c1ccccc1,17,233.31099999999992,datawarrior.sdf.gz
Cc1cc(Nc2ccc([O-])cc2)cc(C)c1O,17,229.279,datawarrior.sdf.gz
O=C(CCN1CCOCC1)c1cccc(Br)c1,17,298.18,datawarrior.sdf.gz
Oc1c(Cl)cc(Cl)c(Cl)c1C[NH+]1CCOCC1,17,296.5810000000001,datawarrior.sdf.gz
[O-]c1c(Cl)cc(Cl)c(Cl)c1CN1CCOCC1,17,296.5810000000001,datawarrior.sdf.gz
[O-]c1c(Cl)c(Cl)cc(Cl)c1CN1CCOCC1,17,296.5810000000001,datawarrior.sdf.gz
Oc1c(Cl)c(Cl)cc(Cl)c1C[NH+]1CCOCC1,17,296.5810000000001,datawarrior.sdf.gz
C[Si](C)(C)OC1CN(Cc2ccc(Cl)cc2)C1,17,269.84799999999996,datawarrior.sdf.gz
C[Si](C)(C)OC1CN(Cc2ccc(F)cc2)C1,17,253.39299999999997,datawarrior.sdf.gz
Cc1ccc(CN2CC(O[Si](C)(C)C)C2)cc1,17,249.42999999999998,datawarrior.sdf.gz
CC(c1ccccc1)N1CC(O[Si](C)(C)C)C1,17,249.43,datawarrior.sdf.gz
Oc1c(Cl)cc(Cl)c(Cl)c1C[NH+]1CCCCC1,17,294.6090000000001,datawarrior.sdf.gz
[O-]c1c(Cl)cc(Cl)c(Cl)c1CN1CCCCC1,17,294.6090000000001,datawarrior.sdf.gz
C[C@H](O)C(=O)C1=Nc2c([O-])nc(N)nc2NC1,17,237.219,datawarrior.sdf.gz
C[C@H](O)C(=O)C1=Nc2c(nc(N)[nH+]c2O)NC1,17,237.219,datawarrior.sdf.gz
Cc1c[n+]([C@@H]2C[C@@H](O)[C@H](CO)O2)c(O)nc1N,17,242.255,datawarrior.sdf.gz
NS(=O)(=O)c1cc2c(cc1Cl)N=C[N-]S2(=O)=O,17,295.729,datawarrior.sdf.gz
[NH-]S(=O)(=O)c1cc2c(cc1Cl)NCNS2(=O)=O,17,297.745,datawarrior.sdf.gz
OCCN(CCO)Cc1nc2ccccc2[nH]1,17,235.28700000000003,datawarrior.sdf.gz
OCC[NH+](CCO)Cc1nc2ccccc2[nH]1,17,235.28700000000003,datawarrior.sdf.gz
NCCC[n+]1ccc2c([N+](=O)[O-])cccc2c1,17,232.26299999999995,datawarrior.sdf.gz
COP(=O)(Nc1nccs1)c1ccc(N)cc1,17,269.266,datawarrior.sdf.gz
Cc1csc(NS(=O)(=O)c2ccc(N)cc2)n1,17,269.351,datawarrior.sdf.gz
Cc1cc(N)ccc1S(=O)(=O)Nc1nccs1,17,269.351,datawarrior.sdf.gz
Cc1ccnc(NS(=O)(=O)c2ccccc2)n1,17,249.29500000000002,datawarrior.sdf.gz
COc1ccc(O)c(/N=N/c2nc(C)cs2)c1,17,249.29500000000002,datawarrior.sdf.gz
Nc1ccc(S(=O)(=O)Nc2cccnc2)cc1,17,249.29500000000002,datawarrior.sdf.gz
Nc1ccc(S(=O)(=O)Nc2cccc[nH+]2)cc1,17,249.29500000000002,datawarrior.sdf.gz
Nc1ccc(S(=O)(=O)Nc2ccc[nH+]c2)cc1,17,249.29500000000002,datawarrior.sdf.gz
O=C(N/[NH+]=C/c1ccccc1)c1ccncc1,17,225.251,datawarrior.sdf.gz
CCCc1c(C)[n-]n(C2CCN(C)CC2)c1=O,17,237.34699999999992,datawarrior.sdf.gz
CCCc1c(C)[nH]n(C2CC[NH+](C)CC2)c1=O,17,237.34699999999992,datawarrior.sdf.gz
Cc1nnc(NS(=O)(=O)c2ccc(O)cc2)s1,17,271.323,datawarrior.sdf.gz
Cc1nnc([N-]S(=O)(=O)c2ccc(O)cc2)s1,17,271.323,datawarrior.sdf.gz
O=S(=O)(Nc1ncccn1)c1ccc(O)cc1,17,251.26700000000002,datawarrior.sdf.gz
O=S(=O)([N-]c1ncccn1)c1ccc(O)cc1,17,251.26700000000002,datawarrior.sdf.gz
CC(C)CCOc1ccccc1/C=C\C(=O)O,17,234.295,datawarrior.sdf.gz
CCOC(=O)C(Cc1cccc(C)c1)C(C)=O,17,234.29500000000002,datawarrior.sdf.gz
CCOC(=O)C(Cc1ccc(C)cc1)C(C)=O,17,234.29500000000002,datawarrior.sdf.gz
CC(C)(C)c1ccc(C(=O)/C=C/C(=O)O)cc1,17,232.279,datawarrior.sdf.gz
N#CC(C#N)C(c1ccccc1)C(C#N)C#N,17,220.235,datawarrior.sdf.gz
N#CC(C#N)=NNc1ccccc1C(F)(F)F,17,238.17200000000003,datawarrior.sdf.gz
N#CC(C#N)=NNc1ccc(C(=O)CCl)cc1,17,246.65699999999998,datawarrior.sdf.gz
Cn1cncc1C[C@H](NC(=O)CC[NH3+])C(=O)[O-],17,240.26299999999998,datawarrior.sdf.gz
Cn1c[nH+]cc1C[C@H](NC(=O)CC[NH3+])C(=O)O,17,240.26299999999998,datawarrior.sdf.gz
Cn1cncc1C[C@H](NC(=O)CCN)C(=O)[O-],17,240.26299999999998,datawarrior.sdf.gz
CS(=O)(=O)Nc1ccc(CC([NH3+])C(=O)O)cc1,17,258.299,datawarrior.sdf.gz
COc1cc(C[NH+](C)C)c(O)c(C[NH+](C)C)c1,17,238.331,datawarrior.sdf.gz
CCN(CC)CC(=O)N(C)c1ccccc1C,17,234.34299999999996,datawarrior.sdf.gz
CCN(CC)CC(=O)Nc1cc(C)cc(C)c1,17,234.34299999999996,datawarrior.sdf.gz
CCN(CC)CC(=O)Nc1cc(C)ccc1C,17,234.343,datawarrior.sdf.gz
Cc1cccc(C)c1NC(=O)CNCC(C)C,17,234.34300000000002,datawarrior.sdf.gz
CCCCNCC(=O)Nc1c(C)cccc1C,17,234.343,datawarrior.sdf.gz
CCN(CC)CC(=O)Nc1ccc(C)cc1C,17,234.343,datawarrior.sdf.gz
CCCCCC/N=C/c1c(C)cnc(C)c1O,17,234.3429999999999,datawarrior.sdf.gz
CCCCCC/[NH+]=C/c1c(C)cnc(C)c1O,17,234.3429999999999,datawarrior.sdf.gz
CCN(CC)C(=S)NC(=O)c1ccc(F)cc1,17,254.32999999999998,datawarrior.sdf.gz
CCN(CC)C(=S)NC(=O)c1cccc(F)c1,17,254.32999999999998,datawarrior.sdf.gz
CCN(CC)C(=S)NC(=O)c1ccc(Cl)cc1,17,270.78499999999997,datawarrior.sdf.gz
CCN(CC)C(=S)NC(=O)c1cccc(C)c1,17,250.367,datawarrior.sdf.gz
CCN(CC)C(=S)NC(=O)c1ccc(C)cc1,17,250.367,datawarrior.sdf.gz
CC(O)CN(CCN1CCOCC1)CC(C)O,17,246.351,datawarrior.sdf.gz
CCC(C)(O)c1cnc(CC(C)C)c(O)[n+]1[O-],17,240.30299999999997,datawarrior.sdf.gz
CCN(CC)c1nc(N)nc(N(CC)CC)n1,17,238.33899999999994,datawarrior.sdf.gz
CCCCCCCCNCc1ccc(C)cc1,17,233.39899999999992,datawarrior.sdf.gz
O=C(O)CCCC(=O)NOCc1ccccc1,17,237.25500000000002,datawarrior.sdf.gz
C=C(C)/C=C(/C(=O)O)c1ccc([N+](=O)[O-])cc1,17,233.22299999999996,datawarrior.sdf.gz
CC(=O)C(Cc1ccc([N+](=O)[O-])cc1)C(C)=O,17,235.23899999999995,datawarrior.sdf.gz
O=C([O-])CCCC(=O)NOCc1ccccc1,17,237.25500000000002,datawarrior.sdf.gz
CCN(CC)S(=O)(=O)c1ccccc1C(=O)O,17,257.311,datawarrior.sdf.gz
CCOCCN(CCOCC)c1ccccc1,17,237.343,datawarrior.sdf.gz
Cc1ccc(OC(=O)CCCCN(C)C)cc1,17,235.32699999999997,datawarrior.sdf.gz
Cc1cccc(CCCCCCCC(=O)[O-])n1,17,235.327,datawarrior.sdf.gz
Cc1cccc(CCCCCCCC(=O)O)[nH+]1,17,235.327,datawarrior.sdf.gz
CC(=O)Oc1ccccc1C(=O)NCC(=O)O,17,237.21099999999998,datawarrior.sdf.gz
O=C(O)C[NH+](CC(=O)O)Cc1ccccc1O,17,239.22700000000003,datawarrior.sdf.gz
COc1ccc(O)c(C[NH2+]C(CO)C(=O)O)c1,17,241.243,datawarrior.sdf.gz
COc1ccc(O)c(CNC(CO)C(=O)[O-])c1,17,241.243,datawarrior.sdf.gz
COC(=O)c1cc(O)c(O)c(O)c1C[NH+](C)C,17,241.243,datawarrior.sdf.gz
O=C([O-])C[NH+](CC(=O)[O-])Cc1ccccc1O,17,239.22700000000003,datawarrior.sdf.gz
O=C([O-])CN(CC(=O)[O-])Cc1ccccc1[O-],17,239.22700000000003,datawarrior.sdf.gz
NC(=O)C(CCCCC(=O)O)c1ccccc1,17,235.283,datawarrior.sdf.gz
CCN(CC)CCNc1nc(N)nc(C)c1C,17,237.35099999999994,datawarrior.sdf.gz
CC[NH+](CC)CCNc1nc(N)nc(C)c1C,17,237.35099999999994,datawarrior.sdf.gz
Cc1cc([N+](=O)[O-])ccc1NN=C(C#N)C#N,17,229.19899999999998,datawarrior.sdf.gz
Cc1ccc(NN=C(C#N)C#N)c([N+](=O)[O-])c1,17,229.19899999999998,datawarrior.sdf.gz
N#CC(C#N)=NNc1ccc([N+](=O)[O-])cc1Cl,17,249.617,datawarrior.sdf.gz
[NH3+][C@@H](CCCCN1C(=O)C[C@H]([NH3+])C1=O)C(=O)O,17,243.26299999999998,datawarrior.sdf.gz
N[C@H]1CC(=O)N(CCCC[C@H]([NH3+])C(=O)[O-])C1=O,17,243.26299999999998,datawarrior.sdf.gz
N[C@@H](CCCCN1C(=O)C[C@H](N)C1=O)C(=O)[O-],17,243.26299999999998,datawarrior.sdf.gz
Cc1ccc(S(=O)(=O)N(C)CCC(=N)N)cc1,17,255.34300000000002,datawarrior.sdf.gz
CNC(=N)CCNS(=O)(=O)c1ccc(C)cc1,17,255.34300000000002,datawarrior.sdf.gz
O=C(O)c1ccc2cc3ccccc3cc2c1,17,222.243,datawarrior.sdf.gz
O=C(O)c1cccc2cc3ccccc3cc12,17,222.243,datawarrior.sdf.gz
O=C(O)C1c2ccccc2Oc2ccccc21,17,226.23100000000002,datawarrior.sdf.gz
O=C1CSc2ncnc(N3CCOCC3)c2N1,17,252.29899999999992,datawarrior.sdf.gz
Cn1cnc2c1C(=O)c1ncnc([O-])c1C2=O,17,230.183,datawarrior.sdf.gz
Nc1cc(-c2ccccc2)nc2ccccc12,17,220.275,datawarrior.sdf.gz
CN(C)c1ccc(C2=CN3CCC2CC3)cc1,17,228.339,datawarrior.sdf.gz
CN(C)c1ccc(C2CN3CCC2CC3)cc1,17,230.35500000000002,datawarrior.sdf.gz
CN1CCCN(C)c2cccc3cccc1c23,17,226.323,datawarrior.sdf.gz
O=C(c1ccccc1)n1cnc2ccccc21,17,222.247,datawarrior.sdf.gz
Cn1c(-c2ccccc2[O-])nc2ccccc21,17,224.263,datawarrior.sdf.gz
Cn1c(-c2ccccc2O)[nH+]c2ccccc21,17,224.263,datawarrior.sdf.gz
c1c[nH]c(Cc2nc(Cc3c[nH]cn3)c[nH]2)n1,17,228.25900000000004,datawarrior.sdf.gz
c1c[nH+]c(Cc2nc(Cc3c[nH]c[nH+]3)c[nH]2)[nH]1,17,228.25900000000004,datawarrior.sdf.gz
c1nc(Cc2c[nH]c(Cc3[nH]cc[nH+]3)n2)c[nH]1,17,228.25900000000001,datawarrior.sdf.gz
O=C(O)Cn1c2ccccc2c2ccccc21,17,225.247,datawarrior.sdf.gz
O=C([O-])c1ccc2nc3ccccc3cc2c1,17,223.231,datawarrior.sdf.gz
O=C(O)c1c2ccccc2[nH+]c2ccccc12,17,223.23100000000002,datawarrior.sdf.gz
O=C([O-])c1cccc2cc3ccccc3nc12,17,223.23100000000002,datawarrior.sdf.gz
c1ccc(-c2cnc(-c3ccccc3)o2)cc1,17,221.25900000000001,datawarrior.sdf.gz
O=[N+]([O-])c1ccc2c(c1)Cc1cc(O)ccc1-2,17,227.21899999999997,datawarrior.sdf.gz
c1ccc(CNc2ncnc3[nH]ncc23)cc1,17,225.25500000000005,datawarrior.sdf.gz
Cc1n[nH]c2c(Nc3ccccc3)ncnc12,17,225.25500000000002,datawarrior.sdf.gz
c1ccc(CNc2ncnc3[nH]cnc23)cc1,17,225.25500000000005,datawarrior.sdf.gz
c1ccc(CNc2nc[nH+]c3[nH]cnc23)cc1,17,225.25500000000002,datawarrior.sdf.gz
Cc1nc(NCc2ccco2)c2cn[nH]c2n1,17,229.24300000000002,datawarrior.sdf.gz
Cc1n[nH]c2c(NCc3ccco3)ncnc12,17,229.24300000000002,datawarrior.sdf.gz
Cc1cn2nc(-c3ccccc3)cc(C)c2n1,17,223.279,datawarrior.sdf.gz
Nc1ccc2[nH]c(Cc3ccccc3)nc2c1,17,223.279,datawarrior.sdf.gz
Nc1ccc2[nH]c(Cc3ccccc3)[nH+]c2c1,17,223.279,datawarrior.sdf.gz
Cc1nccc2c1[nH]c1ccc([N+](=O)[O-])cc12,17,227.22299999999998,datawarrior.sdf.gz
CC1=NCCc2c1[nH]c1ccc([N+](=O)[O-])cc21,17,229.23899999999995,datawarrior.sdf.gz
CC1NCCc2c1[nH]c1ccc([N+](=O)[O-])cc21,17,231.25499999999997,datawarrior.sdf.gz
O=[N+]([O-])c1ccc2[nH]c(-c3cccs3)nc2c1,17,245.263,datawarrior.sdf.gz
O=[N+]([O-])c1ccc2[nH]c(-c3ccco3)nc2c1,17,229.195,datawarrior.sdf.gz
CCCCCCCCCCCCNCCCCCCCCCCCC,25,353.67900000000014,datawarrior.sdf.gz
CCCCCCCCCCCCCCN(CC(O)CC)CC(O)CC,25,357.6230000000002,datawarrior.sdf.gz
CCCCCCCCCCCCCCCCN(CC(C)O)CC(C)O,25,357.6230000000002,datawarrior.sdf.gz
O=C1Oc2ccccc2C(=O)C1CC1C(=O)Oc2ccccc2C1=O,25,336.2990000000001,datawarrior.sdf.gz
O=C1Oc2ccccc2C(=O)C1Cc1c([O-])c2ccccc2oc1=O,25,336.2990000000001,datawarrior.sdf.gz
CCOc1ccc2nccc([C@@H](O)[C@@H]3C[C@H]4CCN3C[C@@H]4CC)c2c1,25,340.46700000000016,datawarrior.sdf.gz
CCOc1ccc2nccc([C@@H](O)[C@@H]3C[C@H]4CC[NH+]3C[C@@H]4CC)c2c1,25,340.46700000000016,datawarrior.sdf.gz
Oc1c(Cc2ccccc2)c(-c2ccccc2)nn1-c1ccccc1,25,326.39900000000006,datawarrior.sdf.gz
C=C[C@]1(O)CN2CC[C@H]1C[C@@H]2[C@@H](O)c1ccnc2ccc(OC)cc12,25,340.4230000000001,datawarrior.sdf.gz
C=C[C@]1(O)C[NH+]2CC[C@H]1C[C@@H]2[C@@H](O)c1ccnc2ccc(OC)cc12,25,340.4230000000001,datawarrior.sdf.gz
COc1cc2c(cc1O)[C@H]1Cc3cc(OC)c(OC)cc3[C@H](C2)N1C,25,341.40700000000004,datawarrior.sdf.gz
COc1cc2c(cc1O)CCN1Cc3c(ccc(OC)c3OC)C[C@@H]21,25,341.40700000000004,datawarrior.sdf.gz
COc1cc2c(cc1OC)[C@@H]1Cc3ccc(OC)c(O)c3[C@H](C2)N1C,25,341.40700000000004,datawarrior.sdf.gz
O=C(Oc1cccc([N+](=O)[O-])c1)C1c2ccccc2-c2ccccc21,25,331.327,datawarrior.sdf.gz
O=C(Oc1ccc([N+](=O)[O-])cc1)C1c2ccccc2-c2ccccc21,25,331.327,datawarrior.sdf.gz
CC(C)(C)[C@]1(O)CCN2C[C@@H](c3ccccc3)c3ccccc3[C@@H]2C1,25,335.49100000000004,datawarrior.sdf.gz
COc1ccc(C(=O)O[C@H]2O[C@@H](C(=O)O)[C@H](O)[C@@H](O)[C@@H]2O)cc1OC,25,358.2990000000001,datawarrior.sdf.gz
COc1ccc(S(=O)(=O)NCCCN2CCOCC2)c(OC)c1OC,25,374.45900000000023,datawarrior.sdf.gz
CCOC(=O)COc1ccc(Cc2ccc(O)c(C[NH3+])c2)c(Cl)c1Cl,25,384.2590000000002,datawarrior.sdf.gz
CCOC(=O)COc1ccc(Oc2ccc(O)c(C[NH3+])c2)c(Cl)c1Cl,25,386.23100000000017,datawarrior.sdf.gz
O=C1c2ccccc2CN1C1CC2CCC(C1)N2Cc1ccccc1,25,332.447,datawarrior.sdf.gz
O=C(O)C(c1ccc(-c2ccccc2)cc1)C(O)Cc1ccccc1,25,332.399,datawarrior.sdf.gz
Cc1ccc(C(O)C(C(=O)O)c2ccc(-c3ccccc3)cc2)cc1,25,332.39900000000006,datawarrior.sdf.gz
Cc1ccc(C(O)C(C(=O)O)c2ccc(C3CCCCC3)cc2)cc1,25,338.44700000000023,datawarrior.sdf.gz
CC(O)(c1ccccc1)C(C(=O)O)c1ccc(-c2ccccc2)cc1,25,332.399,datawarrior.sdf.gz
Cc1cccc(C(O)C(C(=O)O)c2ccc(-c3ccccc3)cc2)c1,25,332.39900000000006,datawarrior.sdf.gz
Cc1ccccc1C(O)C(C(=O)O)c1ccc(-c2ccccc2)cc1,25,332.399,datawarrior.sdf.gz
O=C(O)[C@@H]1O[C@H](Oc2ccc(-c3ccccc3)cc2)[C@@H](O)[C@H](O)[C@H]1O,25,346.3350000000001,datawarrior.sdf.gz
c1c(CN2CCNCCNCC2)n[nH]c1CN1CCNCCNCC1,25,350.51500000000004,datawarrior.sdf.gz
c1c(CN2CCNCC[NH2+]CC2)n[nH]c1CN1CCNCC[NH2+]CC1,25,350.51500000000004,datawarrior.sdf.gz
c1c(CN2CCNCC[NH2+]CC2)n[nH]c1CN1CCNCCNCC1,25,350.51500000000004,datawarrior.sdf.gz
c1c(CN2CC[NH2+]CC[NH2+]CC2)n[nH]c1CN1CCNCC[NH2+]CC1,25,350.51500000000004,datawarrior.sdf.gz
Cc1ccc([N+](=O)[O-])c2c(NCCC[NH+](C)C)c3ccccc3nc12,25,338.41100000000006,datawarrior.sdf.gz
C[NH+](C)CCCCNc1c2ccccc2nc2cccc([N+](=O)[O-])c12,25,338.4110000000001,datawarrior.sdf.gz
C[NH+](C)CCCNc1c2ccccc2nc2c(Cl)ccc([N+](=O)[O-])c12,25,358.8290000000002,datawarrior.sdf.gz
C[NH+](C)CCCNc1c2ccccc2nc2c(F)ccc([N+](=O)[O-])c12,25,342.37400000000014,datawarrior.sdf.gz
FC(F)(F)c1cc(-c2ccccc2)nnc1NCCN1CCOCC1,25,352.3600000000002,datawarrior.sdf.gz
Cc1ccccc1/C(=N/CCCN(C)C)c1ccc2ccccc2c1,25,330.475,datawarrior.sdf.gz
Cc1ccccc1/C(=N\CCCN(C)C)c1cccc2ccccc12,25,330.475,datawarrior.sdf.gz
Cc1ccccc1/C(=N/CCC[NH+](C)C)c1ccc2ccccc2c1,25,330.475,datawarrior.sdf.gz
Cc1ccccc1/C(=N\CCC[NH+](C)C)c1cccc2ccccc12,25,330.475,datawarrior.sdf.gz
CN1CCCN(C)Cc2ccccc2OCCOc2ccccc2C1,25,340.4670000000001,datawarrior.sdf.gz
CN1CCC[NH+](C)Cc2ccccc2OCCOc2ccccc2C1,25,340.4670000000001,datawarrior.sdf.gz
CCCCCCCc1c(-c2ccccc2)nn(-c2ccccc2)c1O,25,334.46300000000014,datawarrior.sdf.gz
Cc1ccc(OCC(=O)N[C@H]2C(=O)N3[C@H]2SC(C)(C)[C@H]3C(=O)O)cc1,25,364.4230000000001,datawarrior.sdf.gz
O=C(Cc1ccccc1)c1cc[n+]([CH-]c2cccc([N+](=O)[O-])c2)cc1,25,332.35900000000004,datawarrior.sdf.gz
O=C(Cc1ccccc1)c1cc[n+](Cc2ccc([N+](=O)[O-])cc2)cc1,25,333.367,datawarrior.sdf.gz
O=C(Cc1ccccc1)c1cc[n+](Cc2cccc([N+](=O)[O-])c2)cc1,25,333.367,datawarrior.sdf.gz
O=[N+]([O-])c1ccc(/C=C/c2nnnn2-c2ccc([N+](=O)[O-])cc2)cc1,25,338.2830000000001,datawarrior.sdf.gz
OCCc1cnc(P(c2ncc(CCO)[nH]2)c2ncc(CCO)[nH]2)[nH]1,25,364.3460000000002,datawarrior.sdf.gz
OCCc1cnc(P(c2[nH]c(CCO)c[nH+]2)c2[nH]c(CCO)c[nH+]2)[nH]1,25,364.3460000000002,datawarrior.sdf.gz
OCCc1cnc(P(c2ncc(CCO)[nH]2)c2[nH]c(CCO)c[nH+]2)[nH]1,25,364.3460000000002,datawarrior.sdf.gz
CN1[C@@H](CC(=O)c2ccccc2)CCC[C@H]1C[C@@H](O)c1ccccc1,25,337.46299999999997,datawarrior.sdf.gz
Nc1ccc(S(=O)(=O)Nc2ccn(-c3ccc([N+](=O)[O-])cc3)n2)cc1,25,359.3670000000001,datawarrior.sdf.gz
Nc1ccc(S(=O)(=O)Nc2ccn(-c3cccc([N+](=O)[O-])c3)n2)cc1,25,359.3670000000001,datawarrior.sdf.gz
Nc1ccc(S(=O)(=O)Nc2ccn(-c3ccccc3[N+](=O)[O-])n2)cc1,25,359.3670000000001,datawarrior.sdf.gz
CN1C(=O)N(CCN2CCOCC2)C(=O)C(C)(C2=CCCCC2)C1=O,25,349.4310000000002,datawarrior.sdf.gz
Cc1c[n+]([C@@H]2C[C@@H](O)[C@H](CO)O2)c(O)nc1NCCc1ccccc1,25,346.4070000000001,datawarrior.sdf.gz
O=C1C[C@H]2OCC=C3CN4CC[C@@]56c7ccccc7N1[C@@H]5[C@@H]2[C@@H]3C[C@@H]46,25,334.4190000000001,datawarrior.sdf.gz
COc1ccc2nc3c(c(N4CCOCC4)c2c1)CCC3,21,284.359,datawarrior.sdf.gz
CN1C[C@H](C(=O)[O-])C[C@@]2(O)c3cccc4[nH]cc(c34)C[C@@H]12,21,286.33099999999996,datawarrior.sdf.gz
CN1C[C@H](C(=O)[O-])C[C@@]2(O)c3cccc4[nH]cc(c34)C[C@H]12,21,286.33099999999996,datawarrior.sdf.gz
CN1C[C@@H](C(=O)[O-])C[C@@]2(O)c3cccc4[nH]cc(c34)C[C@@H]12,21,286.33099999999996,datawarrior.sdf.gz
CN1C[C@@H](C(=O)[O-])C[C@@]2(O)c3cccc4[nH]cc(c34)C[C@H]12,21,286.33099999999996,datawarrior.sdf.gz
C[NH+]1C[C@H](C(=O)O)C[C@@]2(O)c3cccc4[nH]cc(c34)C[C@@H]12,21,286.33099999999996,datawarrior.sdf.gz
C[NH+]1C[C@H](C(=O)O)C[C@@]2(O)c3cccc4[nH]cc(c34)C[C@H]12,21,286.33099999999996,datawarrior.sdf.gz
C[NH+]1C[C@@H](C(=O)O)C[C@@]2(O)c3cccc4[nH]cc(c34)C[C@@H]12,21,286.33099999999996,datawarrior.sdf.gz
C[NH+]1C[C@@H](C(=O)O)C[C@@]2(O)c3cccc4[nH]cc(c34)C[C@H]12,21,286.33099999999996,datawarrior.sdf.gz
C=C(C(=O)O[C@H]1C[C@@H]2[C@@H]3O[C@@H]3[C@H](C1)N2C)c1ccccc1,21,285.3430000000001,datawarrior.sdf.gz
CO/N=C(\C)CC(C)(C)NCC[NH2+]C(C)(C)C/C(C)=N/O,21,300.44699999999995,datawarrior.sdf.gz
CCCCCCCCCCCCN(CCO)CC(O)CC,21,301.51500000000004,datawarrior.sdf.gz
CCCCCCCCCCN(CC(O)CC)CC(O)CC,21,301.51500000000004,datawarrior.sdf.gz
CCCCCCCCCCCCN(CC(C)O)CC(C)O,21,301.51500000000004,datawarrior.sdf.gz
O=C(O)c1ccccc1O[C@H]1O[C@@H](CO)[C@H](O)[C@@H](O)[C@@H]1O,21,300.263,datawarrior.sdf.gz
O=C(O[C@H]1O[C@@H](C(=O)O)[C@H](O)[C@@H](O)[C@@H]1O)c1ccccc1,21,298.247,datawarrior.sdf.gz
CCCC(O)C(C(=O)O)c1ccc(-c2ccccc2)cc1,21,284.35499999999996,datawarrior.sdf.gz
CC(C)C(O)C(C(=O)O)c1ccc(-c2ccccc2)cc1,21,284.355,datawarrior.sdf.gz
CCC(C)(O)C(C(=O)O)c1ccc(-c2ccccc2)cc1,21,284.35499999999996,datawarrior.sdf.gz
COc1cc(OC)nc(NS(=O)(=O)c2ccc(N)cc2)n1,21,310.3350000000001,datawarrior.sdf.gz
Cc1ccc2nccc(NCCC[NH+](C)C)c2c1[N+](=O)[O-],21,288.351,datawarrior.sdf.gz
Cc1nc2ccccc2c(NCCC[NH+](C)C)c1[N+](=O)[O-],21,288.351,datawarrior.sdf.gz
Cc1c([N+](=O)[O-])ccc2c(NCCC[NH+](C)C)ccnc12,21,288.351,datawarrior.sdf.gz
Cc1cc(NCCC[NH+](C)C)c2c([N+](=O)[O-])cccc2n1,21,288.351,datawarrior.sdf.gz
Cc1ccc([N+](=O)[O-])c2c(NCCC[NH+](C)C)ccnc12,21,288.351,datawarrior.sdf.gz
Cc1cnc2cccc([N+](=O)[O-])c2c1NCCC[NH+](C)C,21,288.351,datawarrior.sdf.gz
C[NH+](C)CCCCNc1ccnc2cccc([N+](=O)[O-])c12,21,288.351,datawarrior.sdf.gz
Cc1cc2nccc(NCCC[NH+](C)C)c2cc1[N+](=O)[O-],21,288.351,datawarrior.sdf.gz
Oc1ccccc1C1CCNCCNCCCNCCN1,21,292.42699999999996,datawarrior.sdf.gz
NC(=O)c1cc[n+](COC[n+]2ccccc2/C=N/O)cc1,21,288.30699999999996,datawarrior.sdf.gz
CC(=O)Nc1ccc(S(=O)(=O)Nc2nccc(C)n2)cc1,21,306.34700000000004,datawarrior.sdf.gz
CC(CN(C)C)C(C#N)(c1ccccc1)c1ccccc1,21,278.399,datawarrior.sdf.gz
Cc1ccccc1/C(=N/CCCN(C)C)c1ccccc1,21,280.415,datawarrior.sdf.gz
Cc1ccccc1C(=NCCN(C)C)c1ccccc1C,21,280.41499999999996,datawarrior.sdf.gz
C[C@@H](CC(C#N)(c1ccccc1)c1ccccc1)N(C)C,21,278.39900000000006,datawarrior.sdf.gz
Cc1ccccc1/C(=N/CCC[NH+](C)C)c1ccccc1,21,280.415,datawarrior.sdf.gz
Cc1ccccc1C(=NCC[NH+](C)C)c1ccccc1C,21,280.41499999999996,datawarrior.sdf.gz
CN(C)CCC/N=C(\c1ccccc1)c1ccccc1Cl,21,300.833,datawarrior.sdf.gz
C[NH+](C)CCC/N=C(\c1ccccc1)c1ccccc1Cl,21,300.833,datawarrior.sdf.gz
O=C(CC(=O)c1ccccc1)Nc1cccc([N+](=O)[O-])c1,21,284.27099999999996,datawarrior.sdf.gz
O=C(CC(=O)c1ccccc1)Nc1ccccc1[N+](=O)[O-],21,284.27099999999996,datawarrior.sdf.gz
O=C(CC(=O)c1ccc([N+](=O)[O-])cc1)Nc1ccccc1,21,284.27099999999996,datawarrior.sdf.gz
O=C(CC(=O)c1ccccc1)Nc1ccc([N+](=O)[O-])cc1,21,284.27099999999996,datawarrior.sdf.gz
CC/C=C/CC(=O)N[C@H]1C(=O)N2[C@H]1SC(C)(C)[C@H]2C(=O)O,21,312.3910000000001,datawarrior.sdf.gz
CN(C)c1cccc2c(S(=O)(=O)NCC(=O)O)cccc12,21,308.35900000000004,datawarrior.sdf.gz
CC/C=C/CC1=NC(C(=O)[O-])[C@@H]2SC(C)(C)C(C(=O)[O-])N12,21,312.391,datawarrior.sdf.gz
CC/C=C/CC1=[NH+]C(C(=O)O)[C@@H]2SC(C)(C)C(C(=O)O)N12,21,312.391,datawarrior.sdf.gz
CN(C)c1cccc2c(S(=O)(=O)NCC(=O)[O-])cccc12,21,308.35900000000004,datawarrior.sdf.gz
CCCCCCCCCc1c(O)n[nH]c1-c1ccccc1,21,286.41900000000004,datawarrior.sdf.gz
CN(C)CCC/N=C(\c1ccccc1)c1ccccc1O,21,282.387,datawarrior.sdf.gz
C[NH+](C)Cc1cc(-c2ccccc2)cc(C[NH+](C)C)c1O,21,284.40299999999996,datawarrior.sdf.gz
C[NH+](C)CCC/N=C(\c1ccccc1)c1ccccc1O,21,282.387,datawarrior.sdf.gz
NS(=O)(=O)c1cc(C(=O)[O-])c(NCc2ccco2)cc1Cl,21,330.749,datawarrior.sdf.gz
CC(=O)c1ccccc1NN=C1C(=O)CC(C)(C)CC1=O,21,286.331,datawarrior.sdf.gz
COc1c(Cl)cc(Cl)c(O)c1C(=O)NC1CC[NH+](C)CC1,21,333.2150000000002,datawarrior.sdf.gz
COc1c(Cl)cc(Cl)c([O-])c1C(=O)NC1CCN(C)CC1,21,333.2150000000002,datawarrior.sdf.gz
Cc1ccc(C(=O)NS(=O)(=O)c2ccc(N)cc2)cc1C,21,304.3710000000001,datawarrior.sdf.gz
CCN1CCC[C@@H]1CNC(=O)c1c(OC)ccc(Cl)c1[O-],21,312.7970000000001,datawarrior.sdf.gz
CC[NH+]1CCC[C@@H]1CNC(=O)c1c(OC)ccc(Cl)c1O,21,312.7970000000001,datawarrior.sdf.gz
N#CC(C#N)=NNc1ccc(/N=N/c2ccccc2)cc1,21,274.28700000000003,datawarrior.sdf.gz
[NH3+][C@@H](Cc1c[nH]cn1)C(=O)N[C@@H](Cc1c[nH]cn1)C(=O)[O-],21,292.299,datawarrior.sdf.gz
N[C@@H](Cc1c[nH]cn1)C(=O)N[C@@H](Cc1c[nH]cn1)C(=O)[O-],21,292.299,datawarrior.sdf.gz
[NH3+][C@@H](Cc1c[nH]cn1)C(=O)N[C@@H](Cc1c[nH]c[nH+]1)C(=O)[O-],21,292.299,datawarrior.sdf.gz
[NH3+][C@@H](Cc1c[nH]c[nH+]1)C(=O)N[C@@H](Cc1c[nH]c[nH+]1)C(=O)O,21,292.299,datawarrior.sdf.gz
Cc1cc(Cc2cc(C)c(O)c(C)c2)c(O)c([N+](=O)[O-])c1,21,287.315,datawarrior.sdf.gz
Cc1cc(Cc2cc(C)c(O)c(C)c2)c([O-])c([N+](=O)[O-])c1,21,287.315,datawarrior.sdf.gz
Cc1ccc(S(=O)(=O)NC(=O)OCc2ccccc2)cc1,21,305.35499999999996,datawarrior.sdf.gz
O=C(CCNCCC(=O)c1ccccc1)c1ccccc1,21,281.35499999999996,datawarrior.sdf.gz
CC1=C(CC(C)NCC(O)c2ccccc2)CCC1(C)C,21,287.447,datawarrior.sdf.gz
N#Cc1ccc(O[C@H]2O[C@@H](C(=O)O)[C@H](O)[C@@H](O)[C@@H]2O)cc1,21,295.24700000000007,datawarrior.sdf.gz
CCN(CC)CCCC(C)Nc1ccnc2ccccc12,21,285.43499999999995,datawarrior.sdf.gz
CC[NH+](CC)CCCC(C)Nc1ccnc2ccccc12,21,285.43499999999995,datawarrior.sdf.gz
Nc1ccc(S(=O)(=O)Nc2ccc(S(N)(=O)=O)cc2)cc1,21,327.38700000000006,datawarrior.sdf.gz
Nc1ccc(P(=O)(Nc2nccs2)OCC(F)(F)F)cc1,21,337.26300000000003,datawarrior.sdf.gz
COc1cc(OC)nc(NS(=O)(=O)c2ccc(O)cc2)n1,21,311.3190000000001,datawarrior.sdf.gz
COc1cc(OC)nc([N-]S(=O)(=O)c2ccc(O)cc2)n1,21,311.3190000000001,datawarrior.sdf.gz
CC[C@]12CCCN3CCc4c(n(c5ccccc45)CC1)[C@@H]32,21,280.41499999999996,datawarrior.sdf.gz
COc1ccc2c3c1O[C@H]1CCC[C@H]4[C@@H](C2)N(C)CC[C@]314,21,285.387,datawarrior.sdf.gz
COc1ccc2c3c1O[C@H]1CCC[C@H]4[C@H](NCC[C@]314)[C@H]2O,21,287.3589999999999,datawarrior.sdf.gz
COc1ccc2c3c1O[C@H]1CCC[C@H]4[C@H](NCC[C@]314)[C@@H]2O,21,287.3589999999999,datawarrior.sdf.gz
C/C(=C\c1cc(C(C)(C)C)c(O)c(C(C)(C)C)c1)C(=O)[O-],21,290.403,datawarrior.sdf.gz
CC/C=C/Cc1nc(C(=O)[O-])cn1[C@H](C(=O)[O-])C(C)(C)S,21,312.3910000000001,datawarrior.sdf.gz
O=C(O)C[NH+](CCNS(=O)(=O)c1ccccc1)CC(=O)O,21,316.33500000000004,datawarrior.sdf.gz
O=C([O-])C[NH+](CCNS(=O)(=O)c1ccccc1)CC(=O)[O-],21,316.33500000000004,datawarrior.sdf.gz
NNC(=O)C1(F)C(F)(F)C(F)(F)C(F)(F)C(F)(F)C1(F)F,21,340.092,datawarrior.sdf.gz
Nc1nc(N(CCO)CCO)nc(N(CCO)CCO)n1,21,302.33500000000004,datawarrior.sdf.gz
OCCCNc1nc(NCCCO)nc(NCCCO)n1,21,300.363,datawarrior.sdf.gz
C=C/C(C)=C/[C@@H](C)C(=O)C[C@@H](O)CC1CC(=O)NC(=O)C1,21,293.36300000000006,datawarrior.sdf.gz
C[C@@H](O)[C@H](CCC=O)O[C@H]1O[C@H](C)[C@@H](N(C)C)[C@H](O)[C@H]1O,21,305.37100000000004,datawarrior.sdf.gz
CC(C)(C)OC(=O)NS(=O)(=O)c1ccc(S(C)(=O)=O)cc1,21,335.403,datawarrior.sdf.gz
O=C(C1=C(O)C(=O)c2ccccc2C1=O)c1ccccc1,21,278.263,datawarrior.sdf.gz
O=C1C(O)=C(/C=C/c2ccccc2)C(=O)c2ccccc21,21,276.291,datawarrior.sdf.gz
COc1cc(S(C)=O)ccc1-c1nc2ncc(N)cc2[nH]1,21,302.35900000000004,datawarrior.sdf.gz
c1ccc(-c2ccc(NCCN3CCOCC3)nn2)cc1,21,284.36300000000006,datawarrior.sdf.gz
c1ccc(-c2ccc(NCC[NH+]3CCOCC3)nn2)cc1,21,284.36300000000006,datawarrior.sdf.gz
Cc1nn(C)c2c1C(c1ccccc1F)=NCC(=O)N2C,21,286.31000000000006,datawarrior.sdf.gz
O=[N+]([O-])c1cc(CN2CCOCC2)c([O-])c2ccccc12,21,288.30300000000005,datawarrior.sdf.gz
O=[N+]([O-])c1cc(C[NH+]2CCOCC2)c(O)c2ccccc12,21,288.30300000000005,datawarrior.sdf.gz
Cc1cc(-c2ccccc2)n(-c2ccc(C(=O)O)cc2)n1,21,278.311,datawarrior.sdf.gz
CCCc1c(-c2ccccc2)nn(-c2ccccc2)c1O,21,278.355,datawarrior.sdf.gz
O=C([O-])c1ccccc1-n1nc(O)cc1-c1ccccc1,21,280.283,datawarrior.sdf.gz
O=[N+]([O-])c1cc(CN2CCCCC2)c([O-])c2ccccc12,21,286.3310000000001,datawarrior.sdf.gz
CC(C=C(c1cccs1)c1cccs1)N1CCCCCC1,21,317.5230000000002,datawarrior.sdf.gz
CC1CCCN(C(C)C=C(c2cccs2)c2cccs2)C1,21,317.52300000000014,datawarrior.sdf.gz
CC1CCN(C(C)C=C(c2cccs2)c2cccs2)CC1,21,317.52300000000014,datawarrior.sdf.gz
CC(C=C(c1cccs1)c1cccs1)N1CCCCC1C,21,317.5230000000002,datawarrior.sdf.gz
CN1[C@@H]2CC[C@H]1C[C@H](OC(=O)[C@H](CO)c1ccccc1)C2,21,289.3750000000001,datawarrior.sdf.gz
COc1ccc(-c2cnc(-c3ccc(OC)cc3)o2)cc1,21,281.31100000000004,datawarrior.sdf.gz
COc1ccc(-c2nc3nnc(SC)nc3[nH]2)c(OC)c1,21,303.3470000000001,datawarrior.sdf.gz
Cc1cc(O)nn1-c1ccccc1C(=O)N1CCCCC1,21,285.347,datawarrior.sdf.gz
CCc1c(-c2ccccc2)nn(C2CCN(C)CC2)c1[O-],21,285.391,datawarrior.sdf.gz
CCc1c(-c2ccccc2)nn(C2CC[NH+](C)CC2)c1O,21,285.391,datawarrior.sdf.gz
CCOc1ccc2nc3cc([N+](=O)[O-])ccc3c(N)c2c1,21,283.28700000000003,datawarrior.sdf.gz
CCCCCCCCCCCCCCCCCCN(CC(O)CC)CC(O)CC,29,413.7310000000004,datawarrior.sdf.gz
O=[N+]([O-])c1ccc([O-])c(CN2CCOCCOCCOCCOCCOCC2)c1,29,414.4550000000003,datawarrior.sdf.gz
O=[N+]([O-])c1ccc(O)c(C[NH+]2CCOCCOCCOCCOCCOCC2)c1,29,414.4550000000003,datawarrior.sdf.gz
O=C(Cc1ccccc1Nc1c(Cl)cccc1Cl)OCCCCN1CCOCC1,29,437.3670000000004,datawarrior.sdf.gz
CCN(CC)CCCCCCNc1c2ccc(Cl)cc2nc2ccc(OC)cc12,29,413.99300000000034,datawarrior.sdf.gz
CC[NH+](CC)CCCCCCNc1c2ccc(Cl)cc2nc2ccc(OC)cc12,29,413.99300000000034,datawarrior.sdf.gz
CC[NH+](CC)CCCCC(C)Nc1c2ccc(Cl)cc2nc2ccc(OC)cc12,29,413.99300000000034,datawarrior.sdf.gz
Cc1cc(C)c(C(C(=O)O)c2ccccc2)c(C)c1,19,254.329,datawarrior.sdf.gz
CC(O)C(C(=O)O)c1ccc(-c2ccccc2)cc1,19,256.301,datawarrior.sdf.gz
CC(O)C(C(=O)O)c1ccc(C2CCCCC2)cc1,19,262.349,datawarrior.sdf.gz
Cc1cc(C(CC(=O)O)c2ccccc2)ccc1O,19,256.301,datawarrior.sdf.gz
O=C(O)CCC(=O)c1ccc(-c2ccccc2)cc1,19,254.28500000000003,datawarrior.sdf.gz
C[NH+](C)CCNc1ccnc2cccc([N+](=O)[O-])c12,19,260.29699999999997,datawarrior.sdf.gz
Cc1cnc(NS(=O)(=O)c2ccc(N)cc2)nc1C,19,278.33700000000005,datawarrior.sdf.gz
Cc1cc(NS(=O)(=O)c2ccc(N)cc2)nc(C)n1,19,278.33700000000005,datawarrior.sdf.gz
Cc1cc(C)nc(NS(=O)(=O)c2ccc([NH3+])cc2)n1,19,278.33700000000005,datawarrior.sdf.gz
C(=C\C=N\c1ccccc1)/C=C/Nc1ccccc1,19,248.32900000000004,datawarrior.sdf.gz
C/C(=C\C(C)=N\c1ccccc1)Nc1ccccc1,19,250.345,datawarrior.sdf.gz
O=C(CCN1CCOCC1)c1cccc([N+](=O)[O-])c1,19,264.2809999999999,datawarrior.sdf.gz
N[C@H]1CCCC[C@H]1C(=O)Oc1ccc([N+](=O)[O-])cc1,19,264.28099999999995,datawarrior.sdf.gz
N[C@H]1CCCC[C@@H]1C(=O)Oc1ccc([N+](=O)[O-])cc1,19,264.28099999999995,datawarrior.sdf.gz
O=C(NCCCN1CCOCC1)c1ccc(Cl)cc1,19,282.77099999999996,datawarrior.sdf.gz
N#CC(c1ccc(Cl)cc1)c1ccc([N+](=O)[O-])cc1,19,272.69100000000003,datawarrior.sdf.gz
CCCCCCCc1c(-c2ccccc2)n[nH]c1O,19,258.36499999999995,datawarrior.sdf.gz
OC[C@H](O)[C@H](O)[C@@H](O)[C@H](O)c1nc2ccccc2[nH]1,19,268.269,datawarrior.sdf.gz
CCOC(=O)c1c[nH+]c2cc([N+](=O)[O-])ccc2c1O,19,262.22099999999995,datawarrior.sdf.gz
CCOC(=O)c1cnc2cc([N+](=O)[O-])ccc2c1[O-],19,262.22099999999995,datawarrior.sdf.gz
CCOC(=O)c1cnc2ccc([N+](=O)[O-])cc2c1[O-],19,262.22099999999995,datawarrior.sdf.gz
CCOC(=O)c1cnc2c([N+](=O)[O-])cccc2c1[O-],19,262.221,datawarrior.sdf.gz
O=C(Nc1ccccc1)ONC(=O)c1ccccc1,19,256.261,datawarrior.sdf.gz
NS(=O)(=O)c1ccc(/N=C/c2ccccc2O)cc1,19,276.317,datawarrior.sdf.gz
O=[PH](O)C([NH2+]Cc1ccc[nH+]c1)c1ccccc1O,19,278.24800000000005,datawarrior.sdf.gz
O=[PH]([O-])C([NH2+]Cc1cccnc1)c1ccccc1O,19,278.24800000000005,datawarrior.sdf.gz
O=[PH](O)C([NH2+]Cc1cc[nH+]cc1)c1ccccc1O,19,278.24800000000005,datawarrior.sdf.gz
O=[PH]([O-])C([NH2+]Cc1ccncc1)c1ccccc1O,19,278.24800000000005,datawarrior.sdf.gz
O=[PH](O)C([NH2+]Cc1cccc[nH+]1)c1ccccc1O,19,278.24800000000005,datawarrior.sdf.gz
O=[PH]([O-])C([NH2+]Cc1ccccn1)c1ccccc1O,19,278.24800000000005,datawarrior.sdf.gz
O=[PH]([O-])C(NCc1cccnc1)c1ccccc1O,19,278.24800000000005,datawarrior.sdf.gz
O=[PH]([O-])C(NCc1ccncc1)c1ccccc1O,19,278.24800000000005,datawarrior.sdf.gz
O=[PH]([O-])C(NCc1ccccn1)c1ccccc1O,19,278.24800000000005,datawarrior.sdf.gz
NS(=O)(=O)c1ccc(/N=C/c2ccccc2[O-])cc1,19,276.317,datawarrior.sdf.gz
CN/C=N/c1cccc(-c2csc(N=C(N)N)n2)c1,19,274.353,datawarrior.sdf.gz
CN/C=[NH+]/c1cccc(-c2csc(N=C(N)N)n2)c1,19,274.353,datawarrior.sdf.gz
CCN(CC)C(C)C=C(c1cccs1)c1cccs1,19,291.48500000000007,datawarrior.sdf.gz
Cc1ccc(O)cc1Cc1cc([N+](=O)[O-])ccc1O,19,259.26099999999997,datawarrior.sdf.gz
Cc1ccc(O)c(Cc2cc([N+](=O)[O-])ccc2O)c1,19,259.26099999999997,datawarrior.sdf.gz
Cc1ccc(O)cc1Cc1cc([N+](=O)[O-])ccc1[O-],19,259.26099999999997,datawarrior.sdf.gz
Cc1ccc(O)c(Cc2cc([N+](=O)[O-])ccc2[O-])c1,19,259.26099999999997,datawarrior.sdf.gz
O=C([O-])c1ccc(NS(=O)(=O)c2ccccc2)cc1,19,277.30100000000004,datawarrior.sdf.gz
O=C(O)c1ccccc1/N=C/C=C/c1ccccc1,19,251.28500000000003,datawarrior.sdf.gz
CC1=C/C(=N\c2ccc(O)cc2)C(C(C)C)=CC1=O,19,255.31699999999998,datawarrior.sdf.gz
Cc1cc(Nc2ccc(O)cc2)c(C(C)C)cc1O,19,257.33299999999997,datawarrior.sdf.gz
CC1=CC(=O)C(C(C)C)=C/C1=N/c1ccc(O)cc1,19,255.317,datawarrior.sdf.gz
Cc1cc(O)c(C(C)C)cc1Nc1ccc(O)cc1,19,257.33299999999997,datawarrior.sdf.gz
CCCC(=O)C1(c2cccc(O)c2)CCN(C)CC1,19,261.365,datawarrior.sdf.gz
CCOC(=O)C1(c2ccccc2)CCN(CC)CC1,19,261.365,datawarrior.sdf.gz
CN(C)Cc1cc(OCc2ccccc2)ccc1O,19,257.33299999999997,datawarrior.sdf.gz
CN(C)Cc1cc(C(=O)c2ccccc2)ccc1[O-],19,255.31699999999998,datawarrior.sdf.gz
Cc1cc(Nc2ccc([O-])cc2)c(C(C)C)cc1O,19,257.33299999999997,datawarrior.sdf.gz
Cc1cc(O)c(C(C)C)cc1Nc1ccc([O-])cc1,19,257.33299999999997,datawarrior.sdf.gz
C=CC(CC(C)(C)C)c1ccc2cccnc2c1O,19,255.36099999999996,datawarrior.sdf.gz
CC(C)N[C@H](c1ccccc1)[C@H](O)c1ccccc1,19,255.36100000000002,datawarrior.sdf.gz
CC(=O)c1ccc(NS(=O)(=O)c2ccccc2)cc1,19,275.32900000000006,datawarrior.sdf.gz
CCCC1N=C(N)N=C(Nc2ccc(SC)cc2)N1,19,277.39700000000005,datawarrior.sdf.gz
CC(=O)c1cc(F)cc(NC(=O)c2nnn[nH]2)c1O,19,265.204,datawarrior.sdf.gz
CC(=O)c1cc(F)cc(C(=O)Nc2nnn[nH]2)c1O,19,265.204,datawarrior.sdf.gz
CCN(CC)CCCNc1ccnc2ccccc12,19,257.3809999999999,datawarrior.sdf.gz
CC[NH+](CC)CCCNc1ccnc2ccccc12,19,257.3809999999999,datawarrior.sdf.gz
O=C([O-])CN(CC(=O)[O-])Cc1nc2ccccc2[nH]1,19,263.253,datawarrior.sdf.gz
O=C([O-])C[NH+](CC(=O)[O-])Cc1nc2ccccc2[nH]1,19,263.253,datawarrior.sdf.gz
COP(=O)(Nc1nccs1)c1ccc([N+](=O)[O-])cc1,19,299.24800000000005,datawarrior.sdf.gz
CN(C)Cc1cc(/N=N/c2ccccc2)ccc1[O-],19,255.321,datawarrior.sdf.gz
N#CC1C=CN(Cc2cccc(F)c2)C=C1C(N)=O,19,257.268,datawarrior.sdf.gz
Nc1ccccc1NC(=O)c1ccc([N+](=O)[O-])cc1,19,257.24899999999997,datawarrior.sdf.gz
Cc1cc(C)nc(NS(=O)(=O)c2ccc(O)cc2)n1,19,279.321,datawarrior.sdf.gz
Cc1cccc(NS(=O)(=O)c2ccc(N)cc2)[n+]1[O-],19,279.321,datawarrior.sdf.gz
Cc1cc(C)nc([N-]S(=O)(=O)c2ccc(O)cc2)n1,19,279.321,datawarrior.sdf.gz
C[N+](C)(C)CCC[N+](C)(C)CCCNC(=O)/C=N/O,19,274.409,datawarrior.sdf.gz
CCCCCCCCCCCCCCCCCCN,19,269.5169999999999,datawarrior.sdf.gz
CCCCCCCCCCN(CCO)CC(O)CC,19,273.46099999999996,datawarrior.sdf.gz
CCCCCCCCN(CC(O)CC)CC(O)CC,19,273.46099999999996,datawarrior.sdf.gz
CCCCCCCCCCN(CC(C)O)CC(C)O,19,273.46099999999996,datawarrior.sdf.gz
C[NH+](C)CCCCCCCCCCNC(=O)/C=N/O,19,271.4049999999999,datawarrior.sdf.gz
CN(C)CCCCCCCCCCNC(=O)/C=N/[O-],19,271.4049999999999,datawarrior.sdf.gz
NC(=O)CC[C@H](N)C(=O)N[C@@H](CCC(=O)O)C(=O)O,19,275.261,datawarrior.sdf.gz
CN1C[C@H](CO)C[C@H]2c3cccc4[nH]cc(c34)C[C@@H]21,19,256.349,datawarrior.sdf.gz
CN1C[C@@H](CO)C[C@H]2c3cccc4[nH]cc(c34)C[C@@H]21,19,256.349,datawarrior.sdf.gz
c1ccc([C@@H]2CN3CCC[C@@H]3c3ccccc32)cc1,19,249.35700000000003,datawarrior.sdf.gz
C[C@H]1C[C@@]23[C@@H]4CCCN2CCC[C@H]3[C@@H](O)C[C@H]4C1=O,19,263.381,datawarrior.sdf.gz
CN1CCCC1c1cncc2[nH]c3ccccc3c12,19,251.33299999999994,datawarrior.sdf.gz
C[NH+]1CCCC1c1cncc2[nH]c3ccccc3c12,19,251.33299999999994,datawarrior.sdf.gz
O=C1C(O)=C(c2ccccc2)C(=O)c2ccccc21,19,250.25300000000001,datawarrior.sdf.gz
Cc1cc2nc3ccc(N(C)C)cc3nc2cc1N,19,252.32099999999997,datawarrior.sdf.gz
C[NH+](C)Cc1cnc2ccc(-c3ccccc3)nn12,19,252.321,datawarrior.sdf.gz
Cc1cc2nc3ccc(N(C)C)cc3[nH+]c2cc1N,19,252.32099999999997,datawarrior.sdf.gz
Cc1nc2c(n1C)C(=O)c1[nH]c(=O)[nH]c(=O)c1C2=O,19,260.209,datawarrior.sdf.gz
OC[C@@H]1O[C@H](n2cnc3c([S-])ncnc32)[C@@H](O)[C@H]1O,19,284.297,datawarrior.sdf.gz
COc1cc(S(C)=O)ccc1-c1nc2[nH]ncc2[nH]1,19,276.32099999999997,datawarrior.sdf.gz
Nc1ccc2nc(/C=C/c3ccccc3)ccc2c1,19,246.313,datawarrior.sdf.gz
Nc1cc(/C=C/c2ccccc2)nc2ccccc12,19,246.313,datawarrior.sdf.gz
Cc1c(Cn2ccnc2)sc2cc(C(=O)[O-])ccc12,19,272.329,datawarrior.sdf.gz
Cc1c(Cn2cc[nH+]c2)sc2cc(C(=O)O)ccc12,19,272.329,datawarrior.sdf.gz
Cc1c(Cn2ccnc2)sc2ccc(C(=O)[O-])cc12,19,272.329,datawarrior.sdf.gz
Cc1c(Cn2cc[nH+]c2)sc2ccc(C(=O)O)cc12,19,272.329,datawarrior.sdf.gz
Cc1c(C(=O)[O-])sc2cc(Cn3ccnc3)ccc12,19,272.329,datawarrior.sdf.gz
Oc1n[nH]c(-c2ccccc2)c1Cc1ccccc1,19,250.30100000000004,datawarrior.sdf.gz
Cc1nn(-c2ccccc2)c(O)c1C1CCCCC1,19,256.34899999999993,datawarrior.sdf.gz
Cc1nn(-c2ccccc2)c(O)c1-c1ccccc1,19,250.30100000000004,datawarrior.sdf.gz
Cc1c(-c2ccccc2)nn(-c2ccccc2)c1O,19,250.30100000000004,datawarrior.sdf.gz
[NH3+]c1ccc(-c2cnc(-c3ccc(Cl)cc3)o2)cc1,19,270.719,datawarrior.sdf.gz
[NH3+]c1ccc(-c2cnc(-c3ccc(Br)cc3)o2)cc1,19,315.17,datawarrior.sdf.gz
[NH3+]c1ccc(-c2ncc(-c3ccc(Cl)cc3)o2)cc1,19,270.719,datawarrior.sdf.gz
[NH3+]c1ccc(-c2ncc(-c3ccc(Br)cc3)o2)cc1,19,315.17,datawarrior.sdf.gz
Cc1c(Cn2ccnc2)oc2ccc(C(=O)[O-])cc12,19,256.26099999999997,datawarrior.sdf.gz
Cc1c(Cn2cc[nH+]c2)oc2ccc(C(=O)O)cc12,19,256.26099999999997,datawarrior.sdf.gz
CCCNC1c2ccccc2C=Cc2ccccc21,19,249.35700000000003,datawarrior.sdf.gz
O=Cc1ccc(-c2cnc(-c3ccccc3)o2)cc1,19,249.269,datawarrior.sdf.gz
O=Cc1ccc(-c2ncc(-c3ccccc3)o2)cc1,19,249.269,datawarrior.sdf.gz
COc1ccc(-c2ncc(-c3ccccc3)o2)cc1,19,251.285,datawarrior.sdf.gz
COc1ccc(-c2cnc(-c3ccccc3)o2)cc1,19,251.285,datawarrior.sdf.gz
Cc1ccc(-c2cnc(-c3ccc(C)cc3)o2)cc1,19,249.313,datawarrior.sdf.gz
Cc1ccc(-c2cnc(-c3ccc(Cl)cc3)o2)cc1,19,269.731,datawarrior.sdf.gz
Cc1ccc(-c2cnc(-c3ccc(Br)cc3)o2)cc1,19,314.182,datawarrior.sdf.gz
C[C@@H]1[C@@H]2Cc3ccc(O)cc3[C@@]1(C)CCN2CCF,19,263.35599999999994,datawarrior.sdf.gz
Cc1ccc(-c2ncc(-c3ccc(Cl)cc3)o2)cc1,19,269.731,datawarrior.sdf.gz
Cc1ccc(-c2ncc(-c3ccc(Br)cc3)o2)cc1,19,314.182,datawarrior.sdf.gz
COc1cc2c(O)cc(C)[nH+]c2c2c(C)c(C)oc12,19,257.28899999999993,datawarrior.sdf.gz
Nc1nc2c(ncn2[C@@H]2C[C@@H](O)[C@H](CO)O2)c(O)[nH+]1,19,267.245,datawarrior.sdf.gz
COc1ccc(/C=N/c2ncc3nc[nH]c3n2)cc1,19,253.265,datawarrior.sdf.gz
c1ccc(CNc2nnc(-c3ccccc3)s2)cc1,19,267.357,datawarrior.sdf.gz
Cc1cc2c(cc1N)Sc1cc(N(C)C)ccc1N2,19,271.389,datawarrior.sdf.gz
Cc1cc2c(cc1N)Sc1cc([NH+](C)C)ccc1N2,19,271.389,datawarrior.sdf.gz
COc1ccc(-c2nc3cnccc3[nH]2)c(OC)c1,19,255.277,datawarrior.sdf.gz
COc1ccc(-c2nc3ncccc3[nH]2)c(OC)c1,19,255.277,datawarrior.sdf.gz
COc1ccc(-c2cn3cccnc3n2)c(OC)c1,19,255.27700000000002,datawarrior.sdf.gz
COc1cccc(OC)c1-c1nc2cnccc2[nH]1,19,255.27700000000002,datawarrior.sdf.gz
COc1cccc(OC)c1-c1nc2ncccc2[nH]1,19,255.27700000000002,datawarrior.sdf.gz
CC(C)=CC[C@@H]1C(=O)C(C(=O)CC(C)C)=C(O)[C@H]1O,19,266.337,datawarrior.sdf.gz
C/C(=C(/S)CCO)N(C=O)Cc1cnc(C)nc1N,19,282.369,datawarrior.sdf.gz
NC1=[NH+][C@@H](CC(=O)O)C(=O)N1CCCC([NH3+])C(=O)O,19,272.26099999999997,datawarrior.sdf.gz
NC1=N[C@@H](CC(=O)[O-])C(=O)N1CCCC(N)C(=O)[O-],19,272.26099999999997,datawarrior.sdf.gz
NC1=[NH+][C@@H](CC(=O)[O-])C(=O)N1CCCC(N)C(=O)[O-],19,272.26099999999997,datawarrior.sdf.gz
NC1=[NH+][C@@H](CC(=O)O)C(=O)N1CCCC([NH3+])C(=O)[O-],19,272.26099999999997,datawarrior.sdf.gz
CC(C)C[C@H]([NH3+])C(=O)N[C@@H](Cc1c[nH]cn1)C(=O)[O-],19,268.317,datawarrior.sdf.gz
CC(C)C[C@H]([NH3+])C(=O)N[C@@H](Cc1c[nH]c[nH+]1)C(=O)O,19,268.317,datawarrior.sdf.gz
CC(C)C[C@H](N)C(=O)N[C@@H](Cc1c[nH]cn1)C(=O)[O-],19,268.317,datawarrior.sdf.gz
CN(C)C(=O)n1nc(C(C)(C)C)nc1SCC(=O)O,19,286.357,datawarrior.sdf.gz
CN(C)CCCCC(=O)Oc1cccc([N+](=O)[O-])c1,19,266.2969999999999,datawarrior.sdf.gz
CN(C)CCCCC(=O)Oc1ccc([N+](=O)[O-])cc1,19,266.2969999999999,datawarrior.sdf.gz
CCOc1ccc(C(=O)NC(=S)N(CC)CC)cc1,19,280.39300000000003,datawarrior.sdf.gz
CCCN(CCC)CC(=O)Nc1c(C)cccc1C,19,262.397,datawarrior.sdf.gz
C[NH+](C)Cc1cc(C(C)(C)C)cc(C[NH+](C)C)c1O,19,264.41299999999995,datawarrior.sdf.gz
Cc1ccc(S(=O)(=O)N[C@@H](CC(N)=O)C(=O)[O-])cc1,19,286.309,datawarrior.sdf.gz
CC(C)NC[C@H](O)COc1ccc(CC(N)=O)cc1,19,266.34099999999995,datawarrior.sdf.gz
CC1(C)N=C(C(=O)CC(=O)C(F)(F)F)C(C)(C)N1O,19,280.246,datawarrior.sdf.gz
CCCCCCCCCCNCc1ccc(C)cc1,19,261.4529999999999,datawarrior.sdf.gz
C=C(C)[C@@H]1CN(C(C)=O)[C@H](C(=O)OC)[C@@H]1CC(=O)O,19,269.29699999999997,datawarrior.sdf.gz
CCOC(=O)C(Cc1ccc([N+](=O)[O-])cc1)C(C)=O,19,265.26499999999993,datawarrior.sdf.gz
Cc1cc(S(=O)(=O)N(CCO)CCO)cc(C)c1O,19,289.353,datawarrior.sdf.gz
CCOC(=O)COc1ccc(S(=O)(=O)c2ccc(O)c(C[NH3+])c2)c(Cl)c1Cl,27,434.29700000000025,datawarrior.sdf.gz
CCCNC(=O)[C@H](Cc1c[nH]cn1)NC(=O)c1cccc(CNCCN)n1,27,373.4610000000001,datawarrior.sdf.gz
CCCNC(=O)[C@H](Cc1c[nH]c[nH+]1)NC(=O)c1cccc(CNCC[NH3+])n1,27,373.4610000000001,datawarrior.sdf.gz
CCCNC(=O)[C@H](Cc1c[nH]cn1)NC(=O)c1cccc(CNCC[NH3+])n1,27,373.4610000000001,datawarrior.sdf.gz
CCCCCCCCCCCCCNCCCCCCCCCCCCC,27,381.73300000000023,datawarrior.sdf.gz
CCCCCCCCCCCCCCCCN(CC(O)CC)CC(O)CC,27,385.6770000000003,datawarrior.sdf.gz
CCCCCCCCCCCCCCCCCCN(CC(C)O)CC(C)O,27,385.6770000000003,datawarrior.sdf.gz
CC1=NN(c2ccccc2)C(=O)/C1=C\c1c(C)nn(-c2ccccc2)c1O,27,358.40100000000007,datawarrior.sdf.gz
c1ccc(-c2cc(-c3ccccc3)c(NCCN3CCOCC3)nn2)cc1,27,360.46100000000007,datawarrior.sdf.gz
c1ccc(-c2cc(-c3ccccc3)c(NCC[NH+]3CCOCC3)nn2)cc1,27,360.46100000000007,datawarrior.sdf.gz
c1ccc(CSc2nc(SCc3ccccc3)c(-c3ccccc3)[nH]2)cc1,27,388.5610000000001,datawarrior.sdf.gz
COc1c(C)cccc1C(=O)N[C@@H]1C[C@H]2CC[C@@H](C1)N2Cc1ccccc1,27,364.48900000000015,datawarrior.sdf.gz
COc1ccc(F)cc1C(=O)N[C@@H]1C[C@H]2CC[C@@H](C1)N2Cc1ccccc1,27,368.45200000000017,datawarrior.sdf.gz
COc1ccc(I)cc1C(=O)N[C@@H]1C[C@H]2CC[C@@H](C1)N2Cc1ccccc1,27,476.3580000000003,datawarrior.sdf.gz
COc1c(Br)cccc1C(=O)N[C@@H]1C[C@H]2CC[C@@H](C1)N2Cc1ccccc1,27,429.35800000000023,datawarrior.sdf.gz
Cc1cc(OS(=O)(=O)[O-])c2oc(-c3cc4ccc(O)cc4oc3=O)nc2c1,27,389.3410000000001,datawarrior.sdf.gz
COc1cc2c(cc1OC)C(=O)Cc1ccc3c(c1CN(C)CC2)OCO3,27,369.41700000000014,datawarrior.sdf.gz
COc1ccc(N)cc1C(=O)N[C@@H]1C[C@H]2CC[C@@H](C1)N2Cc1ccccc1,27,365.47700000000015,datawarrior.sdf.gz
COc1c(N)cccc1C(=O)N[C@@H]1C[C@H]2CC[C@@H](C1)N2Cc1ccccc1,27,365.47700000000015,datawarrior.sdf.gz
OCCN1CC[NH+](CCCN2c3ccccc3Sc3ccc(Cl)cc32)CC1,27,403.97900000000027,datawarrior.sdf.gz
Cc1ccc([N+](=O)[O-])c2c(NCCC[NH+](C)C)cc(-c3ccccc3)nc12,27,364.44900000000007,datawarrior.sdf.gz
Cc1ccccc1/C(=N\CCCN(C)C)c1ccccc1-c1ccccc1,27,356.51300000000003,datawarrior.sdf.gz
Cc1ccccc1/C(=N\CCC[NH+](C)C)c1ccccc1-c1ccccc1,27,356.51300000000003,datawarrior.sdf.gz
CCCCCCCCCc1c(-c2ccccc2)nn(-c2ccccc2)c1O,27,362.5170000000002,datawarrior.sdf.gz
O=C(Cc1ccccc1Nc1c(Cl)cccc1Cl)OCCN1CCOCC1,27,409.31300000000033,datawarrior.sdf.gz
CN(C)c1ccc([N+](=O)[O-])c2c(NCCC[NH+](C)C)c3ccccc3nc12,27,367.45300000000015,datawarrior.sdf.gz
CC[NH+](CC)CCC(C)Nc1c2ccc(Cl)cc2nc2ccc(OC)cc12,27,385.93900000000025,datawarrior.sdf.gz
COc1cccc2c1CN(C1CC3CCC(C1)N3Cc1ccccc1)C2=O,27,362.47300000000007,datawarrior.sdf.gz
CC(C)(C)[C@]1(O)CCN2C[C@H]3c4ccccc4CCc4cccc(c43)[C@@H]2C1,27,361.5290000000001,datawarrior.sdf.gz
Cc1nc2c(C)ccc([N+](=O)[O-])c2c(NCCC[NH+](C)C)c1C,23,316.4050000000001,datawarrior.sdf.gz
Cc1ccccc1C(=NCCCCN(C)C)c1ccccc1C,23,308.469,datawarrior.sdf.gz
CCN(CC)CCN=C(c1ccccc1C)c1ccccc1C,23,308.469,datawarrior.sdf.gz
Cc1ccccc1C(=NCCCC[NH+](C)C)c1ccccc1C,23,308.469,datawarrior.sdf.gz
CC[NH+](CC)CCN=C(c1ccccc1C)c1ccccc1C,23,308.469,datawarrior.sdf.gz
CCCCCCCC(=O)N[C@H]1C(=O)N2[C@H]1SC(C)(C)[C@H]2C(=O)O,23,342.46100000000024,datawarrior.sdf.gz
C[Si](C)(CNC1CCCCC1)O[Si](C)(C)CNC1CCCCC1,23,356.7030000000003,datawarrior.sdf.gz
CCC1(CC)C(=O)NC(=O)N(C(=O)c2ccccc2OC)C1=O,23,318.329,datawarrior.sdf.gz
CCc1cc(Cl)c([O-])c(C(=O)NC[C@H]2CCCN2CC)c1OC,23,340.8510000000001,datawarrior.sdf.gz
CCc1cc(Cl)c(O)c(C(=O)NC[C@H]2CCC[NH+]2CC)c1OC,23,340.8510000000001,datawarrior.sdf.gz
CCc1cc(Cl)c(OC)c(C(=O)NC[C@H]2CCC[NH+]2CC)c1O,23,340.85100000000017,datawarrior.sdf.gz
CCc1cc(Cl)c(OC)c(C(=O)NC[C@H]2CCCN2CC)c1[O-],23,340.85100000000017,datawarrior.sdf.gz
CCN(CC)CCNc1nc(C)nc(Nc2ccc(Cl)cc2)n1,23,334.85500000000013,datawarrior.sdf.gz
CC[NH+](CC)CCNc1nc(C)nc(Nc2ccc(Cl)cc2)n1,23,334.85500000000013,datawarrior.sdf.gz
CCN(CC)CCC(OC(=O)c1ccccc1)c1ccccc1,23,311.4250000000001,datawarrior.sdf.gz
COc1ccc(C(O)CNC(C)CC2=C(C)C(C)(C)CC2)cc1,23,317.47300000000007,datawarrior.sdf.gz
C=CC(CC(C)(C)CC(C)(C)C)c1ccc2cccnc2c1O,23,311.46900000000005,datawarrior.sdf.gz
CCC(=O)C(c1ccccc1)(c1ccccc1)[C@@H](C)CN(C)C,23,309.45300000000003,datawarrior.sdf.gz
CCN(CC)CCNc1cc(C)nc(Nc2ccc(Cl)cc2)n1,23,333.86700000000013,datawarrior.sdf.gz
CCN(CC)CCNc1nc(C)cc(Nc2ccc(Cl)cc2)n1,23,333.86700000000013,datawarrior.sdf.gz
CCN(CC)CCNc1cc(Nc2ccc(Cl)cc2)nc(C)n1,23,333.86700000000013,datawarrior.sdf.gz
CC[NH+](CC)CCNc1cc(C)nc(Nc2ccc(Cl)cc2)n1,23,333.86700000000013,datawarrior.sdf.gz
CC[NH+](CC)CCNc1nc(C)cc(Nc2ccc(Cl)cc2)n1,23,333.86700000000013,datawarrior.sdf.gz
CC[NH+](CC)CCNc1cc(Nc2ccc(Cl)cc2)nc(C)n1,23,333.86700000000013,datawarrior.sdf.gz
CCN(CC)CCCC(C)Nc1cc(C)nc2cc(Cl)ccc12,23,333.90700000000015,datawarrior.sdf.gz
CC[NH+](CC)CCCC(C)Nc1cc(C)nc2cc(Cl)ccc12,23,333.90700000000015,datawarrior.sdf.gz
CN(C)S(=O)(=O)c1ccc(NS(=O)(=O)c2ccc(N)cc2)cc1,23,355.44100000000014,datawarrior.sdf.gz
CCN(CC)CCCC(C)Nc1ccnc2ccc(OC)cc12,23,315.46100000000007,datawarrior.sdf.gz
CC[NH+](CC)CCCC(C)Nc1cc[nH+]c2ccc(OC)cc12,23,315.46100000000007,datawarrior.sdf.gz
CC[NH+](CC)CCCC(C)Nc1cc(OC)cc2ccc[nH+]c12,23,315.4610000000001,datawarrior.sdf.gz
CC[NH+](CC)CCCC(C)Nc1ccnc2ccc(OC)cc12,23,315.46100000000007,datawarrior.sdf.gz
CC[NH+](CC)CCCC(C)Nc1cc(OC)cc2cccnc12,23,315.4610000000001,datawarrior.sdf.gz
CCN1CCC[C@@H]1CNC(=O)c1c(OC)ccc([N+](=O)[O-])c1[O-],23,323.34900000000016,datawarrior.sdf.gz
CC[NH+]1CCC[C@@H]1CNC(=O)c1c(OC)ccc([N+](=O)[O-])c1O,23,323.34900000000016,datawarrior.sdf.gz
Cc1cc(/N=N/c2ccc(S(N)(=O)=O)cc2)cc(C(=O)O)c1O,23,335.3410000000001,datawarrior.sdf.gz
Cc1cc(/N=N/c2ccc(S([NH-])(=O)=O)cc2)cc(C(=O)[O-])c1O,23,335.3410000000001,datawarrior.sdf.gz
Cc1cc(/N=N/c2ccc(S(N)(=O)=O)cc2)cc(C(=O)[O-])c1O,23,335.3410000000001,datawarrior.sdf.gz
C/C=C1/CN2[C@@H]3C[C@H]1C1[C@@H](O)[C@]4(C[C@@H]12)c1ccccc1N(C)[C@@H]34,23,308.42500000000007,datawarrior.sdf.gz
c1nc(Cc2c[nH]c(Cc3nc(Cc4cnc[nH]4)c[nH]3)n2)c[nH]1,23,308.349,datawarrior.sdf.gz
c1nc(Cc2c[nH]c(Cc3nc(Cc4c[nH+]c[nH]4)c[nH]3)[nH+]2)c[nH]1,23,308.349,datawarrior.sdf.gz
c1nc(Cc2c[nH]c(Cc3nc(Cc4cnc[nH]4)c[nH]3)[nH+]2)c[nH]1,23,308.349,datawarrior.sdf.gz
c1[nH]c(Cc2c[nH]c(Cc3[nH]cc(Cc4c[nH]c[nH+]4)[nH+]3)n2)c[nH+]1,23,308.349,datawarrior.sdf.gz
Cc1cc(-c2ccccc2)nn2c(CN3CCOCC3)cnc12,23,308.38500000000005,datawarrior.sdf.gz
Cc1cc(-c2ccccc2)nn2cc(CN3CCOCC3)nc12,23,308.38500000000005,datawarrior.sdf.gz
Cc1cc(-c2ccccc2)nn2c(C[NH+]3CCOCC3)cnc12,23,308.38500000000005,datawarrior.sdf.gz
Cc1cc(-c2ccccc2)nn2cc(C[NH+]3CCOCC3)nc12,23,308.38500000000005,datawarrior.sdf.gz
Cc1cc(/N=N/c2nc3ccccc3s2)c2cccnc2c1O,23,320.37700000000007,datawarrior.sdf.gz
Cc1cc(/N=N/c2nc3ccccc3s2)c(O)c2ncccc12,23,320.37700000000007,datawarrior.sdf.gz
C[C@H](O)[C@H]1CC[C@H]2[C@@H]3CC[C@H]4C[C@H](N)CC[C@]4(C)[C@H]3CC[C@]12C,23,319.5330000000001,datawarrior.sdf.gz
CCCCCCCCCCCCCCCCCCCCCCN,23,325.62500000000006,datawarrior.sdf.gz
CCCCCCCCCCCCCCN(CCO)CC(O)CC,23,329.56900000000013,datawarrior.sdf.gz
CCCCCCCCCCCCN(CC(O)CC)CC(O)CC,23,329.56900000000013,datawarrior.sdf.gz
CCCCCCCCCCCCCCN(CC(C)O)CC(C)O,23,329.56900000000013,datawarrior.sdf.gz
COc1cc(OC)c2c(c1Cl)O[C@]1(C(=O)CC(=O)C[C@@H]1C)C2=O,23,338.7430000000001,datawarrior.sdf.gz
O=C(O)C(c1ccc(-c2ccccc2)cc1)C1(O)CCCCC1,23,310.3929999999999,datawarrior.sdf.gz
OCc1cc(-c2ccccc2)nnc1NCCN1CCOCC1,23,314.389,datawarrior.sdf.gz
O=Cc1cc(-c2ccccc2)nnc1NCCN1CCOCC1,23,312.37300000000005,datawarrior.sdf.gz
OCc1cc(-c2ccccc2)nnc1NCC[NH+]1CCOCC1,23,314.389,datawarrior.sdf.gz
C[NH2+]CCCNc1c2ccccc2nc2cccc([N+](=O)[O-])c12,23,310.357,datawarrior.sdf.gz
C[NH+](C)CCNc1c2ccccc2nc2cccc([N+](=O)[O-])c12,23,310.357,datawarrior.sdf.gz
CCc1cc(-c2ccccc2)nnc1NCCN1CCOCC1,23,312.41700000000003,datawarrior.sdf.gz
Cc1cc(-c2ccccc2)nn(C)/c1=N/CCN1CCOCC1,23,312.41700000000003,datawarrior.sdf.gz
Cc1cc(-c2ccccc2)n[n+](C)c1NCCN1CCOCC1,23,313.425,datawarrior.sdf.gz
CCc1cc(-c2ccccc2)nnc1NCC[NH+]1CCOCC1,23,312.41700000000003,datawarrior.sdf.gz
Nc1cc(/C=C/c2ccccc2)nc(/C=C/c2ccccc2)c1,23,298.389,datawarrior.sdf.gz
N#CC(CCN1CCCCC1)(c1ccccc1)c1ccccc1,23,304.4370000000001,datawarrior.sdf.gz
CC1(C)S[C@H]2[C@@H](NC(=O)Cc3ccccc3)C(=O)N2[C@@H]1C(=O)O,23,334.39700000000005,datawarrior.sdf.gz
c1ccc2c(c1)CNCCCNCc1ccccc1OCCO2,23,312.413,datawarrior.sdf.gz
CC1CNCc2ccccc2OCCOc2ccccc2CN1,23,312.413,datawarrior.sdf.gz
c1ccc2c(c1)CNCCC[NH2+]Cc1ccccc1OCCO2,23,312.413,datawarrior.sdf.gz
CC1CNCc2ccccc2OCCOc2ccccc2C[NH2+]1,23,312.413,datawarrior.sdf.gz
CCCCCc1c(-c2ccccc2)nn(-c2ccccc2)c1O,23,306.40900000000005,datawarrior.sdf.gz
CCOC(=O)c1ccccc1-n1nc(O)cc1-c1ccccc1,23,308.33700000000005,datawarrior.sdf.gz
O=C(Cc1ccccc1)C(CN1CCOCC1)c1ccccc1,23,309.4090000000001,datawarrior.sdf.gz
CC(CC(O)(c1ccccc1)c1ccccc1)N1CCCCC1,23,309.45300000000015,datawarrior.sdf.gz
CC[C@H]1CN2CCc3cc(OC)c(OC)cc3[C@@H]2C[C@@H]1CC=O,23,317.42900000000003,datawarrior.sdf.gz
O=C(O)[C@@H]1O[C@H](Oc2c[nH+]c3ccccc3c2)[C@@H](O)[C@H](O)[C@H]1O,23,321.2850000000001,datawarrior.sdf.gz
O=C(O)[C@@H]1O[C@H](Oc2cccc3ccc[nH+]c23)[C@@H](O)[C@H](O)[C@H]1O,23,321.285,datawarrior.sdf.gz
O=C([O-])[C@@H]1O[C@H](Oc2cnc3ccccc3c2)[C@@H](O)[C@H](O)[C@H]1O,23,321.2850000000001,datawarrior.sdf.gz
O=C([O-])[C@@H]1O[C@H](Oc2cccc3cccnc23)[C@@H](O)[C@H](O)[C@H]1O,23,321.285,datawarrior.sdf.gz
O=C(O)[C@@H]1O[C@H](Oc2ccc3[nH+]cccc3c2)[C@@H](O)[C@H](O)[C@H]1O,23,321.285,datawarrior.sdf.gz
O=C([O-])[C@@H]1O[C@H](Oc2ccc3ncccc3c2)[C@@H](O)[C@H](O)[C@H]1O,23,321.285,datawarrior.sdf.gz
O=C([O-])[C@@H]1O[C@H](Oc2ccc3cccnc3c2)[C@@H](O)[C@H](O)[C@H]1O,23,321.285,datawarrior.sdf.gz
O=C(O)[C@@H]1O[C@H](Oc2ccc3ccc[nH+]c3c2)[C@@H](O)[C@H](O)[C@H]1O,23,321.285,datawarrior.sdf.gz
O=C([O-])[C@@H]1O[C@H](Oc2cccc3ncccc23)[C@@H](O)[C@H](O)[C@H]1O,23,321.285,datawarrior.sdf.gz
O=C(O)[C@@H]1O[C@H](Oc2cccc3[nH+]cccc23)[C@@H](O)[C@H](O)[C@H]1O,23,321.285,datawarrior.sdf.gz
O=[N+]([O-])c1ccc(-n2nnnc2/C=C/c2ccc(Cl)cc2)cc1,23,327.73100000000005,datawarrior.sdf.gz
N#Cc1cc(-c2ccccc2)nnc1NCCN1CCOCC1,23,309.37300000000005,datawarrior.sdf.gz
Cc1cc(C(c2ccc(N)cc2)c2ccc(N)cc2)ccc1N,23,303.4090000000001,datawarrior.sdf.gz
Cc1cc(C(c2ccc(N)cc2)c2ccc([NH3+])cc2)ccc1[NH3+],23,303.4090000000001,datawarrior.sdf.gz
CCN(CC)CCCNc1c2ccccc2[nH+]c2ccccc12,23,307.4410000000001,datawarrior.sdf.gz
Cc1cc(C(c2ccc(N)cc2)c2ccc(N)cc2)ccc1[NH3+],23,303.4090000000001,datawarrior.sdf.gz
Cc1csc(-c2ccc(NS(=O)(=O)c3ccc(N)cc3)cc2)n1,23,345.44900000000007,datawarrior.sdf.gz
Cc1csc(-c2cccc(NS(=O)(=O)c3ccc(N)cc3)c2)n1,23,345.44900000000007,datawarrior.sdf.gz
CC[C@]12CCCN3CC[C@@]4(c5cccc(OC)c5N[C@H]4CC1)[C@@H]32,23,312.45700000000005,datawarrior.sdf.gz
CC[C@]12CCC[NH+]3CC[C@@]4(c5cccc(OC)c5N[C@H]4CC1)[C@@H]32,23,312.45700000000005,datawarrior.sdf.gz
COc1ccc2c3c1O[C@@H]1C(=O)CC[C@]4(O)[C@H](C2)N(C)CC[C@@]314,23,315.3690000000001,datawarrior.sdf.gz
COc1ccc2c3c1O[C@H]1[C@@H](O)C=C[C@H]4[C@@H]([C@H]2O)N(C)CC[C@@]341,23,315.3690000000001,datawarrior.sdf.gz
COC1=CC=C2[C@@H]3Cc4ccc(OC)c5c4[C@]2(CCN3C)[C@@H]1O5,23,311.38100000000003,datawarrior.sdf.gz
C=CCN1CC[C@]23c4c5ccc(O)c4O[C@H]2[C@@H](O)C=C[C@H]3[C@H]1C5,23,311.3810000000001,datawarrior.sdf.gz
CC(C)CCC1C(=O)C(O)C(CCC(C)C)(CCC(C)C)C1=O,23,324.5050000000001,datawarrior.sdf.gz
C[C@H](NC(=O)[C@H](CCC(N)=O)NC(=O)[C@@H]1CCC(=O)N1)C(=O)O,23,328.32500000000005,datawarrior.sdf.gz
CCCCCCCP(=O)(CCCCCCC)NC1CCCCC1,23,343.5360000000001,datawarrior.sdf.gz
COc1c(C)cc2c(c1C(=O)O)COC2,15,208.21299999999997,datawarrior.sdf.gz
CC(C)(C)c1ccc(-c2c(O)c2=O)cc1,15,202.25299999999996,datawarrior.sdf.gz
O=C(O)c1ccccc1-c1ccccc1,15,198.221,datawarrior.sdf.gz
O=P(O)(C1CCCCC1)C1CCCCC1,15,230.2879999999999,datawarrior.sdf.gz
CC1c2cc(O)ccc2CC1CC(=O)O,15,206.241,datawarrior.sdf.gz
O=[N+]([O-])c1cc2cn[nH]c2cc1[N+](=O)[O-],15,208.133,datawarrior.sdf.gz
O=[N+]([O-])c1cc2nc[nH]c2cc1[N+](=O)[O-],15,208.133,datawarrior.sdf.gz
O=C(O)Cn1nnnc1-c1ccccc1,15,204.18900000000005,datawarrior.sdf.gz
O=C(O)Cc1nnnn1-c1ccccc1,15,204.18900000000005,datawarrior.sdf.gz
O=C([O-])CC(c1ncc[nH]1)c1[nH]cc[nH+]1,15,206.20500000000004,datawarrior.sdf.gz
O=C(O)CC(c1[nH]cc[nH+]1)c1[nH]cc[nH+]1,15,206.20500000000004,datawarrior.sdf.gz
Cc1cc([O-])nc(-n2nc(C)cc2O)n1,15,206.205,datawarrior.sdf.gz
Cc1cc(O)n(-c2nc(O)cc(C)[nH+]2)n1,15,206.205,datawarrior.sdf.gz
O=C([O-])CC(c1ncc[nH]1)c1ncc[nH]1,15,206.20500000000004,datawarrior.sdf.gz
O=[N+]([O-])c1n[nH]c(Oc2ccccc2)n1,15,206.16100000000003,datawarrior.sdf.gz
Cn1c(=O)c2c([O-])cnnc2n(C)c1=O,15,208.177,datawarrior.sdf.gz
Cc1c(Cl)c([N+](=O)[O-])cc2c1nnn2O,15,228.595,datawarrior.sdf.gz
Cc1c([N+](=O)[O-])cc(Cl)c2nnn(O)c12,15,228.59499999999997,datawarrior.sdf.gz
Cc1c(Cl)cc2nnn(O)c2c1[N+](=O)[O-],15,228.595,datawarrior.sdf.gz
c1ccc(NCCN2CCCCC2)cc1,15,204.31700000000004,datawarrior.sdf.gz
Nc1ccc(Cc2ccc(N)cc2)cc1,15,198.269,datawarrior.sdf.gz
C1CCN(CCCN2CCCCC2)CC1,15,210.36499999999995,datawarrior.sdf.gz
CC1=CC(C)=N/C1=C/c1[nH]c(C)cc1C,15,200.28499999999997,datawarrior.sdf.gz
C(=N\c1ccccc1)/Nc1ccccc1,15,196.25300000000001,datawarrior.sdf.gz
Cc1cccc(C(C)c2c[nH]cn2)c1C,15,200.285,datawarrior.sdf.gz
CN(C)C[C@@H]1[C@@H](N)[C@]2(C)CC[C@@H]1C2(C)C,15,210.36499999999995,datawarrior.sdf.gz
CN(C)C[C@H]1[C@@H]2CC[C@@](C)([C@H]1N)C2(C)C,15,210.36499999999995,datawarrior.sdf.gz
c1ccc(NCC[NH+]2CCCCC2)cc1,15,204.31700000000004,datawarrior.sdf.gz
CCCc1ccc([C@@H]2CCC[NH+]2C)cn1,15,204.31699999999995,datawarrior.sdf.gz
Nc1ccc(Cc2ccc([NH3+])cc2)cc1,15,198.269,datawarrior.sdf.gz
C1CCN(CCC[NH+]2CCCCC2)CC1,15,210.36499999999995,datawarrior.sdf.gz
C[NH+](C)C[C@@H]1[C@@H](N)[C@]2(C)CC[C@@H]1C2(C)C,15,210.36499999999995,datawarrior.sdf.gz
C[NH+](C)C[C@H]1[C@@H]2CC[C@@](C)([C@H]1N)C2(C)C,15,210.36499999999995,datawarrior.sdf.gz
Nc1ccc(Sc2ccc(N)cc2)cc1,15,216.30899999999997,datawarrior.sdf.gz
NCCC[n+]1cc(Br)c2ccccc2c1,15,266.162,datawarrior.sdf.gz
Cc1c(O)c(=O)n(-c2ccccc2)n1C,15,204.229,datawarrior.sdf.gz
Cc1nn(-c2ccccc2)cc1C(=O)O,15,202.21300000000002,datawarrior.sdf.gz
COc1ccc(C(=O)c2cc[nH]n2)cc1,15,202.213,datawarrior.sdf.gz
C(CN1CCOCC1)CN1CCOCC1,15,214.30899999999994,datawarrior.sdf.gz
CCOC(=O)Cc1nc2ccccc2[nH]1,15,204.229,datawarrior.sdf.gz
[NH3+]C(Cc1c[nH]c2ccccc12)C(=O)O,15,204.22900000000004,datawarrior.sdf.gz
[NH3+][C@@H](Cc1c[nH]c2ccccc12)C(=O)O,15,204.22900000000004,datawarrior.sdf.gz
NC(Cc1c[nH]c2ccccc12)C(=O)[O-],15,204.22900000000004,datawarrior.sdf.gz
N[C@@H](Cc1c[nH]c2ccccc12)C(=O)[O-],15,204.22900000000004,datawarrior.sdf.gz
C(CN1CCOCC1)C[NH+]1CCOCC1,15,214.30899999999994,datawarrior.sdf.gz
Nc1ncc(S(=O)(=O)c2ccccc2)s1,15,240.309,datawarrior.sdf.gz
O=C1[N-]C(=S)NC(=O)C1C1C=CCCC1,15,224.28499999999997,datawarrior.sdf.gz
CCCc1nc2cc(OCC)ccc2[nH]1,15,204.27299999999997,datawarrior.sdf.gz
CCOc1ccc2[nH]c(C(C)C)nc2c1,15,204.273,datawarrior.sdf.gz
CCCc1c(-c2ccccc2)n[nH]c1O,15,202.25700000000003,datawarrior.sdf.gz
CCc1c(O)nn(-c2ccccc2)c1C,15,202.25700000000003,datawarrior.sdf.gz
Cc1nn(C)c(O)c1Cc1ccccc1,15,202.25700000000003,datawarrior.sdf.gz
CCc1c(C)nn(-c2ccccc2)c1O,15,202.257,datawarrior.sdf.gz
CC(C)(C)C(=O)n1cnc2ccccc21,15,202.257,datawarrior.sdf.gz
O=C(Cc1cnccn1)c1ccccc1,15,198.225,datawarrior.sdf.gz
COc1ccc2[nH]cc(CC(C)N)c2c1,15,204.27299999999997,datawarrior.sdf.gz
Nc1ccc(Oc2ccc(N)cc2)cc1,15,200.24099999999996,datawarrior.sdf.gz
CN(C)CCc1c[nH]c2ccc([O-])cc12,15,204.27299999999997,datawarrior.sdf.gz
C[NH+](C)CCc1c[nH]c2ccc(O)cc12,15,204.27299999999997,datawarrior.sdf.gz
C[NH+](C)CCc1c[nH]c2cccc(O)c12,15,204.27299999999997,datawarrior.sdf.gz
O=C(NO)[C@@H]1[C@H](C(=O)NO)[C@@H]2CC[C@H]1O2,15,216.19299999999996,datawarrior.sdf.gz
Cc1ccc2c([N+](=O)[O-])ccc(O)c2n1,15,204.18499999999997,datawarrior.sdf.gz
COc1ccc([N+](=O)[O-])c2cccnc12,15,204.18499999999997,datawarrior.sdf.gz
O=C([O-])[C@@H]1CCCN1C(=O)[C@@H]1CCCN1,15,212.249,datawarrior.sdf.gz
O=C(O)[C@@H]1CCCN1C(=O)[C@@H]1CCC[NH2+]1,15,212.249,datawarrior.sdf.gz
O=C1CC(Sc2ccc([N+](=O)[O-])cc2)N1,15,224.24099999999999,datawarrior.sdf.gz
Nc1nnnn1-c1cccc([N+](=O)[O-])c1,15,206.165,datawarrior.sdf.gz
Nc1nnnn1-c1ccc([N+](=O)[O-])cc1,15,206.16499999999996,datawarrior.sdf.gz
Cn1nc(/N=N/O)nc1N1CCCCC1,15,210.24099999999993,datawarrior.sdf.gz
O=C(O)CC1NC(=O)c2ccccc2O1,15,207.185,datawarrior.sdf.gz
O=C(O)[C@H]1C[C@@H]1c1ccc([N+](=O)[O-])cc1,15,207.18499999999997,datawarrior.sdf.gz
CC(C)[C@@]12CN[C@@H](C(=O)[O-])[C@@H]1CC(=O)O2,15,213.23299999999998,datawarrior.sdf.gz
CC1(C)OC(=O)C[C@H]2[C@@H](C(=O)[O-])NC[C@H]21,15,213.23299999999998,datawarrior.sdf.gz
CC(C)[C@@]12C[NH2+][C@@H](C(=O)O)[C@@H]1CC(=O)O2,15,213.23299999999998,datawarrior.sdf.gz
CC1(C)OC(=O)C[C@H]2[C@@H](C(=O)O)[NH2+]C[C@H]21,15,213.23299999999998,datawarrior.sdf.gz
O=C(CN1CCOCC1)c1ccccc1,15,205.25699999999992,datawarrior.sdf.gz
O=C(O)CCCc1c[nH]c2ccccc12,15,203.24100000000004,datawarrior.sdf.gz
O=C1C=CC(=Nc2ccc(O)cc2)C=C1,15,199.20900000000003,datawarrior.sdf.gz
Oc1ccc(Nc2ccc(O)cc2)cc1,15,201.22500000000002,datawarrior.sdf.gz
C[C@H]1CC[C@H]2[C@H](C)CC[C@@H](C(=O)O)[NH+]2C1,15,211.30499999999998,datawarrior.sdf.gz
C[C@H]1CC[C@H]2[C@H](C)CC[C@@H](C(=O)[O-])N2C1,15,211.30499999999998,datawarrior.sdf.gz
Oc1cccc[n+]1OCc1ccccc1,15,202.233,datawarrior.sdf.gz
Oc1cc[n+](OCc2ccccc2)cc1,15,202.233,datawarrior.sdf.gz
[O-]c1ccc(Nc2ccc(O)cc2)cc1,15,201.22500000000002,datawarrior.sdf.gz
Oc1ccc(Cl)cc1CN1CCOCC1,15,227.69099999999995,datawarrior.sdf.gz
Oc1ccc(F)cc1CN1CCOCC1,15,211.23599999999993,datawarrior.sdf.gz
N=C(c1ccccc1)c1ccc(O)cc1,15,197.23700000000002,datawarrior.sdf.gz
COc1ccc(Nc2ccccc2)cc1,15,199.25300000000001,datawarrior.sdf.gz
N=C(c1ccccc1)c1cccc(O)c1,15,197.23700000000002,datawarrior.sdf.gz
Oc1ccccc1CNC1CCCCC1,15,205.30099999999993,datawarrior.sdf.gz
O/C(=C/c1cccnc1)c1ccccc1,15,197.237,datawarrior.sdf.gz
O/C(=C/c1ccncc1)c1ccccc1,15,197.237,datawarrior.sdf.gz
ON=C(c1ccccc1)c1ccccc1,15,197.237,datawarrior.sdf.gz
O=C(/C=C1/C=CC=CN1)c1ccccc1,15,197.237,datawarrior.sdf.gz
O/C(=C\c1ccccn1)c1ccccc1,15,197.237,datawarrior.sdf.gz
O/C(=C/c1ccccn1)c1ccccc1,15,197.237,datawarrior.sdf.gz
C#C[C@]1(O)C[C@H](C)N(C)[C@@H]2CCCC[C@H]21,15,207.31699999999992,datawarrior.sdf.gz
C#C[C@]1(O)C[C@@H](C)N(C)[C@@H]2CCCC[C@H]21,15,207.31699999999992,datawarrior.sdf.gz
C#C[C@]1(O)C[C@@H](C)N(C)[C@H]2CCCC[C@@H]21,15,207.31699999999992,datawarrior.sdf.gz
Cc1cccc(C)c1Oc1ccccn1,15,199.25300000000001,datawarrior.sdf.gz
Oc1ccc(NCc2ccccc2)cc1,15,199.25300000000001,datawarrior.sdf.gz
COc1cccc(Nc2ccccc2)c1,15,199.25300000000001,datawarrior.sdf.gz
N=C(c1ccccc1)c1ccccc1O,15,197.23700000000002,datawarrior.sdf.gz
O/C(=C/[n+]1ccccc1)c1ccccc1,15,198.245,datawarrior.sdf.gz
[O-]/C(=C/c1ccncc1)c1ccccc1,15,197.237,datawarrior.sdf.gz
O/C(=C/c1cc[nH+]cc1)c1ccccc1,15,197.237,datawarrior.sdf.gz
C[Si](C)(C)OC1CN(C2CCCCC2)C1,15,227.42399999999992,datawarrior.sdf.gz
[O-]c1ccc(Cl)cc1CN1CCCCC1,15,225.71899999999994,datawarrior.sdf.gz
Oc1ccc(Cl)cc1C[NH+]1CCCCC1,15,225.71899999999994,datawarrior.sdf.gz
[O-]c1ccc(F)cc1CN1CCCCC1,15,209.26399999999992,datawarrior.sdf.gz
Oc1ccc(F)cc1C[NH+]1CCCCC1,15,209.26399999999992,datawarrior.sdf.gz
Cc1noc(-c2ccccc2)c1C(=O)O,15,203.19700000000003,datawarrior.sdf.gz
O=[N+]([O-])c1cc2cc(O)ccc2cc1Cl,15,223.61499999999998,datawarrior.sdf.gz
O=C1CCc2cc(Cl)c([N+](=O)[O-])cc2C1,15,225.63099999999991,datawarrior.sdf.gz
CC(C)CCNc1ncnc2[nH]ncc12,15,205.26500000000001,datawarrior.sdf.gz
CCOC(=O)Nc1ncnc2nc[nH]c12,15,207.19300000000004,datawarrior.sdf.gz
CCO/C([O-])=N/c1ncnc2nc[nH]c12,15,207.19300000000004,datawarrior.sdf.gz
CN1CCC(NNc2ccccc2)CC1,15,205.30500000000004,datawarrior.sdf.gz
[NH3+]C(Cc1n[nH]c2ccccc12)C(=O)O,15,205.21700000000004,datawarrior.sdf.gz
NC(Cc1n[nH]c2ccccc12)C(=O)[O-],15,205.21700000000004,datawarrior.sdf.gz
O=S(=O)(Cc1ccccc1)c1cnn[nH]1,15,223.25700000000003,datawarrior.sdf.gz
Oc1ccc(/N=N/c2nccs2)c(O)c1,15,221.241,datawarrior.sdf.gz
NC(=O)C(N)Cc1c[nH]c2ccccc12,15,203.24500000000003,datawarrior.sdf.gz
Oc1ccc(/N=N/c2ccncc2)cc1,15,199.21300000000002,datawarrior.sdf.gz
Nc1nc([S-])[nH+]c([O-])c1C1=CCCCC1,15,223.3009999999999,datawarrior.sdf.gz
NC(=O)N/N=C/c1ncnc2nc[nH]c12,15,205.181,datawarrior.sdf.gz
C1CN2C(=N1)N1CCN=C1N1CCN=C21,15,204.23699999999997,datawarrior.sdf.gz
c1ccc(-c2nc3ncncc3[nH]2)cc1,15,196.21300000000002,datawarrior.sdf.gz
Nc1ccc2nc3ccccc3cc2c1,15,194.23699999999997,datawarrior.sdf.gz
c1ccc(-c2nc3ccccc3[nH]2)cc1,15,194.237,datawarrior.sdf.gz
Nc1cccc2ccc3ncccc3c12,15,194.23699999999997,datawarrior.sdf.gz
CC1NCCc2c1[nH]c1ccc(Cl)cc21,15,220.70299999999997,datawarrior.sdf.gz
CSc1nc2cc3c(cc2[nH]1)CCCC3,15,218.32499999999993,datawarrior.sdf.gz
Oc1cc2cccnc2c2cccnc12,15,196.209,datawarrior.sdf.gz
Cc1nccc2c1[nH]c1cc(O)ccc12,15,198.225,datawarrior.sdf.gz
Oc1ccc2nc3ccccc3nc2c1,15,196.209,datawarrior.sdf.gz
Oc1ccc2c(c1)Nc1ccccc1N2,15,198.22500000000002,datawarrior.sdf.gz
[O-]c1[nH+]ccc2c1cnc1ccccc12,15,196.20899999999997,datawarrior.sdf.gz
[O-]c1nccc2c1cnc1ccccc12,15,196.20899999999997,datawarrior.sdf.gz
O[n+]1c2ccccc2nc2ccccc21,15,197.217,datawarrior.sdf.gz
c1ccc(-c2nc3ccccc3s2)cc1,15,211.28900000000002,datawarrior.sdf.gz
c1ccc(N(CC2CO2)CC2CO2)cc1,15,205.25699999999998,datawarrior.sdf.gz
Oc1ccc2nc3ccccc3cc2c1,15,195.221,datawarrior.sdf.gz
Nc1ccc2c(c1O)Cc1ccccc1-2,15,197.237,datawarrior.sdf.gz
Oc1ccc2c(c1)ncc1ccccc12,15,195.221,datawarrior.sdf.gz
Nc1ccc2c(c1)Cc1cc(O)ccc1-2,15,197.237,datawarrior.sdf.gz
Nc1ccc2c(c1)Cc1c(O)cccc1-2,15,197.237,datawarrior.sdf.gz
Nc1ccc2c(c1)Cc1cccc(O)c1-2,15,197.23699999999997,datawarrior.sdf.gz
Oc1ccc2c(cnc3ccccc32)c1,15,195.221,datawarrior.sdf.gz
Oc1ccc2cnc3ccccc3c2c1,15,195.22100000000003,datawarrior.sdf.gz
Oc1c2ccccc2[nH+]c2ccccc12,15,195.221,datawarrior.sdf.gz
CC1NCCc2c1[nH]c1ccc(N)cc21,15,201.273,datawarrior.sdf.gz
c1ccc(-c2nc3ccccc3[nH]2)nc1,15,195.225,datawarrior.sdf.gz
Nc1ccnc2ccc3ncccc3c12,15,195.22499999999997,datawarrior.sdf.gz
c1ccc(-c2nc3cnccc3[nH]2)cc1,15,195.22500000000002,datawarrior.sdf.gz
c1cncc(-c2nc3ccccc3[nH]2)c1,15,195.225,datawarrior.sdf.gz
c1ccc2c(c1)[NH+]=C(c1ccncc1)[NH2+]2,15,195.225,datawarrior.sdf.gz
c1ccc2[nH+]c(-c3ccncc3)[nH]c2c1,15,195.225,datawarrior.sdf.gz
c1cncc(-c2[nH]c3ccccc3[nH+]2)c1,15,195.225,datawarrior.sdf.gz
c1ccc(-c2[nH]c3ccccc3[nH+]2)nc1,15,195.22500000000002,datawarrior.sdf.gz
CCCCCCCCCCCCCCCNCCCCCCCCCCCCCCC,31,437.8410000000004,datawarrior.sdf.gz
O=C(O)C1CC1,6,86.09000000000002,datawarrior.sdf.gz
O=P1(O)CCC1,6,106.061,datawarrior.sdf.gz
Nc1nc[nH]n1,6,84.08200000000001,datawarrior.sdf.gz
Nn1cnnc1,6,84.08200000000001,datawarrior.sdf.gz
Clc1nnn[nH]1,6,104.5,datawarrior.sdf.gz
Ic1nnn[nH]1,6,195.95100000000002,datawarrior.sdf.gz
Brc1nnn[nH]1,6,148.951,datawarrior.sdf.gz
CC1[C@H](N)[C@H]1N,6,86.138,datawarrior.sdf.gz
C[C@@H]1[C@@H](N)[C@H]1N,6,86.138,datawarrior.sdf.gz
Cc1cc[nH]n1,6,82.106,datawarrior.sdf.gz
C[C@]1(N)C[C@@H]1N,6,86.13800000000002,datawarrior.sdf.gz
Cc1c[nH]cn1,6,82.10600000000001,datawarrior.sdf.gz
C1CNCNC1,6,86.138,datawarrior.sdf.gz
CC1[C@H](N)[C@H]1[NH3+],6,86.138,datawarrior.sdf.gz
C[C@@H]1[C@@H](N)[C@H]1[NH3+],6,86.138,datawarrior.sdf.gz
C[C@]1([NH3+])C[C@@H]1N,6,86.13800000000002,datawarrior.sdf.gz
c1c[nH+]ccn1,6,80.09,datawarrior.sdf.gz
C1C[NH2+]CCN1,6,86.138,datawarrior.sdf.gz
C1CNC[NH2+]C1,6,86.138,datawarrior.sdf.gz
Clc1cn[nH]c1,6,102.524,datawarrior.sdf.gz
Brc1cn[nH]c1,6,146.975,datawarrior.sdf.gz
Brc1c[nH]cn1,6,146.97500000000002,datawarrior.sdf.gz
Sc1nnco1,6,102.118,datawarrior.sdf.gz
Cc1ccno1,6,83.08999999999999,datawarrior.sdf.gz
Nc1nnn[nH]1,6,85.07000000000001,datawarrior.sdf.gz
Nc1cc[nH]n1,6,83.094,datawarrior.sdf.gz
C=C=CC(=O)O,6,84.07400000000001,datawarrior.sdf.gz
C=CCC(=O)O,6,86.09,datawarrior.sdf.gz
C#CCC(=O)O,6,84.074,datawarrior.sdf.gz
CC(=O)CC=O,6,86.08999999999999,datawarrior.sdf.gz
CC(S)C(=O)O,6,106.14599999999999,datawarrior.sdf.gz
CSCC(=O)O,6,106.14599999999999,datawarrior.sdf.gz
CC(Cl)C(=O)O,6,108.52399999999999,datawarrior.sdf.gz
C=C(F)C(=O)O,6,90.05299999999998,datawarrior.sdf.gz
O=C(O)C#CI,6,195.94299999999998,datawarrior.sdf.gz
CC(I)C(=O)O,6,199.975,datawarrior.sdf.gz
O=C(O)CCBr,6,152.975,datawarrior.sdf.gz
O=C(O)C#CBr,6,148.94299999999998,datawarrior.sdf.gz
CC(Br)C(=O)O,6,152.975,datawarrior.sdf.gz
O=C(O)CCP,6,106.06099999999999,datawarrior.sdf.gz
CC(P)C(=O)O,6,106.06099999999999,datawarrior.sdf.gz
CCCS(=O)O,6,108.16199999999999,datawarrior.sdf.gz
CC(C)S(=O)O,6,108.16199999999998,datawarrior.sdf.gz
CC(S)C(=O)[O-],6,106.14599999999999,datawarrior.sdf.gz
OCC(S)CS,6,124.22999999999999,datawarrior.sdf.gz
CCOC(=S)S,6,122.214,datawarrior.sdf.gz
OC(CS)CS,6,124.23,datawarrior.sdf.gz
OCC(S)C[S-],6,124.22999999999999,datawarrior.sdf.gz
OC(C[S-])CS,6,124.23,datawarrior.sdf.gz
CC(O)C(=O)O,6,90.078,datawarrior.sdf.gz
O=C/C(O)=C/O,6,88.06199999999998,datawarrior.sdf.gz
O=C/C(O)=C\[O-],6,88.06199999999998,datawarrior.sdf.gz
C[C@H](N)[C@@H](C)N,6,88.15400000000001,datawarrior.sdf.gz
C[C@H](N)[C@H](C)N,6,88.15400000000001,datawarrior.sdf.gz
NCCCCN,6,88.15400000000001,datawarrior.sdf.gz
CC(C)(N)CN,6,88.15400000000001,datawarrior.sdf.gz
CCNCCN,6,88.15400000000001,datawarrior.sdf.gz
CNCCCN,6,88.15400000000001,datawarrior.sdf.gz
CN(C)CCN,6,88.15400000000001,datawarrior.sdf.gz
C[C@H](N)[C@H](C)[NH3+],6,88.15400000000001,datawarrior.sdf.gz
C[C@H]([NH3+])[C@@H](C)N,6,88.15400000000001,datawarrior.sdf.gz
CNCC[NH2+]C,6,88.15399999999998,datawarrior.sdf.gz
NCCCC[NH3+],6,88.15400000000001,datawarrior.sdf.gz
CC(C)([NH3+])CN,6,88.15400000000001,datawarrior.sdf.gz
CC[NH2+]CCN,6,88.15400000000001,datawarrior.sdf.gz
C[NH2+]CCCN,6,88.15400000000001,datawarrior.sdf.gz
C[NH+](C)CCN,6,88.15400000000001,datawarrior.sdf.gz
N#CC(Br)C#N,6,144.95899999999997,datawarrior.sdf.gz
C/C(N=O)=N\O,6,88.06599999999999,datawarrior.sdf.gz
C/C(=N\O)NO,6,90.082,datawarrior.sdf.gz
N#CC[N+](=O)[O-],6,86.05000000000001,datawarrior.sdf.gz
CCN[N+](=O)[O-],6,90.08200000000001,datawarrior.sdf.gz
NCC(=O)CN,6,88.11000000000001,datawarrior.sdf.gz
NCC(O)CN,6,90.126,datawarrior.sdf.gz
CNCC(N)=O,6,88.10999999999999,datawarrior.sdf.gz
CC(N)C(N)=O,6,88.11,datawarrior.sdf.gz
CC/C(N)=N/O,6,88.11,datawarrior.sdf.gz
NCC(=O)C[NH3+],6,88.11000000000001,datawarrior.sdf.gz
NCC(O)C[NH3+],6,90.126,datawarrior.sdf.gz
NNC(=O)CS,6,106.15,datawarrior.sdf.gz
NNC(=O)CF,6,92.07300000000001,datawarrior.sdf.gz
C#CCCCN,6,83.13399999999999,datawarrior.sdf.gz
CCNC(C)C,6,87.166,datawarrior.sdf.gz
C#CCN(C)C,6,83.13399999999999,datawarrior.sdf.gz
CCN(Cl)CC,6,107.584,datawarrior.sdf.gz
CC(C)(S)CN,6,105.206,datawarrior.sdf.gz
CCSCCN,6,105.20600000000002,datawarrior.sdf.gz
NCCCCBr,6,152.035,datawarrior.sdf.gz
CN(C)CCBr,6,152.035,datawarrior.sdf.gz
CC(C)([Se-])CN,6,152.099,datawarrior.sdf.gz
CC(C)([SeH])C[NH3+],6,152.099,datawarrior.sdf.gz
CN(C)CC[S-],6,105.20599999999999,datawarrior.sdf.gz
C[NH+](C)CCS,6,105.20599999999999,datawarrior.sdf.gz
CCNCC[Se-],6,152.099,datawarrior.sdf.gz
CN(C)CC[Se-],6,152.099,datawarrior.sdf.gz
CC[NH2+]CC[SeH],6,152.099,datawarrior.sdf.gz
C[NH+](C)CC[SeH],6,152.099,datawarrior.sdf.gz
NCC(O)CO,6,91.11,datawarrior.sdf.gz
C[NH2+]CC(=O)O,6,89.094,datawarrior.sdf.gz
CC([NH3+])C(=O)O,6,89.09400000000001,datawarrior.sdf.gz
C[C@H]([NH3+])C(=O)O,6,89.09400000000001,datawarrior.sdf.gz
CNCC(=O)[O-],6,89.094,datawarrior.sdf.gz
CC(N)C(=O)[O-],6,89.09400000000001,datawarrior.sdf.gz
C[C@H](N)C(=O)[O-],6,89.09400000000001,datawarrior.sdf.gz
NCCC(=O)[O-],6,89.09400000000002,datawarrior.sdf.gz
[NH3+]CCC(=O)O,6,89.09400000000002,datawarrior.sdf.gz
CC(I)[N+](=O)[O-],6,200.963,datawarrior.sdf.gz
CC(Br)[N+](=O)[O-],6,153.963,datawarrior.sdf.gz
C=C(C)C(N)O,6,87.122,datawarrior.sdf.gz
CCN(O)CC,6,89.138,datawarrior.sdf.gz
COCCCN,6,89.138,datawarrior.sdf.gz
CCC(N)CO,6,89.138,datawarrior.sdf.gz
O=[N+]([O-])CCO,6,91.066,datawarrior.sdf.gz
O=C([O-])/C=N/O,6,89.05,datawarrior.sdf.gz
NCC(N)CN,6,89.14200000000001,datawarrior.sdf.gz
NC(C[NH3+])C[NH3+],6,89.14200000000001,datawarrior.sdf.gz
NCC(N)C[NH3+],6,89.14200000000001,datawarrior.sdf.gz
CN([NH3+])C(N)=S,6,105.16600000000001,datawarrior.sdf.gz
NCC(=O)NN,6,89.09800000000001,datawarrior.sdf.gz
O=CCC=O,5,72.063,datawarrior.sdf.gz
CCS(=O)O,5,94.13499999999999,datawarrior.sdf.gz
CP(C)(=O)O,5,94.05,datawarrior.sdf.gz
O=C(O)CP,5,92.03399999999999,datawarrior.sdf.gz
CC(N)CN,5,74.12700000000001,datawarrior.sdf.gz
CNCCN,5,74.127,datawarrior.sdf.gz
NCCC[NH3+],5,74.127,datawarrior.sdf.gz
CC([NH3+])CN,5,74.12700000000001,datawarrior.sdf.gz
C[NH2+]CCN,5,74.127,datawarrior.sdf.gz
NCC(N)=S,5,90.15100000000001,datawarrior.sdf.gz
O/N=C/NO,5,76.055,datawarrior.sdf.gz
CN[N+](=O)[O-],5,76.055,datawarrior.sdf.gz
NCC(N)=O,5,74.083,datawarrior.sdf.gz
C/C(N)=N/O,5,74.083,datawarrior.sdf.gz
COC(=N)N,5,74.08300000000001,datawarrior.sdf.gz
CCC(C)N,5,73.139,datawarrior.sdf.gz
C[Se]CCN,5,138.07199999999997,datawarrior.sdf.gz
NCCCCl,5,93.55700000000002,datawarrior.sdf.gz
CC(Cl)CN,5,93.55700000000002,datawarrior.sdf.gz
NCCC[Se-],5,138.07199999999997,datawarrior.sdf.gz
CC([Se-])CN,5,138.07199999999997,datawarrior.sdf.gz
[NH3+]CCC[SeH],5,138.07199999999997,datawarrior.sdf.gz
CC([SeH])C[NH3+],5,138.07199999999997,datawarrior.sdf.gz
CNCC[S-],5,91.17899999999999,datawarrior.sdf.gz
C[NH2+]CCS,5,91.17899999999999,datawarrior.sdf.gz
[NH3+]CC(=O)O,5,75.06700000000001,datawarrior.sdf.gz
NCC(=O)[O-],5,75.06700000000001,datawarrior.sdf.gz
N[C@@H]1C[C@@H]1N,5,72.111,datawarrior.sdf.gz
N[C@H]1C[C@@H]1N,5,72.111,datawarrior.sdf.gz
N[C@@H]1C[C@@H]1[NH3+],5,72.111,datawarrior.sdf.gz
N[C@H]1C[C@@H]1[NH3+],5,72.111,datawarrior.sdf.gz
C[C@@H]1N[C@@H]1C,5,71.123,datawarrior.sdf.gz
CC1CCN1,5,71.123,datawarrior.sdf.gz
CCC1CN1,5,71.123,datawarrior.sdf.gz
C1CSCN1,5,89.163,datawarrior.sdf.gz
CC/C=C/C(=O)O,7,100.117,datawarrior.sdf.gz
C/C=C/CC(=O)O,7,100.11699999999999,datawarrior.sdf.gz
C=CCCC(=O)O,7,100.117,datawarrior.sdf.gz
C#CCCC(=O)O,7,98.101,datawarrior.sdf.gz
CC#CCC(=O)O,7,98.101,datawarrior.sdf.gz
CC(C)=CC(=O)O,7,100.117,datawarrior.sdf.gz
CC(=O)CC(C)=O,7,100.11699999999999,datawarrior.sdf.gz
CCCCB(O)O,7,101.94200000000001,datawarrior.sdf.gz
C=CC(Cl)C(=O)O,7,120.53499999999998,datawarrior.sdf.gz
CCC(P)C(=O)O,7,120.088,datawarrior.sdf.gz
CCCCS(=O)O,7,122.189,datawarrior.sdf.gz
CC(C)CS(=O)O,7,122.18899999999998,datawarrior.sdf.gz
CCP(=O)(O)CC,7,122.104,datawarrior.sdf.gz
C/C(=C/Cl)C(=O)O,7,120.53499999999998,datawarrior.sdf.gz
C/C(=C\Cl)C(=O)O,7,120.53499999999998,datawarrior.sdf.gz
CC(C)(Cl)C(=O)O,7,122.55099999999997,datawarrior.sdf.gz
C=C(C)/C=C(\C)O,7,98.145,datawarrior.sdf.gz
C=C(OC)C(=O)O,7,102.089,datawarrior.sdf.gz
C/C(O)=C/C(=O)O,7,102.089,datawarrior.sdf.gz
CC(=O)CC(=O)O,7,102.089,datawarrior.sdf.gz
CC(O)CC(=O)O,7,104.10499999999999,datawarrior.sdf.gz
C/C(O)=C/C(=O)[O-],7,102.089,datawarrior.sdf.gz
CCN(C#N)CC,7,98.149,datawarrior.sdf.gz
NCCCCCN,7,102.18100000000001,datawarrior.sdf.gz
CC(C)NCCN,7,102.18100000000001,datawarrior.sdf.gz
CN(C)CCCN,7,102.18100000000001,datawarrior.sdf.gz
CCCNCCN,7,102.18100000000001,datawarrior.sdf.gz
CNCCCNC,7,102.181,datawarrior.sdf.gz
NCCCCC[NH3+],7,102.18100000000001,datawarrior.sdf.gz
CC(C)(CN)C[NH3+],7,102.181,datawarrior.sdf.gz
CC(C)[NH2+]CCN,7,102.18100000000001,datawarrior.sdf.gz
C[NH+](C)CCCN,7,102.18100000000001,datawarrior.sdf.gz
CCC[NH2+]CCN,7,102.18100000000001,datawarrior.sdf.gz
CNCCC[NH2+]C,7,102.181,datawarrior.sdf.gz
[NH3+]CCNC(=S)S,7,136.245,datawarrior.sdf.gz
CC(C)(N)C(N)=S,7,118.205,datawarrior.sdf.gz
NCCSCCN,7,120.22100000000003,datawarrior.sdf.gz
CC(C)([NH3+])C(N)=S,7,118.205,datawarrior.sdf.gz
NCCSCC[NH3+],7,120.22100000000003,datawarrior.sdf.gz
NC(=O)C(N)CO,7,104.109,datawarrior.sdf.gz
COCC(=O)NN,7,104.109,datawarrior.sdf.gz
CC/C(N=O)=N/O,7,102.09299999999999,datawarrior.sdf.gz
CC/C(=N/O)NO,7,104.109,datawarrior.sdf.gz
C/C(C#[N+][O-])=N\O,7,100.077,datawarrior.sdf.gz
CCCN[N+](=O)[O-],7,104.10900000000001,datawarrior.sdf.gz
O/N=C/C(Cl)=N\O,7,122.51099999999998,datawarrior.sdf.gz
CC(=O)NCCN,7,102.13700000000001,datawarrior.sdf.gz
CNCC(=O)NC,7,102.137,datawarrior.sdf.gz
NCCNCCO,7,104.15300000000002,datawarrior.sdf.gz
[NH3+]CCNCCO,7,104.15300000000002,datawarrior.sdf.gz
NNC(=O)C(F)F,7,110.063,datawarrior.sdf.gz
C#CCCCCN,7,97.16099999999999,datawarrior.sdf.gz
C#CCNCC#C,7,93.12899999999998,datawarrior.sdf.gz
CCCNC(C)C,7,101.193,datawarrior.sdf.gz
C#CCCN(C)C,7,97.16099999999999,datawarrior.sdf.gz
CCC(N)CCCl,7,121.611,datawarrior.sdf.gz
CC(Cl)CN(C)C,7,121.611,datawarrior.sdf.gz
CC(C)SCCN,7,119.23300000000002,datawarrior.sdf.gz
CCCSCCN,7,119.23300000000002,datawarrior.sdf.gz
CC[Si](C)(C)CN,7,117.268,datawarrior.sdf.gz
CCCNCC[S-],7,119.23299999999999,datawarrior.sdf.gz
CCC[NH2+]CCS,7,119.23299999999999,datawarrior.sdf.gz
O=C([O-])C[N+](=O)[O-],7,105.04899999999999,datawarrior.sdf.gz
CC(C)(N)C(=O)O,7,103.12100000000001,datawarrior.sdf.gz
CCC(=O)/C=N/O,7,101.10499999999999,datawarrior.sdf.gz
CC(=O)CC(N)=O,7,101.10499999999999,datawarrior.sdf.gz
N#CCCC(=O)O,7,99.08900000000001,datawarrior.sdf.gz
CC(C#N)C(=O)O,7,99.08900000000001,datawarrior.sdf.gz
CNCC(O)CO,7,105.13699999999999,datawarrior.sdf.gz
CNC(CO)CO,7,105.137,datawarrior.sdf.gz
CCO/C(C)=N/O,7,103.12099999999998,datawarrior.sdf.gz
CC[NH2+]CC(=O)O,7,103.121,datawarrior.sdf.gz
C[NH+](C)CC(=O)O,7,103.121,datawarrior.sdf.gz
C[NH2+]C(C)C(=O)O,7,103.121,datawarrior.sdf.gz
CC(C)([NH3+])C(=O)O,7,103.12100000000001,datawarrior.sdf.gz
CCC([NH3+])C(=O)O,7,103.12100000000001,datawarrior.sdf.gz
CCNCC(=O)[O-],7,103.121,datawarrior.sdf.gz
CN(C)CC(=O)[O-],7,103.121,datawarrior.sdf.gz
CNC(C)C(=O)[O-],7,103.121,datawarrior.sdf.gz
CCC(N)C(=O)[O-],7,103.12100000000001,datawarrior.sdf.gz
NC/C=C\C(=O)[O-],7,101.10500000000002,datawarrior.sdf.gz
NC/C=C/C(=O)[O-],7,101.10500000000002,datawarrior.sdf.gz
NCCCC(=O)[O-],7,103.12100000000002,datawarrior.sdf.gz
CC(CN)C(=O)[O-],7,103.12100000000002,datawarrior.sdf.gz
[NH3+]C/C=C\C(=O)O,7,101.10500000000002,datawarrior.sdf.gz
[NH3+]C/C=C/C(=O)O,7,101.10500000000002,datawarrior.sdf.gz
[NH3+]CCCC(=O)O,7,103.12100000000002,datawarrior.sdf.gz
CC(C[NH3+])C(=O)O,7,103.12100000000002,datawarrior.sdf.gz
CC(=O)/C(Cl)=N/O,7,121.52299999999998,datawarrior.sdf.gz
O=C(/C=N/O)CCl,7,121.52299999999998,datawarrior.sdf.gz
OCCCCNCl,7,123.583,datawarrior.sdf.gz
CCC(CO)NCl,7,123.583,datawarrior.sdf.gz
NC(=O)CC(=O)O,7,103.07700000000001,datawarrior.sdf.gz
CC(=O)C[N+](=O)[O-],7,103.077,datawarrior.sdf.gz
C/C(=N\O)C(=O)[O-],7,103.077,datawarrior.sdf.gz
NC[C@H](O)C(=O)[O-],7,105.09300000000002,datawarrior.sdf.gz
[NH3+]C[C@H](O)C(=O)O,7,105.09300000000002,datawarrior.sdf.gz
O=C(O)/C(Cl)=N/O,7,123.49499999999998,datawarrior.sdf.gz
CNC(=N)N(C)C,7,101.15299999999999,datawarrior.sdf.gz
C/C(N)=N/N(C)C,7,101.153,datawarrior.sdf.gz
NCCNCCN,7,103.16900000000003,datawarrior.sdf.gz
[NH3+]CCNCC[NH3+],7,103.16900000000003,datawarrior.sdf.gz
NCCNCC[NH3+],7,103.16900000000003,datawarrior.sdf.gz
N#CCC(=O)NN,7,99.093,datawarrior.sdf.gz
NCC/C(N)=N/O,7,103.12500000000001,datawarrior.sdf.gz
N/C(CC[NH3+])=N\O,7,103.12500000000001,datawarrior.sdf.gz
C[C@@H]1C[C@@H]1C(=O)O,7,100.117,datawarrior.sdf.gz
O=C(O)C1CCC1,7,100.11700000000002,datawarrior.sdf.gz
O=C1CCC(=O)C1,7,98.101,datawarrior.sdf.gz
O=P1(O)CCCC1,7,120.08800000000001,datawarrior.sdf.gz
O=C(O)[C@@H]1C[C@@H]1Cl,7,120.535,datawarrior.sdf.gz
O=C(O)[C@H]1C[C@@H]1Cl,7,120.535,datawarrior.sdf.gz
O=C(O)[C@@H]1C[C@@H]1Br,7,164.986,datawarrior.sdf.gz
[O-]c1ccccc1,7,94.11299999999999,datawarrior.sdf.gz
O=C1COC(=O)C1,7,100.073,datawarrior.sdf.gz
Nc1nccnn1,7,96.093,datawarrior.sdf.gz
CCc1nnn[nH]1,7,98.109,datawarrior.sdf.gz
Nn1cnnc1S,7,116.149,datawarrior.sdf.gz
CC1(C)[C@@H](N)[C@@H]1N,7,100.165,datawarrior.sdf.gz
NC1CCNCC1,7,100.165,datawarrior.sdf.gz
Cc1cnccn1,7,94.117,datawarrior.sdf.gz
CC1CNCCN1,7,100.165,datawarrior.sdf.gz
CN1CCNCC1,7,100.165,datawarrior.sdf.gz
CC1(N)C[C@]1(C)N,7,100.165,datawarrior.sdf.gz
Cc1ccncn1,7,94.117,datawarrior.sdf.gz
CN[C@H]1C[C@H]1NC,7,100.165,datawarrior.sdf.gz
CN[C@H]1C[C@@H]1NC,7,100.165,datawarrior.sdf.gz
CC1NCCCN1,7,100.165,datawarrior.sdf.gz
Cc1c[nH]c(C)n1,7,96.13299999999998,datawarrior.sdf.gz
CC1(C)[C@@H](N)[C@@H]1[NH3+],7,100.165,datawarrior.sdf.gz
Cc1cncc[nH+]1,7,94.117,datawarrior.sdf.gz
CC1CNCC[NH2+]1,7,100.165,datawarrior.sdf.gz
CN1CC[NH2+]CC1,7,100.165,datawarrior.sdf.gz
CC1([NH3+])C[C@]1(C)N,7,100.165,datawarrior.sdf.gz
Nc1ccc[nH+]c1,7,94.11699999999999,datawarrior.sdf.gz
CN[C@@H]1C[C@@H]1[NH2+]C,7,100.165,datawarrior.sdf.gz
CN[C@H]1C[C@@H]1[NH2+]C,7,100.165,datawarrior.sdf.gz
CC1NCCC[NH2+]1,7,100.165,datawarrior.sdf.gz
Cc1nsc(S)n1,7,132.213,datawarrior.sdf.gz
Cc1n[nH]cc1Cl,7,116.55099999999999,datawarrior.sdf.gz
SCc1ncc[nH]1,7,114.17299999999999,datawarrior.sdf.gz
SCc1c[nH]cn1,7,114.17299999999999,datawarrior.sdf.gz
[S-]c1nccc[nH+]1,7,112.15699999999997,datawarrior.sdf.gz
[S-]c1ccncn1,7,112.15699999999998,datawarrior.sdf.gz
[S-]c1ncccn1,7,112.15699999999997,datawarrior.sdf.gz
C[n+]1ccsc1N,7,115.181,datawarrior.sdf.gz
N[C@H]1CONC1=O,7,102.09300000000002,datawarrior.sdf.gz
[NH3+][C@H]1CONC1=O,7,102.09300000000002,datawarrior.sdf.gz
Cc1cc(O)n[nH]1,7,98.10499999999999,datawarrior.sdf.gz
OCc1c[nH]cn1,7,98.10499999999999,datawarrior.sdf.gz
[O-]c1ccnc[nH+]1,7,96.089,datawarrior.sdf.gz
[O-]c1ccnnc1,7,96.089,datawarrior.sdf.gz
Oc1cc[nH+]nc1,7,96.089,datawarrior.sdf.gz
[O-]c1cccnn1,7,96.08899999999998,datawarrior.sdf.gz
Oc1cccn[nH+]1,7,96.08899999999998,datawarrior.sdf.gz
[O-]c1ccncn1,7,96.089,datawarrior.sdf.gz
[O-]c1cnccn1,7,96.089,datawarrior.sdf.gz
Oc1cncc[nH+]1,7,96.089,datawarrior.sdf.gz
[O-]c1ncccn1,7,96.08899999999997,datawarrior.sdf.gz
Oc1nccc[nH+]1,7,96.08899999999997,datawarrior.sdf.gz
CC1CCCNC1,7,99.177,datawarrior.sdf.gz
CC1CCCCN1,7,99.177,datawarrior.sdf.gz
CCN1[C@@H](C)[C@@H]1C,7,99.17699999999999,datawarrior.sdf.gz
CC1CCCN1C,7,99.17699999999999,datawarrior.sdf.gz
CCC1CN1CC,7,99.17699999999999,datawarrior.sdf.gz
Sc1cccnc1,7,111.16899999999998,datawarrior.sdf.gz
[S-]c1ccccn1,7,111.16899999999997,datawarrior.sdf.gz
Sc1cccc[nH+]1,7,111.16899999999997,datawarrior.sdf.gz
[S-]c1ccncc1,7,111.16899999999998,datawarrior.sdf.gz
Sc1cc[nH+]cc1,7,111.16899999999998,datawarrior.sdf.gz
O=C([O-])C1CCN1,7,101.105,datawarrior.sdf.gz
N[C@H]1CCC[C@@H]1O,7,101.149,datawarrior.sdf.gz
N[C@@H]1CCC[C@@H]1O,7,101.149,datawarrior.sdf.gz
Cc1cnoc1C,7,97.11699999999999,datawarrior.sdf.gz
[O-]c1cccnc1,7,95.10099999999998,datawarrior.sdf.gz
Oc1ccc[nH+]c1,7,95.10099999999998,datawarrior.sdf.gz
[O-]c1ccccn1,7,95.10099999999998,datawarrior.sdf.gz
Oc1cccc[nH+]1,7,95.10099999999998,datawarrior.sdf.gz
[O-]c1ccncc1,7,95.101,datawarrior.sdf.gz
Oc1cc[nH+]cc1,7,95.101,datawarrior.sdf.gz
O=C1COC(=O)N1,7,101.06099999999999,datawarrior.sdf.gz
Cn1nnnc1N,7,99.09700000000001,datawarrior.sdf.gz
CNc1nnn[nH]1,7,99.097,datawarrior.sdf.gz
[NH3+]Cc1nnn[nH]1,7,99.09700000000001,datawarrior.sdf.gz
NCc1nnn[n-]1,7,99.09700000000001,datawarrior.sdf.gz
Cn1cc(N)cn1,7,97.12100000000001,datawarrior.sdf.gz
Nc1cncnc1,7,95.105,datawarrior.sdf.gz
Nc1[nH]cc(O)[nH+]1,7,99.09300000000002,datawarrior.sdf.gz
Cc1nc([O-])n[nH]1,7,99.09299999999999,datawarrior.sdf.gz
CNc1ccc(Cl)cc1[N+](=O)[O-],12,186.59799999999998,hunt_et_al.sdf
Nc1cc(Cl)ccc1[N+](=O)[O-],11,172.571,hunt_et_al.sdf
CN(C)c1c(Cl)cc([N+](=O)[O-])cc1Cl,14,235.06999999999996,hunt_et_al.sdf
CN(C)c1ccc([N+](=O)[O-])cc1[N+](=O)[O-],15,211.17699999999994,hunt_et_al.sdf
O=[N+]([O-])c1cccc(N[C@H]2CCc3ccccc32)c1,19,254.289,hunt_et_al.sdf
O=[N+]([O-])c1ccc(N[C@H]2CCc3ccccc32)cc1,19,254.289,hunt_et_al.sdf
Nc1c(F)c(F)c(F)c(F)c1F,12,183.07899999999998,hunt_et_al.sdf
COc1cccc(CNc2ccc([N+](=O)[O-])cc2[N+](=O)[O-])c1,22,303.27400000000006,hunt_et_al.sdf
COc1ccc(CNc2ccc([N+](=O)[O-])cc2[N+](=O)[O-])cc1,22,303.27400000000006,hunt_et_al.sdf
Cc1cccc(CNc2ccc([N+](=O)[O-])cc2[N+](=O)[O-])c1,21,287.27500000000003,hunt_et_al.sdf
Cc1ccc(CNc2ccc([N+](=O)[O-])cc2[N+](=O)[O-])cc1,21,287.27500000000003,hunt_et_al.sdf
O=[N+]([O-])c1ccc(N2CCCCC2)c([N+](=O)[O-])c1,18,251.2419999999999,hunt_et_al.sdf
O=C(O)c1oc(-c2ccccc2)nc1-c1ccccc1,20,265.268,hunt_et_al.sdf
CC(=O)c1cc(N)ccc1[N+](=O)[O-],13,180.16299999999995,hunt_et_al.sdf
CS(=O)(=O)c1ccc(N)c(Cl)c1,12,205.666,hunt_et_al.sdf
Nc1ccc([N+](=O)[O-])cc1Cl,11,172.571,hunt_et_al.sdf
Nc1ccc([N+](=O)[O-])c([N+](=O)[O-])c1,13,183.123,hunt_et_al.sdf
Nc1ccc(F)cc1[N+](=O)[O-],11,156.11599999999999,hunt_et_al.sdf
COc1ccc([N+](=O)[O-])c(N)c1,12,168.152,hunt_et_al.sdf
C[N+]1(CCN(c2ccccc2)c2ccccc2)CCCCC1,22,295.45000000000005,hunt_et_al.sdf
Nc1ccc(-c2ccccc2)cc1[N+](=O)[O-],16,214.22399999999996,hunt_et_al.sdf
Nc1ccc([N+](=O)[O-])c(C(F)(F)F)c1,14,206.123,hunt_et_al.sdf
Nc1c(Cl)cc(Cl)cc1Cl,10,196.46400000000003,hunt_et_al.sdf
O=C(O)C(Br)(Br)Br,7,296.74,hunt_et_al.sdf
O=[N+]([O-])c1ccc(NCc2cccc(F)c2)c([N+](=O)[O-])c1,21,291.23800000000006,hunt_et_al.sdf
Nc1ccc(Br)cc1[N+](=O)[O-],11,217.02199999999996,hunt_et_al.sdf
Nc1cc(Br)ccc1[N+](=O)[O-],11,217.02199999999996,hunt_et_al.sdf
CCOC(=O)c1cc(N)ccc1[N+](=O)[O-],15,210.18899999999996,hunt_et_al.sdf
CCNc1ccccc1[N+](=O)[O-],12,166.17999999999995,hunt_et_al.sdf
CNc1ccccc1[N+](=O)[O-],11,152.153,hunt_et_al.sdf
Nc1ccc(S(=O)(=O)C(F)(F)F)cc1,14,225.19099999999995,hunt_et_al.sdf
O=[N+]([O-])c1ccc(NCc2cccc(Br)c2)c([N+](=O)[O-])c1,21,352.1440000000001,hunt_et_al.sdf
O=[N+]([O-])c1ccc(NCc2ccccc2)c([N+](=O)[O-])c1,20,273.24800000000005,hunt_et_al.sdf
O=[N+]([O-])c1ccc(NCc2ccc(F)cc2)c([N+](=O)[O-])c1,21,291.238,hunt_et_al.sdf
Cc1ccc([N+](=O)[O-])c(N)c1,11,152.15300000000002,hunt_et_al.sdf
Cc1cccc([N+](=O)[O-])c1N,11,152.15300000000002,hunt_et_al.sdf
O=C(O)C(F)(F)C(F)(F)F,10,164.02900000000002,literature_compilation.sdf
c1ccc2nscc2c1,9,135.19099999999997,literature_compilation.sdf
c1ccc2nocc2c1,9,119.12299999999996,literature_compilation.sdf
c1ccc2oncc2c1,9,119.12299999999999,literature_compilation.sdf
c1ccc2ocnc2c1,9,119.12299999999999,literature_compilation.sdf
CCC1(c2cccc([N+](=O)[O-])c2)C(=O)NC(=O)NC1=O,20,277.236,literature_compilation.sdf
CC(C)(C)OC(=O)N[C@@H]1CCCCC/C=C\[C@@H]2C[C@@]2(C(=O)NS(=O)(=O)C2CC2)NC(=O)[C@@H]2C[C@@H](OC(=O)N3Cc4cccc(F)c4C3)CN2C1=O,51,731.8440000000002,chembl25.sdf
COC12CCC3(C[C@@H]1[C@](C)(O)C(C)(C)C)[C@H]1Cc4ccc(O)c5c4[C@@]3(CCN1CC1CC1)[C@H]2O5,34,467.6500000000003,chembl25.sdf
CN[C@]1(C)[C@@H]2CC[C@@H](C2)C1(C)C,12,167.296,chembl25.sdf
COc1cnc(OC)c2c1c(C(=O)C(=O)N1CCN(C(=O)c3ccccc3)CC1)cn2COP(=O)([O-])O.[NH3+]CCCC[C@H]([NH3+])C(=O)[O-],47,678.636,chembl25.sdf
Cc1c2ccccc2nc2c(C(O)=NCCN(C)C)cccc12.Cl.Cl,25,380.31900000000013,chembl25.sdf
CN(C)CCN=C(O)c1cccc2cc3ccccc3nc12.Cl.Cl,24,366.2920000000001,chembl25.sdf
COc1ccc2nc3c(C(O)=NCCN(C)C)cccc3cc2c1.Cl.Cl,26,396.3180000000002,chembl25.sdf
COc1cccc2cc3cccc(C(O)=NCCN(C)C)c3nc12.Cl,25,359.85700000000014,chembl25.sdf
COc1ccc2cc3cccc(C(O)=NCCN(C)C)c3nc2c1.Cl.Cl,26,396.3180000000002,chembl25.sdf
CN1CCCC1CCOC(C)(c1ccccc1)c1ccc(Cl)cc1,24,343.898,chembl25.sdf
OCCN1CCN(CC/C=C2\c3ccccc3Sc3ccc(Cl)cc32)CC1,27,400.9750000000002,chembl25.sdf
Cc1c2ccccc2nc2c(C(O)=NCCN(C)C)cccc12,23,307.39700000000005,chembl25.sdf
CN(C)CCN=C(O)c1cccc2cc3ccccc3nc12,22,293.37000000000006,chembl25.sdf
NC(CS)C(=O)O,7,121.16099999999997,chembl25.sdf
CS(=O)(=O)[O-].NC(=O)CCc1ccc(Nc2c3ccccc3[nH+]c3ccccc23)cc1,31,437.52100000000013,chembl25.sdf
CS(=O)(=O)[O-].NC(=O)CCCc1ccc(Nc2c3ccccc3[nH+]c3ccccc23)cc1,32,451.5480000000002,chembl25.sdf
CS(=O)(=O)[O-].NC(=O)CCCCCCc1ccc(Nc2c3ccccc3[nH+]c3ccccc23)cc1,35,493.62900000000013,chembl25.sdf
CC(=O)Nc1ccc2c(Nc3ccc(NS(C)(=O)=O)cc3)c3ccccc3[nH+]c2c1.CS(=O)(=O)[O-],35,516.6010000000002,chembl25.sdf
CCS(=O)(=O)Nc1ccc(Nc2c3ccccc3[nH+]c3cc(NC(C)=O)ccc23)cc1.CS(=O)(=O)[O-],36,530.6280000000003,chembl25.sdf
CCCS(=O)(=O)Nc1ccc(Nc2c3ccccc3[nH+]c3cc(NC(C)=O)ccc23)cc1.CS(=O)(=O)[O-],37,544.6550000000003,chembl25.sdf
CCCCS(=O)(=O)Nc1ccc(Nc2c3ccccc3[nH+]c3cc(NC(C)=O)ccc23)cc1.CS(=O)(=O)[O-],38,558.6820000000004,chembl25.sdf
CCCCCS(=O)(=O)Nc1ccc(Nc2c3ccccc3[nH+]c3cc(NC(C)=O)ccc23)cc1.CS(=O)(=O)[O-],39,572.7090000000003,chembl25.sdf
CCCCCCS(=O)(=O)Nc1ccc(Nc2c3ccccc3[nH+]c3cc(NC(C)=O)ccc23)cc1.CS(=O)(=O)[O-],40,586.7360000000003,chembl25.sdf
COc1cc(NS(C)(=O)=O)ccc1Nc1c2ccccc2[nH+]c2ccccc12.CS(=O)(=O)[O-],33,489.5750000000002,chembl25.sdf
CCCCCS(=O)(=O)Nc1ccc(Nc2c3ccccc3[nH+]c3ccccc23)c(OC)c1.CS(=O)(=O)[O-],37,545.6830000000003,chembl25.sdf
CCCCCCS(=O)(=O)Nc1ccc(Nc2c3ccccc3[nH+]c3ccccc23)c(OC)c1.CS(=O)(=O)[O-],38,559.7100000000003,chembl25.sdf
CCCCCCCS(=O)(=O)Nc1ccc(Nc2c3ccccc3[nH+]c3ccccc23)c(OC)c1.CS(=O)(=O)[O-],39,573.7370000000003,chembl25.sdf
CCCCCCCCS(=O)(=O)Nc1ccc(Nc2c3ccccc3[nH+]c3ccccc23)c(OC)c1.CS(=O)(=O)[O-],40,587.7640000000004,chembl25.sdf
Cl.Cl.O=C1Nc2cc(Br)ccc2C1=C1Nc2ccccc2/C1=N\OCCN1CCNCC1,32,541.2770000000004,chembl25.sdf
Cl.O=C1Nc2cc(Br)ccc2C1=C1Nc2ccccc2/C1=N\OCCN1CCCC1,30,489.80100000000044,chembl25.sdf
CCN(CC)C(=O)[C@]1(c2ccccc2)C[C@@H]1CN,18,246.354,chembl25.sdf
CC(C)n1c(/C=C/[C@@H](O)C[C@@H](O)CC(=O)[O-])c(-c2ccc(F)cc2)c2ccccc21.[Na+],31,434.46300000000014,chembl25.sdf
N[C@H]1C[C@@H]1c1ccccc1,10,133.194,chembl25.sdf
COc1cc(NS(C)(=O)=O)ccc1N=c1c2ccccc2[nH]c2ccc(C(=N)O)cc12.Cl,32,472.9540000000002,chembl25.sdf
Brc1cc(Br)c(NC2=NCCN2)c(Br)c1,15,397.8960000000001,combined_training_datasets_unique_no_oe.sdf
Brc1ccc(-c2nn[nH]n2)cc1,12,225.049,combined_training_datasets_unique_no_oe.sdf
Brc1ccc(NC2=NCCN2)cc1,13,240.10399999999998,combined_training_datasets_unique_no_oe.sdf
Brc1cccc(-c2nn[nH]n2)c1,12,225.049,combined_training_datasets_unique_no_oe.sdf
Brc1cccc(Br)c1NC1=NCCN1,14,319.00000000000006,combined_training_datasets_unique_no_oe.sdf
Brc1ccccc1-c1nn[nH]n1,12,225.04900000000004,combined_training_datasets_unique_no_oe.sdf
Brc1nn[nH]n1,6,148.95100000000002,combined_training_datasets_unique_no_oe.sdf
C#CC(C)(C)OC[n+]1ccn(C)c1C=NO,16,222.268,combined_training_datasets_unique_no_oe.sdf
C#CC(C)C(C)OC[n+]1ccn(C)c1C=NO,17,236.295,combined_training_datasets_unique_no_oe.sdf
C#CC(C)OC[n+]1ccn(C)c1C=NO,15,208.24099999999999,combined_training_datasets_unique_no_oe.sdf
C#CC(CC)OC[n+]1ccn(C)c1C=NO,16,222.268,combined_training_datasets_unique_no_oe.sdf
C#CC(CCC)OC[n+]1ccn(C)c1C=NO,17,236.295,combined_training_datasets_unique_no_oe.sdf
C#CC1(OC[n+]2ccn(C)c2C=NO)CCCC1,18,248.30599999999998,combined_training_datasets_unique_no_oe.sdf
C#CC1CCCCC1OC[n+]1ccn(C)c1C=NO,19,262.33299999999997,combined_training_datasets_unique_no_oe.sdf
C#CCC(C)OC[n+]1ccn(C)c1C=NO,16,222.268,combined_training_datasets_unique_no_oe.sdf
C#CCC(CCC)OC[n+]1ccn(C)c1C=NO,18,250.322,combined_training_datasets_unique_no_oe.sdf
C#CCC(OC[n+]1ccn(C)c1C=NO)c1ccccc1,21,284.339,combined_training_datasets_unique_no_oe.sdf
C#CCCCC[n+]1ccccc1C=NO,15,203.26499999999993,combined_training_datasets_unique_no_oe.sdf
C#CCCCC[n+]1ccn(C(C)(C)C)c1C=NO,18,248.34999999999997,combined_training_datasets_unique_no_oe.sdf
C#CCCCC[n+]1ccn(C)c1C=NO,15,206.26900000000003,combined_training_datasets_unique_no_oe.sdf
C#CCCCC[n+]1ccn(COC)c1C=NO,17,236.295,combined_training_datasets_unique_no_oe.sdf
C#CCCCC[n+]1cn(C)c(C=NO)n1,15,207.25700000000003,combined_training_datasets_unique_no_oe.sdf
C#CCCCOC[n+]1ccn(C)c1C=NO,16,222.268,combined_training_datasets_unique_no_oe.sdf
C#CCCOC[n+]1ccc(C=NO)cc1,15,205.237,combined_training_datasets_unique_no_oe.sdf
C#CCCOC[n+]1ccn(C(C)(C)C)c1C=NO,18,250.32199999999997,combined_training_datasets_unique_no_oe.sdf
C#CCCOC[n+]1ccn(C)c1C=NO,15,208.241,combined_training_datasets_unique_no_oe.sdf
C#CCOC[n+]1ccn(C)c1C=NO,14,194.21400000000003,combined_training_datasets_unique_no_oe.sdf
C#CCOc1noc2c1CNCC2,13,178.19099999999997,combined_training_datasets_unique_no_oe.sdf
C(=Nc1ccccc1)Nc1ccccc1,15,196.25300000000001,combined_training_datasets_unique_no_oe.sdf
C/C=C/COC[n+]1ccn(C)c1C=NO,15,210.257,combined_training_datasets_unique_no_oe.sdf
C/C=C/COc1noc2c1CNCC2,14,194.23399999999998,combined_training_datasets_unique_no_oe.sdf
C/C=C\COC[n+]1ccn(C)c1C=NO,15,210.257,combined_training_datasets_unique_no_oe.sdf
C1=NC(c2ccccc2)NC1,11,146.19299999999998,combined_training_datasets_unique_no_oe.sdf
C1=NCNC1,5,70.095,combined_training_datasets_unique_no_oe.sdf
C1COC(=NC(C2CC2)C2CC2)N1,13,180.25099999999998,combined_training_datasets_unique_no_oe.sdf
C=C(Br)COc1noc2c1CNCC2,14,259.10299999999995,combined_training_datasets_unique_no_oe.sdf
C=C(C)CC(OC[n+]1ccn(C)c1C=NO)C(=C)C,19,264.349,combined_training_datasets_unique_no_oe.sdf
C=C(C)CCOC[n+]1ccn(C)c1C=NO,16,224.28400000000002,combined_training_datasets_unique_no_oe.sdf
C=C(C)COC[n+]1ccn(C)c1C=NO,15,210.257,combined_training_datasets_unique_no_oe.sdf
C=C(C)[C@@H]1CN(C(C)=O)C(C(=O)OC)[C@@H]1CC(=O)O,19,269.29699999999997,combined_training_datasets_unique_no_oe.sdf
C=C=CCOC[n+]1ccn(C)c1C=NO,15,208.24099999999999,combined_training_datasets_unique_no_oe.sdf
C=CC(C)(C)OC[n+]1ccn(C)c1C=NO,16,224.284,combined_training_datasets_unique_no_oe.sdf
C=CC(CCC)OC[n+]1ccn(C)c1C=NO,17,238.31099999999998,combined_training_datasets_unique_no_oe.sdf
C=CC12C=c3cc(OCC(=O)O)c(Cl)c(Cl)c3=C1CC(=O)CC2,23,353.201,combined_training_datasets_unique_no_oe.sdf
C=CC1CN2CCC1CC2C(=O)O,13,181.23499999999999,combined_training_datasets_unique_no_oe.sdf
C=CCCOC[n+]1ccn(C)c1C=NO,15,210.257,combined_training_datasets_unique_no_oe.sdf
C=CCN(C)CCCCCCOc1ccc(C(=O)c2ccc(Br)cc2)cc1,27,430.38600000000014,combined_training_datasets_unique_no_oe.sdf
C=CCOC[n+]1ccn(C)c1C=NO,14,196.23,combined_training_datasets_unique_no_oe.sdf
C=CCOc1noc2c1CNCC2,13,180.207,combined_training_datasets_unique_no_oe.sdf
C=CCn1cc(C=NO)[n+](C)c1,12,166.204,combined_training_datasets_unique_no_oe.sdf
C=CCn1cc(C=NO)[n+](C)c1SC,14,212.298,combined_training_datasets_unique_no_oe.sdf
C=NC(=O)CC(C)C(=O)O,10,143.142,combined_training_datasets_unique_no_oe.sdf
C=NC(=O)CCC(=O)O,9,129.115,combined_training_datasets_unique_no_oe.sdf
C=NC(=O)CCc1cccc2c(=Nc3ccc(NS(C)(=O)=O)cc3OC)c3ccccc3[nH]c12,34,476.5580000000003,combined_training_datasets_unique_no_oe.sdf
C=c1[nH]cc(C)c(=CNCCCCCC)c1=O,17,234.34299999999993,combined_training_datasets_unique_no_oe.sdf
CC#CC(C)(C)OC[n+]1ccn(C)c1C=NO,17,236.29500000000002,combined_training_datasets_unique_no_oe.sdf
CC#CC(C)OC[n+]1ccn(C)c1C=NO,16,222.26800000000003,combined_training_datasets_unique_no_oe.sdf
CC#CCCOC[n+]1ccn(C)c1C=NO,16,222.26800000000003,combined_training_datasets_unique_no_oe.sdf
CC#CCOc1noc2c1CNCC2,14,192.21799999999996,combined_training_datasets_unique_no_oe.sdf
CC(=CC(=O)O)/C=C/C=C(C)/C=C/C1=C(C)CCCC1(C)C,22,300.44200000000006,combined_training_datasets_unique_no_oe.sdf
CC(=CC(=O)O)Cc1ccccc1,13,176.21500000000003,combined_training_datasets_unique_no_oe.sdf
CC(=N)N1C2CC(OC(=O)C(CO)c3ccccc3)CC1C1OC12,24,330.384,combined_training_datasets_unique_no_oe.sdf
CC(=N)N1C2CCC1CC(OC(=O)C(CO)c1ccccc1)C2,23,316.40099999999995,combined_training_datasets_unique_no_oe.sdf
CC(=N)NN(C)C,7,101.15299999999999,combined_training_datasets_unique_no_oe.sdf
CC(=NCc1ccc(F)cc1)Nc1ccc2c(c1)[C@@H](NC(=O)c1ccc(Br)cc1)[C@H](O)C2,32,496.38000000000017,combined_training_datasets_unique_no_oe.sdf
CC(=NO)C(=O)CO,8,117.10399999999997,combined_training_datasets_unique_no_oe.sdf
CC(=NO)C(=O)c1ccccc1,12,163.176,combined_training_datasets_unique_no_oe.sdf
CC(=NO)C(C)=NO,8,116.11999999999999,combined_training_datasets_unique_no_oe.sdf
CC(=NO)C(CO)=NO,9,132.119,combined_training_datasets_unique_no_oe.sdf
CC(=NO)NO,6,90.082,combined_training_datasets_unique_no_oe.sdf
CC(=Nc1ccc(F)cc1)Nc1ccc2c(c1)[C@@H](NC(=O)c1ccc(Br)cc1)[C@H](O)C2,31,482.3530000000001,combined_training_datasets_unique_no_oe.sdf
CC(=Nc1ccccc1)Nc1ccccc1,16,210.28,combined_training_datasets_unique_no_oe.sdf
CC(=O)C(=NO)C(C)C,9,129.15899999999996,combined_training_datasets_unique_no_oe.sdf
CC(=O)C(=NO)c1ccc(Sc2cc(F)cc(C3CCOCC3)c2)cc1,26,373.4490000000002,combined_training_datasets_unique_no_oe.sdf
CC(=O)C(=NO)c1ccccc1,12,163.176,combined_training_datasets_unique_no_oe.sdf
CC(=O)C(C)=NO,7,101.10499999999999,combined_training_datasets_unique_no_oe.sdf
CC(=O)C(Cl)=NO,7,121.52299999999998,combined_training_datasets_unique_no_oe.sdf
CC(=O)C1=C(C(=O)O)CCCC1,12,168.19199999999998,combined_training_datasets_unique_no_oe.sdf
CC(=O)C1CC(C(=O)O)C1(C)C,12,170.208,combined_training_datasets_unique_no_oe.sdf
CC(=O)C1CC1C(=O)O,9,128.12699999999998,combined_training_datasets_unique_no_oe.sdf
CC(=O)C1C[C@@H](CC(=O)O)C1(C)C,13,184.23499999999999,combined_training_datasets_unique_no_oe.sdf
CC(=O)C=NO,6,87.07799999999999,combined_training_datasets_unique_no_oe.sdf
CC(=O)CC(=O)/C=C/c1ccc(O[C@@H]2O[C@H](CO)[C@@H](O)[C@H](O)[C@H]2O)cc1,26,366.366,combined_training_datasets_unique_no_oe.sdf
CC(=O)N1CCCC1C(=O)O,11,157.169,combined_training_datasets_unique_no_oe.sdf
CC(=O)N1CS(=O)(=O)CC1C(=O)O,13,207.207,combined_training_datasets_unique_no_oe.sdf
CC(=O)N1CS(=O)CC1C(=O)O,12,191.208,combined_training_datasets_unique_no_oe.sdf
CC(=O)N1CSCC1C(=O)O,11,175.20899999999997,combined_training_datasets_unique_no_oe.sdf
CC(=O)N1C[C@@]2(C(C)C)OC(=O)C[C@H]2C1C(=O)O,18,255.26999999999995,combined_training_datasets_unique_no_oe.sdf
CC(=O)N=C(N)N,7,101.10900000000002,combined_training_datasets_unique_no_oe.sdf
CC(=O)N=c1[nH]c2nc(C)ncc2cc1-c1c(Cl)cccc1Cl,23,347.20500000000004,combined_training_datasets_unique_no_oe.sdf
CC(=O)N=c1c(-c2c(Cl)cccc2Cl)cc2cnc(C)nc2n1C,24,361.2320000000001,combined_training_datasets_unique_no_oe.sdf
CC(=O)N[C@@H](Cc1cc(F)cc(F)c1)[C@H](O)[C@H]1CC[C@@H](OCC2CCCCC2)CN1,30,424.5320000000003,combined_training_datasets_unique_no_oe.sdf
CC(=O)N[C@@H](Cc1cc(F)cc(F)c1)[C@H](O)[C@H]1CO[C@@H](OCC(C)(C)C)[C@H](C)N1,29,414.49300000000005,combined_training_datasets_unique_no_oe.sdf
CC(=O)N[C@@H](Cc1cc(F)cc(F)c1)[C@H](O)[C@H]1CO[C@@H](OCC2CCCCC2)CN1,30,426.5040000000003,combined_training_datasets_unique_no_oe.sdf
CC(=O)N[C@@H](Cc1cc(F)cc(F)c1)[C@H](O)[C@H]1CO[C@@H](OCC2CCCCC2)[C@H](C)N1,31,440.5310000000001,combined_training_datasets_unique_no_oe.sdf
CC(=O)N[C@@H](Cc1cc(F)cc(F)c1)[C@H](O)[C@H]1C[C@@H](OCC2CCCCC2)CN1,29,410.5050000000003,combined_training_datasets_unique_no_oe.sdf
CC(=O)Nc1ccc(S(=O)(=O)N=c2[nH]ccs2)cc1,19,297.3610000000001,combined_training_datasets_unique_no_oe.sdf
CC(=O)Nc1ccc(S(=O)(=O)N=c2nc(C)cc[nH]2)cc1,21,306.34700000000004,combined_training_datasets_unique_no_oe.sdf
CC(=O)Nc1ccc2c(=Nc3ccc(C(=O)O)cc3)c3ccccc3[nH]c2c1,28,371.3960000000001,combined_training_datasets_unique_no_oe.sdf
CC(=O)OCC(=NO)C(C)=NO,12,174.156,combined_training_datasets_unique_no_oe.sdf
CC(C#Cc1ccccc1)COC[n+]1ccn(C)c1C=NO,22,298.366,combined_training_datasets_unique_no_oe.sdf
CC(C(=O)NS(C)(=O)=O)c1ccc(OS(=O)(=O)C(F)(F)F)cc1,23,375.346,combined_training_datasets_unique_no_oe.sdf
CC(C(=O)O)=C1CC(=O)C(C)C1C,13,182.219,combined_training_datasets_unique_no_oe.sdf
CC(C(=O)O)c1ccc(OS(=O)(=O)C(F)(F)F)cc1,19,298.23799999999994,combined_training_datasets_unique_no_oe.sdf
CC(C)(C)C(N)=NO,8,116.16399999999999,combined_training_datasets_unique_no_oe.sdf
CC(C)(C)c1cc(C=CCl)cc(C(C)(C)C)c1O,18,266.81199999999995,combined_training_datasets_unique_no_oe.sdf
CC(C)(C)c1noc(C=NO)n1,12,169.184,combined_training_datasets_unique_no_oe.sdf
CC(C)(N)C(=O)NC(Cc1c[nH]c2ccccc12)C(=O)N1CCC2(CCc3ccccc32)CC1,34,458.6060000000004,combined_training_datasets_unique_no_oe.sdf
CC(C)=C1CNC(C(=O)O)C1CC(N)=O,15,212.24899999999997,combined_training_datasets_unique_no_oe.sdf
CC(C)=CC(=O)C=NO,9,127.14299999999999,combined_training_datasets_unique_no_oe.sdf
CC(C)=CCOC[n+]1ccn(C)c1C=NO,16,224.284,combined_training_datasets_unique_no_oe.sdf
CC(C)C(=NO)c1ccc(Sc2cc(F)cc(C3CCOCC3)c2)cc1,26,373.49300000000017,combined_training_datasets_unique_no_oe.sdf
CC(C)C(C#Cc1ccccc1)OC[n+]1ccn(C)c1C=NO,23,312.393,combined_training_datasets_unique_no_oe.sdf
CC(C)C(C(=O)O)N1CC(NC(=O)Cc2ccccc2)C1=O,22,304.34599999999995,combined_training_datasets_unique_no_oe.sdf
CC(C)C(O[C@H]1OC(C(=O)O)[C@H](O)[C@@H](O)[C@@H]1O)C(C)C,20,292.3280000000001,combined_training_datasets_unique_no_oe.sdf
CC(C)C1C(=O)N(S(C)(=O)=O)[C@@H]2CN(C(=O)C=CCN3CCCCC3)C[C@@H]12,27,397.5410000000003,combined_training_datasets_unique_no_oe.sdf
CC(C)C1CCC(C(=O)NC(Cc2ccccc2)C(=O)O)CC1,23,317.4290000000001,combined_training_datasets_unique_no_oe.sdf
CC(C)CC(C(=O)NCC#N)c1cccc(-c2ccc(N3CCNCC3)cc2)c1,29,390.5310000000002,combined_training_datasets_unique_no_oe.sdf
CC(C)CC(N)C(=O)NCCCS(=O)(=O)Oc1ccc(C(F)(F)F)cc1,26,396.431,combined_training_datasets_unique_no_oe.sdf
CC(C)CC(N)C(=O)NCCCS(=O)(=O)Oc1ccc(Cl)cc1,23,362.879,combined_training_datasets_unique_no_oe.sdf
CC(C)CC1(C)N=C(N)N(Cc2cccc(Cl)c2)C1=O,20,293.79800000000006,combined_training_datasets_unique_no_oe.sdf
CC(C)CC1CC(=O)C(C(=O)Nc2ccc(C3CCCCC3)cc2)C(=O)N1,27,370.4930000000002,combined_training_datasets_unique_no_oe.sdf
CC(C)CCC1C(=O)C(=O)C(C(=O)CC(C)C)C1=O,19,266.337,combined_training_datasets_unique_no_oe.sdf
CC(C)CCOC[n+]1ccn(C)c1C=NO,16,226.3,combined_training_datasets_unique_no_oe.sdf
CC(C)CCn1cc(O)nn1,11,155.201,combined_training_datasets_unique_no_oe.sdf
CC(C)CNC(=O)C(C)NC(=O)c1[nH]ccc(=O)c1O,20,281.312,combined_training_datasets_unique_no_oe.sdf
CC(C)CNC(=O)C(Cc1ccccc1)NC(=O)c1[nH]ccc(=O)c1O,26,357.4100000000001,combined_training_datasets_unique_no_oe.sdf
CC(C)CNC(=O)C1CC(F)(c2ccc(CN3CCCC3)c(F)c2)C1,25,350.45300000000015,combined_training_datasets_unique_no_oe.sdf
CC(C)CNC(=O)CNC(=O)c1[nH]ccc(=O)c1O,19,267.28499999999997,combined_training_datasets_unique_no_oe.sdf
CC(C)COc1noc2c1CNCC2,14,196.24999999999997,combined_training_datasets_unique_no_oe.sdf
CC(C)N(CCNC(=O)C1C[C@@H]1c1ccccc1)C(C)C,21,288.43500000000006,combined_training_datasets_unique_no_oe.sdf
CC(C)N(Cc1c[nH]cn1)c1ccc(Cl)cc1,17,249.745,combined_training_datasets_unique_no_oe.sdf
CC(C)N(Cc1no[n+]([O-])c1C#N)C(C)C,16,224.264,combined_training_datasets_unique_no_oe.sdf
CC(C)OC(N)=NC(=N)Nc1ccc(Cl)cc1,17,254.72100000000006,combined_training_datasets_unique_no_oe.sdf
CC(C)OC[n+]1ccn(C)c1C=NO,14,198.246,combined_training_datasets_unique_no_oe.sdf
CC(C)Oc1noc2c1CNCC2,13,182.22299999999998,combined_training_datasets_unique_no_oe.sdf
CC(C)[C@@]12CNC(C(=O)O)C1CC(=O)O2,15,213.23299999999998,combined_training_datasets_unique_no_oe.sdf
CC(C)c1cc(=O)c(O)ccc1Br,13,243.1,combined_training_datasets_unique_no_oe.sdf
CC(C)c1ccc(CCCN(C)C)cc1,15,205.34499999999997,combined_training_datasets_unique_no_oe.sdf
CC(C)c1cccc(C(C)C)c1NC1=NCCN1,18,245.36999999999995,combined_training_datasets_unique_no_oe.sdf
CC(C)c1nn[nH]n1,8,112.13599999999998,combined_training_datasets_unique_no_oe.sdf
CC(C)n1c(/C=C/[C@@H](O)C[C@@H](O)CC(=O)O)c(-c2ccc(F)cc2)c2ccccc21,30,411.473,combined_training_datasets_unique_no_oe.sdf
CC(C1CC[C@H]2[C@@H]3[C@@H](O)CC4C[C@H](O)CCC4(C)[C@H]3CCC12C)[C@@H]1CC1C(=O)O,29,404.59100000000024,combined_training_datasets_unique_no_oe.sdf
CC(C1CC[C@H]2[C@@H]3[C@@H](O)CC4C[C@H](O)CCC4(C)[C@H]3CCC12C)[C@H]1CC1C(=O)O,29,404.59100000000024,combined_training_datasets_unique_no_oe.sdf
CC(CC(C)(C)C)OC[n+]1ccn(C)c1C=NO,18,254.354,combined_training_datasets_unique_no_oe.sdf
CC(N)=NO,5,74.083,combined_training_datasets_unique_no_oe.sdf
CC(N=O)=NO,6,88.066,combined_training_datasets_unique_no_oe.sdf
CC(NC(=O)c1[nH]ccc(=O)c1O)C(=O)NCc1ccccc1,23,315.32899999999995,combined_training_datasets_unique_no_oe.sdf
CC(O)=NO,5,75.067,combined_training_datasets_unique_no_oe.sdf
CC(O)C(O)c1cnc2[nH]c(=N)[nH]c(=O)c2n1,17,237.219,combined_training_datasets_unique_no_oe.sdf
CC(OC[n+]1ccn(C)c1C=NO)C(C)(C)C,17,240.32699999999997,combined_training_datasets_unique_no_oe.sdf
CC(OC[n+]1ccn(C)c1C=NO)C1CCCCC1,19,266.36499999999995,combined_training_datasets_unique_no_oe.sdf
CC(Oc1nnc(-c2ccncc2)n1C)c1nnc(-c2cccc(Cl)c2)o1,27,382.81100000000004,combined_training_datasets_unique_no_oe.sdf
CC(Oc1nnc(-c2ccncc2)n1C)c1noc(-c2cccc(Cl)c2)n1,27,382.81100000000015,combined_training_datasets_unique_no_oe.sdf
CC/C=C/CCOC[n+]1ccn(C)c1C=NO,17,238.31100000000004,combined_training_datasets_unique_no_oe.sdf
CC/C=C/COC[n+]1ccn(C)c1C=NO,16,224.28400000000002,combined_training_datasets_unique_no_oe.sdf
CC/C=C\COC[n+]1ccn(C)c1C=NO,16,224.28400000000002,combined_training_datasets_unique_no_oe.sdf
CC1(C)C(=O)N=C(N)N1CCc1cccc(Cl)c1,18,265.744,combined_training_datasets_unique_no_oe.sdf
CC1(C)OC(=O)CC2C(C(=O)O)NCC21,15,213.23299999999998,combined_training_datasets_unique_no_oe.sdf
CC1(C)O[C@@H]2CC(=O)OC[C@]23[C@@H]1CC(=O)[C@@]1(C)[C@H]3C[C@](C)(CC2CCOC2)C[C@]12OC2C(=O)O,34,476.5660000000004,combined_training_datasets_unique_no_oe.sdf
CC1(C)O[C@H]2CC(=O)OC[C@]23[C@H]2CC[C@@]4(C)[C@H](c5ccoc5)OC(=O)C5O[C@]54[C@]2(C)C(=NOCCN2CCCCC2)C[C@@H]13,43,596.7210000000005,combined_training_datasets_unique_no_oe.sdf
CC1(C)O[C@H]2CC(=O)OC[C@@]23[C@H]1CC(=NOCCN1CCOCC1)[C@@]1(C)C2=CC(=O)O[C@@H](c4ccoc4)[C@]2(C)CC[C@@H]13,42,582.6940000000005,combined_training_datasets_unique_no_oe.sdf
CC1(C)SC2C(NC(=O)Cc3ccccc3)C(=O)N2C1C(=O)O,23,334.39700000000005,combined_training_datasets_unique_no_oe.sdf
CC1(C)[C@H]2CC[C@@]1(C)[C@@H](O)C2C(=O)O,14,198.26199999999994,combined_training_datasets_unique_no_oe.sdf
CC1(C2CCCC2)Cc2cc(OCC=CCC(=O)O)c(Cl)c(Cl)c2C1=O,26,397.29800000000023,combined_training_datasets_unique_no_oe.sdf
CC1([N+](C)(C)C)CN(c2c(F)cc3c(=O)c(C(=O)O)cn(C4CC4)c3c2F)C1,28,392.4260000000001,combined_training_datasets_unique_no_oe.sdf
CC1(c2cccc(NC(=O)c3ccccn3)c2)CSC(=N)N1,22,312.398,combined_training_datasets_unique_no_oe.sdf
CC1(c2ccccc2)COCC(=N)N1,14,190.24600000000004,combined_training_datasets_unique_no_oe.sdf
CC1=C(C)C(=C(C)C(=O)O)CC1=O,13,180.20299999999997,combined_training_datasets_unique_no_oe.sdf
CC1=N[SH](=O)(c2cccc(-c3ccc(C)cc3)c2)NC1=O,21,300.38300000000004,combined_training_datasets_unique_no_oe.sdf
CC1=N[SH](=O)(c2cccc(-c3cccc(C#N)c3)c2)NC1=O,22,311.36600000000004,combined_training_datasets_unique_no_oe.sdf
CC1CCC(C(=O)O)CC1,10,142.198,combined_training_datasets_unique_no_oe.sdf
CC1CCN(C(=O)C(CCCN=c2cccc[nH]2)NS(=O)(=O)c2ccc3ccccc3c2)CC1,34,480.6340000000001,combined_training_datasets_unique_no_oe.sdf
CC1CN(OCc2ccccc2)C(=O)C1N,16,220.272,combined_training_datasets_unique_no_oe.sdf
CC1C[C@@]23[C@@H]4CCCN2CCC[C@H]3[C@@H](O)CC4C1=O,19,263.381,combined_training_datasets_unique_no_oe.sdf
CC1C[C@H](C)CC([C@H](O)CC2CC(=O)NC(=O)C2)C1=O,20,281.352,combined_training_datasets_unique_no_oe.sdf
CC1N=C(N)Nc2cccc(Cl)c21,13,195.65299999999996,combined_training_datasets_unique_no_oe.sdf
CC1N=C(N)Nc2ccccc21,12,161.20799999999997,combined_training_datasets_unique_no_oe.sdf
CC1N=C(NCC(F)(F)F)Nc2ccccc21,17,243.23199999999994,combined_training_datasets_unique_no_oe.sdf
CC1N=C(NCC(F)F)Nc2c(Cl)ccc(Cl)c21,18,294.132,combined_training_datasets_unique_no_oe.sdf
CC1N=C(NCC(F)F)Nc2ccc(Cl)c(Cl)c21,18,294.13199999999995,combined_training_datasets_unique_no_oe.sdf
CC1N=C(NCC(F)F)Nc2cccc(Cl)c21,17,259.68699999999995,combined_training_datasets_unique_no_oe.sdf
CC1N=C(NCC(F)F)Nc2ccccc21,16,225.24199999999996,combined_training_datasets_unique_no_oe.sdf
CC1N=CCN1,6,84.12200000000001,combined_training_datasets_unique_no_oe.sdf
CC1NCNc2nccnc21,11,150.185,combined_training_datasets_unique_no_oe.sdf
CC=C(C)C(=O)O,7,100.11699999999998,combined_training_datasets_unique_no_oe.sdf
CC=C(C)CC(=O)O,8,114.14399999999999,combined_training_datasets_unique_no_oe.sdf
CC=C(Cl)C(=O)O,7,120.53499999999997,combined_training_datasets_unique_no_oe.sdf
CC=CC(=O)O,6,86.09,combined_training_datasets_unique_no_oe.sdf
CC=CC1C(=O)C(=O)c2ccccc2C1=O,16,214.22,combined_training_datasets_unique_no_oe.sdf
CC=CC=CC(=O)O,8,112.12799999999999,combined_training_datasets_unique_no_oe.sdf
CC=CCC(=O)O,7,100.11699999999999,combined_training_datasets_unique_no_oe.sdf
CCC(=NO)C(C)=O,8,115.13199999999999,combined_training_datasets_unique_no_oe.sdf
CCC(=NO)NO,7,104.109,combined_training_datasets_unique_no_oe.sdf
CCC(=O)C=NO,7,101.10499999999999,combined_training_datasets_unique_no_oe.sdf
CCC(=O)c1cc(C(=O)C(C)(C)C)[nH]n1,15,208.26099999999994,combined_training_datasets_unique_no_oe.sdf
CCC(=O)c1cc(C(C)=O)[nH]n1,12,166.17999999999998,combined_training_datasets_unique_no_oe.sdf
CCC(C#Cc1ccccc1)OC[n+]1ccn(C)c1C=NO,22,298.366,combined_training_datasets_unique_no_oe.sdf
CCC(C(=O)Nc1c(C)cccc1C)N(CC)CC,19,262.397,combined_training_datasets_unique_no_oe.sdf
CCC(C(=O)O)[C@@]1(O)C[C@H]2CC[C@@H]1C2,14,198.26199999999994,combined_training_datasets_unique_no_oe.sdf
CCC(C)C(=O)OC[n+]1ccn(C)c1C=NO,17,240.28300000000002,combined_training_datasets_unique_no_oe.sdf
CCC(C)C(=O)O[C@H]1C[C@H](O)C=C2C=C[C@H](C)[C@H](CC[C@@H](O)C[C@@H](O)CC(=O)O)[C@H]21,30,424.5340000000002,combined_training_datasets_unique_no_oe.sdf
CCC(C)C(C)OC[n+]1ccn(C)c1C=NO,17,240.327,combined_training_datasets_unique_no_oe.sdf
CCC(CC#Cc1ccccc1)OC[n+]1ccn(C)c1C=NO,23,312.39300000000003,combined_training_datasets_unique_no_oe.sdf
CCC(CC)C(=O)O[C@H]1OC(C(=O)O)[C@H](O)[C@@H](O)[C@@H]1O,20,292.28400000000005,combined_training_datasets_unique_no_oe.sdf
CCC(CC)N=c1cc(C)[nH]c(Nc2c(C)cc(C)cc2C)c1C,24,325.5000000000001,combined_training_datasets_unique_no_oe.sdf
CCC(N)=NO,6,88.11,combined_training_datasets_unique_no_oe.sdf
CCC(N=O)=NO,7,102.093,combined_training_datasets_unique_no_oe.sdf
CCC(OC[n+]1ccn(C)c1C=NO)C(C)(C)C,18,254.35399999999998,combined_training_datasets_unique_no_oe.sdf
CCC/C=C/COC[n+]1ccn(C)c1C=NO,17,238.31100000000004,combined_training_datasets_unique_no_oe.sdf
CCC1C(=O)OC[C@@H]1Cc1cncn1C,15,208.26100000000002,combined_training_datasets_unique_no_oe.sdf
CCC1C(=O)OC[C@H]1Cc1cncn1C,15,208.26100000000002,combined_training_datasets_unique_no_oe.sdf
CCC1N=CCN1,7,98.14899999999999,combined_training_datasets_unique_no_oe.sdf
CCC=CC(C)C(=O)O,9,128.171,combined_training_datasets_unique_no_oe.sdf
CCC=CCC(=O)O,8,114.14399999999999,combined_training_datasets_unique_no_oe.sdf
CCCC(=O)OC[n+]1ccn(C)c1C=NO,16,226.256,combined_training_datasets_unique_no_oe.sdf
CCCC(=O)c1cc(C(C)=O)[nH]n1,13,180.20699999999997,combined_training_datasets_unique_no_oe.sdf
CCCC(C(=O)Nc1c(C)cccc1C)N(CC)CC,20,276.42400000000004,combined_training_datasets_unique_no_oe.sdf
CCCC(C)OC[n+]1ccn(C)c1C=NO,16,226.3,combined_training_datasets_unique_no_oe.sdf
CCCC(CC)OC[n+]1ccn(C)c1C=NO,17,240.32700000000003,combined_training_datasets_unique_no_oe.sdf
CCCC(O)=NO,7,103.121,combined_training_datasets_unique_no_oe.sdf
CCCC(OC[n+]1ccn(C)c1C=NO)C1CCCC1,20,280.39200000000005,combined_training_datasets_unique_no_oe.sdf
CCCC(OC[n+]1ccn(C)c1C=NO)c1ccccc1,21,288.371,combined_training_datasets_unique_no_oe.sdf
CCCC12C=c3cc(O)c(Cl)c(Cl)c3=C1CC(=O)CC2,20,311.208,combined_training_datasets_unique_no_oe.sdf
CCCCC(C(=O)Nc1c(C)cccc1C)N(CC)CC,21,290.451,combined_training_datasets_unique_no_oe.sdf
CCCCC(CC)C(=O)O[C@H]1OC(C(=O)O)[C@H](O)[C@@H](O)[C@@H]1O,22,320.33800000000014,combined_training_datasets_unique_no_oe.sdf
CCCCCC(=N)NN(C)C,11,157.26099999999997,combined_training_datasets_unique_no_oe.sdf
CCCCCC(=O)N=C1C(=O)N2C(C(=O)O)C(C)(C)S[C@@H]12,21,312.39100000000013,combined_training_datasets_unique_no_oe.sdf
CCCCCC(O)=NO,9,131.175,combined_training_datasets_unique_no_oe.sdf
CCCCCCC(O)=NO,10,145.202,combined_training_datasets_unique_no_oe.sdf
CCCCCCCC(=O)NC1C(=O)N2C(C(=O)O)C(C)(C)S[C@@H]12,23,342.46100000000024,combined_training_datasets_unique_no_oe.sdf
CCCCCCCC(O)=NO,11,159.22899999999998,combined_training_datasets_unique_no_oe.sdf
CCCCCCCCCCCC(=O)NC(CCCCN)C(=O)OC,24,342.5240000000001,combined_training_datasets_unique_no_oe.sdf
CCCCCCCCCCCC(=O)NCCCCC(N)C(=O)OC,24,342.52400000000006,combined_training_datasets_unique_no_oe.sdf
CCCCCCCCCCCCCC(=O)NCCCCC(N)C(=O)OC,26,370.57800000000015,combined_training_datasets_unique_no_oe.sdf
CCCCCCCCCCCCN(Cc1nn[nH]n1)c1ccccc1,25,343.519,combined_training_datasets_unique_no_oe.sdf
CCCCCCCCCCCCOC[n+]1ccc(C=NO)cc1,23,321.48499999999996,combined_training_datasets_unique_no_oe.sdf
CCCCCCCCCCCCOC[n+]1cccc(C=NO)c1,23,321.485,combined_training_datasets_unique_no_oe.sdf
CCCCCCCCCCCOC[n+]1ccc(C=NO)cc1,22,307.45799999999997,combined_training_datasets_unique_no_oe.sdf
CCCCCCCCCCCOC[n+]1cccc(C=NO)c1,22,307.45799999999997,combined_training_datasets_unique_no_oe.sdf
CCCCCCCCCCN(Cc1nn[nH]n1)c1ccccc1,23,315.46500000000003,combined_training_datasets_unique_no_oe.sdf
CCCCCCCCCCOC[n+]1ccc(C=NO)cc1,21,293.431,combined_training_datasets_unique_no_oe.sdf
CCCCCCCCCCOC[n+]1cccc(C=NO)c1,21,293.431,combined_training_datasets_unique_no_oe.sdf
CCCCCCCCCOC[n+]1ccc(C=NO)cc1,20,279.404,combined_training_datasets_unique_no_oe.sdf
CCCCCCCCCOC[n+]1cccc(C=NO)c1,20,279.404,combined_training_datasets_unique_no_oe.sdf
CCCCCCCCN(Cc1nn[nH]n1)c1ccccc1,21,287.41100000000006,combined_training_datasets_unique_no_oe.sdf
CCCCCCCCOC[n+]1ccc(C=NO)cc1,19,265.377,combined_training_datasets_unique_no_oe.sdf
CCCCCCCCOC[n+]1cccc(C=NO)c1,19,265.377,combined_training_datasets_unique_no_oe.sdf
CCCCCCCCOC[n+]1ccn(C)c1C=NO,19,268.38100000000003,combined_training_datasets_unique_no_oe.sdf
CCCCCCCCS(=O)(=O)Nc1ccc(N=c2c3ccccc3[nH]c3ccccc23)c(OC)c1,35,491.6570000000002,combined_training_datasets_unique_no_oe.sdf
CCCCCCCCc1noc(C=NO)n1,16,225.292,combined_training_datasets_unique_no_oe.sdf
CCCCCCCOC[n+]1ccc(C=NO)cc1,18,251.35000000000002,combined_training_datasets_unique_no_oe.sdf
CCCCCCCOC[n+]1cccc(C=NO)c1,18,251.35000000000002,combined_training_datasets_unique_no_oe.sdf
CCCCCCCS(=O)(=O)Nc1ccc(N=c2c3ccccc3[nH]c3ccccc23)c(OC)c1,34,477.6300000000002,combined_training_datasets_unique_no_oe.sdf
CCCCCCN(Cc1nn[nH]n1)c1ccccc1,19,259.357,combined_training_datasets_unique_no_oe.sdf
CCCCCCOC[n+]1ccc(C=NO)cc1,17,237.32300000000004,combined_training_datasets_unique_no_oe.sdf
CCCCCCOC[n+]1cccc(C=NO)c1,17,237.32300000000004,combined_training_datasets_unique_no_oe.sdf
CCCCCCOC[n+]1ccn(C)c1C=NO,17,240.32700000000003,combined_training_datasets_unique_no_oe.sdf
CCCCCCS(=O)(=O)Nc1ccc(N=c2c3ccccc3[nH]c3ccccc23)c(OC)c1,33,463.6030000000002,combined_training_datasets_unique_no_oe.sdf
CCCCCS(=O)(=O)Nc1ccc(N=c2c3ccccc3[nH]c3c(C(N)=O)cccc23)c(OC)c1,35,492.6010000000003,combined_training_datasets_unique_no_oe.sdf
CCCCCS(=O)(=O)Nc1ccc(N=c2c3ccccc3[nH]c3ccccc23)c(OC)c1,32,449.5760000000002,combined_training_datasets_unique_no_oe.sdf
CCCCN=C(C)NN(C)C,11,157.26099999999997,combined_training_datasets_unique_no_oe.sdf
CCCCN=C(N)N=C(N)Nc1ccc(Cl)cc1,18,267.764,combined_training_datasets_unique_no_oe.sdf
CCCCNC(=O)C(C)C[C@H](O)[C@@H](N)C[C@H](Cc1ccc(OC)c(OCCCOC)c1)C(C)C,34,480.6900000000003,combined_training_datasets_unique_no_oe.sdf
CCCCNC(=O)c1cccc2c(=Nc3ccc(NS(C)(=O)=O)cc3OC)c3ccccc3[nH]c12,35,492.6010000000002,combined_training_datasets_unique_no_oe.sdf
CCCCNC1=NC(C)c2ccccc2N1,16,217.316,combined_training_datasets_unique_no_oe.sdf
CCCCOC(=O)C(N)CCC(=O)NCCSC(C)=O,20,304.412,combined_training_datasets_unique_no_oe.sdf
CCCCOC[n+]1ccn(C)c1C=NO,15,212.273,combined_training_datasets_unique_no_oe.sdf
CCCCOc1ccc2c(=Nc3ccc(NS(C)(=O)=O)cc3OC)c3ccccc3[nH]c2c1,33,465.5750000000002,combined_training_datasets_unique_no_oe.sdf
CCCCOc1cccc2c(=Nc3ccc(NS(C)(=O)=O)cc3OC)c3ccccc3[nH]c12,33,465.5750000000002,combined_training_datasets_unique_no_oe.sdf
CCCCOc1noc2c1CNCC2,14,196.24999999999997,combined_training_datasets_unique_no_oe.sdf
CCCCS(=O)(=O)Nc1ccc(N=c2c3ccccc3[nH]c3c(C(N)=O)cccc23)c(OC)c1,34,478.57400000000024,combined_training_datasets_unique_no_oe.sdf
CCCCS(=O)(=O)Nc1ccc(N=c2c3ccccc3[nH]c3cc(NC(C)=O)ccc23)c(OC)c1,35,492.6010000000002,combined_training_datasets_unique_no_oe.sdf
CCCCS(=O)(=O)Nc1ccc(N=c2c3ccccc3[nH]c3cc(OC)ccc23)c(OC)c1,33,465.5750000000002,combined_training_datasets_unique_no_oe.sdf
CCCCS(=O)(=O)Nc1ccc(N=c2c3ccccc3[nH]c3ccccc23)c(OC)c1,31,435.54900000000015,combined_training_datasets_unique_no_oe.sdf
CCCCc1c(C)[nH+]c(NCC)[nH]c1=O,15,209.29299999999995,combined_training_datasets_unique_no_oe.sdf
CCCCc1c(O)n(-c2ccccc2)n(-c2ccccc2)c1=O,23,308.38100000000003,combined_training_datasets_unique_no_oe.sdf
CCCCc1ccc(C(=O)O)nc1,13,179.21899999999994,combined_training_datasets_unique_no_oe.sdf
CCCN(CCC)C(=O)c1cc(C)cc(C(=O)NC(Cc2cc(F)cc(F)c2)C(=O)C2NCCN(Cc3ccccc3)C2O)c1,45,620.7410000000003,combined_training_datasets_unique_no_oe.sdf
CCCN(CCC)C(=O)c1cc(C)cc(C(=O)NC(Cc2cc(F)cc(F)c2)C(=O)C2NCN(Cc3ccccc3)C2O)c1,44,606.7140000000004,combined_training_datasets_unique_no_oe.sdf
CCCN(CCC)C(=O)c1cccc(C(=O)N[C@@H](Cc2ccccc2)[C@H](O)CNC2CC2)c1,33,451.6110000000002,combined_training_datasets_unique_no_oe.sdf
CCCN(CCC)C(=O)c1cccc(C(=O)N[C@@H](Cc2ccccc2)[C@H](O)[C@H]2CCCN2)c1,33,451.6110000000002,combined_training_datasets_unique_no_oe.sdf
CCCN(CCC)Cc1no[n+]([O-])c1C#N,16,224.26399999999998,combined_training_datasets_unique_no_oe.sdf
CCCN1CCCCC1C(=O)Nc1c(C)cccc1C,20,274.408,combined_training_datasets_unique_no_oe.sdf
CCCN=C(N)N=C(N)Nc1ccc(Cl)cc1,17,253.73700000000002,combined_training_datasets_unique_no_oe.sdf
CCCNC1=NC(C)c2ccccc2N1,15,203.289,combined_training_datasets_unique_no_oe.sdf
CCCOC(=O)C(N)CCC(=O)NCCSC(C)=O,19,290.385,combined_training_datasets_unique_no_oe.sdf
CCCOc1ccc2c(=Nc3ccc(NS(C)(=O)=O)cc3OC)c3ccccc3[nH]c2c1,32,451.5480000000002,combined_training_datasets_unique_no_oe.sdf
CCCOc1cccc2c(=Nc3ccc(NS(C)(=O)=O)cc3OC)c3ccccc3[nH]c12,32,451.54800000000023,combined_training_datasets_unique_no_oe.sdf
CCCOc1noc2c1CNCC2,13,182.22299999999998,combined_training_datasets_unique_no_oe.sdf
CCCS(=O)(=O)Nc1ccc(N=c2c3ccccc3[nH]c3c(C(N)=O)cccc23)c(OC)c1,33,464.54700000000025,combined_training_datasets_unique_no_oe.sdf
CCCS(=O)(=O)Nc1ccc(N=c2c3ccccc3[nH]c3cc(NC(C)=O)ccc23)c(OC)c1,34,478.57400000000024,combined_training_datasets_unique_no_oe.sdf
CCCS(=O)(=O)Nc1ccc(N=c2c3ccccc3[nH]c3cc(OC)ccc23)c(OC)c1,32,451.54800000000023,combined_training_datasets_unique_no_oe.sdf
CCCS(=O)(=O)Nc1ccc(N=c2c3ccccc3[nH]c3ccccc23)c(OC)c1,30,421.52200000000016,combined_training_datasets_unique_no_oe.sdf
CCCSC(=NO)C(=O)c1ccc(Br)cc1,16,302.193,combined_training_datasets_unique_no_oe.sdf
CCC[C@@H]1CC(C(=O)N[C@@H]([C@H]2O[C@H](SC)[C@H](O)[C@@H](O)[C@H]2O)[C@@H](C)O)N(C)C1,27,406.54500000000013,combined_training_datasets_unique_no_oe.sdf
CCCc1ccc(CCCN(C)C)cc1,15,205.34499999999997,combined_training_datasets_unique_no_oe.sdf
CCCc1nc(=O)c2ccncc2[nH]1,14,189.218,combined_training_datasets_unique_no_oe.sdf
CCCc1nn[nH]n1,8,112.136,combined_training_datasets_unique_no_oe.sdf
CCN(C)C(=O)C1CC(c2ccc(CN3CCCC3)c(F)c2)C1,23,318.43600000000004,combined_training_datasets_unique_no_oe.sdf
CCN(C)Cc1no[n+]([O-])c1C#N,13,182.183,combined_training_datasets_unique_no_oe.sdf
CCN(CC)C(=O)C1=CC2c3cccc4[nH]cc(c34)CC2N(C)C1,24,323.44000000000005,combined_training_datasets_unique_no_oe.sdf
CCN(CC)CCNC(=O)C1C[C@@H]1c1ccccc1,19,260.38100000000003,combined_training_datasets_unique_no_oe.sdf
CCN(CC)CCON=C1C[C@H]2C(C)(C)O[C@H]3CC(=O)OC[C@]32[C@H]2CC[C@@]3(C)[C@H](c4ccoc4)OC(=O)C4O[C@]43[C@]12C,42,584.7100000000004,combined_training_datasets_unique_no_oe.sdf
CCN(CC)CCONc1c(C2=c3ccc(Br)cc3=NC2=O)[nH]c2ccccc12,29,455.35600000000005,combined_training_datasets_unique_no_oe.sdf
CCN(CC)CCOc1ccc(C(=O)N2C/C(=C\c3ccccc3)C(=O)/C(=C/c3ccccc3)C2)cc1,37,494.6350000000002,combined_training_datasets_unique_no_oe.sdf
CCN(CC)Cc1no[n+]([O-])c1C#N,14,196.21,combined_training_datasets_unique_no_oe.sdf
CCN(CC)N=C(C)N,9,129.207,combined_training_datasets_unique_no_oe.sdf
CCN(CC)c1nn[nH]n1,10,141.178,combined_training_datasets_unique_no_oe.sdf
CCN(Cc1ccccc1)Cc1no[n+]([O-])c1C#N,19,258.28099999999995,combined_training_datasets_unique_no_oe.sdf
CCN1CCc2onc(OC)c2C1,13,182.22299999999998,combined_training_datasets_unique_no_oe.sdf
CCN=C(N)N=C(N)Nc1ccc(Cl)cc1,16,239.71000000000004,combined_training_datasets_unique_no_oe.sdf
CCN=C(N=[N+]=[N-])c1ccccc1O,14,190.206,combined_training_datasets_unique_no_oe.sdf
CCNC(=O)C1CC(F)(c2ccc(CN3CCCC3)c(F)c2)C1,23,322.399,combined_training_datasets_unique_no_oe.sdf
CCNC1=NC(C)c2ccccc2N1,14,189.26199999999997,combined_training_datasets_unique_no_oe.sdf
CCOC(=O)C(=NO)C(C)=O,11,159.141,combined_training_datasets_unique_no_oe.sdf
CCOC(=O)C(=NO)c1ccc(Sc2cc(F)cc(C3CCOCC3)c2)cc1,28,403.47500000000025,combined_training_datasets_unique_no_oe.sdf
CCOC(=O)C(=NO)c1ccccc1,14,193.20200000000003,combined_training_datasets_unique_no_oe.sdf
CCOC(=O)C(C)=NO,9,131.131,combined_training_datasets_unique_no_oe.sdf
CCOC(=O)C(N)CCC(=O)NCCSC(=O)C(C)(C)C,21,318.4390000000001,combined_training_datasets_unique_no_oe.sdf
CCOC(=O)C(N)CCC(=O)NCCSC(=O)c1ccccc1,23,338.42900000000003,combined_training_datasets_unique_no_oe.sdf
CCOC(=O)C(N)CCC(=O)NCCSC(C)=O,18,276.358,combined_training_datasets_unique_no_oe.sdf
CCOC(=O)C1(c2ccccc2)CCN(CCF)CC1,20,279.35499999999996,combined_training_datasets_unique_no_oe.sdf
CCOC(=O)C1C(CN2CCOCC2C(=O)O)=NC(c2nccs2)=N[C@H]1c1cccc(F)c1Cl,34,508.95900000000006,combined_training_datasets_unique_no_oe.sdf
CCOC(=O)N=c1[nH]cnc2[nH]cnc12,15,207.19300000000004,combined_training_datasets_unique_no_oe.sdf
CCOC(=O)c1ccccc1NC(=O)c1cn(C)c(O)c1O,22,304.302,combined_training_datasets_unique_no_oe.sdf
CCOC(=O)c1cnc2ccccc2c1O,16,217.224,combined_training_datasets_unique_no_oe.sdf
CCOC(C)=NO,7,103.12099999999998,combined_training_datasets_unique_no_oe.sdf
CCOC(N)=NC(=N)Nc1ccc(Cl)cc1,16,240.69400000000005,combined_training_datasets_unique_no_oe.sdf
CCOC[n+]1ccn(C)c1C=NO,13,184.219,combined_training_datasets_unique_no_oe.sdf
CCOP(=O)(OCC)C(C)(N)CCC[P+](c1ccccc1)(c1ccccc1)c1ccccc1,33,484.5370000000001,combined_training_datasets_unique_no_oe.sdf
CCO[C@H]1CC1C(=O)O,9,130.143,combined_training_datasets_unique_no_oe.sdf
CCOc1ccc(-c2ccc(CCCN(C)C)cc2)cc1,21,283.4149999999999,combined_training_datasets_unique_no_oe.sdf
CCOc1ccc(-n2cc(C=NO)[n+](C)c2)cc1,18,246.29,combined_training_datasets_unique_no_oe.sdf
CCOc1ccc(-n2cc(C=NO)[n+](C)c2SC)cc1,20,292.384,combined_training_datasets_unique_no_oe.sdf
CCOc1ccc2c(=Nc3ccc(NS(C)(=O)=O)cc3OC)c3ccccc3[nH]c2c1,31,437.5210000000002,combined_training_datasets_unique_no_oe.sdf
CCOc1ccc2ccccc2c1C(=O)NC1C(=O)N2C(C(=O)O)C(C)(C)S[C@H]12,29,414.4830000000002,combined_training_datasets_unique_no_oe.sdf
CCOc1cccc2c(=Nc3ccc(NS(C)(=O)=O)cc3OC)c3ccccc3[nH]c12,31,437.5210000000002,combined_training_datasets_unique_no_oe.sdf
CCOc1nc(=O)c2ccncc2[nH]1,14,191.19,combined_training_datasets_unique_no_oe.sdf
CCOc1nccc(O)n1,10,140.142,combined_training_datasets_unique_no_oe.sdf
CCOc1noc2c1CN(C)CC2,13,182.22299999999998,combined_training_datasets_unique_no_oe.sdf
CCOc1noc2c1CNCC2,12,168.196,combined_training_datasets_unique_no_oe.sdf
CCS(=O)(=O)Nc1ccc(N=c2c3ccccc3[nH]c3c(C(N)=O)cccc23)c(OC)c1,32,450.52000000000027,combined_training_datasets_unique_no_oe.sdf
CCS(=O)(=O)Nc1ccc(N=c2c3ccccc3[nH]c3cc(NC(C)=O)ccc23)c(OC)c1,33,464.54700000000025,combined_training_datasets_unique_no_oe.sdf
CCS(=O)(=O)Nc1ccc(N=c2c3ccccc3[nH]c3cc(OC)ccc23)c(OC)c1,31,437.52100000000024,combined_training_datasets_unique_no_oe.sdf
CCS(=O)(=O)Nc1ccc(N=c2c3ccccc3[nH]c3ccccc23)c(OC)c1,29,407.4950000000002,combined_training_datasets_unique_no_oe.sdf
CC[C@@H](C[C@H]1COC(=N)N1)c1ccccc1,16,218.3,combined_training_datasets_unique_no_oe.sdf
CC[C@H]1OC(=O)C[C@@H](O)[C@H](C)[C@@H](O[C@@H]2O[C@H](C)C[C@H](N(C)C)[C@H]2O)[C@@H](CC=O)CC(C)C(=O)/C=C\[C@]2(C)O[C@H]2[C@@H]1C,41,581.7470000000003,combined_training_datasets_unique_no_oe.sdf
CC[N+](C)(C)C1CN(c2cc3c(cc2F)c(=O)c(C(=O)O)cn3C2CC2)C1,27,374.43600000000015,combined_training_datasets_unique_no_oe.sdf
CC[N+](C)(CC)CCSC(=NO)C(=O)c1ccc(C#N)cc1,22,320.43800000000005,combined_training_datasets_unique_no_oe.sdf
CC[N+](C)(CC)CCSC(=NO)C(=O)c1ccc(Cl)cc1,21,329.87300000000005,combined_training_datasets_unique_no_oe.sdf
CC[N+](C)(CC)CCSC(=NO)C(=O)c1ccc(F)cc1,21,313.418,combined_training_datasets_unique_no_oe.sdf
CC[N+](C)(CC)CCSC(=NO)C(=O)c1ccc(OC)cc1,22,325.45400000000006,combined_training_datasets_unique_no_oe.sdf
CCc1c(O)cc(C)oc1=O,11,154.165,combined_training_datasets_unique_no_oe.sdf
CCc1cc(=N)cc(N2CCc3ccccc3C2)[nH]1,19,253.34899999999996,combined_training_datasets_unique_no_oe.sdf
CCc1cc(N=Nc2ccc(N(C)C)cc2)ccc1C,20,267.376,combined_training_datasets_unique_no_oe.sdf
CCc1ccc(C(=O)O)nc1,11,151.16499999999996,combined_training_datasets_unique_no_oe.sdf
CCc1ccc(CCCN(C)C)cc1,14,191.31799999999998,combined_training_datasets_unique_no_oe.sdf
CCc1ccc(N=Nc2ccc(N(C)C)cc2)cc1C,20,267.376,combined_training_datasets_unique_no_oe.sdf
CCc1ccc(N=Nc2ccc(N(C)C)cc2)cc1CC,21,281.40299999999996,combined_training_datasets_unique_no_oe.sdf
CCc1ccc2[nH]c3ccccc3c(=Nc3ccc(NS(C)(=O)=O)cc3OC)c2c1,30,421.52200000000016,combined_training_datasets_unique_no_oe.sdf
CCc1ccc2c(=Nc3ccc(NS(C)(=O)=O)cc3OC)c3ccccc3[nH]c2c1,30,421.52200000000016,combined_training_datasets_unique_no_oe.sdf
CCc1cnc(C(=O)O)cc1CC,13,179.21899999999997,combined_training_datasets_unique_no_oe.sdf
CCc1nc(=O)s[nH]1,8,130.172,combined_training_datasets_unique_no_oe.sdf
CCc1nn[nH]n1,7,98.109,combined_training_datasets_unique_no_oe.sdf
CCn1cc(C=NO)[n+](C)c1,11,154.193,combined_training_datasets_unique_no_oe.sdf
CCn1cc(C=NO)[n+](C)c1SC,13,200.287,combined_training_datasets_unique_no_oe.sdf
CN(C)C(=O)Cn1c(-c2ccccc2)c(C2CCCCC2)c2ccc(-c3nc(=O)o[nH]3)cc21,33,444.53500000000025,combined_training_datasets_unique_no_oe.sdf
CN(C)C(=O)c1ncnc2[nH]cnc12,14,191.194,combined_training_datasets_unique_no_oe.sdf
CN(C)C=Nc1ccc(O)cc1,12,164.20799999999997,combined_training_datasets_unique_no_oe.sdf
CN(C)CC(=O)O,7,103.121,combined_training_datasets_unique_no_oe.sdf
CN(C)CC(C)(C)CNC(=O)C1C[C@@H]1c1ccccc1,20,274.408,combined_training_datasets_unique_no_oe.sdf
CN(C)CC(Cc1ccccc1)c1ccccc1,18,239.36200000000002,combined_training_datasets_unique_no_oe.sdf
CN(C)CC(P(=O)(O)O)P(=O)(O)O,13,233.09699999999998,combined_training_datasets_unique_no_oe.sdf
CN(C)CCC(c1ccccc1)c1ccc(-c2ccccc2)cc1,24,315.46000000000004,combined_training_datasets_unique_no_oe.sdf
CN(C)CCCc1ccc(-c2ccc(Cl)cc2)cc1,19,273.807,combined_training_datasets_unique_no_oe.sdf
CN(C)CCCc1ccc(-c2ccccc2)cc1,18,239.36200000000002,combined_training_datasets_unique_no_oe.sdf
CN(C)CCCc1ccc(Br)cc1,13,242.16,combined_training_datasets_unique_no_oe.sdf
CN(C)CCCc1ccc(C(C)(C)C)cc1,16,219.37199999999999,combined_training_datasets_unique_no_oe.sdf
CN(C)CCCc1ccc(Cl)cc1,13,197.709,combined_training_datasets_unique_no_oe.sdf
CN(C)CCCc1ccc2ccccc2c1,16,213.324,combined_training_datasets_unique_no_oe.sdf
CN(C)CCCc1ccccc1,12,163.264,combined_training_datasets_unique_no_oe.sdf
CN(C)CCON=C1C[C@H]2C(C)(C)O[C@H]3CC(=O)OC[C@]32[C@H]2CC[C@@]3(C)[C@H](c4ccoc4)OC(=O)C4O[C@]43[C@]12C,40,556.6560000000004,combined_training_datasets_unique_no_oe.sdf
CN(C)CCON=C1C[C@H]2C(C)(C)O[C@H]3CC(=O)OC[C@]32[C@H]2CC[C@]3(C)C(=CC(=O)O[C@H]3c3ccoc3)[C@]12C,39,540.6570000000004,combined_training_datasets_unique_no_oe.sdf
CN(C)CCONc1c(C2=c3ccc(Br)cc3=NC2=O)[nH]c2ccccc12,27,427.3020000000001,combined_training_datasets_unique_no_oe.sdf
CN(C)CCOc1ccc(C(=O)N2C/C(=C\c3ccccc3)C(=O)/C(=C/c3ccccc3)C2)cc1,35,466.5810000000002,combined_training_datasets_unique_no_oe.sdf
CN(C)Cc1no[n+]([O-])c1C#N,12,168.156,combined_training_datasets_unique_no_oe.sdf
CN(C)c1ccccc1C(=O)O,12,165.19199999999998,combined_training_datasets_unique_no_oe.sdf
CN(C)c1nc2cncnc2[nH]1,12,163.184,combined_training_datasets_unique_no_oe.sdf
CN(C)c1nn[nH]n1,8,113.124,combined_training_datasets_unique_no_oe.sdf
CN(CCCCCCOc1ccc(C(=O)c2ccc(Br)cc2)cc1)C1CC1,27,430.38600000000014,combined_training_datasets_unique_no_oe.sdf
CN(CCCCCCOc1ccc(C(=O)c2ccc(Br)cc2)cc1)CC1CC1,28,444.4130000000002,combined_training_datasets_unique_no_oe.sdf
CN(CCCO)CCCCCCOc1ccc(C(=O)c2ccc(Br)cc2)cc1,28,448.40100000000007,combined_training_datasets_unique_no_oe.sdf
CN1C(=O)C(NC(=O)Nc2ccc3c(c2)N(c2nn[nH]n2)CC3)N=C(c2ccccc2)c2ccccc21,37,493.5310000000001,combined_training_datasets_unique_no_oe.sdf
CN1C(C(=O)N=c2cccc[nH]2)C(=O)c2ccccc2S1(=O)=O,23,331.353,combined_training_datasets_unique_no_oe.sdf
CN1C(C(=O)N=c2cccc[nH]2)C(=O)c2sccc2S1(=O)=O,22,337.382,combined_training_datasets_unique_no_oe.sdf
CN1CC(=N)NC(C)(c2cccc(NC(=O)c3ccc(Cl)cn3)c2)C1=O,26,371.82800000000003,combined_training_datasets_unique_no_oe.sdf
CN1CC=NC1,6,84.12199999999999,combined_training_datasets_unique_no_oe.sdf
CN1CCCCC1=Nc1ccc2c(c1)[C@@H](NC(=O)c1ccc(Br)cc1)[C@H](O)C2,28,442.35700000000014,combined_training_datasets_unique_no_oe.sdf
CN1CCN(CCONc2c(C3=c4ccc(Br)cc4=NC3=O)[nH]c3ccccc23)CC1,31,482.3820000000001,combined_training_datasets_unique_no_oe.sdf
CN1CCN(c2nc3c(=O)c4cc(F)ccc4[nH]c3s2)CC1,22,318.377,combined_training_datasets_unique_no_oe.sdf
CN1CCN(c2nc3c(=O)c4ccccc4[nH]c3s2)CC1,21,300.38700000000006,combined_training_datasets_unique_no_oe.sdf
CN1Cc2cc(-c3ccc(C[C@@H](C#N)NC(=O)C4CCCCN4)cc3)ccc2C1=O,30,402.49800000000016,combined_training_datasets_unique_no_oe.sdf
CN1[C@@H]2CC[C@H]1C[C@H](OC(=O)C(CO)c1ccccc1)C2,21,289.3750000000001,combined_training_datasets_unique_no_oe.sdf
CN1[C@@H]2C[C@H](OC(=O)C(CO)c3ccccc3)C[C@H]1[C@H]1O[C@H]12,22,303.3580000000001,combined_training_datasets_unique_no_oe.sdf
CN1[C@@H]2C[C@@H](OC(=O)C(CO)c3ccccc3)C[C@H]1[C@@H]1O[C@H]12,22,303.358,combined_training_datasets_unique_no_oe.sdf
CN=C(C)SC,6,103.19,combined_training_datasets_unique_no_oe.sdf
CN=C(N)N=C(N)Nc1ccc(Cl)cc1,15,225.68300000000002,combined_training_datasets_unique_no_oe.sdf
CN=C(NC#N)Nc1cccc(-c2csc(=NC(=N)N)[nH]2)c1,22,314.37800000000004,combined_training_datasets_unique_no_oe.sdf
CN=C1CCCCC1C,9,125.215,combined_training_datasets_unique_no_oe.sdf
CN=c1[nH]c2cncnc2[nH]1,11,149.15699999999998,combined_training_datasets_unique_no_oe.sdf
CN=c1cc[nH]c(N2CCc3ccccc3C2)c1,18,239.32199999999997,combined_training_datasets_unique_no_oe.sdf
CN=c1cc[nH]cn1,8,109.13199999999998,combined_training_datasets_unique_no_oe.sdf
CN=c1cccc(CCOc2ccc(CC(NC(=O)c3c(Cl)cccc3Cl)C(=O)O)cc2)[nH]1,33,488.3710000000002,combined_training_datasets_unique_no_oe.sdf
CN=c1cccc(COCc2ccc(CC(NC(=O)c3c(Cl)cccc3Cl)C(=O)O)cc2)[nH]1,33,488.3710000000002,combined_training_datasets_unique_no_oe.sdf
CNC(=O)C(C)NC(=O)c1[nH]ccc(=O)c1O,17,239.231,combined_training_datasets_unique_no_oe.sdf
CNC(=O)C(Cc1ccccc1)NC(=O)c1[nH]ccc(=O)c1O,23,315.32900000000006,combined_training_datasets_unique_no_oe.sdf
CNC(=O)CNC(=O)c1[nH]ccc(=O)c1O,16,225.204,combined_training_datasets_unique_no_oe.sdf
CNC(=O)CNC(=O)c1cccc2c(=Nc3ccc(NS(C)(=O)=O)cc3OC)c3ccccc3[nH]c12,36,507.57200000000023,combined_training_datasets_unique_no_oe.sdf
CNC(=O)COc1ccc2c(=Nc3ccc(NS(C)(=O)=O)cc3OC)c3ccccc3[nH]c2c1,34,480.5460000000002,combined_training_datasets_unique_no_oe.sdf
CNC(=O)COc1cccc2c(=Nc3ccc(NS(C)(=O)=O)cc3OC)c3ccccc3[nH]c12,34,480.5460000000002,combined_training_datasets_unique_no_oe.sdf
CNC(=O)c1ccc2c(c1)[C@@H](NC)CCC2c1ccc(Cl)c(Cl)c1,24,363.28800000000007,combined_training_datasets_unique_no_oe.sdf
CNC(=O)c1cccc2c(=Nc3ccc(NS(C)(=O)=O)cc3OC)c3ccc(Cl)cc3[nH]c12,33,484.96500000000026,combined_training_datasets_unique_no_oe.sdf
CNC(=O)c1cccc2c(=Nc3ccc(NS(C)(=O)=O)cc3OC)c3cccc(C)c3[nH]c12,33,464.54700000000025,combined_training_datasets_unique_no_oe.sdf
CNC(=O)c1cccc2c(=Nc3ccc(NS(C)(=O)=O)cc3OC)c3ccccc3[nH]c12,32,450.5200000000002,combined_training_datasets_unique_no_oe.sdf
CNC(=O)c1ncnc2[nH]cnc12,13,177.16700000000003,combined_training_datasets_unique_no_oe.sdf
CNC(=S)N(C)CCN=c1c2ccccc2[nH]c2ccccc12,23,324.4530000000001,combined_training_datasets_unique_no_oe.sdf
CNC(=S)NCCSCc1[nH]cnc1C,15,244.389,combined_training_datasets_unique_no_oe.sdf
CNC1=NC(C)c2ccccc2N1,13,175.23499999999999,combined_training_datasets_unique_no_oe.sdf
CNCCN(C)C(=O)Oc1ccc(OC)cc1,17,238.28699999999998,combined_training_datasets_unique_no_oe.sdf
CNCc1cc(=O)oc2cc(OCc3cccc(Cl)c3)ccc12,23,329.783,combined_training_datasets_unique_no_oe.sdf
CN[C@@H]1CCN(c2cc(C(F)(F)F)[nH]c(=N)n2)C1,18,261.25100000000003,combined_training_datasets_unique_no_oe.sdf
CN[C@H]1CCC(c2ccc(Cl)c(Cl)c2)c2ccc(C(N)=O)cc21,23,349.2610000000001,combined_training_datasets_unique_no_oe.sdf
CNc1cccc(N=c2c3ccccc3[nH]c3ccccc23)c1,23,299.37700000000007,combined_training_datasets_unique_no_oe.sdf
COC(=O)C(=NO)c1ccccc1,13,179.175,combined_training_datasets_unique_no_oe.sdf
COC(=O)C(CCCCN)NC(=O)OC(C)(C)C,18,260.334,combined_training_datasets_unique_no_oe.sdf
COC(=O)C(Cc1c[nH]cn1)NC(C)=O,15,211.22100000000003,combined_training_datasets_unique_no_oe.sdf
COC(=O)C(N)CCCCNC(=O)OC(C)(C)C,18,260.334,combined_training_datasets_unique_no_oe.sdf
COC(=O)C1C(CN2CCOCC2C(=O)O)=NC(c2nccs2)=N[C@H]1c1ccc(F)c(F)c1C,34,492.50400000000013,combined_training_datasets_unique_no_oe.sdf
COC(=O)C1C(CN2CCOCC2C(=O)O)=NC(c2nccs2)=N[C@H]1c1ccc(F)cc1Cl,33,494.93200000000013,combined_training_datasets_unique_no_oe.sdf
COC(=O)C1CSCN1,9,147.19899999999998,combined_training_datasets_unique_no_oe.sdf
COC(=O)C1[C@@H](O)C[C@H]2CC[C@@H]1N2C,14,199.24999999999994,combined_training_datasets_unique_no_oe.sdf
COC(=O)C1[C@@H](OC(=O)c2ccccc2)C[C@@H]2CC[C@H]1N2C,22,303.358,combined_training_datasets_unique_no_oe.sdf
COC(=O)C1[C@H](O)C[C@@H]2CC[C@H]1N2C,14,199.24999999999994,combined_training_datasets_unique_no_oe.sdf
COC(=O)C1[C@H]2CC[C@@H](C[C@H]1OC(=O)c1ccccc1)N2C,22,303.3580000000001,combined_training_datasets_unique_no_oe.sdf
COC(=O)C1[C@H]2C[C@@H]3c4[nH]c5cc(OC)ccc5c4CCN3C[C@H]2C[C@@H](OC(=O)c2cc(OC)c(OC)c(OC)c2)[C@@H]1OC,44,608.6880000000003,combined_training_datasets_unique_no_oe.sdf
COC(=O)CC(=NO)C(C)=NO,12,174.156,combined_training_datasets_unique_no_oe.sdf
COC(=O)CC1C(=C(C)C)CNC1C(=O)O,16,227.25999999999996,combined_training_datasets_unique_no_oe.sdf
COC(=O)CC1C(C(=O)O)NCC1C(C)O,16,231.248,combined_training_datasets_unique_no_oe.sdf
COC(=O)N=c1[nH]cnc2[nH]cnc12,14,193.166,combined_training_datasets_unique_no_oe.sdf
COC(=O)Nc1ccc2c(=Nc3ccc(NS(C)(=O)=O)cc3OC)c3ccccc3[nH]c2c1,33,466.51900000000023,combined_training_datasets_unique_no_oe.sdf
COC(C)=CC(=O)O,8,116.116,combined_training_datasets_unique_no_oe.sdf
COC1C(=O)N2C(C(=O)C(C)(C)C)=C(C)C(Sc3nnnn3C)S(=O)(=O)[C@H]12,27,415.49700000000024,combined_training_datasets_unique_no_oe.sdf
COC1C(=O)N2C(C(=O)C(C)(C)C)=C(CSc3nnc(C)s3)CS(=O)(=O)[C@H]12,27,431.5610000000002,combined_training_datasets_unique_no_oe.sdf
COC1C(=O)N2C(C(=O)C(C)(C)C)=C(CSc3nnnn3C)CS(=O)(=O)[C@H]12,27,415.49700000000024,combined_training_datasets_unique_no_oe.sdf
COC1C(=O)N2C(C(=O)c3ccccc3)=C(C)CS(=O)(=O)[C@H]12,22,321.354,combined_training_datasets_unique_no_oe.sdf
COC1C(=O)N2C(C(=O)c3ccccc3)=C(CSc3nnnn3C)CS(=O)(=O)[C@H]12,29,435.4870000000002,combined_training_datasets_unique_no_oe.sdf
COC=C1C2=CCC(C2)C1C(=O)O,13,180.20299999999997,combined_training_datasets_unique_no_oe.sdf
COC=C1CCC1C(=O)O,10,142.154,combined_training_datasets_unique_no_oe.sdf
COC=C1CCCC1C(=O)O,11,156.181,combined_training_datasets_unique_no_oe.sdf
COCC(C)NC(=O)c1nc(N2CC[C@@H](NC(=O)c3[nH]c(C)c(Cl)c3Cl)[C@@H](OC)C2)sc1C(=O)O,35,548.4490000000002,combined_training_datasets_unique_no_oe.sdf
COCCCCC(=NOCCN)c1ccc(C(F)(F)F)cc1,22,318.339,combined_training_datasets_unique_no_oe.sdf
COCCCCc1cc(C[C@@H](C[C@H](N)[C@@H](O)CC(C(=O)NCC(C)(C)C(N)=O)C(C)C)C(C)C)ccc1OC,39,549.7970000000003,combined_training_datasets_unique_no_oe.sdf
COCCCOc1cc(C[C@@H](C[C@H](N)[C@@H](O)CC(C(=O)NCC(C)(C)C(N)=O)C(C)C)C(C)C)ccc1OC,39,551.7690000000003,combined_training_datasets_unique_no_oe.sdf
COCCCOc1cc(C[C@@H](C[C@H](N)[C@@H](O)CC(C(=O)NC[C@H]2CCC(=O)N2)C(C)C)C(C)C)ccc1OC,39,549.7530000000003,combined_training_datasets_unique_no_oe.sdf
COCCN1CCN(CCONc2c(C3=c4ccc(Br)cc4=NC3=O)[nH]c3ccccc23)CC1,34,526.4350000000001,combined_training_datasets_unique_no_oe.sdf
COCCN=C1C(=O)c2ccccc2C(=O)C1NS(=O)(=O)c1ccccc1,27,386.42900000000014,combined_training_datasets_unique_no_oe.sdf
COC[n+]1c(C=NO)n(C)c2ccccc21,16,220.25199999999998,combined_training_datasets_unique_no_oe.sdf
COC[n+]1ccn(C)c1C=NO,12,170.192,combined_training_datasets_unique_no_oe.sdf
COCc1nc(=Nc2ccc(C(F)(F)F)cc2)c2ccc(-c3ncccc3C(F)(F)F)cc2[nH]1,34,478.3960000000001,combined_training_datasets_unique_no_oe.sdf
CON=C(C#N)C1CN2CCC1CC2,14,193.24999999999994,combined_training_datasets_unique_no_oe.sdf
CO[C@H]1CC1C(=O)O,8,116.116,combined_training_datasets_unique_no_oe.sdf
CO[C@H]1OC(C(=O)O)[C@H](O)[C@H](O)[C@H]1O,14,208.166,combined_training_datasets_unique_no_oe.sdf
COc1c(C)cc(C2(c3cccc(-c4cncnc4)c3)N=C(C)C(=N)N2)cc1C,29,385.47100000000006,combined_training_datasets_unique_no_oe.sdf
COc1c(C)cc([C@@]2(c3cccc(-c4cncnc4)c3)N=C(C)C(=N)N2)cc1C,29,385.47100000000006,combined_training_datasets_unique_no_oe.sdf
COc1c(Cl)ccc2c1C(C)N=C(NCC(F)F)N2,19,289.713,combined_training_datasets_unique_no_oe.sdf
COc1cc(/C=C/C(=O)CC(C)=O)ccc1O[C@@H]1O[C@H](CO)[C@@H](O)[C@H](O)[C@H]1O,28,396.39200000000005,combined_training_datasets_unique_no_oe.sdf
COc1cc(=NS(=O)(=O)c2ccc(N)cc2)[nH]c(OC)n1,21,310.3350000000001,combined_training_datasets_unique_no_oe.sdf
COc1cc(C(=O)O)ccc1N=c1c2ccccc2[nH]c2ccccc12,26,344.3700000000001,combined_training_datasets_unique_no_oe.sdf
COc1cc(C(F)(F)F)ccc1-c1cccc2cc(S(=O)(=O)N=c3[nH]cns3)ccc12,31,465.47800000000007,combined_training_datasets_unique_no_oe.sdf
COc1cc(C(F)(F)F)ccc1-c1ncnc2cc(S(=O)(=O)N=c3[nH]ccs3)ccc12,31,466.46600000000007,combined_training_datasets_unique_no_oe.sdf
COc1cc(C)c(-c2nc(=O)o[nH]2)cc1-c1ccc(C#CCO)s1,24,342.37600000000003,combined_training_datasets_unique_no_oe.sdf
COc1cc(C)ccc1NC1=NCCN1,15,205.26099999999997,combined_training_datasets_unique_no_oe.sdf
COc1cc(Cl)c(NC2=NCCN2)c(Cl)c1,16,260.12399999999997,combined_training_datasets_unique_no_oe.sdf
COc1cc(NS(=O)(=O)OC)ccc1N=c1c2ccccc2[nH]c2c(CCC(N)=O)cccc12,34,480.5460000000003,combined_training_datasets_unique_no_oe.sdf
COc1cc(NS(C)(=O)=O)ccc1N=c1c2ccc(C)cc2[nH]c2c(C)cccc12,30,421.52200000000016,combined_training_datasets_unique_no_oe.sdf
COc1cc(NS(C)(=O)=O)ccc1N=c1c2ccc(Cl)cc2[nH]c2c(C(=O)NCC(N)=O)cccc12,36,527.9900000000001,combined_training_datasets_unique_no_oe.sdf
COc1cc(NS(C)(=O)=O)ccc1N=c1c2ccc(Cl)cc2[nH]c2c(C(N)=O)cccc12,32,470.93800000000016,combined_training_datasets_unique_no_oe.sdf
COc1cc(NS(C)(=O)=O)ccc1N=c1c2ccc(Cl)cc2[nH]c2c(OC)cccc12,31,457.9390000000002,combined_training_datasets_unique_no_oe.sdf
COc1cc(NS(C)(=O)=O)ccc1N=c1c2ccc(Cl)cc2[nH]c2cc(Cl)ccc12,30,462.3580000000001,combined_training_datasets_unique_no_oe.sdf
COc1cc(NS(C)(=O)=O)ccc1N=c1c2ccc(I)cc2[nH]c2c(OCC(O)CO)cccc12,35,609.4420000000001,combined_training_datasets_unique_no_oe.sdf
COc1cc(NS(C)(=O)=O)ccc1N=c1c2ccc(N=[N+]=[N-])cc2[nH]c2c(C)cccc12,32,448.50800000000015,combined_training_datasets_unique_no_oe.sdf
COc1cc(NS(C)(=O)=O)ccc1N=c1c2cccc(OC)c2[nH]c2c(OC)cccc12,32,453.5200000000002,combined_training_datasets_unique_no_oe.sdf
COc1cc(NS(C)(=O)=O)ccc1N=c1c2ccccc2[nH]c2c(-c3ccccc3)cccc12,34,469.56600000000014,combined_training_datasets_unique_no_oe.sdf
COc1cc(NS(C)(=O)=O)ccc1N=c1c2ccccc2[nH]c2c(Br)cccc12,29,472.3640000000001,combined_training_datasets_unique_no_oe.sdf
COc1cc(NS(C)(=O)=O)ccc1N=c1c2ccccc2[nH]c2c(C(=O)N(C)C)cccc12,33,464.5470000000002,combined_training_datasets_unique_no_oe.sdf
COc1cc(NS(C)(=O)=O)ccc1N=c1c2ccccc2[nH]c2c(C(=O)N3CCOCC3)cccc12,36,506.58400000000034,combined_training_datasets_unique_no_oe.sdf
COc1cc(NS(C)(=O)=O)ccc1N=c1c2ccccc2[nH]c2c(C(=O)NCC(C)O)cccc12,35,494.5730000000002,combined_training_datasets_unique_no_oe.sdf
COc1cc(NS(C)(=O)=O)ccc1N=c1c2ccccc2[nH]c2c(C(=O)NCC(N)=O)cccc12,35,493.54500000000024,combined_training_datasets_unique_no_oe.sdf
COc1cc(NS(C)(=O)=O)ccc1N=c1c2ccccc2[nH]c2c(C(=O)NCC(O)CO)cccc12,36,510.57200000000023,combined_training_datasets_unique_no_oe.sdf
COc1cc(NS(C)(=O)=O)ccc1N=c1c2ccccc2[nH]c2c(C(=O)NCCCCCCOS(C)(=O)=O)cccc12,42,614.7460000000003,combined_training_datasets_unique_no_oe.sdf
COc1cc(NS(C)(=O)=O)ccc1N=c1c2ccccc2[nH]c2c(C(=O)NCCCO)cccc12,35,494.57300000000026,combined_training_datasets_unique_no_oe.sdf
COc1cc(NS(C)(=O)=O)ccc1N=c1c2ccccc2[nH]c2c(C(=O)NCCO)cccc12,34,480.5460000000002,combined_training_datasets_unique_no_oe.sdf
COc1cc(NS(C)(=O)=O)ccc1N=c1c2ccccc2[nH]c2c(C(N)=O)cccc12,31,436.49300000000017,combined_training_datasets_unique_no_oe.sdf
COc1cc(NS(C)(=O)=O)ccc1N=c1c2ccccc2[nH]c2c(C)c(C)ccc12,30,421.52200000000016,combined_training_datasets_unique_no_oe.sdf
COc1cc(NS(C)(=O)=O)ccc1N=c1c2ccccc2[nH]c2c(C)c(Cl)ccc12,30,441.9400000000001,combined_training_datasets_unique_no_oe.sdf
COc1cc(NS(C)(=O)=O)ccc1N=c1c2ccccc2[nH]c2c(C)cccc12,29,407.4950000000001,combined_training_datasets_unique_no_oe.sdf
COc1cc(NS(C)(=O)=O)ccc1N=c1c2ccccc2[nH]c2c(Cl)cccc12,29,427.91300000000007,combined_training_datasets_unique_no_oe.sdf
COc1cc(NS(C)(=O)=O)ccc1N=c1c2ccccc2[nH]c2c(F)cccc12,29,411.4580000000001,combined_training_datasets_unique_no_oe.sdf
COc1cc(NS(C)(=O)=O)ccc1N=c1c2ccccc2[nH]c2c(OC)cccc12,30,423.49400000000014,combined_training_datasets_unique_no_oe.sdf
COc1cc(NS(C)(=O)=O)ccc1N=c1c2ccccc2[nH]c2c(OCC(O)CO)cccc12,34,483.5460000000002,combined_training_datasets_unique_no_oe.sdf
COc1cc(NS(C)(=O)=O)ccc1N=c1c2ccccc2[nH]c2c(OCCCC(N)=O)cccc12,35,494.5730000000003,combined_training_datasets_unique_no_oe.sdf
COc1cc(NS(C)(=O)=O)ccc1N=c1c2ccccc2[nH]c2c(OCCO)cccc12,32,453.5200000000002,combined_training_datasets_unique_no_oe.sdf
COc1cc(NS(C)(=O)=O)ccc1N=c1c2ccccc2[nH]c2cc(Br)ccc12,29,472.3640000000001,combined_training_datasets_unique_no_oe.sdf
COc1cc(NS(C)(=O)=O)ccc1N=c1c2ccccc2[nH]c2cc(C#N)ccc12,30,418.4780000000001,combined_training_datasets_unique_no_oe.sdf
COc1cc(NS(C)(=O)=O)ccc1N=c1c2ccccc2[nH]c2cc(C(C)(C)C)ccc12,32,449.5760000000002,combined_training_datasets_unique_no_oe.sdf
COc1cc(NS(C)(=O)=O)ccc1N=c1c2ccccc2[nH]c2cc(C(C)C)ccc12,31,435.54900000000015,combined_training_datasets_unique_no_oe.sdf
COc1cc(NS(C)(=O)=O)ccc1N=c1c2ccccc2[nH]c2cc(C(F)(F)F)ccc12,32,461.4650000000001,combined_training_datasets_unique_no_oe.sdf
COc1cc(NS(C)(=O)=O)ccc1N=c1c2ccccc2[nH]c2cc(C(N)=O)ccc12,31,436.49300000000017,combined_training_datasets_unique_no_oe.sdf
COc1cc(NS(C)(=O)=O)ccc1N=c1c2ccccc2[nH]c2cc(C)ccc12,29,407.4950000000001,combined_training_datasets_unique_no_oe.sdf
COc1cc(NS(C)(=O)=O)ccc1N=c1c2ccccc2[nH]c2cc(CCC(N)=O)ccc12,33,464.54700000000025,combined_training_datasets_unique_no_oe.sdf
COc1cc(NS(C)(=O)=O)ccc1N=c1c2ccccc2[nH]c2cc(Cl)ccc12,29,427.91300000000007,combined_training_datasets_unique_no_oe.sdf
COc1cc(NS(C)(=O)=O)ccc1N=c1c2ccccc2[nH]c2cc(F)ccc12,29,411.4580000000001,combined_training_datasets_unique_no_oe.sdf
COc1cc(NS(C)(=O)=O)ccc1N=c1c2ccccc2[nH]c2cc(N=[N+]=[N-])ccc12,31,434.4810000000001,combined_training_datasets_unique_no_oe.sdf
COc1cc(NS(C)(=O)=O)ccc1N=c1c2ccccc2[nH]c2cc(NC(C)=O)ccc12,32,450.52000000000015,combined_training_datasets_unique_no_oe.sdf
COc1cc(NS(C)(=O)=O)ccc1N=c1c2ccccc2[nH]c2cc(OCC(O)CO)ccc12,34,483.5460000000002,combined_training_datasets_unique_no_oe.sdf
COc1cc(NS(C)(=O)=O)ccc1N=c1c2ccccc2[nH]c2cc(OCCCC(N)=O)ccc12,35,494.5730000000003,combined_training_datasets_unique_no_oe.sdf
COc1cc(NS(C)(=O)=O)ccc1N=c1c2ccccc2[nH]c2cc(OCCO)ccc12,32,453.5200000000002,combined_training_datasets_unique_no_oe.sdf
COc1cc(NS(C)(=O)=O)ccc1N=c1c2ccccc2[nH]c2cc(S(C)(=O)=O)ccc12,32,471.5600000000002,combined_training_datasets_unique_no_oe.sdf
COc1cc(NS(C)(=O)=O)ccc1N=c1c2ccccc2[nH]c2ccc(C(C)(C)C)cc12,32,449.5760000000002,combined_training_datasets_unique_no_oe.sdf
COc1cc(NS(C)(=O)=O)ccc1N=c1c2ccccc2[nH]c2ccc(C(C)C)cc12,31,435.54900000000015,combined_training_datasets_unique_no_oe.sdf
COc1cc(NS(C)(=O)=O)ccc1N=c1c2ccccc2[nH]c2ccc(C(N)=O)cc12,31,436.49300000000017,combined_training_datasets_unique_no_oe.sdf
COc1cc(NS(C)(=O)=O)ccc1N=c1c2ccccc2[nH]c2ccc(C)cc12,29,407.4950000000001,combined_training_datasets_unique_no_oe.sdf
COc1cc(NS(C)(=O)=O)ccc1N=c1c2ccccc2[nH]c2ccc(Cl)cc12,29,427.91300000000007,combined_training_datasets_unique_no_oe.sdf
COc1cc(NS(C)(=O)=O)ccc1N=c1c2ccccc2[nH]c2ccc(F)cc12,29,411.4580000000001,combined_training_datasets_unique_no_oe.sdf
COc1cc(NS(C)(=O)=O)ccc1N=c1c2ccccc2[nH]c2cccc(C)c12,29,407.4950000000001,combined_training_datasets_unique_no_oe.sdf
COc1cc(NS(C)(=O)=O)ccc1N=c1c2ccccc2[nH]c2ccccc12,28,393.4680000000001,combined_training_datasets_unique_no_oe.sdf
COc1cc(OC)[nH]c(=NS(=O)(=O)c2ccc(N)cc2)n1,21,310.3350000000001,combined_training_datasets_unique_no_oe.sdf
COc1cc(OC)c(/C=C/S(=O)(=O)Cc2ccc(OC)c(=NS(C)(=O)=O)[nH]2)c(OC)c1,31,472.5410000000002,combined_training_datasets_unique_no_oe.sdf
COc1cc(OC)c(NC2=NCCN2)cc1Cl,17,255.70499999999998,combined_training_datasets_unique_no_oe.sdf
COc1cc2[nH]c(N(C)CCCNC(=O)C3CCCO3)nc(=N)c2cc1OC,28,389.45600000000024,combined_training_datasets_unique_no_oe.sdf
COc1cc2[nH]c(N3CCN(C(=O)C4CCCO4)CC3)nc(=N)c2cc1OC,28,387.4400000000003,combined_training_datasets_unique_no_oe.sdf
COc1cc2[nH]c(N3CCN(C(=O)C4COc5ccccc5O4)CC3)nc(=N)c2cc1OC,33,451.4830000000003,combined_training_datasets_unique_no_oe.sdf
COc1cc2[nH]c(N3CCN(C(=O)c4ccco4)CC3)nc(=N)c2cc1OC,28,383.4080000000002,combined_training_datasets_unique_no_oe.sdf
COc1cc2c(cc1OC)C13CCN4C1CC1C(=CCOC5CC(=O)N2C3C51)[C@@H]4S(=O)(=O)O,33,474.53500000000025,combined_training_datasets_unique_no_oe.sdf
COc1cc2c(cc1OC)N=C(N)NC2,15,207.233,combined_training_datasets_unique_no_oe.sdf
COc1cc2c(cc1OC)[C@]13CCN4CC5=CCO[C@H]6CC(=O)N2[C@H]1C6[C@@]5(S(=O)(=O)O)C[C@H]43,33,474.5350000000003,combined_training_datasets_unique_no_oe.sdf
COc1ccc(-c2cc(C(=O)O)[nH]n2)cc1,16,218.212,combined_training_datasets_unique_no_oe.sdf
COc1ccc(-c2ccc(CCCN(C)C)cc2)cc1,20,269.3879999999999,combined_training_datasets_unique_no_oe.sdf
COc1ccc(-c2cn3cc[nH]c3n2)c(OC)c1,18,243.26600000000002,combined_training_datasets_unique_no_oe.sdf
COc1ccc(-c2nn[nH]n2)cc1,13,176.179,combined_training_datasets_unique_no_oe.sdf
COc1ccc(-n2cc(C=NO)[n+](C)c2)cc1,17,232.263,combined_training_datasets_unique_no_oe.sdf
COc1ccc(-n2cc(C=NO)[n+](C)c2SC)cc1,19,278.357,combined_training_datasets_unique_no_oe.sdf
COc1ccc(=NS(=O)(=O)c2ccc(N)cc2)[nH]n1,19,280.30899999999997,combined_training_datasets_unique_no_oe.sdf
COc1ccc(C(=O)C(=NO)SCC[N+](C)(C)C)cc1,20,297.40000000000003,combined_training_datasets_unique_no_oe.sdf
COc1ccc(C(=O)O[C@H]2OC(C(=O)O)[C@H](O)[C@@H](O)[C@@H]2O)cc1OC,25,358.2990000000001,combined_training_datasets_unique_no_oe.sdf
COc1ccc(C2(c3cccc(-c4cncnc4)c3)CCC(=N)N2)cc1,26,344.418,combined_training_datasets_unique_no_oe.sdf
COc1ccc(C2(c3cccc(-c4cncnc4)c3)N=C(C(C)C)C(=N)N2)cc1,29,385.47100000000006,combined_training_datasets_unique_no_oe.sdf
COc1ccc(C2(c3cccc(-c4cncnc4)c3)N=C(C)C(=N)N2)cc1,27,357.4170000000001,combined_training_datasets_unique_no_oe.sdf
COc1ccc(CCCN(C)C)cc1,14,193.29,combined_training_datasets_unique_no_oe.sdf
COc1ccc(CCCN(C)C)cc1Cl,15,227.73499999999999,combined_training_datasets_unique_no_oe.sdf
COc1ccc(CN=C(N)C(Cl)(Cl)Br)cc1,16,326.02099999999996,combined_training_datasets_unique_no_oe.sdf
COc1ccc(CN=C(N)C(Cl)(Cl)Cl)cc1,16,281.57,combined_training_datasets_unique_no_oe.sdf
COc1ccc(Cn2cc(-c3nn[nH]n3)c(=O)c3c(F)ccc(F)c32)cc1,27,369.331,combined_training_datasets_unique_no_oe.sdf
COc1ccc(N(Cc2nn[nH]n2)Cc2ccc(Cl)cc2Cl)cc1,24,364.23600000000005,combined_training_datasets_unique_no_oe.sdf
COc1ccc(N(Cc2nn[nH]n2)Cc2ccc(F)cc2F)cc1,24,331.326,combined_training_datasets_unique_no_oe.sdf
COc1ccc(N=C(N)c2cccs2)cc1CSC1CCCC1,23,346.5210000000002,combined_training_datasets_unique_no_oe.sdf
COc1ccc(NC(=O)C(C#N)=NO)cc1,16,219.20000000000002,combined_training_datasets_unique_no_oe.sdf
COc1ccc(NC(=O)c2cn(C)c(O)c2O)cc1,19,262.265,combined_training_datasets_unique_no_oe.sdf
COc1ccc(O)c(C=NNC(=S)Cc2ccccc2)c1,21,300.383,combined_training_datasets_unique_no_oe.sdf
COc1ccc(OC(=O)N(C)CCN)cc1,16,224.25999999999996,combined_training_datasets_unique_no_oe.sdf
COc1ccc(OC(=O)NCCCN)cc1,16,224.25999999999996,combined_training_datasets_unique_no_oe.sdf
COc1ccc(OC(=O)NCCN)cc1,15,210.23299999999998,combined_training_datasets_unique_no_oe.sdf
COc1ccc(OC)c(NC2=NCCN2)c1,16,221.26,combined_training_datasets_unique_no_oe.sdf
COc1ccc([C@@H]2Sc3ccccc3N(CCN(C)C)C(=O)C2OC(C)=O)cc1,29,414.5270000000002,combined_training_datasets_unique_no_oe.sdf
COc1ccc([C@H]2CC2C(=O)O)cc1,14,192.214,combined_training_datasets_unique_no_oe.sdf
COc1ccc2[nH]c3cc(Cl)ccc3c(=Nc3ccc(NS(C)(=O)=O)cc3OC)c2c1,31,457.9390000000002,combined_training_datasets_unique_no_oe.sdf
COc1ccc2[nH]c3ccccc3c(=Nc3ccc(NS(C)(=O)=O)cc3OC)c2c1,30,423.49400000000014,combined_training_datasets_unique_no_oe.sdf
COc1ccc2c(=Nc3ccc(NS(C)(=O)=O)cc3OC)c3ccccc3[nH]c2c1,30,423.49400000000014,combined_training_datasets_unique_no_oe.sdf
COc1ccc2c3c1OC1C(=O)CC[C@@]4(O)[C@@H](C2)N(C)CC[C@]314,23,315.3690000000001,combined_training_datasets_unique_no_oe.sdf
COc1ccc2c3c1OC1C(=O)CC[C@H]4[C@@H](C2)N(C)CC[C@]314,22,299.37,combined_training_datasets_unique_no_oe.sdf
COc1ccc2c3c1OC1C(=O)CC[C@]4(O)[C@H](C2)N(C)CC[C@@]314,23,315.3690000000001,combined_training_datasets_unique_no_oe.sdf
COc1ccc2ccc(S(=O)(=O)N(C)C3CCN(Cc4ccc5[nH]cnc(=N)c5c4)C3=O)cc2c1,35,491.57300000000026,combined_training_datasets_unique_no_oe.sdf
COc1ccc2ccc(S(=O)(=O)NC(CCCN=c3cccc[nH]3)C(=O)N3CCC(C)CC3)cc2c1,36,510.6600000000004,combined_training_datasets_unique_no_oe.sdf
COc1ccc2ccc(S(=O)(=O)NC3CCN(Cc4ccc5[nH]c(=N)ccc5c4)C3=O)cc2c1,34,476.5580000000003,combined_training_datasets_unique_no_oe.sdf
COc1ccc2ccc(S(=O)(=O)NC3CCN(Cc4ccc5cc[nH]c(=N)c5c4)C3=O)cc2c1,34,476.5580000000003,combined_training_datasets_unique_no_oe.sdf
COc1ccc2ccc(S(=O)(=O)NC3CCN(Cc4ccc5ccc(=N)[nH]c5c4)C3=O)cc2c1,34,476.5580000000003,combined_training_datasets_unique_no_oe.sdf
COc1cccc(-c2cccc(C3(C)CCSC(=N)N3)c2)c1,22,312.43799999999993,combined_training_datasets_unique_no_oe.sdf
COc1cccc(-c2cccc(C3(C)COCC(=N)N3)c2)c1,22,296.36999999999995,combined_training_datasets_unique_no_oe.sdf
COc1cccc(-c2cccc(C3(C)CSCC(=N)N3)c2)c1,22,312.438,combined_training_datasets_unique_no_oe.sdf
COc1cccc(-c2cccc(C3(C)N=C(C)C(=N)N3)c2)c1,22,293.36999999999995,combined_training_datasets_unique_no_oe.sdf
COc1cccc(-c2cccc(C3(C4CCN(C(C)=O)CC4)N=C(C)C(=N)N3)c2)c1,30,404.5140000000002,combined_training_datasets_unique_no_oe.sdf
COc1cccc(-c2cccc(C3(C4CCOCC4)N=C(C)C(=N)N3)c2)c1,27,363.4610000000001,combined_training_datasets_unique_no_oe.sdf
COc1cccc(-c2nn[nH]n2)c1,13,176.179,combined_training_datasets_unique_no_oe.sdf
COc1cccc(O)n1,9,125.12699999999997,combined_training_datasets_unique_no_oe.sdf
COc1cccc(OC)c1-c1nc2cccnc2[nH]1,19,255.27700000000002,combined_training_datasets_unique_no_oe.sdf
COc1ccccc1-c1nn[nH]n1,13,176.179,combined_training_datasets_unique_no_oe.sdf
COc1ccccc1N=c1c2ccccc2[nH]c2ccc(C(C)C)c(NS(C)(=O)=O)c12,31,435.5490000000002,combined_training_datasets_unique_no_oe.sdf
COc1ccccc1NC(=O)c1cn(-c2ccccc2)c(O)c1O,24,324.336,combined_training_datasets_unique_no_oe.sdf
COc1ccccc1NC(=O)c1cn(C)c(O)c1O,19,262.265,combined_training_datasets_unique_no_oe.sdf
COc1ccccc1Oc1c(OCCO)[nH]c(-c2ncccn2)nc1=NS(=O)(=O)c1ccc(C(C)(C)C)cc1,39,551.6250000000002,combined_training_datasets_unique_no_oe.sdf
COc1cnc(C(=O)Nc2ccc(F)c([C@]3(C)COCC(=N)N3)c2)cn1,26,359.36100000000016,combined_training_datasets_unique_no_oe.sdf
COc1nc(=N)c2cnn(C)c2[nH]1,13,179.183,combined_training_datasets_unique_no_oe.sdf
COc1nc(=N)c2ncn([C@H]3O[C@@H](CO)[C@H](O)[C@@H]3O)c2[nH]1,21,297.271,combined_training_datasets_unique_no_oe.sdf
COc1nc(=O)cc(C)[nH]1,10,140.14199999999997,combined_training_datasets_unique_no_oe.sdf
COc1nc2cncnc2[nH]1,11,150.14100000000002,combined_training_datasets_unique_no_oe.sdf
COc1noc2c1CCNC2,11,154.16899999999998,combined_training_datasets_unique_no_oe.sdf
COc1noc2c1CN(C)CC2,12,168.196,combined_training_datasets_unique_no_oe.sdf
COc1noc2c1CN(Cc1ccccc1)CC2,18,244.294,combined_training_datasets_unique_no_oe.sdf
COc1noc2c1CNCC2,11,154.16899999999998,combined_training_datasets_unique_no_oe.sdf
CS(=O)(=O)NCc1ccccc1N=c1c2ccccc2[nH]c2ccccc12,27,377.4690000000001,combined_training_datasets_unique_no_oe.sdf
CS(=O)(=O)Nc1ccc(N=c2c3ccccc3[nH]c3ccccc23)c(Cl)c1,27,397.88700000000006,combined_training_datasets_unique_no_oe.sdf
CS(=O)(=O)Nc1ccccc1N=c1c2ccccc2[nH]c2ccccc12,26,363.4420000000001,combined_training_datasets_unique_no_oe.sdf
CS(=O)(=O)OCCCNCCCOS(C)(=O)=O,17,289.37500000000006,combined_training_datasets_unique_no_oe.sdf
CS(=O)(=O)c1ccc(C(CC2CCCC2)C(=O)N=c2cnc(C(O)CO)c[nH]2)cc1Cl,31,467.97500000000025,combined_training_datasets_unique_no_oe.sdf
CSC1N=CCN1,7,116.189,combined_training_datasets_unique_no_oe.sdf
CSCC(=O)C=NO,8,133.172,combined_training_datasets_unique_no_oe.sdf
CSc1n(-c2ccc(C)cc2)cc(C=NO)[n+]1C,18,262.358,combined_training_datasets_unique_no_oe.sdf
CSc1n(-c2ccccc2)cc(C=NO)[n+]1C,17,248.33100000000005,combined_training_datasets_unique_no_oe.sdf
CSc1nc(=N)c2[nH]cnc2[nH]1,12,181.22400000000002,combined_training_datasets_unique_no_oe.sdf
C[C@@H]1CC1C(=O)O,7,100.117,combined_training_datasets_unique_no_oe.sdf
C[C@@H]1CCCC(C(=O)O)C1,10,142.198,combined_training_datasets_unique_no_oe.sdf
C[C@@H]1CCCCC1C(=O)O,10,142.19799999999998,combined_training_datasets_unique_no_oe.sdf
C[C@@H]1CN(C(=O)c2nc(=Nc3cc(C4CC4)[nH]n3)c3cc(Cl)ccc3[nH]2)CCN1,29,411.8970000000002,combined_training_datasets_unique_no_oe.sdf
C[C@@H]1N=C(NCC(F)F)Nc2ccc(Cl)c(Cl)c21,18,294.13199999999995,combined_training_datasets_unique_no_oe.sdf
C[C@@](Cc1c[nH]c2ccccc12)(NC(=O)OC1C2CC3CC(C2)CC1C3)C(=O)NC[C@@H](NC(=O)CCn1[nH]nnc1=S)c1ccccc1,48,670.8400000000003,combined_training_datasets_unique_no_oe.sdf
C[C@@]1(c2cc(NC(=O)c3ccc(C#N)cn3)ccc2F)CCOC(=N)N1,26,353.3570000000001,combined_training_datasets_unique_no_oe.sdf
C[C@@]1(c2cc(NC(=O)c3ccc(C#N)cn3)ccc2F)C[C@@H](C(F)(F)F)OC(=N)N1,30,421.3540000000001,combined_training_datasets_unique_no_oe.sdf
C[C@@]1(c2cc(NC(=O)c3ccc(C#N)cn3)ccc2F)C[C@H](C(F)(F)F)OC(=N)N1,30,421.3540000000001,combined_training_datasets_unique_no_oe.sdf
C[C@@]1(c2cc(NC(=O)c3ccc(Cl)cn3)ccc2F)CCCOC(=N)N1,26,376.819,combined_training_datasets_unique_no_oe.sdf
C[C@@]1(c2cc(NC(=O)c3ccc(Cl)cn3)ccc2F)CCOC(=N)N1,25,362.7920000000001,combined_training_datasets_unique_no_oe.sdf
C[C@@]1(c2cc(NC(=O)c3ccc(Cl)cn3)ccc2F)CCOCC(=N)N1,26,376.819,combined_training_datasets_unique_no_oe.sdf
C[C@@]1(c2cc(NC(=O)c3ccc(Cl)cn3)ccc2F)CCSC(=N)N1,25,378.86000000000007,combined_training_datasets_unique_no_oe.sdf
C[C@@]1(c2cc(NC(=O)c3ccc(Cl)cn3)ccc2F)COCC(=N)N1,25,362.7920000000001,combined_training_datasets_unique_no_oe.sdf
C[C@@]1(c2cc(NC(=O)c3ccc(Cl)cn3)ccc2F)Cc2ccccc2C(=N)N1,29,408.8640000000001,combined_training_datasets_unique_no_oe.sdf
C[C@@]1(c2cc(NC(=O)c3ncc(Cl)cc3Cl)ccc2F)CCOC(=N)N1,26,397.2370000000001,combined_training_datasets_unique_no_oe.sdf
C[C@@]1(c2cccc(NC(=O)c3ccc(Cl)cn3)c2)COC(=N)N1,23,330.77500000000003,combined_training_datasets_unique_no_oe.sdf
C[C@@]1(c2cccc(NC(=O)c3ccc(Cl)cn3)c2)COCC(=N)N1,24,344.8020000000001,combined_training_datasets_unique_no_oe.sdf
C[C@@]12COCC[C@H]1Oc1ccc(-c3cccnc3F)cc1[C@@]21COC(=N)N1,27,369.396,combined_training_datasets_unique_no_oe.sdf
C[C@H]([C@@H]1CC1C(=O)O)[C@H]1CC[C@H]2[C@@H]3[C@@H](O)CC4C[C@H](O)CC[C@]4(C)[C@H]3CC[C@]12C,29,404.59100000000024,combined_training_datasets_unique_no_oe.sdf
C[C@@H]([C@H]1CC[C@H]2[C@@H]3[C@@H](O)CC4C[C@H](O)CC[C@]4(C)[C@H]3CC[C@]12C)[C@H]1CC1C(=O)O,29,404.59100000000024,combined_training_datasets_unique_no_oe.sdf
C[C@H]1CCCCC1C(=O)O,10,142.19799999999998,combined_training_datasets_unique_no_oe.sdf
C[C@@H]1CC[C@H](C)C1C(=O)O,10,142.198,combined_training_datasets_unique_no_oe.sdf
C[C@H]1CC[C@H]2[C@H](C)CCC(C(=O)O)N2C1,15,211.30499999999998,combined_training_datasets_unique_no_oe.sdf
C[C@@H]1CN(C(=O)C2CN(C(C)(C)C)C[C@H]2c2ccc(F)cc2F)C[C@H](C)[C@@]1(O)c1ccc(F)cc1,35,488.5940000000002,combined_training_datasets_unique_no_oe.sdf
C[C@@H]1CN(C(=O)C2CN(C(C)(C)C)C[C@H]2c2ccc(F)cc2F)C[C@H](C)[C@@]1(O)c1ccccc1,34,470.60400000000027,combined_training_datasets_unique_no_oe.sdf
C[C@H]1N=C(NCC(F)F)Nc2ccc(Cl)c(Cl)c21,18,294.13199999999995,combined_training_datasets_unique_no_oe.sdf
C[C@H]1OCC[C@H]2Oc3ccc(-c4cccnc4F)cc3[C@@]3(COC(=N)N3)[C@H]12,27,369.396,combined_training_datasets_unique_no_oe.sdf
C[C@H]1SC(=N)N[C@@]2(c3ccc(F)cc3F)CO[C@@H](c3cnn(C)c3)C[C@@H]12,26,378.44800000000004,combined_training_datasets_unique_no_oe.sdf
C[C@](Cc1c[nH]c2ccccc12)(NC(=O)OC1C2CC3CC(C2)CC1C3)C(=O)NCC(NC(=O)CCc1nn[nH]n1)c1ccccc1,47,638.7730000000003,combined_training_datasets_unique_no_oe.sdf
C[C@]12CC(C(=O)O)OC(=O)C1CC[C@@]1(C)[C@@H]2[C@H]2CCC1(O)C(=O)O2,24,338.356,combined_training_datasets_unique_no_oe.sdf
C[C@]12CCOC[C@@H]1[C@]1(COC(=N)N1)c1cc(-c3cc(F)cc(Cl)c3)ccc1O2,28,402.8530000000002,combined_training_datasets_unique_no_oe.sdf
C[N+](C)(C)CCC[N+](C)(C)CCCNC(=O)C=NO,19,274.409,combined_training_datasets_unique_no_oe.sdf
C[N+](C)(C)CCOC(=O)C=Cc1c[nH]cn1,16,224.28400000000002,combined_training_datasets_unique_no_oe.sdf
C[N+](C)(C)CCSC(=NO)C(=O)c1ccc(Br)cc1,19,346.27,combined_training_datasets_unique_no_oe.sdf
C[N+](C)(C)CCSC(=NO)C(=O)c1ccc(Cl)cc1,19,301.819,combined_training_datasets_unique_no_oe.sdf
C[N+](C)(C)CCSC(=NO)C(=O)c1ccc(F)cc1,19,285.36400000000003,combined_training_datasets_unique_no_oe.sdf
C[N+](C)(C)c1ccc2c(c1)CCCC2=NN,16,218.32399999999993,combined_training_datasets_unique_no_oe.sdf
C[S+](C)CC(=O)C=NO,9,148.207,combined_training_datasets_unique_no_oe.sdf
C[n+]1ccc(C=NO)cc1,10,137.162,combined_training_datasets_unique_no_oe.sdf
C[n+]1cccc(C=NO)c1,10,137.162,combined_training_datasets_unique_no_oe.sdf
C[n+]1ccccc1C=Cc1ccc(O)cc1,16,212.272,combined_training_datasets_unique_no_oe.sdf
C[n+]1ccn(CCC[n+]2ccc(C=NO)cc2)c1,18,246.31399999999996,combined_training_datasets_unique_no_oe.sdf
C[n+]1cn(-c2ccccc2)cc1C=NO,15,202.237,combined_training_datasets_unique_no_oe.sdf
Cc1[nH]c(=NS(=O)(=O)c2ccc(N)cc2)sc1C,18,283.37800000000004,combined_training_datasets_unique_no_oe.sdf
Cc1[nH]nc2[nH]cnc(=N)c12,11,149.157,combined_training_datasets_unique_no_oe.sdf
Cc1c(F)cccc1[C@H]1COC(=N)N1,14,194.20899999999997,combined_training_datasets_unique_no_oe.sdf
Cc1c(OCCN(C)C)no[n+]1[O-],13,187.19899999999998,combined_training_datasets_unique_no_oe.sdf
Cc1c(OCCN)no[n+]1[O-],11,159.14500000000004,combined_training_datasets_unique_no_oe.sdf
Cc1c2cc[nH]cc2cc2c1nc1cc[nH+]cc12,18,233.274,combined_training_datasets_unique_no_oe.sdf
Cc1c2cc[nH]cc2cc2c1nc1ccncc12,18,233.274,combined_training_datasets_unique_no_oe.sdf
Cc1c[nH]c(=NS(=O)(=O)c2ccc(N)cc2)nc1C,19,278.33700000000005,combined_training_datasets_unique_no_oe.sdf
Cc1c[nH]c(N2CCc3ccccc3C2)cc1=N,18,239.32199999999997,combined_training_datasets_unique_no_oe.sdf
Cc1c[nH]c(N2CCc3ccccc3C2)cc1=NCCO,21,283.37500000000006,combined_training_datasets_unique_no_oe.sdf
Cc1cc(=N)cc(N2CCc3ccccc3C2)[nH]1,18,239.32199999999997,combined_training_datasets_unique_no_oe.sdf
Cc1cc(=NCCO)cc(N2CCc3ccccc3C2)[nH]1,21,283.37500000000006,combined_training_datasets_unique_no_oe.sdf
Cc1cc(=NN)[nH]c2ccccc12,13,173.219,combined_training_datasets_unique_no_oe.sdf
Cc1cc(=NS(=O)(=O)c2ccc(N)cc2)[nH]o1,17,253.28300000000002,combined_training_datasets_unique_no_oe.sdf
Cc1cc(=O)[nH+]c(S)[nH]1,9,142.18299999999996,combined_training_datasets_unique_no_oe.sdf
Cc1cc(=O)c(O)ccc1Br,11,215.046,combined_training_datasets_unique_no_oe.sdf
Cc1cc(=O)cc(O)o1,9,126.11099999999999,combined_training_datasets_unique_no_oe.sdf
Cc1cc(=O)n(-c2ccc(OCCCCC(CO[N+](=O)[O-])O[N+](=O)[O-])cc2)[nH]1,28,396.35600000000005,combined_training_datasets_unique_no_oe.sdf
Cc1cc(=O)n(-c2ccc(OCCCCCCO[N+](=O)[O-])cc2)[nH]1,24,335.35999999999996,combined_training_datasets_unique_no_oe.sdf
Cc1cc(=O)n(-c2ccc(OCCCO[N+](=O)[O-])cc2)[nH]1,21,293.27899999999994,combined_training_datasets_unique_no_oe.sdf
Cc1cc(=O)n(-c2ccc(OCCCOc3no[n+]([O-])c3-c3ccccc3)cc2)[nH]1,30,408.41400000000004,combined_training_datasets_unique_no_oe.sdf
Cc1cc(=O)n(-c2ccc(OCCCOc3no[n+]([O-])c3S(=O)(=O)c3ccccc3)cc2)[nH]1,33,472.4790000000001,combined_training_datasets_unique_no_oe.sdf
Cc1cc(=O)n(-c2ccc(OCc3no[n+]([O-])c3C#N)cc2)[nH]1,23,313.273,combined_training_datasets_unique_no_oe.sdf
Cc1cc(=O)oc2cc(O[C@@H]3OC(C(=O)O)[C@@H](O)[C@H](O)[C@H]3O)ccc12,25,352.2950000000001,combined_training_datasets_unique_no_oe.sdf
Cc1cc(=S)[nH+]c(S)[nH]1,9,158.25099999999998,combined_training_datasets_unique_no_oe.sdf
Cc1cc(=[SH])[nH]cn1,8,127.19199999999998,combined_training_datasets_unique_no_oe.sdf
Cc1cc(Br)cc(C)c1NC1=NCCN1,15,268.15799999999996,combined_training_datasets_unique_no_oe.sdf
Cc1cc(C(=O)Nc2ccc(-c3ccccc3S(N)(=O)=O)cc2)n(-c2ccc(=N)[nH]c2)n1,32,448.50800000000015,combined_training_datasets_unique_no_oe.sdf
Cc1cc(C(=O)Nc2ccc(-c3ccccc3S(N)(=O)=O)cc2)n(-c2ccc3cc[nH]c(=N)c3c2)n1,36,498.5680000000002,combined_training_datasets_unique_no_oe.sdf
Cc1cc(C(F)(F)F)ccc1-c1cccc2cc(S(=O)(=O)N=c3[nH]cns3)ccc12,30,449.47900000000004,combined_training_datasets_unique_no_oe.sdf
Cc1cc(C)[nH]c(=N)n1,9,123.15899999999998,combined_training_datasets_unique_no_oe.sdf
Cc1cc(C)[nH]c(=NS(=O)(=O)c2ccc(N)cc2)n1,19,278.337,combined_training_datasets_unique_no_oe.sdf
Cc1cc(C)c(N=Nc2c(C)cc(O)cc2C)c(C)c1,20,268.36,combined_training_datasets_unique_no_oe.sdf
Cc1cc(C)c(NC2=NCCN2)c(C)c1,15,203.289,combined_training_datasets_unique_no_oe.sdf
Cc1cc(C)c(NC2=NCCN2)c(Cl)c1,15,223.707,combined_training_datasets_unique_no_oe.sdf
Cc1cc(C)cc(N=C2C(=O)c3ccccc3C(=O)C2NS(=O)(=O)C2CCCCC2)c1,31,438.54900000000026,combined_training_datasets_unique_no_oe.sdf
Cc1cc(C)cc(N=C2C(=O)c3ccccc3C(=O)C2NS(=O)(=O)Cc2ccccc2)c1,32,446.5280000000002,combined_training_datasets_unique_no_oe.sdf
Cc1cc(C)cc(N=C2C(=O)c3ccccc3C(=O)C2NS(=O)(=O)c2c(F)cccc2F)c1,33,468.48100000000017,combined_training_datasets_unique_no_oe.sdf
Cc1cc(C)cc(N=C2C(=O)c3ccccc3C(=O)C2NS(=O)(=O)c2ccc(F)cc2)c1,32,450.4910000000002,combined_training_datasets_unique_no_oe.sdf
Cc1cc(C)cc(N=C2C(=O)c3ccccc3C(=O)C2NS(=O)(=O)c2ccccc2)c1,31,432.5010000000002,combined_training_datasets_unique_no_oe.sdf
Cc1cc(C)cc(N=C2C(=O)c3ccccc3C(=O)C2NS(=O)(=O)c2ccccc2C)c1,32,446.52800000000025,combined_training_datasets_unique_no_oe.sdf
Cc1cc(C)cc(N=C2C(=O)c3ccccc3C(=O)C2NS(=O)(=O)c2ccco2)c1,30,422.46200000000016,combined_training_datasets_unique_no_oe.sdf
Cc1cc(C)cc(N=C2C(=O)c3ccccc3C(=O)C2NS(C)(=O)=O)c1,26,370.4300000000001,combined_training_datasets_unique_no_oe.sdf
Cc1cc(Cl)c(NC2=NCCN2)c(Cl)c1,15,244.125,combined_training_datasets_unique_no_oe.sdf
Cc1cc(Cl)cc(C)c1NC1=NCCN1,15,223.707,combined_training_datasets_unique_no_oe.sdf
Cc1cc(Cl)cc(Cl)c1NC1=NCCN1,15,244.125,combined_training_datasets_unique_no_oe.sdf
Cc1cc(Cl)ccc1NC1=NCCN1,14,209.67999999999998,combined_training_datasets_unique_no_oe.sdf
Cc1cc(N)ccc1S(=O)(=O)N=c1[nH]ccs1,17,269.351,combined_training_datasets_unique_no_oe.sdf
Cc1cc(O)ccc1N=Nc1ccc2c(c1)Cc1ccccc1-2,23,300.361,combined_training_datasets_unique_no_oe.sdf
Cc1cc(O)nc2c1CCO2,11,151.165,combined_training_datasets_unique_no_oe.sdf
Cc1cc(OCCC=NN=C(N)N)cc(OS(=O)(=O)c2ccccc2C#N)c1,28,401.44800000000015,combined_training_datasets_unique_no_oe.sdf
Cc1cc(OCCC=NN=C(N)N)cc(OS(=O)(=O)c2ccccc2Cl)c1,27,410.88300000000015,combined_training_datasets_unique_no_oe.sdf
Cc1cc(S(=O)(=O)N=c2[nH]ccs2)ccc1N,17,269.351,combined_training_datasets_unique_no_oe.sdf
Cc1cc([C@H]2C[C@H]3[C@@H](C)SC(=N)N[C@@]3(c3ccc(F)cc3F)CO2)on1,26,379.432,combined_training_datasets_unique_no_oe.sdf
Cc1cc([C@H]2C[C@H]3[C@@H](CF)SC(=N)N[C@@]3(c3ccc(F)cc3F)CO2)on1,27,397.422,combined_training_datasets_unique_no_oe.sdf
Cc1cc2[nH]c(=NC(=N)N)nc(C)c2cc1C,17,229.28699999999998,combined_training_datasets_unique_no_oe.sdf
Cc1cc2cc[nH]c2c(C(=O)N=c2[nH]cc(C)[nH]2)n1,19,255.28100000000003,combined_training_datasets_unique_no_oe.sdf
Cc1cc2cc[nH]c2c(C(=O)N=c2cccc(C)[nH]2)n1,20,266.304,combined_training_datasets_unique_no_oe.sdf
Cc1cc2cc[nH]c2c(C(=O)N=c2cccc[nH]2)n1,19,252.27700000000002,combined_training_datasets_unique_no_oe.sdf
Cc1cc[nH]c(=N)n1,8,109.13199999999998,combined_training_datasets_unique_no_oe.sdf
Cc1cc[nH]c(=NS(=O)(=O)c2ccc(Cl)cc2)n1,18,283.74,combined_training_datasets_unique_no_oe.sdf
Cc1cc[nH]c(=NS(=O)(=O)c2ccc(N)cc2)n1,18,264.31,combined_training_datasets_unique_no_oe.sdf
Cc1cc[nH]c(=[SH])[nH+]1,8,127.19199999999996,combined_training_datasets_unique_no_oe.sdf
Cc1ccc(-n2cc(C=NO)[n+](C)c2)cc1,16,216.264,combined_training_datasets_unique_no_oe.sdf
Cc1ccc(/C=C2\CN(C(=O)c3ccc(OCCN(C)C)cc3)C/C(=C\c3ccc(C)cc3)C2=O)cc1,37,494.6350000000003,combined_training_datasets_unique_no_oe.sdf
Cc1ccc(Br)c(=O)c(O)c1,11,215.046,combined_training_datasets_unique_no_oe.sdf
Cc1ccc(C(=O)C(=NO)SCC[N+](C)(C)C)cc1,19,281.401,combined_training_datasets_unique_no_oe.sdf
Cc1ccc(C(=O)N=C(N)NCCCCc2ccccc2)cc1,23,309.41299999999995,combined_training_datasets_unique_no_oe.sdf
Cc1ccc(C(=O)N=C(N)Nc2ccc(C(C)C)cc2)cc1,22,295.38599999999997,combined_training_datasets_unique_no_oe.sdf
Cc1ccc(C(C)C(=O)O)cc2c(C)ccc1-2,17,228.29099999999997,combined_training_datasets_unique_no_oe.sdf
Cc1ccc(CCCN(C)C)cc1,13,177.291,combined_training_datasets_unique_no_oe.sdf
Cc1ccc(COC[n+]2ccc(C=NO)cc2)cc1,19,257.31300000000005,combined_training_datasets_unique_no_oe.sdf
Cc1ccc(COC[n+]2cccc(C=NO)c2)cc1,19,257.31300000000005,combined_training_datasets_unique_no_oe.sdf
Cc1ccc(Cl)cc1NC1=NCCN1,14,209.68,combined_training_datasets_unique_no_oe.sdf
Cc1ccc(N(Cc2nn[nH]n2)Cc2ccc(Cl)cc2Cl)cc1,23,348.2370000000001,combined_training_datasets_unique_no_oe.sdf
Cc1ccc(N(Cc2nn[nH]n2)Cc2ccc(F)cc2F)cc1,23,315.327,combined_training_datasets_unique_no_oe.sdf
Cc1ccc(N=Nc2ccc(N(C)C)cc2)cc1C,19,253.34899999999996,combined_training_datasets_unique_no_oe.sdf
Cc1ccc(N=Nc2ccc(N)cc2)cc1,16,211.26799999999997,combined_training_datasets_unique_no_oe.sdf
Cc1ccc(NC(=O)C(C#N)=NO)cc1,15,203.20100000000002,combined_training_datasets_unique_no_oe.sdf
Cc1ccc(NC(=O)NC2N=C(c3ccccc3)c3ccccc3N(C)C2=O)cc1N(C)c1nn[nH]n1,37,495.5470000000002,combined_training_datasets_unique_no_oe.sdf
Cc1ccc(NC(=O)c2cn(C)c(O)c2O)cc1,18,246.266,combined_training_datasets_unique_no_oe.sdf
Cc1ccc(NC2=NCCN2)c(C)c1,14,189.26200000000003,combined_training_datasets_unique_no_oe.sdf
Cc1ccc(NC2=NCCN2)c(Cl)c1,14,209.68000000000004,combined_training_datasets_unique_no_oe.sdf
Cc1ccc(S(=O)(=O)NCCC(=N)N(C)C)cc1,18,269.37,combined_training_datasets_unique_no_oe.sdf
Cc1ccc(S(=O)(=O)NCCC(=N)N)cc1,16,241.316,combined_training_datasets_unique_no_oe.sdf
Cc1ccc(S(=O)(=O)NCCC(=N)[NH3+])cc1,16,241.316,combined_training_datasets_unique_no_oe.sdf
Cc1ccc([C@H]2CC2C(=O)O)cc1,13,176.215,combined_training_datasets_unique_no_oe.sdf
Cc1ccc2[nH]c(C(F)(F)F)nc(=O)c2c1,16,228.17299999999997,combined_training_datasets_unique_no_oe.sdf
Cc1ccc2[nH]c(C(F)F)nc(=O)c2c1,15,210.183,combined_training_datasets_unique_no_oe.sdf
Cc1ccc2[nH]c(CF)nc(=O)c2c1,14,192.193,combined_training_datasets_unique_no_oe.sdf
Cc1ccc2[nH]c3sc(N4CCN(C)CC4)nc3c(=O)c2c1,22,314.414,combined_training_datasets_unique_no_oe.sdf
Cc1cccc(-c2nn[nH]n2)c1,12,160.17999999999998,combined_training_datasets_unique_no_oe.sdf
Cc1cccc(C(=O)O)n1,10,137.13799999999998,combined_training_datasets_unique_no_oe.sdf
Cc1cccc(C)c1NC1=NCCN1,14,189.262,combined_training_datasets_unique_no_oe.sdf
Cc1cccc(Cl)c1NC1=NCCN1,14,209.68,combined_training_datasets_unique_no_oe.sdf
Cc1cccc(N=Nc2ccc(N)cc2)c1,16,211.26799999999997,combined_training_datasets_unique_no_oe.sdf
Cc1cccc(N=c2cc[nH]cc2S(=O)(=O)N=C(NC#N)N2CCCCCC2)c1,29,412.51900000000035,combined_training_datasets_unique_no_oe.sdf
Cc1ccccc1-c1nn[nH]n1,12,160.17999999999998,combined_training_datasets_unique_no_oe.sdf
Cc1ccccc1C=CC(=O)O,12,162.188,combined_training_datasets_unique_no_oe.sdf
Cc1ccccc1N=C(N)Nc1ccccc1C,18,239.322,combined_training_datasets_unique_no_oe.sdf
Cc1ccccc1NC1=NCCN1,13,175.23499999999999,combined_training_datasets_unique_no_oe.sdf
Cc1cnc(-c2ccccc2)c(O)n1,14,186.21400000000003,combined_training_datasets_unique_no_oe.sdf
Cc1coc(C2C[C@H]3[C@@H](C)SC(=N)N[C@@]3(c3ccc(F)cc3F)CO2)n1,26,379.432,combined_training_datasets_unique_no_oe.sdf
Cc1coc(C2C[C@H]3[C@@H](CF)SC(=N)N[C@@]3(c3ccc(F)cc3F)CO2)n1,27,397.422,combined_training_datasets_unique_no_oe.sdf
Cc1csc(=NS(=O)(=O)c2ccc(N)cc2)[nH]1,17,269.351,combined_training_datasets_unique_no_oe.sdf
Cc1n[nH]c(=NS(=O)(=O)c2ccc(N)cc2)s1,17,270.339,combined_training_datasets_unique_no_oe.sdf
Cc1nc(=N)c2c[nH]nc2[nH]1,11,149.15699999999998,combined_training_datasets_unique_no_oe.sdf
Cc1nc(=N)c2cnn(-c3ccccc3)c2[nH]1,17,225.255,combined_training_datasets_unique_no_oe.sdf
Cc1nc(=N)c2cnn(C)c2[nH]1,12,163.18399999999997,combined_training_datasets_unique_no_oe.sdf
Cc1nc(=N)c2ncsc2[nH]1,11,166.209,combined_training_datasets_unique_no_oe.sdf
Cc1nc(=NCc2ccco2)c2c[nH]nc2[nH]1,17,229.24300000000005,combined_training_datasets_unique_no_oe.sdf
Cc1nc(=NS(=O)(=O)c2ccc(N)cc2)[nH]o1,17,254.271,combined_training_datasets_unique_no_oe.sdf
Cc1nc(C(=O)O)cs1,9,143.167,combined_training_datasets_unique_no_oe.sdf
Cc1nc(C2CCN(C(=O)CCS(=O)(=O)c3ccc4cc(Cl)ccc4c3)CC2)c[nH]1,30,445.97200000000015,combined_training_datasets_unique_no_oe.sdf
Cc1nc2cccnc2[nH]1,10,133.154,combined_training_datasets_unique_no_oe.sdf
Cc1ncc2cc(-c3c(Cl)cccc3Cl)c(=NC(=O)c3ccco3)[nH]c2n1,27,399.2370000000001,combined_training_datasets_unique_no_oe.sdf
Cc1nnc(C=NO)s1,9,143.171,combined_training_datasets_unique_no_oe.sdf
Cc1noc(C=NO)n1,9,127.103,combined_training_datasets_unique_no_oe.sdf
Cc1nonc1C=NO,9,127.10299999999998,combined_training_datasets_unique_no_oe.sdf
Cc1nsc(C=NO)n1,9,143.17100000000002,combined_training_datasets_unique_no_oe.sdf
Cc1nsnc1C=NO,9,143.17100000000002,combined_training_datasets_unique_no_oe.sdf
Cc1onc(-c2c(Cl)cccc2Cl)c1C(=O)NC1C(=O)N2C(C(=O)O)C(C)(C)S[C@H]12,30,470.3340000000002,combined_training_datasets_unique_no_oe.sdf
Cc1onc(-c2ccccc2)c1C(=O)NC1C(=O)N2C(C(=O)O)C(C)(C)S[C@H]12,28,401.4440000000002,combined_training_datasets_unique_no_oe.sdf
Clc1cc(Br)cc(Cl)c1NC1=NCCN1,15,308.9940000000001,combined_training_datasets_unique_no_oe.sdf
Clc1cc(Cl)c(NC2=NCCN2)c(Cl)c1,15,264.543,combined_training_datasets_unique_no_oe.sdf
Clc1cc(Cl)c(NC2=NCCN2)cc1Cl,15,264.54299999999995,combined_training_datasets_unique_no_oe.sdf
Clc1ccc(CN(Cc2nn[nH]n2)c2ccccc2)c(Cl)c1,22,334.21000000000004,combined_training_datasets_unique_no_oe.sdf
Clc1ccc(CN(Cc2nn[nH]n2)c2ccccc2)cc1,21,299.76500000000004,combined_training_datasets_unique_no_oe.sdf
Clc1ccc(CN(Cc2nn[nH]n2)c2ccccc2)cc1Cl,22,334.21000000000004,combined_training_datasets_unique_no_oe.sdf
Clc1ccc(Cl)c(NC2=NCCN2)c1,14,230.098,combined_training_datasets_unique_no_oe.sdf
Clc1ccc(NC2=NCCN2)c(Cl)c1,14,230.09799999999998,combined_training_datasets_unique_no_oe.sdf
Clc1ccc2c(=NCc3nc(-c4ccccc4)co3)cc[nH]c2c1,24,335.79400000000004,combined_training_datasets_unique_no_oe.sdf
Clc1ccc2c(=NCc3nc(-c4ccccc4)cs3)cc[nH]c2c1,24,351.862,combined_training_datasets_unique_no_oe.sdf
Clc1cccc(-c2nn[nH]n2)c1,12,180.59799999999998,combined_training_datasets_unique_no_oe.sdf
Clc1cccc(Br)c1NC1=NCCN1,14,274.549,combined_training_datasets_unique_no_oe.sdf
Clc1cccc(NC2=NCCN2)c1Cl,14,230.09799999999996,combined_training_datasets_unique_no_oe.sdf
Clc1ccccc1-c1c[nH]nn1,12,179.61,combined_training_datasets_unique_no_oe.sdf
Clc1ccccc1-c1nn[nH]n1,12,180.59799999999998,combined_training_datasets_unique_no_oe.sdf
Clc1ccccc1CN(Cc1nn[nH]n1)c1ccccc1,21,299.765,combined_training_datasets_unique_no_oe.sdf
Clc1ccccc1NC1=NCCN1,13,195.65299999999996,combined_training_datasets_unique_no_oe.sdf
Clc1ncnc2[nH]cnc12,10,154.56000000000003,combined_training_datasets_unique_no_oe.sdf
Clc1nn[nH]n1,6,104.5,combined_training_datasets_unique_no_oe.sdf
Cn1[nH]c(=NN=O)nc1Cl,10,161.552,combined_training_datasets_unique_no_oe.sdf
Cn1[nH]c(Cl)nc1=NN=O,10,161.552,combined_training_datasets_unique_no_oe.sdf
Cn1c(=O)[nH]c2[nH]cnc2c1=O,12,166.14,combined_training_datasets_unique_no_oe.sdf
Cn1c(=O)c2c(O)cnnc2n(C)c1=O,15,208.177,combined_training_datasets_unique_no_oe.sdf
Cn1c(=O)c2c(ncn2CC(=O)O)n(C)c1=O,17,238.20299999999997,combined_training_datasets_unique_no_oe.sdf
Cn1c(=O)c2c[nH]nc2n(C)c1=O,13,180.167,combined_training_datasets_unique_no_oe.sdf
Cn1c(C=NO)[n+](C)c2ccccc21,14,190.226,combined_training_datasets_unique_no_oe.sdf
Cn1cc(C(=O)Nc2ccc(Cl)cc2)c(O)c1O,18,266.68399999999997,combined_training_datasets_unique_no_oe.sdf
Cn1cc(C(=O)Nc2ccc(F)cc2)c(O)c1O,18,250.22899999999998,combined_training_datasets_unique_no_oe.sdf
Cn1cc(C(=O)Nc2ccccc2)c(O)c1O,17,232.239,combined_training_datasets_unique_no_oe.sdf
Cn1cc(N)cc1C(=O)O,10,140.14199999999997,combined_training_datasets_unique_no_oe.sdf
Cn1cc([C@H]2C[C@H]3[C@@H](CF)SC(=N)N[C@@]3(c3ccc(F)cc3F)CO2)cn1,27,396.43800000000005,combined_training_datasets_unique_no_oe.sdf
Cn1cc[n+](COC(=O)C(C)(C)C)c1C=NO,17,240.283,combined_training_datasets_unique_no_oe.sdf
Cn1cc[n+](COC(=O)c2ccc3ccccc3c2)c1C=NO,23,310.333,combined_training_datasets_unique_no_oe.sdf
Cn1cc[n+](COC(C)(C)C(C)(C)C)c1C=NO,18,254.35399999999998,combined_training_datasets_unique_no_oe.sdf
Cn1cc[n+](COC(c2ccccc2)C2CCCC2)c1C=NO,23,314.409,combined_training_datasets_unique_no_oe.sdf
Cn1cc[n+](COC/C=C/C(C)(C)C)c1C=NO,18,252.338,combined_training_datasets_unique_no_oe.sdf
Cn1cc[n+](COC/C=C/c2ccccc2)c1C=NO,20,272.32800000000003,combined_training_datasets_unique_no_oe.sdf
Cn1cc[n+](COC2CCC2)c1C=NO,15,210.25699999999998,combined_training_datasets_unique_no_oe.sdf
Cn1cc[n+](COC2CCCC2)c1C=NO,16,224.28399999999996,combined_training_datasets_unique_no_oe.sdf
Cn1cc[n+](COC2CCCCC2)c1C=NO,17,238.31099999999995,combined_training_datasets_unique_no_oe.sdf
Cn1cc[n+](COC2CCCCCC2)c1C=NO,18,252.33799999999994,combined_training_datasets_unique_no_oe.sdf
Cn1cc[n+](COC2CCCCCCC2)c1C=NO,19,266.3649999999999,combined_training_datasets_unique_no_oe.sdf
Cn1cc[n+](COC2CCCCCCCCCCC2)c1C=NO,23,322.47299999999996,combined_training_datasets_unique_no_oe.sdf
Cn1cc[n+](COCC(C)(C)C)c1C=NO,16,226.3,combined_training_datasets_unique_no_oe.sdf
Cn1cc[n+](COCC2CC2)c1C=NO,15,210.25699999999998,combined_training_datasets_unique_no_oe.sdf
Cn1cc[n+](COCC2CCCCC2)c1C=NO,18,252.33799999999994,combined_training_datasets_unique_no_oe.sdf
Cn1cc[n+](COCC2CCCc3ccccc32)c1C=NO,22,300.382,combined_training_datasets_unique_no_oe.sdf
Cn1cc[n+](COCCCCc2ccccc2)c1C=NO,21,288.371,combined_training_datasets_unique_no_oe.sdf
Cn1cc[n+](COCCCc2ccccc2)c1C=NO,20,274.344,combined_training_datasets_unique_no_oe.sdf
Cn1cc[n+](COCCc2ccccc2C(F)(F)F)c1C=NO,23,328.314,combined_training_datasets_unique_no_oe.sdf
Cn1cc[n+](COCc2ccc(C(F)(F)F)cc2)c1C=NO,22,314.28700000000003,combined_training_datasets_unique_no_oe.sdf
Cn1cc[n+](COCc2ccc(F)cc2)c1C=NO,19,264.28000000000003,combined_training_datasets_unique_no_oe.sdf
Cn1cc[n+](COCc2cccc3c2CCCC3)c1C=NO,22,300.382,combined_training_datasets_unique_no_oe.sdf
Cn1cc[n+](COCc2cccc3ccccc23)c1C=NO,22,296.35,combined_training_datasets_unique_no_oe.sdf
Cn1cc[n+](COCc2ccccc2)c1C=NO,18,246.29000000000005,combined_training_datasets_unique_no_oe.sdf
Cn1cnc2[nH]c(=N)[nH]c(=O)c21,12,165.156,combined_training_datasets_unique_no_oe.sdf
Cn1cnc2[nH]c(N)[nH+]c(=O)c21,12,165.156,combined_training_datasets_unique_no_oe.sdf
Cn1cnc2c(=O)[nH]c(=N)[nH]c21,12,165.156,combined_training_datasets_unique_no_oe.sdf
Cn1cnc2c(O)ncnc21,11,150.141,combined_training_datasets_unique_no_oe.sdf
Cn1cnc2c1N=CNS2(=O)=O,12,186.196,combined_training_datasets_unique_no_oe.sdf
Cn1nccc1-c1cc(Cl)ccc1Oc1cc(F)c(S(=O)(=O)N=c2[nH]cns2)cc1F,31,483.9090000000001,combined_training_datasets_unique_no_oe.sdf
Cn1nccc1-c1cc(Cl)ccc1Oc1ccc(S(=O)(=O)N=c2[nH]cns2)cc1C#N,31,472.93900000000014,combined_training_datasets_unique_no_oe.sdf
Cn1nccc1-c1cc(Cl)ccc1Oc1ccc(S(=O)(=O)N=c2[nH]cns2)cc1F,30,465.9190000000001,combined_training_datasets_unique_no_oe.sdf
FC(F)(F)c1ccccc1NC1=NCCN1,16,229.20499999999998,combined_training_datasets_unique_no_oe.sdf
FC(F)(F)c1ncnc2[nH]cnc12,13,188.11200000000002,combined_training_datasets_unique_no_oe.sdf
Fc1ccc(CN(Cc2nn[nH]n2)c2ccccc2)c(F)c1,22,301.30000000000007,combined_training_datasets_unique_no_oe.sdf
Fc1ccc(CN(Cc2nn[nH]n2)c2ccccc2)cc1,21,283.31000000000006,combined_training_datasets_unique_no_oe.sdf
Fc1cccc(CN(Cc2nn[nH]n2)c2ccccc2)c1,21,283.31000000000006,combined_training_datasets_unique_no_oe.sdf
Fc1cccc(Cl)c1NC1=NCCN1,14,213.643,combined_training_datasets_unique_no_oe.sdf
Fc1cccc(F)c1NC1=NCCN1,14,197.188,combined_training_datasets_unique_no_oe.sdf
Fc1ccccc1CN(Cc1nn[nH]n1)c1ccccc1,21,283.31,combined_training_datasets_unique_no_oe.sdf
Fc1ccccc1N=c1[nH]c2nonc2[nH]c1=Nc1ccccc1F,25,340.29300000000006,combined_training_datasets_unique_no_oe.sdf
Ic1ccc(-c2nn[nH]n2)cc1,12,272.049,combined_training_datasets_unique_no_oe.sdf
Ic1nn[nH]n1,6,195.95100000000002,combined_training_datasets_unique_no_oe.sdf
N#CC(=NO)C(=O)Nc1cc(C(F)(F)F)cc(C(F)(F)F)c1,22,325.168,combined_training_datasets_unique_no_oe.sdf
N#CC(=NO)C(=O)Nc1cc(F)cc(F)c1,16,225.154,combined_training_datasets_unique_no_oe.sdf
N#CC(=NO)C(=O)Nc1ccc(-c2ccccc2)cc1,20,265.27200000000005,combined_training_datasets_unique_no_oe.sdf
N#CC(=NO)C(=O)Nc1ccc(C(F)(F)F)cc1,18,257.171,combined_training_datasets_unique_no_oe.sdf
N#CC(=NO)C(=O)Nc1ccc(F)cc1,15,207.16400000000002,combined_training_datasets_unique_no_oe.sdf
N#CC(=NO)C(=O)Nc1cccc(C(F)(F)F)c1,18,257.171,combined_training_datasets_unique_no_oe.sdf
N#CC(=NO)C(=O)Nc1cccc(F)c1,15,207.16400000000002,combined_training_datasets_unique_no_oe.sdf
N#CC(=NO)C(=O)Nc1ccccc1,14,189.17400000000004,combined_training_datasets_unique_no_oe.sdf
N#CC(=NO)C(=O)Nc1ccccc1F,15,207.16400000000002,combined_training_datasets_unique_no_oe.sdf
N#CC(=NO)C(N)=O,8,113.076,combined_training_datasets_unique_no_oe.sdf
N#CC(=NO)c1ccc(Sc2cc(F)cc(C3CCOCC3)c2)cc1,25,356.4220000000002,combined_training_datasets_unique_no_oe.sdf
N#CC(=Nc1ccc(C(=O)O)cc1)C(C#N)C#N,18,238.20599999999996,combined_training_datasets_unique_no_oe.sdf
N#CC(C#N)=NNc1ccc(N=Nc2ccccc2)cc1,21,274.28700000000003,combined_training_datasets_unique_no_oe.sdf
N#CCCN(CCC#N)c1nn[nH]n1,14,191.198,combined_training_datasets_unique_no_oe.sdf
N#C[C@H]1CCCCC1C(=O)O,11,153.18099999999998,combined_training_datasets_unique_no_oe.sdf
N#Cc1c(C2CC2)[nH]c(SCc2cccc(F)c2F)nc1=O,22,319.3360000000001,combined_training_datasets_unique_no_oe.sdf
N#Cc1c(CN2CCC(Br)CC2)no[n+]1[O-],16,287.117,combined_training_datasets_unique_no_oe.sdf
N#Cc1cc(C(F)(F)F)ccc1N1CCOc2cc(S(=O)(=O)N=c3[nH]ccs3)ccc21,31,466.46600000000007,combined_training_datasets_unique_no_oe.sdf
N#Cc1cc(C(F)(F)F)ccc1N1CCOc2cc(S(=O)(=O)N=c3[nH]cns3)ccc21,31,467.45400000000006,combined_training_datasets_unique_no_oe.sdf
N#Cc1cc(C(F)(F)F)ccc1N1CCOc2cc(S(=O)(=O)N=c3cc[nH]cn3)ccc21,32,461.42500000000007,combined_training_datasets_unique_no_oe.sdf
N#Cc1ccc(-c2ccc(C[C@@H](C#N)NC(=O)C3CCCCN3)cc2)cc1,27,358.4450000000002,combined_training_datasets_unique_no_oe.sdf
N#Cc1ccc(-c2ccc(C[C@@H](C#N)NC(=O)C3C[C@@H](O)CCN3)cc2)cc1,28,374.44400000000013,combined_training_datasets_unique_no_oe.sdf
N#Cc1ccc(-c2nn[nH]n2)cc1,13,171.16299999999998,combined_training_datasets_unique_no_oe.sdf
N#Cc1ccc(C(=O)Nc2ccc(F)c([C@]3(C(F)F)CCOC(=N)N3)c2)nc1,28,389.33700000000005,combined_training_datasets_unique_no_oe.sdf
N#Cc1ccc(C(=O)Nc2ccc(F)c([C@]3(CF)C[C@@H](C(F)(F)F)OC(=N)N3)c2)nc1,31,439.34400000000016,combined_training_datasets_unique_no_oe.sdf
N#Cc1ccc(O[C@H]2OC(C(=O)O)[C@H](O)[C@@H](O)[C@@H]2O)cc1,21,295.24700000000007,combined_training_datasets_unique_no_oe.sdf
N#Cc1cccc(-c2nn[nH]n2)c1,13,171.16299999999998,combined_training_datasets_unique_no_oe.sdf
N#Cc1ccccc1-c1nn[nH]n1,13,171.163,combined_training_datasets_unique_no_oe.sdf
N#Cc1ncnc2[nH]cnc12,11,145.12500000000003,combined_training_datasets_unique_no_oe.sdf
N=C(N)N1C2CC(OC(=O)C(CO)c3ccccc3)CC1C1OC12,24,331.372,combined_training_datasets_unique_no_oe.sdf
N=C(N)N1C2CCC1CC(OC(=O)C(CO)c1ccccc1)C2,23,317.38899999999995,combined_training_datasets_unique_no_oe.sdf
N=C(N)N=c1[nH]ccc2c(Cl)cc(-c3cccc(C(=O)O)c3)cc12,24,340.7700000000001,combined_training_datasets_unique_no_oe.sdf
N=C1NC(c2cccc(-c3cncnc3)c2)(c2ccnc(C(F)(F)F)c2)c2cccc(F)c21,33,449.4110000000001,combined_training_datasets_unique_no_oe.sdf
N=C1NC(c2cccc(-c3cncnc3)c2)(c2ccnc(C(F)F)c2)c2cccc(F)c21,32,431.4210000000001,combined_training_datasets_unique_no_oe.sdf
N=C1NC(c2ccnc(C(F)(F)F)c2)(c2ccc(F)c(-c3cncnc3)c2)c2cccc(F)c21,34,467.4010000000001,combined_training_datasets_unique_no_oe.sdf
N=C1NC2(CCc3ccc(NC(=O)c4ccc(Cl)cn4)cc32)CO1,24,342.7860000000001,combined_training_datasets_unique_no_oe.sdf
N=C1NC2(CCc3ccc(NC(=O)c4ccc(Cl)cn4)cc32)CS1,24,358.8540000000001,combined_training_datasets_unique_no_oe.sdf
N=C1NC23CCC(NC(=O)c4cccc(Cl)c4)CC2(COC3)CS1,24,365.8860000000001,combined_training_datasets_unique_no_oe.sdf
N=C1NC2CCC(NC(=O)c3cccc(Cl)c3)CC2CS1,21,323.84900000000005,combined_training_datasets_unique_no_oe.sdf
N=C1NS(=O)(=O)c2ccccc21,12,182.204,combined_training_datasets_unique_no_oe.sdf
N=C1N[C@@](c2cccc(-c3cncnc3)c2)(c2ccnc(C(F)F)c2)c2cc(F)cc(F)c21,33,449.4110000000001,combined_training_datasets_unique_no_oe.sdf
N=C1N[C@@](c2cccc(-c3cncnc3)c2)(c2ccnc(C(F)F)c2)c2cccc(F)c21,32,431.4210000000001,combined_training_datasets_unique_no_oe.sdf
N=C1N[C@@]2(c3cccc(NC(=O)c4ccc(Cl)cn4)c3)C[C@H]2CCS1,25,372.88100000000003,combined_training_datasets_unique_no_oe.sdf
N=C1N[C@]23CC[C@H](NC(=O)c4cccc(Cl)c4)C[C@@H]2[C@@H](COC3)S1,24,365.8860000000001,combined_training_datasets_unique_no_oe.sdf
N=C1Nc2c(F)cc(Cl)cc2[C@H]2CCCC12,16,238.69299999999996,combined_training_datasets_unique_no_oe.sdf
N=C1Nc2c(F)cccc2[C@H]2CCCC12,15,204.24799999999996,combined_training_datasets_unique_no_oe.sdf
N=C1Nc2c(F)cccc2[C@H]2CCC[C@@]12F,16,222.23799999999994,combined_training_datasets_unique_no_oe.sdf
N=C1Nc2c(ccc(F)c2F)[C@H]2CCCC12,16,222.238,combined_training_datasets_unique_no_oe.sdf
N=C1Nc2ccc(Cl)cc2[C@H]2CCCC12,15,220.70299999999997,combined_training_datasets_unique_no_oe.sdf
N=C1Nc2ccc(Cl)cc2[C@H]2CCC[C@@]12F,16,238.69299999999996,combined_training_datasets_unique_no_oe.sdf
N=C1Nc2ccccc2[C@H]2CCCC12,14,186.25799999999995,combined_training_datasets_unique_no_oe.sdf
N=C1Nc2ccccc2[C@H]2CCC[C@@]12F,15,204.24799999999993,combined_training_datasets_unique_no_oe.sdf
N=CN1C2CC(OC(=O)C(CO)c3ccccc3)CC1C1OC12,23,316.357,combined_training_datasets_unique_no_oe.sdf
N=CN1C2CCC1CC(OC(=O)C(CO)c1ccccc1)C2,22,302.37399999999997,combined_training_datasets_unique_no_oe.sdf
N=c1[nH][nH]c(CC(=O)O)c1C(N)=O,13,184.15499999999997,combined_training_datasets_unique_no_oe.sdf
N=c1[nH]c(=N)c2[nH]c(N)[nH+]c2[nH]1,12,165.16000000000003,combined_training_datasets_unique_no_oe.sdf
N=c1[nH]c(=O)c2[nH]cnc2[nH]1,11,151.12900000000002,combined_training_datasets_unique_no_oe.sdf
N=c1[nH]c(=O)c2ncn([C@@H]3C=C[C@H](CO)C3)c2[nH]1,18,247.25800000000004,combined_training_datasets_unique_no_oe.sdf
N=c1[nH]c(=O)c2ncn([C@H]3O[C@@H](CO)[C@H](O)[C@@H]3O)c2[nH]1,20,283.244,combined_training_datasets_unique_no_oe.sdf
N=c1[nH]c(N)[nH+]c(=O)[nH]1,9,127.107,combined_training_datasets_unique_no_oe.sdf
N=c1[nH]c2cncnc2[nH]1,10,135.13,combined_training_datasets_unique_no_oe.sdf
N=c1[nH]cccc1O,8,110.11599999999997,combined_training_datasets_unique_no_oe.sdf
N=c1c2ccccc2[nH]c2cccc(N)c12,16,209.252,combined_training_datasets_unique_no_oe.sdf
N=c1cc(CO)[nH]c(N2CCc3ccccc3C2)c1,19,255.32099999999994,combined_training_datasets_unique_no_oe.sdf
N=c1cc(N2CCc3ccccc3C2)[nH]c2c1CCC2,20,265.36,combined_training_datasets_unique_no_oe.sdf
N=c1cc[nH]c(-c2cc(Cl)ccn2)c1,14,205.64800000000002,combined_training_datasets_unique_no_oe.sdf
N=c1cc[nH]c(-c2cccc(Cl)n2)c1,14,205.648,combined_training_datasets_unique_no_oe.sdf
N=c1cc[nH]c(N2CCc3ccccc3C2)c1,17,225.295,combined_training_datasets_unique_no_oe.sdf
N=c1cc[nH]cc1N,8,109.132,combined_training_datasets_unique_no_oe.sdf
N=c1ccc(C(=O)O)c[nH]1,10,138.126,combined_training_datasets_unique_no_oe.sdf
N=c1nc2ccccc2c[nH]1,11,145.165,combined_training_datasets_unique_no_oe.sdf
NC(=O)C(=NO)c1ccccc1,12,164.164,combined_training_datasets_unique_no_oe.sdf
NC(=O)C(CCC(=O)O)NC=O,12,174.15599999999998,combined_training_datasets_unique_no_oe.sdf
NC(=O)C1CCCN1,8,114.148,combined_training_datasets_unique_no_oe.sdf
NC(=O)CC(N)C(N)=O,9,131.135,combined_training_datasets_unique_no_oe.sdf
NC(=O)CCCCCCCCC(O)=NO,15,216.28099999999995,combined_training_datasets_unique_no_oe.sdf
NC(=O)N=c1[nH]cnc2[nH]cnc12,13,178.155,combined_training_datasets_unique_no_oe.sdf
NC(=O)Nc1[nH]cnc1C(=O)O,12,170.128,combined_training_datasets_unique_no_oe.sdf
NC(=O)c1cc[n+](C/C=C\C[n+]2ccc(C=NO)cc2)cc1,22,298.346,combined_training_datasets_unique_no_oe.sdf
NC(=O)c1cc[n+](CCCC[n+]2ccc(C=NO)cc2)cc1,22,300.362,combined_training_datasets_unique_no_oe.sdf
NC(=O)c1cc[n+](CCC[n+]2ccc(C=NO)cc2)cc1,21,286.33500000000004,combined_training_datasets_unique_no_oe.sdf
NC(=O)c1cc[n+](COC[n+]2ccccc2C=NO)cc1,21,288.307,combined_training_datasets_unique_no_oe.sdf
NC(=O)c1cc[n+](Cc2ccc(C[n+]3ccc(C=NO)cc3)cc2)cc1,26,348.406,combined_training_datasets_unique_no_oe.sdf
NC(=O)c1cc[n+](Cc2ccc(C[n+]3cccc(C=NO)c3)cc2)cc1,26,348.406,combined_training_datasets_unique_no_oe.sdf
NC(=O)c1cc[n+](Cc2ccc(C[n+]3ccccc3C=NO)cc2)cc1,26,348.406,combined_training_datasets_unique_no_oe.sdf
NC(=O)c1cc[n+](Cc2cccc(C[n+]3ccc(C=NO)cc3)c2)cc1,26,348.406,combined_training_datasets_unique_no_oe.sdf
NC(=O)c1cc[n+](Cc2cccc(C[n+]3cccc(C=NO)c3)c2)cc1,26,348.406,combined_training_datasets_unique_no_oe.sdf
NC(=O)c1cc[n+](Cc2cccc(C[n+]3ccccc3C=NO)c2)cc1,26,348.40600000000006,combined_training_datasets_unique_no_oe.sdf
NC(=O)c1cc[n+](Cc2ccccc2C[n+]2ccc(C=NO)cc2)cc1,26,348.406,combined_training_datasets_unique_no_oe.sdf
NC(=O)c1cc[n+](Cc2ccccc2C[n+]2cccc(C=NO)c2)cc1,26,348.40600000000006,combined_training_datasets_unique_no_oe.sdf
NC(=O)c1cc[n+](Cc2ccccc2C[n+]2ccccc2C=NO)cc1,26,348.40600000000006,combined_training_datasets_unique_no_oe.sdf
NC(=O)c1ccc[n+](Cc2ccc(C[n+]3ccc(C=NO)cc3)cc2)c1,26,348.406,combined_training_datasets_unique_no_oe.sdf
NC(=O)c1ccc[n+](Cc2ccc(C[n+]3cccc(C=NO)c3)cc2)c1,26,348.406,combined_training_datasets_unique_no_oe.sdf
NC(=O)c1ccc[n+](Cc2ccc(C[n+]3ccccc3C=NO)cc2)c1,26,348.40600000000006,combined_training_datasets_unique_no_oe.sdf
NC(=O)c1ccc[n+](Cc2cccc(C[n+]3ccc(C=NO)cc3)c2)c1,26,348.406,combined_training_datasets_unique_no_oe.sdf
NC(=O)c1ccc[n+](Cc2cccc(C[n+]3cccc(C=NO)c3)c2)c1,26,348.40600000000006,combined_training_datasets_unique_no_oe.sdf
NC(=O)c1ccc[n+](Cc2cccc(C[n+]3ccccc3C=NO)c2)c1,26,348.40600000000006,combined_training_datasets_unique_no_oe.sdf
NC(=O)c1ccc[n+](Cc2ccccc2C[n+]2ccc(C=NO)cc2)c1,26,348.40600000000006,combined_training_datasets_unique_no_oe.sdf
NC(=O)c1ccc[n+](Cc2ccccc2C[n+]2cccc(C=NO)c2)c1,26,348.40600000000006,combined_training_datasets_unique_no_oe.sdf
NC(=O)c1ccc[n+](Cc2ccccc2C[n+]2ccccc2C=NO)c1,26,348.40600000000006,combined_training_datasets_unique_no_oe.sdf
NC1(C(=O)NC(Cc2c[nH]c3ccccc23)C(=O)N2CCC3(CCc4ccccc43)CC2)CC1,34,456.5900000000004,combined_training_datasets_unique_no_oe.sdf
NN=Cc1ncnc2[nH]cnc12,12,162.15600000000003,combined_training_datasets_unique_no_oe.sdf
NNC(=O)C(N)Cc1ccccc1,13,179.22300000000004,combined_training_datasets_unique_no_oe.sdf
NS(=O)(=O)c1n[nH]c(=NS(=O)(=O)c2ccccc2)s1,19,320.377,combined_training_datasets_unique_no_oe.sdf
Nc1[nH]c(S)[nH+]c(=O)c1C1=CCCCC1,15,223.3009999999999,combined_training_datasets_unique_no_oe.sdf
Nc1[nH]c[nH+]c(=S)c1N,9,142.18699999999998,combined_training_datasets_unique_no_oe.sdf
Nc1cc(O)[nH]c1O,8,114.10399999999998,combined_training_datasets_unique_no_oe.sdf
Nc1cc(O)n(CCCCC(N)C(=O)O)c1O,17,243.26299999999995,combined_training_datasets_unique_no_oe.sdf
Nc1cc(O)n(CCCCC([NH3+])C(=O)O)c1O,17,243.26299999999995,combined_training_datasets_unique_no_oe.sdf
Nc1ccc(N=Nc2ccccc2)cc1,15,197.24099999999999,combined_training_datasets_unique_no_oe.sdf
Nc1ccc(S(=O)(=O)N=c2[nH]cccc2O)cc1,18,265.29400000000004,combined_training_datasets_unique_no_oe.sdf
Nc1ccc(S(=O)(=O)N=c2[nH]cco2)cc1,16,239.256,combined_training_datasets_unique_no_oe.sdf
Nc1ccc(S(=O)(=O)N=c2[nH]ccs2)c(Cl)c1,17,289.76899999999995,combined_training_datasets_unique_no_oe.sdf
Nc1ccc(S(=O)(=O)N=c2[nH]ccs2)cc1,16,255.324,combined_training_datasets_unique_no_oe.sdf
Nc1ccc(S(=O)(=O)N=c2[nH]ccs2)cc1N=Nc1ccccc1,24,359.4360000000001,combined_training_datasets_unique_no_oe.sdf
Nc1ccc(S(=O)(=O)N=c2[nH]ncs2)cc1,16,256.312,combined_training_datasets_unique_no_oe.sdf
Nc1ccc(S(=O)(=O)N=c2cc[nH]cn2)cc1,17,250.28300000000002,combined_training_datasets_unique_no_oe.sdf
Nc1ccc(S(=O)(=O)N=c2ccc(N)c[nH]2)cc1,18,264.31,combined_training_datasets_unique_no_oe.sdf
Nc1ccc(S(=O)(=O)N=c2ccc(O)c[nH]2)cc1,18,265.294,combined_training_datasets_unique_no_oe.sdf
Nc1ccc(S(=O)(=O)N=c2cccc[nH]2)cc1,17,249.29500000000002,combined_training_datasets_unique_no_oe.sdf
Nc1ccc(S(=O)(=O)N=c2cccn[nH]2)cc1,17,250.28300000000002,combined_training_datasets_unique_no_oe.sdf
Nc1ccc(S(=O)(=O)N=c2cncc[nH]2)cc1,17,250.28300000000002,combined_training_datasets_unique_no_oe.sdf
Nc1ccc(S(=O)(=O)N=c2nccc[nH]2)cc1,17,250.28300000000002,combined_training_datasets_unique_no_oe.sdf
Nc1ccc2c[nH]nc2c1,10,133.15399999999997,combined_training_datasets_unique_no_oe.sdf
Nc1cccc(N=c2c3ccccc3[nH]c3ccccc23)c1,22,285.3500000000001,combined_training_datasets_unique_no_oe.sdf
Nc1cccc2c[nH]nc12,10,133.154,combined_training_datasets_unique_no_oe.sdf
Nc1ccccc1C(=O)O,10,137.138,combined_training_datasets_unique_no_oe.sdf
Nc1cccnc1C(=O)O,10,138.126,combined_training_datasets_unique_no_oe.sdf
O=C(C(=NO)c1ccccc1)c1ccccc1,17,225.247,combined_training_datasets_unique_no_oe.sdf
O=C(C1C[C@@H]1c1ccccc1)N1CCC(N2CCCC2)CC1,22,298.43000000000006,combined_training_datasets_unique_no_oe.sdf
O=C(C1C[C@@H]1c1ccccc1)N1CCC(N2CCCCC2)CC1,23,312.4570000000001,combined_training_datasets_unique_no_oe.sdf
O=C(C=Cc1c[nH]cn1)OCCCl,13,200.62500000000003,combined_training_datasets_unique_no_oe.sdf
O=C(C=NO)CCl,7,121.52299999999998,combined_training_datasets_unique_no_oe.sdf
O=C(C=NO)c1ccccc1,11,149.149,combined_training_datasets_unique_no_oe.sdf
O=C(CC1c2ccccc2-c2ccccc21)NC(Cc1cc2ccc(F)cc2[nH]1)C(=O)O,32,428.4630000000002,combined_training_datasets_unique_no_oe.sdf
O=C(CCS(=O)(=O)c1ccc2cc(Cl)ccc2c1)N1CCC(c2c[nH]cn2)CC1,29,431.9450000000002,combined_training_datasets_unique_no_oe.sdf
O=C(CCc1c(Cl)cccc1Cl)NC(Cc1cc2ccc(F)cc2[nH]1)C(=O)O,28,423.2710000000002,combined_training_datasets_unique_no_oe.sdf
O=C(CNC(=O)c1[nH]ccc(=O)c1O)NCc1ccccc1,22,301.302,combined_training_datasets_unique_no_oe.sdf
O=C(Cc1cc[nH+]cc1)c1ccccc1,15,197.237,combined_training_datasets_unique_no_oe.sdf
O=C(Cc1cccc2ccccc12)NC(Cc1cc2ccc(F)cc2[nH]1)C(=O)O,29,390.41400000000016,combined_training_datasets_unique_no_oe.sdf
O=C(N=CCc1ccccn1)C1CCCC1C(=O)N1CCCC1,23,313.4010000000001,combined_training_datasets_unique_no_oe.sdf
O=C(N=CCc1cccnc1)C1CCCC1C(=O)N1CCCC1,23,313.4010000000001,combined_training_datasets_unique_no_oe.sdf
O=C(N=CCc1ccncc1)C1CCCC1C(=O)N1CCCC1,23,313.4010000000001,combined_training_datasets_unique_no_oe.sdf
O=C(N=Cc1cccnc1)C1CCCC1C(=O)N1CCCC1,22,299.3740000000001,combined_training_datasets_unique_no_oe.sdf
O=C(N=Cc1ccncc1)C1CCCC1C(=O)N1CCCC1,22,299.3740000000001,combined_training_datasets_unique_no_oe.sdf
O=C(N=c1cccc2[nH]ccn12)N1CCN(Cc2cccc(Oc3ccc(Cl)cc3)c2)CC1,33,461.9530000000001,combined_training_datasets_unique_no_oe.sdf
O=C(NC(Cc1cc2ccc(F)cc2[nH]1)C(=O)O)c1ccc2ccccc2c1,28,376.3870000000001,combined_training_datasets_unique_no_oe.sdf
O=C(NC(Cc1ccc(C#CCCN=c2cccc[nH]2)cc1)C(=O)O)c1c(Cl)cccc1Cl,33,482.3670000000001,combined_training_datasets_unique_no_oe.sdf
O=C(NC(Cc1ccc(CCCCN=c2cccc[nH]2)cc1)C(=O)O)c1c(Cl)cccc1Cl,33,486.3990000000001,combined_training_datasets_unique_no_oe.sdf
O=C(NC(Cc1ccccc1)C(=O)NCc1ccccc1)c1[nH]ccc(=O)c1O,29,391.42700000000013,combined_training_datasets_unique_no_oe.sdf
O=C(NC1CCC(N2CCCCC2)CC1)C1C[C@@H]1c1ccccc1,24,326.484,combined_training_datasets_unique_no_oe.sdf
O=C(NCCCNC1CCCCC1)C1C[C@@H]1c1ccccc1,22,300.44599999999997,combined_training_datasets_unique_no_oe.sdf
O=C(NCCN1CCCC1)C1C[C@@H]1c1ccccc1,19,258.365,combined_training_datasets_unique_no_oe.sdf
O=C(Nc1ccccc1)c1cn(-c2ccccc2)c(O)c1O,22,294.31,combined_training_datasets_unique_no_oe.sdf
O=C(Nc1ccccc1C(F)(F)F)c1cn(-c2ccccc2)c(O)c1O,26,362.3070000000001,combined_training_datasets_unique_no_oe.sdf
O=C(O)C1=CCc2ccccc21,12,160.172,combined_training_datasets_unique_no_oe.sdf
O=C(O)C1CCC(O)CC1,10,144.17000000000002,combined_training_datasets_unique_no_oe.sdf
O=C(O)C1CCCC[C@@H]1O,10,144.17,combined_training_datasets_unique_no_oe.sdf
O=C(O)C1CCCN1,8,115.132,combined_training_datasets_unique_no_oe.sdf
O=C(O)C1CCC[C@H](O)C1,10,144.17000000000002,combined_training_datasets_unique_no_oe.sdf
O=C(O)C1CCN1,7,101.105,combined_training_datasets_unique_no_oe.sdf
O=C(O)C1C[C@@H](O)CN1,9,131.131,combined_training_datasets_unique_no_oe.sdf
O=C(O)C1C[C@@H]1Br,7,164.986,combined_training_datasets_unique_no_oe.sdf
O=C(O)C1C[C@@H]1Cl,7,120.535,combined_training_datasets_unique_no_oe.sdf
O=C(O)C1C[C@@H]1c1ccc(Cl)cc1,13,196.63299999999995,combined_training_datasets_unique_no_oe.sdf
O=C(O)C1C[C@@H]1c1cccc(Cl)c1,13,196.63299999999995,combined_training_datasets_unique_no_oe.sdf
O=C(O)C1C[C@@H]1c1ccccc1,12,162.18800000000002,combined_training_datasets_unique_no_oe.sdf
O=C(O)C1C[C@@H]2CC[C@H]1C2,10,140.182,combined_training_datasets_unique_no_oe.sdf
O=C(O)C1C[C@H](Cc2cccc(F)c2)CN1,16,223.247,combined_training_datasets_unique_no_oe.sdf
O=C(O)C1C[C@H](Oc2cccc(Cl)c2)CN1,16,241.67400000000004,combined_training_datasets_unique_no_oe.sdf
O=C(O)C1C[C@H]2CC[C@@H]1C2,10,140.182,combined_training_datasets_unique_no_oe.sdf
O=C(O)C1O[C@H](Oc2ccc(-c3ccccc3)cc2)[C@@H](O)[C@H](O)[C@H]1O,25,346.3350000000001,combined_training_datasets_unique_no_oe.sdf
O=C(O)C1O[C@H](Oc2ccc(Br)cc2)[C@@H](O)[C@H](O)[C@H]1O,20,349.13300000000004,combined_training_datasets_unique_no_oe.sdf
O=C(O)C1O[C@H](Oc2ccc(I)cc2)[C@@H](O)[C@H](O)[C@H]1O,20,396.1330000000001,combined_training_datasets_unique_no_oe.sdf
O=C(O)C1O[C@H](Oc2ccc3[nH+]c(O)ccc3c2)[C@@H](O)[C@H](O)[C@H]1O,24,337.28400000000005,combined_training_datasets_unique_no_oe.sdf
O=C(O)C1SCc2ccccc21,12,180.228,combined_training_datasets_unique_no_oe.sdf
O=C(O)C1[C@@H]2C=C[C@H]1CC2,10,138.16599999999997,combined_training_datasets_unique_no_oe.sdf
O=C(O)C=CCCl,7,120.53499999999998,combined_training_datasets_unique_no_oe.sdf
O=C(O)CCCC[P+](c1ccccc1)(c1ccccc1)c1ccccc1,26,363.4170000000001,combined_training_datasets_unique_no_oe.sdf
O=C(O)CN1CCCCC1,10,143.18599999999998,combined_training_datasets_unique_no_oe.sdf
O=C(O)COc1cc2c(c(Cl)c1Cl)=C1CC(=O)CCC1(C1CCCC1)C=2,26,395.28200000000015,combined_training_datasets_unique_no_oe.sdf
O=C(O)Cc1cc(F)ccc1Nc1c(Cl)cccc1Cl,20,314.14300000000003,combined_training_datasets_unique_no_oe.sdf
O=C(O)Cc1ccccc1Nc1c(Cl)cccc1Br,19,340.604,combined_training_datasets_unique_no_oe.sdf
O=C(O)Cc1ccccc1Nc1c(F)cccc1F,19,263.243,combined_training_datasets_unique_no_oe.sdf
O=C(O)c1c2ccccc2nc2ccccc12,17,223.23100000000002,combined_training_datasets_unique_no_oe.sdf
O=C(O)c1ccc(-c2ccc(Cl)c(O[C@H]3O[C@H](CO)[C@@H](O)[C@H](O)[C@@H]3O)c2)cc1,28,410.8060000000001,combined_training_datasets_unique_no_oe.sdf
O=C(O)c1ccc(-c2ccc(O[C@H]3O[C@H](CO)[C@@H](O)[C@H](O)[C@@H]3O)c(Cl)c2)cc1,28,410.80600000000004,combined_training_datasets_unique_no_oe.sdf
O=C(O)c1ccc(-c2ccc(O[C@H]3O[C@H](CO)[C@@H](O)[C@H](O)[C@@H]3O)cc2Cl)cc1,28,410.80600000000004,combined_training_datasets_unique_no_oe.sdf
O=C(O)c1ccc(-c2cccc(O[C@H]3O[C@H](CO)[C@@H](O)[C@H](O)[C@@H]3O)c2)cc1,27,376.36100000000005,combined_training_datasets_unique_no_oe.sdf
O=C(O)c1ccc(N=c2c3ccccc3[nH]c3ccccc23)cc1,24,314.34400000000005,combined_training_datasets_unique_no_oe.sdf
O=C(O)c1ccc2ccccc2n1,13,173.17100000000002,combined_training_datasets_unique_no_oe.sdf
O=C(O)c1ccc[nH+]c1O,10,139.10999999999999,combined_training_datasets_unique_no_oe.sdf
O=C(O)c1cccc(N=c2c3ccccc3[nH]c3ccccc23)c1,24,314.34400000000005,combined_training_datasets_unique_no_oe.sdf
O=C(O)c1ccccc1N=c1c2ccccc2[nH]c2ccccc12,24,314.344,combined_training_datasets_unique_no_oe.sdf
O=C(O)c1ccnc2ccccc12,13,173.171,combined_training_datasets_unique_no_oe.sdf
O=C(O)c1nccc2ccccc12,13,173.17100000000002,combined_training_datasets_unique_no_oe.sdf
O=C(O[C@@H]1C[C@@H]2N[C@H](C1)[C@@H]1O[C@@H]12)C(CO)c1ccccc1,21,289.331,combined_training_datasets_unique_no_oe.sdf
O=C(O[C@@H]1C[C@H]2CC[C@@H](C1)N2)C(CO)c1ccccc1,20,275.34800000000007,combined_training_datasets_unique_no_oe.sdf
O=C(O[C@H]1OC(C(=O)O)[C@H](O)[C@@H](O)[C@@H]1O)c1ccccc1,21,298.247,combined_training_datasets_unique_no_oe.sdf
O=C1/C(=C/c2ccccc2)CN(C(=O)c2ccc(OCCN3CCOCC3)cc2)C/C1=C\c1ccccc1,38,508.6180000000004,combined_training_datasets_unique_no_oe.sdf
O=C1C(=NC2CCCC2)C(NS(=O)(=O)c2ccccc2)C(=O)c2ccccc21,28,396.4680000000002,combined_training_datasets_unique_no_oe.sdf
O=C1C(=NCc2ccccc2)C(NS(=O)(=O)c2ccccc2)C(=O)c2ccccc21,30,418.4740000000001,combined_training_datasets_unique_no_oe.sdf
O=C1C(=NO)CCC1=NO,10,142.114,combined_training_datasets_unique_no_oe.sdf
O=C1C(=O)C(C=Cc2ccccc2)C(=O)c2ccccc21,21,276.291,combined_training_datasets_unique_no_oe.sdf
O=C1C(=O)C(Cc2ccccc2)C(=O)c2ccccc21,20,264.28,combined_training_datasets_unique_no_oe.sdf
O=C1C(=O)C(c2ccccc2)C(=O)c2ccccc21,19,250.25300000000001,combined_training_datasets_unique_no_oe.sdf
O=C1C2C[C@@H](CN3CCCC[C@@H]23)[C@H]2CCCCN12,18,248.3699999999999,combined_training_datasets_unique_no_oe.sdf
O=C1C2C[C@H](CN3CCCC[C@@H]23)C2=CCCCN12,18,246.3539999999999,combined_training_datasets_unique_no_oe.sdf
O=C1CC(=O)c2ccccc2C1=O,13,174.155,combined_training_datasets_unique_no_oe.sdf
O=C1CC(C2CCCCC2)NC(=O)C1C(=O)Nc1ccc(C2CCCCC2)cc1,29,396.5310000000002,combined_training_datasets_unique_no_oe.sdf
O=C1CC(Cc2ccccc2)NC(=O)C1C(=O)NC1CCCCC1,24,328.41200000000003,combined_training_datasets_unique_no_oe.sdf
O=C1CC(Cc2ccccc2)NC(=O)C1C(=O)Nc1ccc(C(F)(F)F)nc1,28,391.3490000000001,combined_training_datasets_unique_no_oe.sdf
O=C1CC(Cc2ccccc2)NC(=O)C1C(=O)Nc1ccc(C2CCCCC2)cc1,30,404.51000000000005,combined_training_datasets_unique_no_oe.sdf
O=C1CC(Cc2ccccc2)NC(=O)C1C(=O)Nc1ccc(Nc2ccccc2)cc1,31,413.4770000000002,combined_training_datasets_unique_no_oe.sdf
O=C1CC(Cc2ccccc2)NC(=O)C1C(=O)Nc1ccc(Oc2ccccc2)cc1,31,414.4610000000002,combined_training_datasets_unique_no_oe.sdf
O=C1CC(Cc2ccccc2)NC(=O)C1C(=O)Nc1ccc(S(=O)(=O)c2ccccc2)cc1,33,462.52700000000016,combined_training_datasets_unique_no_oe.sdf
O=C1CC(c2ccccc2)NC(=O)C1C(=O)Nc1ccc(C2CCCCC2)cc1,29,390.483,combined_training_datasets_unique_no_oe.sdf
O=C1CC(c2ccccc2)NC(=O)C1Nc1ccccc1Cl,22,314.772,combined_training_datasets_unique_no_oe.sdf
O=C1CC(c2ccccc2)NC(=O)C1Sc1ccccc1Cl,22,331.824,combined_training_datasets_unique_no_oe.sdf
O=C1CC2OCC=C3C4CC5N(CCC56c5ccccc5N1C6C24)[C@H]3S(=O)(=O)O,29,414.4830000000001,combined_training_datasets_unique_no_oe.sdf
O=C1C[C@@H](c2ccccc2)NC(=O)C1C(=O)Nc1ccc(C2CCCCC2)cc1,29,390.483,combined_training_datasets_unique_no_oe.sdf
O=C1C[C@@H]2OCC=C3CN4CC[C@@]56c7ccccc7N1[C@H]5C2[C@@]3(S(=O)(=O)O)C[C@H]46,29,414.4830000000002,combined_training_datasets_unique_no_oe.sdf
O=C1C[C@H](c2ccccc2)NC(=O)C1C(=O)Nc1ccc(C2CCCCC2)cc1,29,390.483,combined_training_datasets_unique_no_oe.sdf
O=C1C[C@H]2OCC(S(=O)(=O)O)=C3CN4CC[C@@]56c7ccccc7N1[C@@H]5[C@@H]2[C@@H]3C[C@@H]46,29,414.48300000000023,combined_training_datasets_unique_no_oe.sdf
O=C1N=c2cc(Br)ccc2=C1c1[nH]c2ccccc2c1NOCCN1CCCC1,29,453.3400000000004,combined_training_datasets_unique_no_oe.sdf
O=C1N=c2cc(Br)ccc2=C1c1[nH]c2ccccc2c1NOCCN1CCN(CCO)CC1,33,512.4080000000001,combined_training_datasets_unique_no_oe.sdf
O=C1N=c2cc(Br)ccc2=C1c1[nH]c2ccccc2c1NOCCN1CCN(CCOCCO)CC1,36,556.461,combined_training_datasets_unique_no_oe.sdf
O=C1NCC(c2ccccc2)C12CCN(C1(c3ccccc3)CCOCC1)CC2,29,390.5270000000001,combined_training_datasets_unique_no_oe.sdf
O=C1Nc2ccc(Cl)cc2C(c2ccccc2Cl)NC1=O,21,321.163,combined_training_datasets_unique_no_oe.sdf
O=CC1CCC1C(=O)O,9,128.127,combined_training_datasets_unique_no_oe.sdf
O=CC1CCCC1C(=O)O,10,142.154,combined_training_datasets_unique_no_oe.sdf
O=Cc1ncnc2[nH]cnc12,11,148.12500000000003,combined_training_datasets_unique_no_oe.sdf
O=NC(=NO)c1ccccc1,11,150.13699999999997,combined_training_datasets_unique_no_oe.sdf
O=NC(Cc1ccccc1)=NO,12,164.164,combined_training_datasets_unique_no_oe.sdf
O=Nc1ccc(NO)c2cccnc12,14,189.174,combined_training_datasets_unique_no_oe.sdf
O=S(=O)(N=c1nccc[nH]1)c1ccccc1,16,235.26800000000003,combined_training_datasets_unique_no_oe.sdf
O=S(=O)(O)CC(O)CN1CCOCC1,14,225.2659999999999,combined_training_datasets_unique_no_oe.sdf
O=S(=O)(O)CCCN1CCOCC1,13,209.26699999999994,combined_training_datasets_unique_no_oe.sdf
O=S(=O)(O)CCN1CCOCC1,12,195.23999999999995,combined_training_datasets_unique_no_oe.sdf
O=S(Cc1ccccc1)c1c[nH]nn1,14,207.25800000000004,combined_training_datasets_unique_no_oe.sdf
O=S(Cc1ccccc1)c1nc[nH]n1,14,207.25800000000004,combined_training_datasets_unique_no_oe.sdf
O=S1(=O)N=CNc2[nH]cnc21,11,172.16900000000004,combined_training_datasets_unique_no_oe.sdf
O=c1[nH]c(C(F)(F)F)nc2[nH]cnc12,14,204.11100000000002,combined_training_datasets_unique_no_oe.sdf
O=c1[nH]c(O)c(Cc2ccccc2)s1,14,207.25400000000002,combined_training_datasets_unique_no_oe.sdf
O=c1[nH]c(O)cn2c1cc1ccccc12,15,200.19699999999997,combined_training_datasets_unique_no_oe.sdf
O=c1[nH]c(O)cs1,7,117.12899999999999,combined_training_datasets_unique_no_oe.sdf
O=c1c(-c2nn[nH]n2)coc2ccccc12,16,214.184,combined_training_datasets_unique_no_oe.sdf
O=c1c(O)ccccc1Br,10,201.019,combined_training_datasets_unique_no_oe.sdf
O=c1c(O)ccccc1O,10,138.12199999999999,combined_training_datasets_unique_no_oe.sdf
O=c1cc(CSc2cccc(F)c2F)[nH]c2nc(Cc3ccccc3)nn12,27,384.4110000000001,combined_training_datasets_unique_no_oe.sdf
O=c1cc(O)[nH]c2c(-c3ccc(Br)cc3)cnn12,18,306.119,combined_training_datasets_unique_no_oe.sdf
O=c1cc(O)[nH]c2c(-c3ccccc3)cnn12,17,227.22300000000004,combined_training_datasets_unique_no_oe.sdf
O=c1cc(O)[nH]c2cc(Cl)ccc12,13,195.605,combined_training_datasets_unique_no_oe.sdf
O=c1cc(O)[nH]c2ccnn12,11,151.125,combined_training_datasets_unique_no_oe.sdf
O=c1cc(O)cccc1O,10,138.12199999999999,combined_training_datasets_unique_no_oe.sdf
O=c1cc[nH]c([SH2])[nH+]1,8,129.164,combined_training_datasets_unique_no_oe.sdf
O=c1ccc(O)[nH+][nH]1,8,112.08799999999998,combined_training_datasets_unique_no_oe.sdf
OCCN=c1cc[nH]c(N2CCc3ccccc3C2)c1,20,269.348,combined_training_datasets_unique_no_oe.sdf
OC[C@H]1O[C@H](Oc2ccc(-c3ccc(-c4nn[nH]n4)cc3)cc2)[C@@H](O)[C@@H](O)[C@@H]1O,29,400.391,combined_training_datasets_unique_no_oe.sdf
ON=C(Cc1ccccc1)NO,12,166.18,combined_training_datasets_unique_no_oe.sdf
ON=C(Cl)c1ccccc1,10,155.584,combined_training_datasets_unique_no_oe.sdf
ON=C(NO)c1ccccc1,11,152.153,combined_training_datasets_unique_no_oe.sdf
ON=C(O)CCc1ccccc1,12,165.192,combined_training_datasets_unique_no_oe.sdf
ON=C1CCCCC1=NO,10,142.158,combined_training_datasets_unique_no_oe.sdf
ON=C1CCCCCC1=NO,11,156.18499999999997,combined_training_datasets_unique_no_oe.sdf
ON=CC(Cl)=NO,7,122.51099999999998,combined_training_datasets_unique_no_oe.sdf
ON=CNO,5,76.055,combined_training_datasets_unique_no_oe.sdf
ON=Cc1cc[n+](COCc2ccccc2)cc1,18,243.28600000000003,combined_training_datasets_unique_no_oe.sdf
ON=Cc1ccc(Cl)cc1,10,155.58399999999997,combined_training_datasets_unique_no_oe.sdf
ON=Cc1ccc(Sc2cc(F)cc(C3CCOCC3)c2)cc1,23,331.41200000000015,combined_training_datasets_unique_no_oe.sdf
ON=Cc1ccc2c(c1)OCO2,12,165.148,combined_training_datasets_unique_no_oe.sdf
ON=Cc1ccc[n+](COCc2ccccc2)c1,18,243.286,combined_training_datasets_unique_no_oe.sdf
ON=Cc1ccco1,8,111.1,combined_training_datasets_unique_no_oe.sdf
ON=Cc1ccns1,8,128.156,combined_training_datasets_unique_no_oe.sdf
ON=Cc1cnns1,8,129.144,combined_training_datasets_unique_no_oe.sdf
ON=Cc1cnsn1,8,129.144,combined_training_datasets_unique_no_oe.sdf
ON=Cc1nc(-c2cccc3ccccc23)no1,18,239.23400000000004,combined_training_datasets_unique_no_oe.sdf
ON=Cc1nc(-c2ccccc2)no1,14,189.17400000000004,combined_training_datasets_unique_no_oe.sdf
ON=Cc1nc(-c2cccs2)no1,13,195.20300000000003,combined_training_datasets_unique_no_oe.sdf
ON=Cc1nc(Cc2ccccc2)no1,15,203.20100000000005,combined_training_datasets_unique_no_oe.sdf
ON=Cc1nnc(-c2ccccc2)o1,14,189.17400000000004,combined_training_datasets_unique_no_oe.sdf
Oc1ccc(N=Nc2ccccc2)cc1,15,198.22500000000002,combined_training_datasets_unique_no_oe.sdf
Oc1ccc(N=Nc2nc3ccccc3s2)c2cccnc12,22,306.3500000000001,combined_training_datasets_unique_no_oe.sdf
Oc1cccc(Cl)n1,8,129.546,combined_training_datasets_unique_no_oe.sdf
Oc1cccc(N=c2c3ccccc3[nH]c3ccccc23)c1,22,286.33400000000006,combined_training_datasets_unique_no_oe.sdf
Oc1cccc2c[nH]nc12,10,134.13799999999998,combined_training_datasets_unique_no_oe.sdf
Oc1ccccc1N=c1c2ccccc2[nH]c2ccccc12,22,286.33400000000006,combined_training_datasets_unique_no_oe.sdf
Oc1ccncc1Br,8,173.997,combined_training_datasets_unique_no_oe.sdf
Oc1cncnc1O,8,112.088,combined_training_datasets_unique_no_oe.sdf
Oc1nccc2c1cnc1ccccc12,15,196.20899999999997,combined_training_datasets_unique_no_oe.sdf
Oc1ncnc2cccnc12,11,147.137,combined_training_datasets_unique_no_oe.sdf
S=c1[nH]ccc(=[SH])[nH]1,8,145.232,combined_training_datasets_unique_no_oe.sdf
[N-]=[N+]=Nc1ncnc2[nH]cnc12,12,161.12800000000001,combined_training_datasets_unique_no_oe.sdf
[NH3+]c1cc(O)[nH]c1O,8,114.10399999999998,combined_training_datasets_unique_no_oe.sdf
[SH]=c1cc[nH]cc1,7,112.17699999999998,combined_training_datasets_unique_no_oe.sdf
[SH]=c1cc[nH]cn1,7,113.16499999999998,combined_training_datasets_unique_no_oe.sdf
[SH]=c1ccc2ccccc2[nH]1,11,162.237,combined_training_datasets_unique_no_oe.sdf
[SH]=c1nc2nccnc2c[nH]1,11,165.201,combined_training_datasets_unique_no_oe.sdf
[SH]=c1nccc[nH]1,7,113.16499999999998,combined_training_datasets_unique_no_oe.sdf
c1c(N2CCCCCC2)[nH]c(C2CC2)nc1=NC1CC1,20,272.3960000000001,combined_training_datasets_unique_no_oe.sdf
c1ccc(-c2c[nH]nn2)cc1,11,145.16499999999996,combined_training_datasets_unique_no_oe.sdf
c1ccc(CCc2nn[nH]n2)cc1,13,174.20700000000002,combined_training_datasets_unique_no_oe.sdf
c1ccc(CN=c2cc[nH]c(N3CCc4ccccc4C3)c2)cc1,24,315.41999999999996,combined_training_datasets_unique_no_oe.sdf
c1ccc(COc2noc3c2CNCC3)cc1,17,230.267,combined_training_datasets_unique_no_oe.sdf
c1ccc(N=C2NCCCO2)cc1,13,176.21900000000002,combined_training_datasets_unique_no_oe.sdf
c1ccc([P+](CCCCc2nn[nH]n2)(c2ccccc2)c2ccccc2)cc1,28,387.44700000000006,combined_training_datasets_unique_no_oe.sdf
c1cnc2c(n1)CNCN2,10,136.15800000000002,combined_training_datasets_unique_no_oe.sdf
c1cncc(N=c2c3ccccc3[nH]c3ccccc23)c1,21,271.32300000000004,combined_training_datasets_unique_no_oe.sdf
c1nc(=NC2CCCCC2)c2[nH]cnc2[nH]1,16,217.27599999999993,combined_training_datasets_unique_no_oe.sdf
c1nc(=NC2CCCCC2)c2ncn(C3CCCCC3)c2[nH]1,22,299.4220000000001,combined_training_datasets_unique_no_oe.sdf
c1nn[nH]n1,5,70.05499999999999,combined_training_datasets_unique_no_oe.sdf
