smiles,pKa,source
Cl.Cn1nnc(O)c1CC(N)C(=O)O,6.42,chembl26.sdf.gz
Cl.Cn1nc(O)c(CC(N)C(=O)O)n1,6.11,chembl26.sdf.gz
N[C@@H](CCC(=O)O)C(=O)O,4.2,chembl26.sdf.gz
CCOC(=O)c1nonc1O,3.24,chembl26.sdf.gz
CCOC(=O)c1nsnc1O,4.21,chembl26.sdf.gz
CCOC(=O)c1cn(C)nc1O,6.71,chembl26.sdf.gz
CCOC(=O)c1nn(Cc2ccccc2)nc1O,5.14,chembl26.sdf.gz
CCOC(=O)c1nnn(Cc2ccccc2)c1O,6.22,chembl26.sdf.gz
CCOC(=O)c1nn(C)nc1O,5.14,chembl26.sdf.gz
CCOC(=O)c1nnn(C)c1O,6.21,chembl26.sdf.gz
Cc1onc(O)c1CC(N)C(=O)O,4.8,chembl26.sdf.gz
CNc1ncc2cc(-c3cc(NC(=O)NCCC(C)(C)C)c(F)cc3C)c(C)nc2n1,4.52,chembl26.sdf.gz
N=C(N)N,13.6,chembl26.sdf.gz
Nc1cc(-c2n[nH]c(N)n2)ccn1,9.56,chembl26.sdf.gz
CN/C(=N/CCSCc1nc[nH]c1C)NC#N,7.02,chembl26.sdf.gz
CCNc1cc(-c2n[nH]c(N)n2)ccn1,9.7,chembl26.sdf.gz
CN(Cc1cnc2nc(N)nc(N)c2n1)c1ccc(C(=O)N[C@@H](CCC(=O)O)C(=O)O)cc1,5.5,chembl26.sdf.gz
CN(Cc1cnc2nc(N)c(Br)c(N)c2n1)c1ccc(C(=O)N[C@@H](CCC(=O)O)C(=O)O)cc1,5.1,chembl26.sdf.gz
CN(Cc1cnc2nc(N)c([N+](=O)[O-])c(N)c2n1)c1ccc(C(=O)N[C@@H](CCC(=O)O)C(=O)O)cc1,4.3,chembl26.sdf.gz
CC#Cc1cncc(-c2cc(Cl)c([C@]3(C)CC(=O)N(C)C(=N)N3)s2)c1,7.5,chembl26.sdf.gz
O=c1[nH]c(=O)n(C[C@H]2C3CCC(CC3)[C@@H]2Nc2nc(-c3c[nH]c4ncc(F)cc34)ncc2F)o1,5.2,chembl26.sdf.gz
Cc1cc(=O)c2c(O)cc(O)c([C@H]3CCN(C)C[C@H]3O)c2o1,5.83,chembl26.sdf.gz
CN1CC[C@H](c2c(O)cc(O)c3c(=O)cc(-c4ccccc4Cl)oc23)[C@H](O)C1,5.56,chembl26.sdf.gz
N[C@@H](Cc1ccccc1)C(=O)NCCC[C@H](N)C(=O)Nc1ccc(C#Cc2c(F)c(F)nc(F)c2F)cc1,7.2,chembl26.sdf.gz
C[C@H](N)C(=O)NCCC[C@H](N)C(=O)Nc1ccc(C#Cc2c(F)c(F)nc(F)c2F)cc1,7.0,chembl26.sdf.gz
NCC(=O)NCCC[C@H](N)C(=O)Nc1ccc(C#Cc2c(F)c(F)nc(F)c2F)cc1,7.2,chembl26.sdf.gz
N[C@@H](Cc1ccccc1)C(=O)NCCCC[C@H](N)C(=O)Nc1ccc(C#Cc2c(F)c(F)nc(F)c2F)cc1,6.6,chembl26.sdf.gz
C[C@H](N)C(=O)NCCCC[C@H](N)C(=O)Nc1ccc(C#Cc2c(F)c(F)nc(F)c2F)cc1,7.3,chembl26.sdf.gz
Cc1cc(C)nc(Nc2cc(N[C@@H]3CCCC[C@@H]3N)cnc2C(N)=O)c1,9.0,chembl26.sdf.gz
Cc1cc(C)nc(Nc2cc(NC[C@@H](N)C(F)(F)F)cnc2C(N)=O)c1,5.1,chembl26.sdf.gz
Cc1cc(C)nc(Nc2cc(NCC3(N)CC3)cnc2C(N)=O)c1,7.9,chembl26.sdf.gz
COC[C@H](N)CNc1cnc(C(N)=O)c(Nc2cc(C)cc(C)n2)c1,7.8,chembl26.sdf.gz
Cc1cc(C)nc(Nc2cc(N[C@@H]3CS(=O)(=O)CC[C@@H]3N)cnc2C(N)=O)c1,7.0,chembl26.sdf.gz
Cc1cc(C)nc(Nc2cc(NC[C@@H](N)CS(C)(=O)=O)cnc2C(N)=O)c1,5.7,chembl26.sdf.gz
N[C@@H]1C[C@H]1c1ccccc1,8.5,chembl26.sdf.gz
N[C@]1(c2ccccc2)C[C@]1(F)c1ccccc1,5.8,chembl26.sdf.gz
N[C@H]1C[C@@]1(F)c1ccccc1,7.2,chembl26.sdf.gz
COc1ccc([C@@]2(F)C[C@@H]2N)cc1OC,7.4,chembl26.sdf.gz
COc1ccc([C@@]2(F)C[C@@H]2N)cc1,7.5,chembl26.sdf.gz
Cc1ccc([C@@]2(F)C[C@H]2N)cc1,7.04,chembl26.sdf.gz
Cc1ccc([C@@]2(F)C[C@@H]2N)cc1,7.41,chembl26.sdf.gz
N[C@@H]1C[C@]1(F)c1ccc(C(F)(F)F)cc1,6.6,chembl26.sdf.gz
N[C@H]1C[C@]1(F)c1ccc(C(F)(F)F)cc1,7.0,chembl26.sdf.gz
N[C@@H]1C[C@]1(F)c1ccc(F)cc1,6.88,chembl26.sdf.gz
N[C@H]1C[C@]1(F)c1ccc(F)cc1,7.31,chembl26.sdf.gz
N[C@@H]1C[C@]1(F)c1ccc(Cl)cc1,6.81,chembl26.sdf.gz
N[C@H]1C[C@]1(F)c1ccc(Cl)cc1,7.19,chembl26.sdf.gz
N[C@@H]1C[C@]1(F)c1ccccc1,6.98,chembl26.sdf.gz
N[C@H]1C[C@]1(F)c1ccccc1,7.35,chembl26.sdf.gz
N[C@@H]1C[C@@H]1c1ccccc1,8.47,chembl26.sdf.gz
O=C(c1ccccc1C(F)(F)F)N(CC1CCC1)[C@H]1CCNC1,9.5,chembl26.sdf.gz
C/C1=C/C=C\C(=O)O[C@H](/C=C(C)/C=C/C(C)=C/CN2CCCC2)Cc2nc(cs2)CCCCC(=O)O[C@@H](C)C1,11.0,chembl26.sdf.gz
C/C1=C/C=C\C(=O)O[C@H](/C=C(C)/C=C/C(C)=C/CN2CCOCC2)Cc2nc(cs2)CCCCC(=O)O[C@@H](C)C1,8.36,chembl26.sdf.gz
C/C1=C/C=C\C(=O)O[C@H](/C=C(C)/C=C/C(C)=C/CN(C)C)Cc2nc(cs2)CCCCC(=O)O[C@@H](C)C1,11.0,chembl26.sdf.gz
C1=C(CS/C(=N\C2CCCCC2)NC2CCCCC2)N2CCN=C2S1,7.7,chembl26.sdf.gz
CC1(C)CN2C(CS/C(=N\C3CCCCC3)NC3CCCCC3)=CSC2=N1,8.0,chembl26.sdf.gz
CNc1ccc([N+](=O)[O-])c2c(NCCCN(C)C)ccnc12,4.22,chembl26.sdf.gz
CN(C)CCCNc1ccnc2cccc([N+](=O)[O-])c12,6.39,chembl26.sdf.gz
CN(C)CCNC(=O)c1ccc(NNc2ccnc3cccc([N+](=O)[O-])c23)cc1,5.08,chembl26.sdf.gz
Cc1cnc2ccc(C)c([N+](=O)[O-])c2c1NCCCN(C)C,6.07,chembl26.sdf.gz
NCCc1c[nH]c2c1C(=O)C(=O)C=C2O,5.6,chembl26.sdf.gz
NCCc1c[nH]c2c1C(=O)C(O)=C(C1=C(O)c3[nH]cc(CCN)c3C(=O)C1=O)C2=O,6.5,chembl26.sdf.gz
CN(C)CCCCc1ccc(C(C)(C)C)cc1,9.9,chembl26.sdf.gz
CN(C)CCCCc1ccc(C2(C)COC2)cc1,9.9,chembl26.sdf.gz
CCc1ccc(CCCCN(C)C)cc1,9.9,chembl26.sdf.gz
CN(C)CCCCc1ccc(C2(O)COC2)cc1,9.6,chembl26.sdf.gz
CN(C)CCCCc1ccc(C2(F)COC2)cc1,9.9,chembl26.sdf.gz
CN(C)CCCCc1ccc(C2COC2)cc1,9.9,chembl26.sdf.gz
CN(C)CCCC(C)(C)c1ccc(C(C)(C)C)cc1,9.8,chembl26.sdf.gz
CN(C)CCCC1(c2ccc(C(C)(C)C)cc2)COC1,9.6,chembl26.sdf.gz
CN(C)CCC(C)(C)Cc1ccc(C(C)(C)C)cc1,9.5,chembl26.sdf.gz
CN(C)CCC1(Cc2ccc(C(C)(C)C)cc2)COC1,9.2,chembl26.sdf.gz
CN(C)CC(C)(C)CCc1ccc(C(C)(C)C)cc1,9.4,chembl26.sdf.gz
CN(C)CC1(CCc2ccc(C(C)(C)C)cc2)COC1,8.0,chembl26.sdf.gz
CN(C)C(C)(C)CCCc1ccc(C(C)(C)C)cc1,10.4,chembl26.sdf.gz
CN(C)C1(CCCc2ccc(C(C)(C)C)cc2)COC1,7.2,chembl26.sdf.gz
CC1(C)CCN1Cc1ccc2c(c1)OCO2,10.1,chembl26.sdf.gz
c1cc2c(cc1CN1CCC13COC3)OCO2,6.2,chembl26.sdf.gz
CC1(C)CN(Cc2ccc3c(c2)OCO3)C1,9.6,chembl26.sdf.gz
c1cc2c(cc1CN1CC3(COC3)C1)OCO2,8.0,chembl26.sdf.gz
CC1(C)CCCN1Cc1ccc2c(c1)OCO2,10.0,chembl26.sdf.gz
c1cc2c(cc1CN1CCCC13COC3)OCO2,6.3,chembl26.sdf.gz
CC1(C)CCN(Cc2ccc3c(c2)OCO3)C1,9.7,chembl26.sdf.gz
c1cc2c(cc1CN1CCC3(COC3)C1)OCO2,8.1,chembl26.sdf.gz
O=C1CCN(Cc2ccc3c(c2)OCO3)C1,6.1,chembl26.sdf.gz
CC1(C)CCCCN1Cc1ccc2c(c1)OCO2,10.2,chembl26.sdf.gz
c1cc2c(cc1CN1CCCCC13COC3)OCO2,7.0,chembl26.sdf.gz
CC1(C)CCCN(Cc2ccc3c(c2)OCO3)C1,9.4,chembl26.sdf.gz
c1cc2c(cc1CN1CCCC3(COC3)C1)OCO2,7.9,chembl26.sdf.gz
O=C1CCCN(Cc2ccc3c(c2)OCO3)C1,7.6,chembl26.sdf.gz
CC1(C)CCN(Cc2ccc3c(c2)OCO3)CC1,9.5,chembl26.sdf.gz
c1cc2c(cc1CN1CCC3(CC1)COC3)OCO2,8.3,chembl26.sdf.gz
O=C1CCN(Cc2ccc3c(c2)OCO3)CC1,7.5,chembl26.sdf.gz
c1cc2c(cc1CN1CC3CC(C1)O3)OCO2,7.1,chembl26.sdf.gz
c1cc2c(cc1CN1CCOCC1)OCO2,7.0,chembl26.sdf.gz
c1cc2c(cc1CN1CCCCC1)OCO2,9.6,chembl26.sdf.gz
c1cc2c(cc1CN1CCCC1)OCO2,9.7,chembl26.sdf.gz
c1cc2c(cc1CN1CCC1)OCO2,9.5,chembl26.sdf.gz
COCC1CC(C(=O)NC[C@H]2CCCO2)CN(Cc2nc(N3CCOCC3)oc2C)C1,7.2,chembl26.sdf.gz
CN(C)CCCNC(=O)c1cc(NC(=O)c2cc(NC(=O)/C=C/C(=O)Nc3cc(C(=O)Nc4cc(C(=O)NCCCN(C)C)n(C)c4)n(C)c3)cn2C)cn1C,9.5,chembl26.sdf.gz
Cn1cc(NC(=O)c2cc(NC(=O)CNC(=N)N)cn2C)cc1C(=O)NCCC(=N)N,12.4,chembl26.sdf.gz
Cn1cc(NC(=O)c2cc(NC(=O)c3cc(NC=O)cn3C)cn2C)cc1C(=O)NCCC(=N)N,12.4,chembl26.sdf.gz
CN(C)CCCNC(=O)c1cc(NC(=O)c2cc(NC(=O)c3cc(NC(=O)c4cc(NC(=O)c5cc(NC(=O)c6cc(NC(=O)CCCN(C)C)cn6C)cn5C)cn4C)cn3C)cn2C)cn1C,9.5,chembl26.sdf.gz
CN(C)CCCNC(=O)c1cc(NC(=O)c2cc(NC(=O)CNC(=O)c3cccc(C(=O)NCC(=O)Nc4cc(C(=O)Nc5cc(C(=O)NCCCN(C)C)n(C)c5)n(C)c4)c3)cn2C)cn1C,9.5,chembl26.sdf.gz
CN(C)CCCNC(=O)c1cc(NC(=O)c2cc(NC(=O)c3cc(NC=O)cn3C)cn2C)cn1C,9.5,chembl26.sdf.gz
CN(C)CCCNC(=O)c1cc(NC(=O)c2cc(NC(=O)c3cc(NC(=O)c4cc(NC(=O)c5cc(NC(=O)CCCN(C)C)cn5C)cn4C)cn3C)cn2C)cn1C,9.5,chembl26.sdf.gz
CC(C)(C)[C@@]1(O)CCN2C[C@@H]3c4ccccc4CCc4cccc(c43)[C@H]2C1,5.9,chembl26.sdf.gz
COCCCOc1cc(C[C@@H](C[C@H](N)[C@@H](O)C[C@H](C(=O)NCC(C)(C)C(N)=O)C(C)C)C(C)C)ccc1OC.COCCCOc1cc(C[C@@H](C[C@H](N)[C@@H](O)C[C@H](C(=O)NCC(C)(C)C(N)=O)C(C)C)C(C)C)ccc1OC.O=C(O)/C=C/C(=O)O,9.2,chembl26.sdf.gz
COCCCOc1cc(C[C@@H](C[C@H](N)[C@@H](O)C[C@H](C(=O)NC[C@H]2CCC(=O)N2)C(C)C)C(C)C)ccc1OC.Cl,9.09,chembl26.sdf.gz
COCCCCc1cc(C[C@@H](C[C@H](N)[C@@H](O)C[C@H](C(=O)NCC(C)(C)C(N)=O)C(C)C)C(C)C)ccc1OC.Cl,9.44,chembl26.sdf.gz
COCCCCc1cc(C[C@@H](C[C@H](N)[C@@H](O)C[C@H](C(=O)NCCN2CCOCC2)C(C)C)C(C)C)ccc1OC.Cl,6.01,chembl26.sdf.gz
COCCCOc1cc(C[C@@H](C[C@H](N)[C@@H](O)C[C@H](C(=O)NCCC(=O)N(C)C)C(C)C)C(C)C)ccc1OC.O=C([O-])CC(O)(CC(=O)O)C(=O)O.[Na+],9.4,chembl26.sdf.gz
COCCCOc1cc(C[C@@H](C[C@H](N)[C@@H](O)C[C@H](C(=O)NCCC(=O)N(C)C)C(C)C)C(C)C)ccc1OC.O=C(O)CC(O)(CC(=O)O)C(=O)O,5.7,chembl26.sdf.gz
COc1cc2c(cc1OC)-c1c(-c3cccnc3)ncn1CC2,3.5,chembl26.sdf.gz
COc1cc2c(cc1OC)-c1c(-c3cccnc3)nc(C)n1CC2,4.0,chembl26.sdf.gz
O=[N+]([O-])c1ccc(Nc2ccc(NC(=S)Oc3ccc(O)cc3)cc2)cc1,9.22,chembl26.sdf.gz
O=[N+]([O-])c1ccc(Sc2ccc(NC(=S)Oc3ccc(O)cc3)cc2)cc1,9.21,chembl26.sdf.gz
CC(=O)Nc1ccc(OC(=S)Nc2ccc(Oc3ccc([N+](=O)[O-])cc3)cc2)cc1,9.04,chembl26.sdf.gz
O=[N+]([O-])c1ccc(Oc2ccc(NC(=S)Oc3ccc(O)cc3)cc2)cc1,9.23,chembl26.sdf.gz
CC(=O)Nc1ccc(OC(=S)Nc2ccc(Nc3ccc([N+](=O)[O-])cc3)cc2)cc1,9.04,chembl26.sdf.gz
CC(=O)Nc1ccc(OC(=S)Nc2ccc(Sc3ccc([N+](=O)[O-])cc3)cc2)cc1,8.99,chembl26.sdf.gz
Oc1ccc(OC(=S)Nc2ccc(Nc3ccc(C(F)(F)F)cc3)cc2)cc1,9.23,chembl26.sdf.gz
CC(=O)Nc1ccc(OC(=S)Nc2ccc(Nc3ccc(C(F)(F)F)cc3)cc2)cc1,9.05,chembl26.sdf.gz
Oc1ccc(OC(=S)Nc2ccc(Oc3ccc(C(F)(F)F)cc3)cc2)cc1,9.23,chembl26.sdf.gz
CC(=O)Nc1ccc(OC(=S)Nc2ccc(Oc3ccc(C(F)(F)F)cc3)cc2)cc1,9.03,chembl26.sdf.gz
Oc1ccc(OC(=S)Nc2ccc(Sc3ccc(C(F)(F)F)cc3)cc2)cc1,9.22,chembl26.sdf.gz
CC(=O)Nc1ccc(OC(=S)Nc2ccc(Sc3ccc(C(F)(F)F)cc3)cc2)cc1,9.02,chembl26.sdf.gz
Oc1ccc(OC(=S)Nc2ccc(Nc3ccc(C(Cl)(Cl)Cl)cc3)cc2)cc1,9.23,chembl26.sdf.gz
CC(=O)Nc1ccc(OC(=S)Nc2ccc(Nc3ccc(C(Cl)(Cl)Cl)cc3)cc2)cc1,9.01,chembl26.sdf.gz
Oc1ccc(OC(=S)Nc2ccc(Oc3ccc(C(Cl)(Cl)Cl)cc3)cc2)cc1,9.24,chembl26.sdf.gz
CC(=O)Nc1ccc(OC(=S)Nc2ccc(Oc3ccc(C(Cl)(Cl)Cl)cc3)cc2)cc1,9.02,chembl26.sdf.gz
Oc1ccc(OC(=S)Nc2ccc(Sc3ccc(C(Cl)(Cl)Cl)cc3)cc2)cc1,9.22,chembl26.sdf.gz
CC(=O)Nc1ccc(OC(=S)Nc2ccc(Sc3ccc(C(Cl)(Cl)Cl)cc3)cc2)cc1,9.01,chembl26.sdf.gz
CCNC1CN(c2cc3c(cc2F)c(=O)c(C(=O)O)cn3C2CC2)C1,8.62,chembl26.sdf.gz
C#CCN(CC#C)C(=O)[C@@]1(c2cccs2)C[C@H]1CN,9.3,chembl26.sdf.gz
C=C(F)CN(CC)C(=O)[C@@]1(c2cccs2)C[C@H]1CN,9.4,chembl26.sdf.gz
C=CCN(CC=C)C(=O)[C@@]1(c2cccs2)C[C@H]1CN,9.4,chembl26.sdf.gz
C=CCN(Cc1nccs1)C(=O)[C@@]1(c2cccs2)C[C@H]1CN,9.4,chembl26.sdf.gz
C#CCN(CC)C(=O)[C@@]1(c2cccs2)C[C@H]1CN,9.4,chembl26.sdf.gz
CCN(CC)C(=O)C1(c2ccccc2)CC1CN,9.5,chembl26.sdf.gz
NC[C@@H]1C[C@@]1(C(=O)N1Cc2ccccc2C1)c1cccs1,9.5,chembl26.sdf.gz
CCN(CC)C(=O)[C@]1(c2ccccc2)C[C@H]1CN,9.6,chembl26.sdf.gz
CNCC[C@@H](Oc1ccccc1C)c1ccccc1,10.1,chembl26.sdf.gz
CCOP(=O)(SC(C)CC)N1CCOC1=O,11.8,chembl26.sdf.gz
CCOP(=O)(SC(C)CC)N1CCSC1=O,11.6,chembl26.sdf.gz
CCOP(=O)(SC(C)CC)N1OCCC1=O,10.5,chembl26.sdf.gz
CCOP(=O)(SC(C)CC)N1C(=O)CCC1=O,9.6,chembl26.sdf.gz
Cc1cc(-c2cnc3cccc(-c4ccc(CN5CCS(=O)(=O)CC5)cc4)c3n2)ccc1C(=O)N1CCN(C)CC1,3.9,chembl26.sdf.gz
CN1CCN(c2ccc(-c3cnc4cccc(-c5cc(F)c(CN6CCOCC6)c(F)c5)c4n3)cc2)CC1,4.5,chembl26.sdf.gz
CN1CCN(c2ccc(-c3cnc4cccc(-c5cc(F)c(CN6CCS(=O)(=O)CC6)c(F)c5)c4n3)cn2)CC1,3.6,chembl26.sdf.gz
Fc1cc(-c2cccc3ncc(-c4cnn(C5CCNCC5)c4)nc23)cc(F)c1CN1CCOCC1,5.5,chembl26.sdf.gz
CC(=O)NS(=O)(=O)c1ccc(N)cc1,5.78,chembl26.sdf.gz
CCOc1noc2c1CNCC2.Cl,7.6,chembl26.sdf.gz
Br.Oc1noc2c1CNCC2,4.3,chembl26.sdf.gz
COc1noc2c1CNCC2.Cl,7.5,chembl26.sdf.gz
Nc1ccc(S(=O)(=O)c2ccc(O)cc2O)cc1,10.14,chembl26.sdf.gz
CC(C)C(=O)N(Cc1cccc(Cl)c1Cl)[C@H]1CCNC1,9.4,chembl26.sdf.gz
c1cnc2nccn2c1,4.9,chembl26.sdf.gz
CC(C)(O)c1ccn2ccnc2n1,5.4,chembl26.sdf.gz
C[C@@H](C(=O)O)c1ccc(OS(=O)(=O)C(F)(F)F)cc1,4.0,chembl26.sdf.gz
COc1cc2c(Nc3ccc(Cl)cc3F)ncnc2cc1OCCCN1CCOCC1,7.2,chembl26.sdf.gz
C[C@@]1(c2cc(NC(=O)c3ccc(C#N)cn3)ccc2F)CCOC(N)=N1,9.8,chembl26.sdf.gz
C[C@@]1(c2cc(NC(=O)c3ccc(C#N)cn3)ccc2F)C=COC(N)=N1,7.7,chembl26.sdf.gz
CC1=COC(N)=N[C@]1(C)c1cc(NC(=O)c2ccc(C#N)cn2)ccc1F,8.0,chembl26.sdf.gz
CC1=C[C@@](C)(c2cc(NC(=O)c3ccc(C#N)cn3)ccc2F)N=C(N)O1,7.9,chembl26.sdf.gz
CC1=C[C@@](CF)(c2cc(NC(=O)c3ccc(C#N)cn3)ccc2F)N=C(N)O1,6.3,chembl26.sdf.gz
C[C@@]1(c2cc(NC(=O)c3ccc(C#N)cn3)ccc2F)C=C(CF)OC(N)=N1,6.9,chembl26.sdf.gz
N#Cc1ccc(C(=O)Nc2ccc(F)c([C@]3(C4CC4)C=C(CF)OC(N)=N3)c2)nc1,6.8,chembl26.sdf.gz
COCC1=C[C@@](C)(c2cc(NC(=O)c3ccc(C#N)cn3)ccc2F)N=C(N)O1,7.4,chembl26.sdf.gz
Cc1cc(C#N)cnc1C(=O)Nc1ccc(F)c([C@]2(C)C=C(C(F)F)OC(N)=N2)c1,6.4,chembl26.sdf.gz
C[C@@]1(c2ccccc2F)CCOC(N)=N1,9.8,chembl26.sdf.gz
O=C(NCCCCCCNC(=O)NS(=O)(=O)c1cccc(Cl)c1)NS(=O)(=O)c1cccc(Cl)c1,5.35,chembl26.sdf.gz
O=C(NCCCCCCCNC(=O)NS(=O)(=O)c1cccc(Cl)c1)NS(=O)(=O)c1cccc(Cl)c1,5.12,chembl26.sdf.gz
O=C(c1ccccc1)N1CCS1(=O)=O,6.3,chembl26.sdf.gz
O=C(Nc1ccc(C2CCN(C(=O)[C@H]3CC[C@H](C(=O)O)CC3)CC2)cc1)c1nc(-c2ccccc2)oc1C(F)(F)F,5.78,chembl26.sdf.gz
COc1ncc(OC)c2c(C(=O)C(=O)N3CCN(C(=O)c4ccccc4)CC3)c[nH]c12,2.6,chembl26.sdf.gz
COc1cnc(OC)c2c1c(C(=O)C(=O)N1CCN(C(=O)c3ccccc3)CC1)cn2COP(=O)(O)O.NCCCC[C@H](N)C(=O)O,2.2,chembl26.sdf.gz
O=[N+]([O-])c1cn2c(n1)OC(COc1ccc(-c3ccc(F)cc3)nc1)CC2,3.95,chembl26.sdf.gz
COCCOCCCNCc1cc2cc(S(N)(=O)=O)oc2s1,7.42,chembl26.sdf.gz
COCCN(CCOC)Cc1cc2cc(S(N)(=O)=O)oc2s1,5.57,chembl26.sdf.gz
CCCNCc1cc2cc(S(N)(=O)=O)oc2s1,7.85,chembl26.sdf.gz
NS(=O)(=O)c1cc2cc(CNCc3ccccn3)sc2o1,7.02,chembl26.sdf.gz
COCCCNCc1cc2cc(S(N)(=O)=O)oc2s1,7.25,chembl26.sdf.gz
COCCOCCN(CCOC)Cc1cc2cc(S(N)(=O)=O)oc2s1,5.55,chembl26.sdf.gz
NS(=O)(=O)c1cc2cc(CNCCF)sc2o1,6.55,chembl26.sdf.gz
CCNCc1cc2cc(S(N)(=O)=O)oc2s1,8.05,chembl26.sdf.gz
CNCc1cc2cc(S(N)(=O)=O)oc2s1,7.85,chembl26.sdf.gz
NS(=O)(=O)c1cc2cc(CNCCCCO)sc2o1,7.65,chembl26.sdf.gz
CC(C)CNCc1cc2cc(S(N)(=O)=O)oc2s1,7.55,chembl26.sdf.gz
O=C(O)C1CCCN(CCC=C(c2ccccc2)c2ccccc2)C1,9.36,chembl26.sdf.gz
COc1cc2c(Nc3ccc(Cl)cc3F)ncnc2cc1OCCCN1CCN(C)CC1.Cl,7.9,chembl26.sdf.gz
COc1ccc(Cn2c(=O)n3ncnc3c3c4c(sc32)CN(CC2CCOCC2)CC4)cc1,6.6,chembl26.sdf.gz
O=C1Cn2c(cc3ccccc32)C(=O)N1O,7.27,chembl26.sdf.gz
COc1ccc2c(c1)cc1n2CC(=O)N(O)C1=O,7.27,chembl26.sdf.gz
O=C1Cn2c(cc3cc(F)ccc32)C(=O)N1O,7.27,chembl26.sdf.gz
O=C1Cn2c(cc3cc(Cl)ccc32)C(=O)N1O,7.27,chembl26.sdf.gz
O=C1Cn2c(cc3cc(O)ccc32)C(=O)N1O,7.27,chembl26.sdf.gz
O=C(O)C(=O)CC(=O)c1ccccc1,2.85,chembl26.sdf.gz
CCCCCS(=O)(=O)NC(=O)CCc1ccc(OCCOC)cc1Oc1ncc(C(F)(F)F)cc1Cl,4.6,chembl26.sdf.gz
CCCCCS(=O)(=O)NC(=O)OCCCc1ccc(OCCOC)cc1Oc1ncc(C(F)(F)F)cc1Cl,4.6,chembl26.sdf.gz
CC(C)n1nc(-c2cnc(N)c(C(F)(F)F)c2)cc1C1CCN(C2COC2)CC1,6.55,chembl26.sdf.gz
CC(C)n1nc(-c2cnc(N)c(C(F)(F)F)c2)cc1[C@H]1[C@@H]2CN(C3COC3)C[C@@H]21,5.9,chembl26.sdf.gz
CNC(=S)N(C)CCNc1c2ccccc2[nH+]c2ccccc12.O=[N+]([O-])[O-],9.0,chembl26.sdf.gz
CNC(=N)N(C)CCNc1c2ccccc2nc2ccccc12.Cl.Cl,9.0,chembl26.sdf.gz
Cc1c(NC2=NCCN2)ccc2c1NCCO2,11.1,chembl26.sdf.gz
Cc1c(NC2=NCCN2)ccc2nccnc12,9.4,chembl26.sdf.gz
Cc1c(NC2=NCCN2)ccc2c1NCCN2,11.3,chembl26.sdf.gz
CC(=O)Nc1ccc2nc(N(C)CCN(C)C)ccc2c1,9.05,chembl26.sdf.gz
CC(=O)Nc1ccc2nc(OCCN(C)C)ccc2c1,4.64,chembl26.sdf.gz
CC(=O)Nc1ccc2nc(C(C)CCN(C)C)ccc2c1,6.56,chembl26.sdf.gz
CC(=O)Nc1ccc2nc(NCCN(C)C)ccc2c1,12.19,chembl26.sdf.gz
CC(=O)Nc1ccc2nc(SCCN(C)C)ccc2c1,4.33,chembl26.sdf.gz
CC(=O)Nc1ccc2nc(CCCN(C)C)ccc2c1,8.98,chembl26.sdf.gz
CC(=O)Nc1ccc2nc(C(C)(C)CCN(C)C)ccc2c1,6.22,chembl26.sdf.gz
CS(=O)(=O)OCCCNCCCOS(C)(=O)=O.Cl,8.77,chembl26.sdf.gz
Nc1cc(C(F)(F)F)c(-c2cc(N3CCOCC3)nc(N3CCOCC3)n2)cn1,5.1,chembl26.sdf.gz
S=C(NCc1ccc2c(c1)OCO2)N1CCN(c2ncnc3c2oc2ccccc23)CC1,7.09,chembl26.sdf.gz
CC(C)CNC(=O)[C@H]1C[C@@](F)(c2ccc(CN3CCCC3)c(F)c2)C1,9.2,chembl26.sdf.gz
CCNC(=O)[C@H]1C[C@@](F)(c2ccc(CN3CCCC3)c(F)c2)C1,9.2,chembl26.sdf.gz
CCN(C)C(=O)[C@H]1C[C@@H](c2ccc(CN3CCCC3)c(F)c2)C1,9.3,chembl26.sdf.gz
CC(=O)N(C)C[C@H]1C[C@H](c2ccc(CN3CCCC3)c(Cl)c2)C1,9.3,chembl26.sdf.gz
c1cnc(OC[C@H]2C[C@H](c3ccc(CN4CCCC4)cc3)C2)nc1,9.8,chembl26.sdf.gz
c1cc([C@H]2C[C@@H](CN3CCOCC3)C2)ccc1CN1CCCC1,7.7,chembl26.sdf.gz
COc1ccccc1CN[C@H]1CCCN[C@H]1c1ccccc1,4.0,chembl26.sdf.gz
CCC(c1ccccc1)N(CC)c1ccc(O)cn1,6.7,chembl26.sdf.gz
CCN(Cc1ccccc1)c1ncc(O)cn1,3.9,chembl26.sdf.gz
CCC(c1ccccc1)N(CC)c1ncc(O)cn1,3.9,chembl26.sdf.gz
CCN(Cc1ccccc1)c1ccc(O)cn1,6.7,chembl26.sdf.gz
O=C(/C=N/O)c1ccc(OCC2CCN(Cc3ccccc3)CC2)nc1,7.8,chembl26.sdf.gz
O=C(/C=N/O)c1cnc(OCC2CCN(Cc3ccccc3)CC2)nc1,7.6,chembl26.sdf.gz
O/N=C/c1ccc(OCC2CCN(Cc3ccccc3)CC2)nc1,11.2,chembl26.sdf.gz
O/N=C/c1cnc(OCC2CCN(Cc3ccccc3)CC2)nc1,10.7,chembl26.sdf.gz
C=CCN(CC)C(=O)[C@@]1(c2ccsc2)C[C@H]1CN,9.5,chembl26.sdf.gz
CCN(CC)C(=O)[C@@]1(c2ccccc2)C[C@H]1CN,9.6,chembl26.sdf.gz
O=C(O)c1cc([N+](=O)[O-])ccc1O,4.5,chembl26.sdf.gz
O=C(O)c1cccc([N+](=O)[O-])c1,3.4,chembl26.sdf.gz
O=C(O)c1ccccc1O,3.8,chembl26.sdf.gz
O=C(O)c1ccccc1,2.6,chembl26.sdf.gz
CCCCC1C(=O)N(c2ccccc2)N(c2ccccc2)C1=O,2.4,chembl26.sdf.gz
O=[N+]([O-])c1ccccc1O,0.2,chembl26.sdf.gz
CCCC(C)C1(CC)C(=O)NC(=S)NC1=O,0.8,chembl26.sdf.gz
CCC(=O)c1ccc(O)cc1,1.0,chembl26.sdf.gz
O=[N+]([O-])c1cccc(O)c1,1.4,chembl26.sdf.gz
CC(=O)Nc1ccccc1,6.5,chembl26.sdf.gz
Nc1ccc([N+](=O)[O-])cc1,5.8,chembl26.sdf.gz
Cc1cc(=O)n(-c2ccccc2)n1C,5.4,chembl26.sdf.gz
Nc1cccc([N+](=O)[O-])c1,4.3,chembl26.sdf.gz
C=C[C@H]1CN2CC[C@H]1C[C@H]2[C@H](O)c1ccnc2ccc(OC)cc12,1.6,chembl26.sdf.gz
CN[C@@H](C)[C@H](O)c1ccccc1,2.8,chembl26.sdf.gz
c1ccc(CC2=NCCN2)cc1,3.5,chembl26.sdf.gz
CC(=O)c1c(C)nc2c3c(c(C(=O)N(C)C)cn12)CCC(c1ccccc1)O3,3.73,chembl26.sdf.gz
Cc1nc2c3c(c(C(=O)N(C)C)cn2c1CN(C)C)CCC(c1ccccc1)O3,4.09,chembl26.sdf.gz
CC#CC(=O)c1c(C)nc2c3c(c(C(=O)N(C)C)cn12)CCC(c1ccccc1)O3,3.2,chembl26.sdf.gz
COCCNC(=O)c1c(C)nc2c3c(c(C(=O)N(C)C)cn12)CCC(c1ccccc1)O3,4.38,chembl26.sdf.gz
Cc1nc2c3c(c(C(=O)N(C)C)cn2c1C(=O)N(C)C)CCC(c1ccccc1)O3,4.51,chembl26.sdf.gz
Cc1nc2c3c(c(C(=O)O)cn2c1C)CCC(c1ccccc1)O3,2.65,chembl26.sdf.gz
Cc1nc2c3c(c(C(=O)N4CCNCC4)cn2c1C)CCC(c1ccccc1)O3,6.44,chembl26.sdf.gz
Cc1nc2c3c(c(C(=O)NS(C)(=O)=O)cn2c1C)CCC(c1ccccc1)O3,2.5,chembl26.sdf.gz
CC(=O)/C=N/O,8.4,chembl26.sdf.gz
CC(=O)/C(C)=N/O,9.5,chembl26.sdf.gz
C[n+]1ccccc1/C=N/O.[Br-],7.85,chembl26.sdf.gz
C[n+]1cccc(/C=N/O)c1.[Br-],9.53,chembl26.sdf.gz
C[n+]1ccc(/C=N/O)cc1.[Br-],8.36,chembl26.sdf.gz
O/N=C/c1cc[n+](CCC[n+]2ccc(/C=N/O)cc2)cc1.[Br-].[Br-],8.19,chembl26.sdf.gz
O/N=C\c1cc[n+](Cc2ccccc2C[n+]2ccc(/C=N\O)cc2)cc1.[Br-].[Br-],8.29,chembl26.sdf.gz
O/N=C/c1cc[n+](Cc2cccc(C[n+]3ccc(/C=N/O)cc3)c2)cc1.[Br-].[Br-],8.1,chembl26.sdf.gz
O/N=C/c1cc[n+](Cc2ccc(C[n+]3ccc(/C=N/O)cc3)cc2)cc1.[Br-].[Br-],8.3,chembl26.sdf.gz
NC(=O)c1cc[n+](CCC[n+]2ccc(/C=N/O)cc2)cc1.[Br-].[Br-],8.49,chembl26.sdf.gz
NC(=O)c1cc[n+](CCCC[n+]2ccc(/C=N/O)cc2)cc1.[Br-].[Br-],8.55,chembl26.sdf.gz
NC(=O)c1cc[n+](C/C=C\C[n+]2ccc(/C=N/O)cc2)cc1.[Br-].[Br-],8.34,chembl26.sdf.gz
NC(=O)c1cc[n+](Cc2ccc(C[n+]3ccc(/C=N/O)cc3)cc2)cc1.[Br-].[Br-],8.25,chembl26.sdf.gz
NC(=O)c1cc[n+](Cc2cccc(C[n+]3ccc(/C=N/O)cc3)c2)cc1.[Br-].[Br-],8.02,chembl26.sdf.gz
NC(=O)c1cc[n+](Cc2ccccc2C[n+]2ccc(/C=N/O)cc2)cc1.[Br-].[Br-],8.13,chembl26.sdf.gz
C[C@@H]1CN[C@@H](C2CC2)C(=O)N(C)[C@H](C)C(=O)N[C@H](Cc2ccc(F)cc2)C(=O)NCCCc2ccccc2O1.Cl.O,7.17,chembl26.sdf.gz
C[C@@H]1C(=O)N[C@H](Cc2ccccc2)C(=O)NCCCc2ccccc2OCCN[C@@H](C2CC2)C(=O)N1C,6.72,chembl26.sdf.gz
CCC[C@@H]1NCCOc2ccccc2CCCNC(=O)[C@@H](Cc2ccccc2)NC(=O)[C@@H](C)N(C)C1=O,6.45,chembl26.sdf.gz
O=C(Nc1ccc(O)c(C(=O)O)c1)c1ccc(NC(=O)c2ccco2)cc1,2.58,chembl26.sdf.gz
O=C(Nc1ccc(O)cc1C(=O)O)c1ccc(N2C(=O)c3ccccc3C2=O)cc1,3.22,chembl26.sdf.gz
Cc1cc(Oc2nccc3occc23)ccc1-c1c(C)ncc2nccn12,4.1,chembl26.sdf.gz
CN1CCN(CC(=O)Nc2cc(-n3cccn3)nc(-c3ccco3)n2)CC1,7.9,chembl26.sdf.gz
O=C(O)C1CCCNC1,3.45,chembl26.sdf.gz
Cl.N=C(N)c1ccc(-c2ccc(-c3ccc(C(=N)N)cc3)o2)cc1,10.4,chembl26.sdf.gz
Cl.N/C(=N\O)Nc1ccc(Oc2ccc(N/C(N)=N/O)cc2)cc1,8.3,chembl26.sdf.gz
C[C@H](N)CNc1nc(-c2ccncc2)cc2cnccc12,9.0,chembl26.sdf.gz
Nc1ccc(S(=O)(=O)c2c(O)cc(O)cc2O)cc1,9.62,chembl26.sdf.gz
CN1CC[C@]23CCCC[C@H]2[C@H]1Cc1ccc(O)cc13,3.0,chembl26.sdf.gz
Cc1nc(N)c2nnn(C[C@H]3CN(Cc4nccs4)CCO3)c2n1,4.9,chembl26.sdf.gz
CCNC(=O)Nc1cc(-c2nc(C(F)(F)F)cs2)c(-c2cc(C(=O)O)cnc2N2C3CCC2CN(C)C3)cn1,7.4,chembl26.sdf.gz
CCNC(=O)Nc1cc(-c2nc(C(F)(F)F)cs2)c(-c2cc(C(=O)O)ccc2N2C3CCC2CN(C)C3)cn1,8.2,chembl26.sdf.gz
CCNC(=O)Nc1cc(-c2nc(C(F)(F)F)cs2)c(-c2cc(C(=O)NS(C)(=O)=O)cnc2N2C3CCC2CN(C)C3)cn1,7.6,chembl26.sdf.gz
CCNC(=O)Nc1cc(-c2nc(C(F)(F)F)cs2)c(-c2cc(-c3nnn[nH]3)cnc2N2C3CCC2CN(C)C3)cn1,7.8,chembl26.sdf.gz
CCNC(=O)Nc1cc(-c2nc(C(F)(F)F)cs2)c(-c2cc(-c3n[nH]c(=O)o3)cnc2N2C3CCC2CN(C)C3)cn1,7.8,chembl26.sdf.gz
CCNC(=O)Nc1cc(-c2nc(C(F)(F)F)cs2)c(-c2cc(-c3n[nH]c(=O)o3)cnc2N2CCC(N)CC2)cn1,9.5,chembl26.sdf.gz
CCNC(=O)Nc1cc(-c2nc(C(F)(F)F)cs2)c(-c2cc(-c3n[nH]c(=O)o3)cnc2N2[C@@H]3CC[C@H]2C[C@@H](N)C3)cn1,9.5,chembl26.sdf.gz
CCNC(=O)Nc1cc(-c2nc(C3CC3)cs2)c(-c2cc(-c3n[nH]c(=O)o3)cnc2N2C3CCC2CN(C)C3)cn1,7.9,chembl26.sdf.gz
O=C(O)CN1C(=O)c2cccc3cccc(c23)C1=O,4.8,chembl26.sdf.gz
O=C(O)C1CCOc2ccc(Cl)cc21,4.9,chembl26.sdf.gz
O=C1NC(=O)[C@@]2(CCOc3ccc(Cl)cc32)O1,5.6,chembl26.sdf.gz
Cl.N=C(N)N1C2CC(OC(=O)C(CO)c3ccccc3)CC1C1OC12,10.84,chembl26.sdf.gz
CN1[C@@H]2CC[C@H]1C[C@@H](OC(=O)C(CO)c1ccccc1)C2.O=S(=O)(O)O,10.0,chembl26.sdf.gz
CN1[C@@H]2CC[C@H]1C[C@@H](OC(=O)C(CO)c1ccccc1)C2,9.6,chembl26.sdf.gz
Cl.N=C(N)N1C2CCC1CC(OC(=O)C(CO)c1ccccc1)C2,11.6,chembl26.sdf.gz
CC(=N)N1C2CC(OC(=O)C(CO)c3ccccc3)CC1C1OC12.Cl,10.74,chembl26.sdf.gz
CC(=N)N1C2CCC1CC(OC(=O)C(CO)c1ccccc1)C2.Cl,10.92,chembl26.sdf.gz
Cl.N=CN1C2CCC1CC(OC(=O)C(CO)c1ccccc1)C2,10.33,chembl26.sdf.gz
CN1[C@@H]2C[C@@H](OC(=O)[C@H](CO)c3ccccc3)C[C@H]1[C@@H]1O[C@H]12,7.55,chembl26.sdf.gz
Cl.N=CN1C2CC(OC(=O)C(CO)c3ccccc3)CC1C1OC12,9.78,chembl26.sdf.gz
O=C(O[C@@H]1C[C@@H]2N[C@H](C1)[C@@H]1O[C@@H]12)[C@H](CO)c1ccccc1,7.09,chembl26.sdf.gz
O=C(O)c1nc(-c2cccs2)nc(O)c1O,7.7,chembl26.sdf.gz
Cn1c(-c2cccs2)nc(C(=O)O)c(O)c1=O,9.1,chembl26.sdf.gz
O=C(O)c1nc(-c2ccccc2)nc(O)c1O,8.6,chembl26.sdf.gz
Cn1c(-c2sccc2NC(=O)Nc2ccccc2Cl)nc(C(=O)O)c(O)c1=O,9.2,chembl26.sdf.gz
O=C(NCc1ccccc1Cl)Nc1ccsc1-c1nc(O)c(O)c(C(=O)O)n1,6.6,chembl26.sdf.gz
O=C(O)c1nc(-c2sccc2[N+](=O)[O-])nc(O)c1O,6.9,chembl26.sdf.gz
O=C(O)c1nc(-c2nccs2)nc(O)c1O,6.9,chembl26.sdf.gz
O=C(O)c1nc(-c2ccco2)nc(O)c1O,7.4,chembl26.sdf.gz
O=C(O)c1nc(C2CCCCC2)nc(O)c1O,8.7,chembl26.sdf.gz
N#Cc1cc(C(F)(F)F)ccc1N1CCOc2cc(S(=O)(=O)Nc3ccncn3)ccc21,5.8,chembl26.sdf.gz
O=C(O)C(=O)CC(=O)c1ccc(-c2ccccc2)cc1,3.85,chembl26.sdf.gz
NCCc1c[nH]cn1,6.07,chembl26.sdf.gz
CC(C)/N=C/Nc1ccc(-c2c[nH]cn2)cc1.Cl,5.58,chembl26.sdf.gz
O=C(O)CCc1ccccc1,4.64,chembl26.sdf.gz
O=P(O)(O)CCc1ccccc1,2.34,chembl26.sdf.gz
O=[PH](O)CCc1ccccc1,1.98,chembl26.sdf.gz
O=S([O-])CCc1ccccc1.[Na+],2.1,chembl26.sdf.gz
c1ccc(CCc2nnn[nH]2)cc1,5.09,chembl26.sdf.gz
O=C1NC(=O)C(Cc2ccccc2)S1,6.19,chembl26.sdf.gz
O=C1NC(=O)C(Cc2ccccc2)O1,5.86,chembl26.sdf.gz
O=S1NC(CCc2ccccc2)=NO1,5.23,chembl26.sdf.gz
S=c1[nH]c(CCc2ccccc2)no1,3.58,chembl26.sdf.gz
Oc1cc(Cc2ccccc2)on1,5.36,chembl26.sdf.gz
O=C1CC(=O)C(Cc2ccccc2)N1,6.08,chembl26.sdf.gz
O=C1C=C(O)CC1Cc1ccccc1,4.01,chembl26.sdf.gz
CC1=C(O)CC(Cc2ccccc2)C1=O,4.47,chembl26.sdf.gz
O=C1CCC(O)=C1Cc1ccccc1,4.44,chembl26.sdf.gz
O=C1CCC(Cc2ccccc2)=C1O,8.88,chembl26.sdf.gz
O=C1CC(c2ccccc2)C=C1O,8.28,chembl26.sdf.gz
Oc1c(F)cc(Cc2ccccc2)cc1F,7.19,chembl26.sdf.gz
Oc1c(F)ccc(Cc2ccccc2)c1F,7.05,chembl26.sdf.gz
[O-][S+](Cc1ccccc1)c1ccccc1O,7.7,chembl26.sdf.gz
O=S(=O)(Cc1ccccc1)c1ccccc1O,7.12,chembl26.sdf.gz
CC(C)CNC(=O)CNC(=O)c1nccc(O)c1O.Cl,6.2,chembl26.sdf.gz
CNC(=O)CNC(=O)c1nccc(O)c1O.Cl,6.3,chembl26.sdf.gz
CNC(=O)[C@H](C)NC(=O)c1nccc(O)c1O.Cl,6.0,chembl26.sdf.gz
Cl.O=C(CNC(=O)c1nccc(O)c1O)NCc1ccccc1,6.2,chembl26.sdf.gz
CC(C)CNC(=O)[C@H](C)NC(=O)c1nccc(O)c1O.Cl,6.0,chembl26.sdf.gz
C[C@H](NC(=O)c1nccc(O)c1O)C(=O)NCc1ccccc1.Cl,6.0,chembl26.sdf.gz
CNC(=O)[C@H](Cc1ccccc1)NC(=O)c1nccc(O)c1O.Cl,6.1,chembl26.sdf.gz
CC(C)CNC(=O)[C@H](Cc1ccccc1)NC(=O)c1nccc(O)c1O.Cl,6.0,chembl26.sdf.gz
Cl.O=C(N[C@@H](Cc1ccccc1)C(=O)NCc1ccccc1)c1nccc(O)c1O,6.0,chembl26.sdf.gz
C[C@]1(c2cc(N)ccc2F)N=C(N)CO[C@H]1C(F)(F)F,8.0,chembl26.sdf.gz
C[C@]1(c2cc(N)ccc2F)N=C(N)CO[C@@H]1F,8.1,chembl26.sdf.gz
CC1(c2ccccc2)COCC(N)=N1,9.8,chembl26.sdf.gz
C[C@]1(c2cc(NC(=O)c3ccc(C#N)cn3)ccc2F)N=C(N)CO[C@@H]1F,7.9,chembl26.sdf.gz
Cc1cc(Cl)cnc1C(=O)Nc1ccc(F)c([C@@]2(C)N=C(N)CO[C@@H]2F)c1,7.4,chembl26.sdf.gz
C[C@]1(c2cc(NC(=O)c3ccc(Cl)cn3)ccc2F)N=C(N)CO[C@@H]1F,7.9,chembl26.sdf.gz
COc1cnc(C(=O)Nc2cc([C@@]3(C)N=C(N)CO[C@@H]3F)ccn2)cn1,2.8,chembl26.sdf.gz
COc1cnc(C(=O)Nc2ccnc([C@@]3(C)N=C(N)CO[C@@H]3F)c2)cn1,2.6,chembl26.sdf.gz
COc1cnc(C(=O)Nc2ccc(F)c([C@@]3(C4CC4)N=C(N)CO[C@@H]3F)c2)cn1,7.8,chembl26.sdf.gz
C[C@]1(c2cc(NC(=O)c3cnc(Cl)cn3)ccc2F)N=C(N)CO[C@@H]1C(F)(F)F,8.0,chembl26.sdf.gz
C[C@]1(c2cc(NC(=O)c3cnc(Cl)cn3)ccc2F)N=C(N)CO[C@H]1C(F)(F)F,7.8,chembl26.sdf.gz
C[C@]1(c2cc(NC(=O)c3cnc(Cl)cn3)ccc2F)N=C(N)CO[C@]1(F)C(F)(F)F,6.9,chembl26.sdf.gz
C[C@]1(c2cc(NC(=O)c3cnc(Cl)cn3)ccc2F)N=C(N)CO[C@@]1(F)C(F)(F)F,6.8,chembl26.sdf.gz
COc1cnc(C(=O)Nc2ccc(F)c([C@@]3(C)N=C(N)CO[C@@H]3F)c2)cn1,7.8,chembl26.sdf.gz
COc1cnc(C(=O)Nc2ccc(F)c([C@@]3(C)N=C(N)CO[C@H]3F)c2)cn1,7.6,chembl26.sdf.gz
COc1cnc(C(=O)Nc2ccc(F)c([C@]3(C)COCC(N)=N3)c2)cn1,9.0,chembl26.sdf.gz
C[C@@]1(c2cc(NC(=O)c3ccc(Cl)cn3)ccc2F)COCC(N)=N1,9.2,chembl26.sdf.gz
C[C@@]1(c2cccc(NC(=O)c3ccc(Cl)cn3)c2)COCC(N)=N1,9.6,chembl26.sdf.gz
CCN(CC)CCCC(C)Nc1ccnc2cc(Cl)ccc12,8.38,chembl26.sdf.gz
CO/N=C(\C#N)C1=CCCN(C)C1,7.65,chembl26.sdf.gz
CO/N=C(\C#N)C1CN2CCC1CC2,8.96,chembl26.sdf.gz
CO/N=C(\F)C1=CCCN(C)C1,7.39,chembl26.sdf.gz
CO/N=C(\C#N)C1=CCCNC1,8.6,chembl26.sdf.gz
CO/N=C/C1=CCCN(C)C1,8.21,chembl26.sdf.gz
CO/N=C/C1=CCCNC1,9.18,chembl26.sdf.gz
NC(=O)c1cc[n+](C/C=C/C[n+]2ccc(/C=N/O)cc2)cc1.[Br-].[Br-],8.33,chembl26.sdf.gz
O=C1C(Nc2ccccc2)=C(NS(=O)(=O)c2ccccc2)C(=O)c2ccccc21,9.5,chembl26.sdf.gz
Cc1cc(C)cc(NC2=C(NS(=O)(=O)c3ccccc3)C(=O)c3ccccc3C2=O)c1,9.2,chembl26.sdf.gz
O=C1C(Nc2ccc(Br)cc2)=C(NS(=O)(=O)c2ccccc2)C(=O)c2ccccc21,10.4,chembl26.sdf.gz
COCCNC1=C(NS(=O)(=O)c2ccccc2)C(=O)c2ccccc2C1=O,9.8,chembl26.sdf.gz
O=C1C(NC2CCCC2)=C(NS(=O)(=O)c2ccccc2)C(=O)c2ccccc21,10.1,chembl26.sdf.gz
O=C1C(NCc2ccccc2)=C(NS(=O)(=O)c2ccccc2)C(=O)c2ccccc21,10.4,chembl26.sdf.gz
O=C1C(NS(=O)(=O)c2ccccc2)=C(Oc2ccccc2)C(=O)c2ccccc21,5.0,chembl26.sdf.gz
Cc1cc(C)cc(OC2=C(NS(=O)(=O)c3ccccc3)C(=O)c3ccccc3C2=O)c1,5.0,chembl26.sdf.gz
O=C1C(NS(=O)(=O)c2ccccc2)=C(Oc2ccc(Br)cc2)C(=O)c2ccccc21,5.0,chembl26.sdf.gz
O=C1C(NS(=O)(=O)c2ccccc2)=C(c2ccccc2Cl)C(=O)c2ccccc21,4.9,chembl26.sdf.gz
O=C1C(NS(=O)(=O)c2ccccc2)=C(c2cccc(Cl)c2)C(=O)c2ccccc21,4.5,chembl26.sdf.gz
O=C1C(NS(=O)(=O)c2ccccc2)=C(c2ccc(Cl)cc2)C(=O)c2ccccc21,5.0,chembl26.sdf.gz
O=Cc1cccc(C2=C(NS(=O)(=O)c3ccccc3)C(=O)c3ccccc3C2=O)c1,5.0,chembl26.sdf.gz
O=Cc1ccc(C2=C(NS(=O)(=O)c3ccccc3)C(=O)c3ccccc3C2=O)cc1,4.6,chembl26.sdf.gz
O=C1C(NS(=O)(=O)c2ccccc2)=C(c2ccco2)C(=O)c2ccccc21,5.1,chembl26.sdf.gz
O=C1C(NS(=O)(=O)c2ccccc2)=C(c2ccoc2)C(=O)c2ccccc21,5.0,chembl26.sdf.gz
Cc1cc(C)cc(NC2=C(NS(C)(=O)=O)C(=O)c3ccccc3C2=O)c1,9.5,chembl26.sdf.gz
Cc1cc(C)cc(NC2=C(NS(=O)(=O)C3CCCCC3)C(=O)c3ccccc3C2=O)c1,10.6,chembl26.sdf.gz
Cc1cc(C)cc(NC2=C(NS(=O)(=O)c3ccccc3C)C(=O)c3ccccc3C2=O)c1,9.3,chembl26.sdf.gz
Cc1cc(C)cc(NC2=C(NS(=O)(=O)c3ccccc3[N+](=O)[O-])C(=O)c3ccccc3C2=O)c1,7.9,chembl26.sdf.gz
Cc1cc(C)cc(NC2=C(NS(=O)(=O)c3c(F)cccc3F)C(=O)c3ccccc3C2=O)c1,8.4,chembl26.sdf.gz
Cc1cc(C)cc(NC2=C(NS(=O)(=O)c3cccc([N+](=O)[O-])c3)C(=O)c3ccccc3C2=O)c1,8.6,chembl26.sdf.gz
Cc1ccc(S(=O)(=O)NC2=C(Nc3cc(C)cc(C)c3)C(=O)c3ccccc3C2=O)cc1,9.7,chembl26.sdf.gz
Cc1cc(C)cc(NC2=C(NS(=O)(=O)c3ccc(F)cc3)C(=O)c3ccccc3C2=O)c1,9.9,chembl26.sdf.gz
Cc1cc(C)cc(NC2=C(NS(=O)(=O)c3ccco3)C(=O)c3ccccc3C2=O)c1,8.3,chembl26.sdf.gz
Cc1cc(C)cc(NC2=C(NS(=O)(=O)Cc3ccccc3)C(=O)c3ccccc3C2=O)c1,10.0,chembl26.sdf.gz
O=Cc1cccc(C2=C(NC(=O)c3ccccc3)C(=O)c3ccccc3C2=O)c1,10.9,chembl26.sdf.gz
O=C(NC1=C(c2ccoc2)C(=O)c2ccccc2C1=O)c1ccccc1,12.1,chembl26.sdf.gz
O=Cc1cccc(C2=C(NC(=O)Cc3ccccc3)C(=O)c3ccccc3C2=O)c1,11.4,chembl26.sdf.gz
O=C(Cc1ccccc1)NC1=C(c2ccoc2)C(=O)c2ccccc2C1=O,12.5,chembl26.sdf.gz
Cc1cc(C)cc(NC2=C(NS(=O)(=O)c3ccccc3)C(=O)c3cccc([N+](=O)[O-])c3C2=O)c1,8.2,chembl26.sdf.gz
Cc1cc(C)cc(NC2=C(NS(=O)(=O)c3ccccc3)C(=O)c3ccc([N+](=O)[O-])cc3C2=O)c1,7.5,chembl26.sdf.gz
Cc1cc(C)cc(NC2=C(NS(=O)(=O)c3ccccc3)C(=O)c3cc([N+](=O)[O-])ccc3C2=O)c1,8.0,chembl26.sdf.gz
Cc1cc(C)cc(NC2=C(NS(=O)(=O)c3ccccc3)C(=O)c3c(cccc3[N+](=O)[O-])C2=O)c1,8.6,chembl26.sdf.gz
O=C1C(Nc2ccccc2)=C(NS(=O)(=O)c2ccccc2)C(=O)c2c1cccc2[N+](=O)[O-],8.4,chembl26.sdf.gz
Cc1cc(C)cc(NC2=C(NS(=O)(=O)c3ccccc3)C(=O)c3c(N)cccc3C2=O)c1,8.4,chembl26.sdf.gz
Nc1cccc2c1C(=O)C(NS(=O)(=O)c1ccccc1)=C(Nc1ccccc1)C2=O,8.2,chembl26.sdf.gz
COc1nc(Cc2ccccc2)nc2c1CCNCC2,8.9,chembl26.sdf.gz
CNc1nc(Cc2ccccc2)nc2c1CCNCC2,8.9,chembl26.sdf.gz
CNc1nc(Cc2ccccc2)nc2c1CCNC[C@@H]2C,8.6,chembl26.sdf.gz
CNc1nc(C(F)(F)c2ccccc2)nc2c1CCNCC2,8.7,chembl26.sdf.gz
O=C(O)c1cc2ccccc2oc1=O,3.6,chembl26.sdf.gz
O=C(O)c1ccc2ccccc2c1,4.45,chembl26.sdf.gz
COc1ccc(/C=C/C(=O)O)cc1OC,4.55,chembl26.sdf.gz
O=C(O)CCc1ccc(O)c(O)c1,4.3,chembl26.sdf.gz
O=C(O)/C=C/c1ccc(O)c(O)c1,4.35,chembl26.sdf.gz
O=C(O)COc1ccccc1,3.2,chembl26.sdf.gz
O=C(O)C(=C/C=C/c1ccccc1)C(=O)O,3.45,chembl26.sdf.gz
O=C(O)C(=Cc1ccccc1)C(=O)O,3.5,chembl26.sdf.gz
O=C(O)/C=C/c1cccc(C(F)(F)F)c1,4.6,chembl26.sdf.gz
O=C(O)/C=C/c1cccc(Cl)c1,4.8,chembl26.sdf.gz
O=C(O)/C=C/c1ccccc1,4.45,chembl26.sdf.gz
CCCC(=O)Nc1ccc(OCC(O)CNC(C)C)c(C(C)=O)c1,9.52,chembl26.sdf.gz
CCOC(=O)C1=C(COCCN)NC(C)=C(C(=O)OC)C1c1ccccc1Cl,9.03,chembl26.sdf.gz
NS(=O)(=O)c1cc(C(=O)O)c(NCc2ccco2)cc1Cl,10.63,chembl26.sdf.gz
NS(=O)(=O)c1cc2c(cc1Cl)NCNS2(=O)=O,9.95,chembl26.sdf.gz
COc1ccc2c(c1)c(CC(=O)O)c(C)n2C(=O)c1ccc(Cl)cc1,4.5,chembl26.sdf.gz
COc1ccc2cc([C@H](C)C(=O)O)ccc2c1,4.18,chembl26.sdf.gz
COC(=O)C1=C(C)NC(C)=C(C(=O)OCCN(C)Cc2ccccc2)C1c1cccc([N+](=O)[O-])c1,7.17,chembl26.sdf.gz
C=C[C@H]1CN2CC[C@H]1C[C@@H]2[C@@H](O)c1ccnc2ccc(OC)cc12,8.52,chembl26.sdf.gz
CNC(=C[N+](=O)[O-])NCCSCc1ccc(CN(C)C)o1,8.48,chembl26.sdf.gz
CN1C(C(=O)Nc2ccccn2)=C(O)c2sccc2S1(=O)=O,4.95,chembl26.sdf.gz
CN(C)[C@@H]1C(O)=C(C(N)=O)C(=O)[C@@]2(O)C(O)=C3C(=O)c4c(O)cccc4[C@@](C)(O)[C@H]3C[C@@H]12,9.5,chembl26.sdf.gz
Cc1cccc(Nc2nc(N[C@@H]3CCCC[C@@H]3N)ncc2C(N)=O)c1,9.4,chembl26.sdf.gz
Cc1cccc(Nc2nc(N[C@@H]3CCOC[C@@H]3N)ncc2C(N)=O)c1,8.1,chembl26.sdf.gz
Cc1cccc(Nc2nc(N[C@@H]3CC(F)(F)CC[C@@H]3N)ncc2C(N)=O)c1,7.9,chembl26.sdf.gz
Cn1nnnc1-c1onc(O)c1CC(N)C(=O)O,3.7,chembl26.sdf.gz
Cl.N=C(N)NC(=O)c1nc(Cl)c(N)nc1N.O.O,8.8,chembl26.sdf.gz
O=c1[nH]cnc2cnccc12,8.3,chembl26.sdf.gz
CCCc1nc2cnccc2c(=O)[nH]1,8.8,chembl26.sdf.gz
CCNc1nc2cnccc2c(=O)[nH]1,8.6,chembl26.sdf.gz
CCSc1nc2cnccc2c(=O)[nH]1,6.8,chembl26.sdf.gz
CCOc1nc2cnccc2c(=O)[nH]1,7.5,chembl26.sdf.gz
COC(=O)[C@H]1C[C@@H](C(=O)OC)C(c2ccccc2)(c2ccccc2)N1c1nc(-c2ccccc2)c(C(=O)c2ccccc2)s1,2.99,chembl26.sdf.gz
COC(=O)[C@H]1C[C@@H](C(=O)OC)C(c2ccccc2)(c2ccccc2)N1c1nc(-c2ccccc2)c(C(=O)c2ccc(C#N)cc2)s1,3.78,chembl26.sdf.gz
COC(=O)[C@H]1C[C@@H](C(=O)OC)C(c2ccccc2)(c2ccccc2)N1c1nc(-c2ccccc2)c(C(=O)c2ccc(OC)cc2)s1,2.46,chembl26.sdf.gz
COC(=O)[C@H]1C[C@@H](C(=O)OC)C(c2ccccc2)(c2ccccc2)N1c1nc(-c2ccccc2)c(C(=O)c2ccc(Br)cc2)s1,3.11,chembl26.sdf.gz
COC(=O)[C@H]1C[C@@H](C(=O)OC)C(c2ccccc2)(c2ccccc2)N1c1nc(-c2ccccc2)c(C(=O)c2ccc(F)cc2)s1,2.63,chembl26.sdf.gz
COC(=O)[C@H]1[C@@H](C(=O)OC)C(c2ccccc2)(c2ccccc2)N(c2nc(-c3ccccc3)c(C(=O)c3ccccc3)s2)[C@H]1C(=O)OC,3.35,chembl26.sdf.gz
COC(=O)[C@H]1[C@@H](C(=O)OC)C(c2ccccc2)(c2ccccc2)N(c2nc(-c3ccccc3)c(C(=O)c3ccc(C#N)cc3)s2)[C@H]1C(=O)OC,3.53,chembl26.sdf.gz
COC(=O)[C@H]1[C@@H](C(=O)OC)C(c2ccccc2)(c2ccccc2)N(c2nc(-c3ccccc3)c(C(=O)c3ccc(OC)cc3)s2)[C@H]1C(=O)OC,2.83,chembl26.sdf.gz
COC(=O)[C@H]1[C@@H](C(=O)OC)C(c2ccccc2)(c2ccccc2)N(c2nc(-c3ccccc3)c(C(=O)c3ccc(Br)cc3)s2)[C@H]1C(=O)OC,3.27,chembl26.sdf.gz
COC(=O)[C@H]1[C@@H](C(=O)OC)C(c2ccccc2)(c2ccccc2)N(c2nc(-c3ccccc3)c(C(=O)c3ccc(F)cc3)s2)[C@H]1C(=O)OC,2.73,chembl26.sdf.gz
COC(=O)[C@H]1C[C@@H](S(=O)(=O)c2ccccc2)C(c2ccccc2)(c2ccccc2)N1c1nc(-c2ccccc2)c(C(=O)c2ccccc2)s1,3.26,chembl26.sdf.gz
COC(=O)[C@H]1C[C@@H](S(=O)(=O)c2ccccc2)C(c2ccccc2)(c2ccccc2)N1c1nc(-c2ccccc2)c(C(=O)c2ccc(C#N)cc2)s1,3.56,chembl26.sdf.gz
COC(=O)[C@H]1C[C@@H](S(=O)(=O)c2ccccc2)C(c2ccccc2)(c2ccccc2)N1c1nc(-c2ccccc2)c(C(=O)c2ccc(OC)cc2)s1,3.35,chembl26.sdf.gz
COC(=O)[C@H]1C[C@@H](S(=O)(=O)c2ccccc2)C(c2ccccc2)(c2ccccc2)N1c1nc(-c2ccccc2)c(C(=O)c2ccc(Br)cc2)s1,2.97,chembl26.sdf.gz
COC(=O)[C@H]1C[C@@H](S(=O)(=O)c2ccccc2)C(c2ccccc2)(c2ccccc2)N1c1nc(-c2ccccc2)c(C(=O)c2ccc(F)cc2)s1,3.4,chembl26.sdf.gz
O=C(O)C(=O)CC(=O)c1ccc(Cc2ccc(Cl)c(Cl)c2)cc1,3.38,chembl26.sdf.gz
CCCCCCCCCC(=O)CC(=O)C(=O)O,3.85,chembl26.sdf.gz
O=C(O)C(=O)CC(=O)c1ccc(-c2ccc(Br)cc2)cc1,3.6,chembl26.sdf.gz
O=C1NCC2(CCNCC2)c2[nH]c(-c3ccnc(-c4ccc5c(c4)OCO5)n3)cc21,9.3,chembl26.sdf.gz
O=C1NCC2(CCNCC2)c2[nH]c(-c3ccnc(-c4cc5ccccc5o4)n3)cc21,9.1,chembl26.sdf.gz
CN1CCC2(CC1)CNC(=O)c1cc(-c3ccnc(-c4cc5ccccc5o4)n3)[nH]c12,8.1,chembl26.sdf.gz
CCN1CCC2(CC1)CNC(=O)c1cc(-c3ccnc(-c4cc5ccccc5o4)n3)[nH]c12,8.6,chembl26.sdf.gz
O=C1NCC2(CCCNC2)c2[nH]c(-c3ccnc(-c4cc5ccccc5o4)n3)cc21,8.4,chembl26.sdf.gz
O=C1NCC2(CCCNC2)c2[nH]c(-c3ccnc(-c4ccc5c(c4)OCO5)n3)cc21,8.3,chembl26.sdf.gz
COc1cncc(-c2nccc(-c3cc4c([nH]3)C3(CCCNC3)CNC4=O)n2)c1,8.4,chembl26.sdf.gz
COCCCOc1ccc(-c2nccc(-c3cc4c([nH]3)C3(CCCNC3)CNC4=O)n2)cn1,8.2,chembl26.sdf.gz
CCOC(=O)OC1=C(c2cc(C)ccc2C)C(=O)N[C@]12CC[C@@H](OC)CC2,5.2,chembl26.sdf.gz
COc1cccc2c1C(=O)c1c(O)c3c(c(O)c1C2=O)C[C@@](O)(C(=O)CO)C[C@@H]3O[C@H]1C[C@H](N)[C@H](O)[C@H](C)O1,8.22,chembl26.sdf.gz
N=C(N)Oc1ccc(Oc2ccc(OC(=N)N)cc2)cc1,10.4,chembl26.sdf.gz
O=C(N[C@@H](Cc1ccc(OCCNc2ccccn2)cc1)C(=O)O)c1c(Cl)cccc1Cl,6.7,chembl26.sdf.gz
O=C(N[C@@H](Cc1ccc(OCCCNc2ccccn2)cc1)C(=O)O)c1c(Cl)cccc1Cl,7.1,chembl26.sdf.gz
O=C(N[C@@H](Cc1ccc(C#CCCNc2ccccn2)cc1)C(=O)O)c1c(Cl)cccc1Cl,6.7,chembl26.sdf.gz
O=C(N[C@@H](Cc1ccc(CCCCNc2ccccn2)cc1)C(=O)O)c1c(Cl)cccc1Cl,7.2,chembl26.sdf.gz
CNc1cccc(CCOc2ccc(C[C@H](NC(=O)c3c(Cl)cccc3Cl)C(=O)O)cc2)n1,7.0,chembl26.sdf.gz
CNc1cccc(CCCc2ccc(C[C@H](NC(=O)c3c(Cl)cccc3Cl)C(=O)O)cc2)n1,7.6,chembl26.sdf.gz
CNc1cccc(COCc2ccc(C[C@H](NC(=O)c3c(Cl)cccc3Cl)C(=O)O)cc2)n1,6.4,chembl26.sdf.gz
O=C(N[C@@H](Cc1ccc(OCCc2ccc3c(n2)NCCC3)cc1)C(=O)O)c1c(Cl)cccc1Cl,7.6,chembl26.sdf.gz
O=C(NCc1ccc2c(n1)NCCC2)c1ccc(C[C@H](NC(=O)c2c(Cl)cccc2Cl)C(=O)O)cc1,6.8,chembl26.sdf.gz
O=C(N[C@@H](Cc1ccc(OCCNc2nc3ccccc3[nH]2)cc1)C(=O)O)c1c(Cl)cccc1Cl,7.2,chembl26.sdf.gz
O=C(N[C@@H](Cc1ccc(OCCNc2nc3ccccc3s2)cc1)C(=O)O)c1c(Cl)cccc1Cl,4.3,chembl26.sdf.gz
CN1CCNc2nc(CCOc3ccc(C[C@H](NC(=O)c4c(Cl)cccc4Cl)C(=O)O)cc3)ccc21,7.1,chembl26.sdf.gz
O=C(N[C@@H](Cc1ccc(OCCc2ccc3c(n2)NCCO3)cc1)C(=O)O)c1c(Cl)cccc1Cl,6.0,chembl26.sdf.gz
O=C(N[C@@H](Cc1ccc(OCCc2cccc(NC3CCCC3)n2)cc1)C(=O)O)c1c(Cl)cccc1Cl,6.8,chembl26.sdf.gz
CCCNC(=O)CN(CCN(CCN(CC(=O)O)CC(=O)O)CC(=O)O)CC(=O)O,1.8,chembl26.sdf.gz
O=C(O)CN(CCN(CC(=O)O)CC(=O)O)CCN(CC(=O)O)C(COCc1ccccc1)C(=O)O,2.07,chembl26.sdf.gz
O=C(O)CN(CCN(CC(=O)O)CC(=O)O)CCN(CC(=O)O)CC(=O)O,2.0,chembl26.sdf.gz
CNC(=O)CN(CCN(CCN(CC(=O)O)CC(=O)NC)CC(=O)O)CC(=O)O,1.43,chembl26.sdf.gz
Nc1ccc(CC(C(=O)O)N(CCN(CC(=O)O)CC(=O)O)CCN(CC(=O)O)CC(=O)O)cc1,10.16,chembl26.sdf.gz
CCCOC(=O)CN(CCN(CCN(CC(=O)O)CC(=O)O)CC(=O)O)CC(=O)O,1.8,chembl26.sdf.gz
CCN(CCN(CC(=O)O)CC(=O)O)CCN(CC(=O)O)CC(=O)O,2.8,chembl26.sdf.gz
CN(C)CCNC(=O)c1cccc2c(N)c3ccccc3nc12,8.3,chembl26.sdf.gz
O=[N+]([O-])c1ccc2c(c1)S(=O)(=O)NCN2CCF,8.45,chembl26.sdf.gz
Cc1ccc(N2CCN(C(=O)[C@H](C)Cc3ccc(Cl)cc3)CC2)c([C@@H](NC(=O)CCN(C)C)C(C)C)c1,8.9,chembl26.sdf.gz
CN(C)C(=O)Cn1c(-c2ccccc2)c(C2CCCCC2)c2ccc(C(=O)O)cc21,4.8,chembl26.sdf.gz
O=[N+]([O-])c1ccc(OS(=O)(=O)[O-])cc1.[K+],7.14,chembl26.sdf.gz
CCOc1ccccc1C[C@H](c1ccccc1)N1CCNCC1,4.0,chembl26.sdf.gz
CC#CCn1c(N2CCC[C@@H](N)C2)nc2c1c(=O)n(Cc1nc(C)c3ccccc3n1)c(=O)n2C,8.6,chembl26.sdf.gz
Cc1nc2ccccc2n1[C@@H]1C[C@H]2COC[C@@H](C1)N2CC[C@H](NC(=O)C1CCC1)c1ccccc1,6.0,chembl26.sdf.gz
Cc1nc2ccccc2n1[C@H]1C[C@H]2CC[C@@H](C1)N2CC[C@H](NC(=O)C1CCC1)c1ccccc1,7.8,chembl26.sdf.gz
CC(=O)[O-].Cc1c2cc[n+](C)cc2c(C)c2c3c([nH]c12)C=CC(=O)C3=O,5.1,chembl26.sdf.gz
CC(C)NC1=NS(=O)(=O)c2cc(Cl)ccc2S1,9.76,chembl26.sdf.gz
CS(=O)(=O)C1(c2cc(N3CCOCC3)nc(-c3cccc4[nH]ccc34)n2)CCNCC1,8.8,chembl26.sdf.gz
O=C(O)Cc1ccccc1Nc1c(Cl)cccc1Cl,4.08,chembl26.sdf.gz
OC[C@H]1NC[C@@H](O)[C@@H](O)C1(F)F,5.3,chembl26.sdf.gz
Fc1ccccc1Nc1nc2nonc2nc1Nc1ccccc1F,7.56,chembl26.sdf.gz
CN(O)c1c(NCCc2ccccc2)c(=O)c1=O,8.5,chembl26.sdf.gz
O=c1sc2cc(CCCF)ccc2n1CCN1CCCCCC1,10.4,chembl26.sdf.gz
NCC1C2c3ccccc3C(c3ccccc32)C1CN,10.14,chembl26.sdf.gz
Nc1ccc(S(=O)(=O)c2ccc(C(=O)O)cc2)cc1,3.6,chembl26.sdf.gz
CC[C@H]1OC(=O)[C@H](C)[C@@H](O[C@H]2C[C@@](C)(OC)[C@@H](O)[C@H](C)O2)[C@H](C)[C@@H](O[C@@H]2O[C@H](C)C[C@H](N(C)C)[C@H]2O)[C@](C)(O)C[C@@H](C)/C(=N\OCOCCOC)[C@H](C)[C@@H](O)[C@]1(C)O,9.2,chembl26.sdf.gz
CC[C@H]1OC(=O)[C@H](C)[C@@H](O[C@H]2C[C@@](C)(OC)[C@@H](O)[C@H](C)O2)[C@H](C)[C@@H](O[C@@H]2O[C@H](C)C[C@H](N(C)C)[C@H]2O)[C@](C)(O)C[C@@H](C)C(=O)[C@H](C)[C@@H](O)[C@]1(C)O,8.8,chembl26.sdf.gz
CCCCn1cc(C(=O)NCc2ccccc2)c(=O)c2cc(F)c(N3CCOCC3)cc21,4.63,chembl26.sdf.gz
C[C@H](N[C@@H](CCc1ccccc1)C(=O)O)C(=O)N1CC2(C[C@H]1C(=O)O)SCCS2,7.53,chembl26.sdf.gz
NCCCC[C@H](N[C@@H](CCc1ccccc1)C(=O)O)C(=O)N1CCC[C@H]1C(=O)O,11.12,chembl26.sdf.gz
C=C(C)[C@@H]1CC[C@]2(CNCCCN3CCS(=O)(=O)CC3)CC[C@]3(C)[C@H](CC[C@@H]4[C@@]5(C)CC=C(c6ccc(C(=O)O)cc6)C(C)(C)[C@@H]5CC[C@]43C)[C@@H]12,4.5,chembl26.sdf.gz
COc1c(CC=C(C)C)c(O)c(C(=O)O)c(CCc2ccccc2)c1CC=C(C)C,3.5,chembl26.sdf.gz
CN1CC(=O)N=C1N,4.85,chembl26.sdf.gz
CC(C)C[C@H](N)C(=O)O,9.61,chembl26.sdf.gz
C[C@H](N[C@@H](CCc1ccccc1)C(=O)O)C(=O)N1CCC[C@H]1C(=O)O,7.84,chembl26.sdf.gz
NCc1ccc2c(N)nccc2c1,7.6,chembl26.sdf.gz
O=C1CCC(Cc2ccc(Br)cc2)=C1O,8.6,chembl26.sdf.gz
CN1CCN(c2cccc3c2CCN(C(=O)/C=C/c2c(-n4cnnn4)ccc(Cl)c2F)[C@@H]3C(=O)Nc2ccc(C(=O)O)cc2)C(=O)C1,4.7,chembl26.sdf.gz
CN1CCCCC1,8.1,chembl26.sdf.gz
Cc1ccc2nc(N)nc(O)c2c1,4.2,chembl26.sdf.gz
Cc1ccc2nc(C)nc(O)c2c1,3.5,chembl26.sdf.gz
O=C(O)c1ccccc1/C=N/NC(=S)NC1CCCCC1,6.4,chembl26.sdf.gz
O=C(O)c1cccc(/C=N/NC(=S)NC2CCCCC2)c1,5.4,chembl26.sdf.gz
Oc1ccccc1/C=N/NC(=S)NC1CCCCC1,9.8,chembl26.sdf.gz
Oc1cccc(/C=N/NC(=S)NC2CCCCC2)c1,10.2,chembl26.sdf.gz
OB(O)c1ccccc1/C=N/NC(=S)NC1CCCCC1,7.7,chembl26.sdf.gz
S=C(N/N=C/c1cccc(-c2nnn[nH]2)c1)NC1CCCCC1,5.2,chembl26.sdf.gz
Cc1ccc(/C=N/NC(=S)NC2CCCCC2)c(C(=O)O)c1O,4.3,chembl26.sdf.gz
O=C(O)c1cccc(/C=N/NC(=S)NC2CCCCC2)c1O,3.8,chembl26.sdf.gz
O=C(O)c1cc(/C=N/NC(=S)NC2CCCCC2)ccc1O,4.2,chembl26.sdf.gz
O=C(O)c1ccc(O)c(/C=N/NC(=S)NC2CCCCC2)c1,5.8,chembl26.sdf.gz
O=C(Nc1ccc(Cl)cc1O)Nc1ccccc1Br,8.24,chembl26.sdf.gz
O=C(Nc1ccccc1Br)Nc1ccc(Cl)c(Cl)c1O,7.24,chembl26.sdf.gz
NC(=O)c1c(Cl)ccc(NC(=O)Nc2ccccc2Br)c1O,7.11,chembl26.sdf.gz
Cl.NCc1c(Cl)ccc(NC(=O)Nc2ccccc2Br)c1O,6.85,chembl26.sdf.gz
NS(=O)(=O)c1c(Cl)ccc(NC(=O)Nc2ccccc2Br)c1O,6.12,chembl26.sdf.gz
CN(C)S(=O)(=O)c1c(Cl)ccc(NC(=O)Nc2ccccc2Br)c1O,6.19,chembl26.sdf.gz
Nc1ccc(CNC(=O)[C@@H]2CCCN2C(=O)[C@H](N)C(C2CCCCC2)C2CCCCC2)cn1,6.2,chembl26.sdf.gz
Nc1ccc(CNC(=O)[C@@H]2CCCN2C(=O)[C@@H](Cc2ccc(Cl)c(Cl)c2)NS(=O)(=O)Cc2ccccc2)cc1,4.8,chembl26.sdf.gz
CN[C@H](Cc1ccccc1)C(=O)N1CCC[C@H]1C(=O)NC[C@H]1CC[C@H](N)CC1,10.2,chembl26.sdf.gz
C[n+]1ccccc1/C=N/O.[Cl-],7.85,chembl26.sdf.gz
NC(=O)c1ccc[n+](Cc2ccc(C[n+]3ccc(/C=N/O)cc3)cc2)c1.[Br-].[Br-],8.15,chembl26.sdf.gz
NC(=O)c1ccc[n+](Cc2ccc(C[n+]3cccc(/C=N/O)c3)cc2)c1.[Br-].[Br-],8.79,chembl26.sdf.gz
NC(=O)c1cc[n+](Cc2ccc(C[n+]3cccc(/C=N/O)c3)cc2)cc1.[Br-].[Br-],8.77,chembl26.sdf.gz
NC(=O)c1ccc[n+](Cc2ccc(C[n+]3ccccc3/C=N/O)cc2)c1.[Br-].[Br-],7.72,chembl26.sdf.gz
NC(=O)c1cc[n+](Cc2ccc(C[n+]3ccccc3/C=N/O)cc2)cc1.[Br-].[Br-],7.76,chembl26.sdf.gz
NC(=O)c1ccc[n+](Cc2cccc(C[n+]3ccc(/C=N/O)cc3)c2)c1.[Br-].[Br-],7.95,chembl26.sdf.gz
NC(=O)c1ccc[n+](Cc2cccc(C[n+]3cccc(/C=N/O)c3)c2)c1.[Br-].[Br-],8.76,chembl26.sdf.gz
NC(=O)c1cc[n+](Cc2cccc(C[n+]3cccc(/C=N/O)c3)c2)cc1.[Br-].[Br-],8.75,chembl26.sdf.gz
NC(=O)c1ccc[n+](Cc2cccc(C[n+]3ccccc3/C=N/O)c2)c1.[Br-].[Br-],7.75,chembl26.sdf.gz
NC(=O)c1cc[n+](Cc2cccc(C[n+]3ccccc3/C=N/O)c2)cc1.[Br-].[Br-],7.69,chembl26.sdf.gz
NC(=O)c1ccc[n+](Cc2ccccc2C[n+]2ccc(/C=N/O)cc2)c1.[Br-].[Br-],7.85,chembl26.sdf.gz
NC(=O)c1ccc[n+](Cc2ccccc2C[n+]2cccc(/C=N/O)c2)c1.[Br-].[Br-],8.69,chembl26.sdf.gz
NC(=O)c1cc[n+](Cc2ccccc2C[n+]2cccc(/C=N/O)c2)cc1.[Br-].[Br-],8.59,chembl26.sdf.gz
NC(=O)c1ccc[n+](Cc2ccccc2C[n+]2ccccc2/C=N/O)c1.[Br-].[Br-],7.79,chembl26.sdf.gz
NC(=O)c1cc[n+](Cc2ccccc2C[n+]2ccccc2/C=N/O)cc1.[Br-].[Br-],7.77,chembl26.sdf.gz
O/N=C/c1cc[n+](COC[n+]2ccc(/C=N/O)cc2)cc1.[Cl-].[Cl-],7.83,chembl26.sdf.gz
CN1CC[C@H](c2c(O)cc(O)c3c(=O)cc(/C=C/c4c(Cl)cccc4Cl)oc23)[C@H](O)C1,5.4,chembl26.sdf.gz
CCN(CC)C(=O)[C@@]1(c2ccc3c(c2)OCO3)C[C@H]1CN,9.6,chembl26.sdf.gz
C1CCN2C[C@H]3C[C@H](CN4CCCC[C@@H]34)[C@H]2C1,11.4,chembl26.sdf.gz
COc1ccc(S(=O)(=O)N(CC(=O)O)c2ccc(N(CC(=O)O)S(=O)(=O)c3ccc(OC)cc3)c3ccccc23)cc1,4.62,chembl26.sdf.gz
CCOc1cc(-c2nncn2C)ccc1Nc1ncc2cc(C)nc(NCC(C)(C)C)c2n1,2.63,chembl26.sdf.gz
Cc1c2c3cc(NC(=O)CN)ccc3nc-2n(C)c2ccccc12.Cl.Cl,7.2,chembl26.sdf.gz
Cc1c2c3cc(NC(=O)[C@@H]4CCCN4)ccc3nc-2n(C)c2ccccc12.Cl.Cl,7.2,chembl26.sdf.gz
Cc1c2c3cc(NC(=O)CNC(=O)CN)ccc3nc-2n(C)c2ccccc12.Cl.Cl,7.5,chembl26.sdf.gz
Cc1c2c3cc(NC(=O)CNC(=O)[C@@H]4CCCN4)ccc3nc-2n(C)c2ccccc12.Cl.Cl,7.3,chembl26.sdf.gz
CC(=O)N1CCN([C@H]2CCN(C(=O)N(C)[C@H](C)c3cc(C(F)(F)F)cc(C(F)(F)F)c3)[C@@H](c3ccc(F)cc3C)C2)CC1,6.3,chembl26.sdf.gz
O=c1[nH]c2cc(Cl)ccc2c(O)c1-c1ccccc1,5.4,chembl26.sdf.gz
O=[N+]([O-])c1cc([N+](=O)[O-])c2nc(O)c(O)nc2c1,6.5,chembl26.sdf.gz
CC(C)[C@@H]1C(=O)N(S(C)(=O)=O)[C@@H]2CN(C(=O)/C=C/CN3CCCCC3)C[C@H]21.Cl,8.44,chembl26.sdf.gz
CN(C)C(=N)N=C(N)N.Cl,12.4,chembl26.sdf.gz
CN(C)CCOc1ccc(C(=O)N2C/C(=C\c3ccccc3)C(=O)/C(=C/c3ccccc3)C2)cc1.Cl,10.73,chembl26.sdf.gz
CN(C)CCOc1ccc(C(=O)N2C/C(=C\c3ccc([N+](=O)[O-])cc3)C(=O)/C(=C/c3ccc([N+](=O)[O-])cc3)C2)cc1.Cl,10.73,chembl26.sdf.gz
CN(C)CCOc1ccc(C(=O)N2C/C(=C\c3ccc(Cl)cc3)C(=O)/C(=C/c3ccc(Cl)cc3)C2)cc1.Cl,10.73,chembl26.sdf.gz
Cc1ccc(/C=C2\CN(C(=O)c3ccc(OCCN(C)C)cc3)C/C(=C\c3ccc(C)cc3)C2=O)cc1.Cl,10.73,chembl26.sdf.gz
Cl.O=C1/C(=C/c2ccc([N+](=O)[O-])cc2)CN(C(=O)c2ccc(OCCN3CCOCC3)cc2)C/C1=C\c1ccc([N+](=O)[O-])cc1,8.5,chembl26.sdf.gz
Cl.O=C1/C(=C/c2ccc(Cl)cc2)CN(C(=O)c2ccc(OCCN3CCOCC3)cc2)C/C1=C\c1ccc(Cl)cc1,8.5,chembl26.sdf.gz
Cc1ccc(/C=C2\CN(C(=O)c3ccc(OCCN4CCOCC4)cc3)C/C(=C\c3ccc(C)cc3)C2=O)cc1.Cl,8.5,chembl26.sdf.gz
Cl.O=C1/C(=C/c2ccccc2)CN(C(=O)c2ccc(OCCN3CCOCC3)cc2)C/C1=C\c1ccccc1,8.5,chembl26.sdf.gz
Cl.O=C1/C(=C/c2ccc([N+](=O)[O-])cc2)CN(C(=O)c2ccc(OCCN3CCCCC3)cc2)C/C1=C\c1ccc([N+](=O)[O-])cc1,11.12,chembl26.sdf.gz
Cl.O=C1/C(=C/c2ccc(Cl)cc2)CN(C(=O)c2ccc(OCCN3CCCCC3)cc2)C/C1=C\c1ccc(Cl)cc1,11.12,chembl26.sdf.gz
Cc1ccc(/C=C2\CN(C(=O)c3ccc(OCCN4CCCCC4)cc3)C/C(=C\c3ccc(C)cc3)C2=O)cc1.Cl,11.12,chembl26.sdf.gz
Cl.O=C1/C(=C/c2ccccc2)CN(C(=O)c2ccc(OCCN3CCCCC3)cc2)C/C1=C\c1ccccc1,11.12,chembl26.sdf.gz
CCN(CC)CCOc1ccc(C(=O)N2C/C(=C\c3ccc([N+](=O)[O-])cc3)C(=O)/C(=C/c3ccc([N+](=O)[O-])cc3)C2)cc1.Cl,10.84,chembl26.sdf.gz
CCN(CC)CCOc1ccc(C(=O)N2C/C(=C\c3ccc(Cl)cc3)C(=O)/C(=C/c3ccc(Cl)cc3)C2)cc1.Cl,10.84,chembl26.sdf.gz
CCN(CC)CCOc1ccc(C(=O)N2C/C(=C\c3ccc(C)cc3)C(=O)/C(=C/c3ccc(C)cc3)C2)cc1.Cl,10.84,chembl26.sdf.gz
CCN(CC)CCOc1ccc(C(=O)N2C/C(=C\c3ccccc3)C(=O)/C(=C/c3ccccc3)C2)cc1.Cl,10.84,chembl26.sdf.gz
CCCCNC(=O)[C@H](C)C[C@H](O)[C@@H](N)C[C@H](Cc1ccc(OC)c(OCCCOC)c1)C(C)C.Cl,9.13,chembl26.sdf.gz
CS(=O)(=O)Nc1nnc2cc(OCC34CC5CC(CC(C5)C3)C4)c(Cl)cn12,5.6,chembl26.sdf.gz
CS(=O)(=O)Nc1noc2cc(OCC34CC5CC(CC(C5)C3)C4)c(Cl)cc12,4.7,chembl26.sdf.gz
CS(=O)(=O)NC(=O)c1cc(Cl)c(OCC23CC4CC(CC(C4)C2)C3)cc1F,3.8,chembl26.sdf.gz
COc1ccc(/C=C2\NC(=O)NC2=O)cc1,8.9,chembl26.sdf.gz
COc1ccc(/C=C2/SC(=S)NC2=O)cc1,5.8,chembl26.sdf.gz
CC(C)(C)Nc1ccc(C#Cc2c3ccccc3c(C#Cc3cn([C@H]4C[C@H](O)[C@@H](CO)O4)c(=O)[nH]c3=O)c3ccccc23)cc1,6.1,chembl26.sdf.gz
O=C(NC(CO)C(O)c1ccc([N+](=O)[O-])cc1)C1CC1,4.83,chembl26.sdf.gz
N#CCC(=O)NC(CO)C(O)c1ccc([N+](=O)[O-])cc1,2.43,chembl26.sdf.gz
O=C(CCl)NC(CO)C(O)c1ccc([N+](=O)[O-])cc1,2.86,chembl26.sdf.gz
O=C(NC(CO)C(O)c1ccc([N+](=O)[O-])cc1)c1ccco1,3.12,chembl26.sdf.gz
O=CNC(CO)C(O)c1ccc([N+](=O)[O-])cc1,3.77,chembl26.sdf.gz
CCCC(=O)NC(CO)C(O)c1ccc([N+](=O)[O-])cc1,4.82,chembl26.sdf.gz
O=C(N[C@H](CO)[C@H](O)c1ccc([N+](=O)[O-])cc1)C(Cl)Cl,1.29,chembl26.sdf.gz
O=C(CF)NC(CO)C(O)c1ccc([N+](=O)[O-])cc1,2.66,chembl26.sdf.gz
CCC(=O)NC(CO)C(O)c1ccc([N+](=O)[O-])cc1,4.88,chembl26.sdf.gz
O=C(NC(CO)C(O)c1ccc([N+](=O)[O-])cc1)C(Cl)(Cl)Cl,0.65,chembl26.sdf.gz
O=C(NC(CO)C(O)c1ccc([N+](=O)[O-])cc1)C1CCC1,4.79,chembl26.sdf.gz
O=C(CO)NC(CO)C(O)c1ccc([N+](=O)[O-])cc1,3.83,chembl26.sdf.gz
CC(=O)NC(CO)C(O)c1ccc([N+](=O)[O-])cc1,4.76,chembl26.sdf.gz
[N-]=[N+]=NCC(=O)NC(CO)C(O)c1ccc([N+](=O)[O-])cc1,3.03,chembl26.sdf.gz
O=[N+]([O-])c1ccc(C(O)C(CO)NP(=O)([O-])CCl)cc1.[Na+],1.4,chembl26.sdf.gz
CN1CCN(c2nc(Nc3ccc([N+](=O)[O-])cc3)nc(N3CCN(C)CC3)n2)CC1,1.88,chembl26.sdf.gz
O=[N+]([O-])c1ccc(Nc2nc(N3CCN(Cc4ccccc4)CC3)nc(N3CCN(Cc4ccccc4)CC3)n2)cc1,2.12,chembl26.sdf.gz
O=[N+]([O-])c1ccc(Nc2nc(N3CCN(c4ccccc4)CC3)nc(N3CCN(c4ccccc4)CC3)n2)cc1,2.86,chembl26.sdf.gz
O=[N+]([O-])c1ccc(Nc2nc(NCCCn3ccnc3)nc(NCCCn3ccnc3)n2)cc1,1.96,chembl26.sdf.gz
O=[N+]([O-])c1ccc(Nc2nc(NCCN3CCOCC3)nc(NCCN3CCOCC3)n2)cc1,2.26,chembl26.sdf.gz
O=[N+]([O-])c1ccc(Nc2nc(NCCCN3CCOCC3)nc(NCCCN3CCOCC3)n2)cc1,2.28,chembl26.sdf.gz
O=[N+]([O-])c1ccc(Nc2nc(NC3CCCCC3)nc(NC3CCCCC3)n2)cc1,2.58,chembl26.sdf.gz
O=[N+]([O-])c1ccc(Nc2nc(NC3CCCCCC3)nc(NC3CCCCCC3)n2)cc1,2.64,chembl26.sdf.gz
CCCCNc1nc(NCCCC)nc(Nc2ccc([N+](=O)[O-])cc2)n1,2.32,chembl26.sdf.gz
CCCCCCCNc1nc(NCCCCCCC)nc(Nc2ccc([N+](=O)[O-])cc2)n1,2.91,chembl26.sdf.gz
CCN(CC)c1nc(Nc2ccc([N+](=O)[O-])cc2)nc(N(CC)CC)n1,3.05,chembl26.sdf.gz
CC(C)(C)Nc1nc(Nc2ccc([N+](=O)[O-])cc2)nc(NC(C)(C)C)n1,3.68,chembl26.sdf.gz
O=[N+]([O-])c1ccc(Nc2nc(NCc3ccccc3)nc(NCc3ccccc3)n2)cc1,2.88,chembl26.sdf.gz
O=[N+]([O-])c1ccc(Nc2nc(Nc3cccc(F)c3)nc(Nc3cccc(F)c3)n2)cc1,3.13,chembl26.sdf.gz
O=[N+]([O-])c1ccc(Nc2nc(N3CCc4cccnc4C3)nc(N3CCc4cccnc4C3)n2)cc1,2.94,chembl26.sdf.gz
O=[N+]([O-])c1ccc(Nc2nc(N3CCOCC3)nc(N3CCOCC3)n2)cc1,2.98,chembl26.sdf.gz
O=[N+]([O-])c1ccc(Nc2nc(N3CCCCC3)nc(N3CCCCC3)n2)cc1,3.95,chembl26.sdf.gz
O=[N+]([O-])c1ccc(Nc2nc(N3CCCC3)nc(N3CCCC3)n2)cc1,3.62,chembl26.sdf.gz
O=[N+]([O-])c1ccc(Nc2nc(NCCO)nc(NCCO)n2)cc1,2.86,chembl26.sdf.gz
CC1(C)N=C(N)N=C(N)N1c1ccc(Cl)cc1,3.82,chembl26.sdf.gz
COc1ccc(Oc2ccc3c(NCCCNCc4ccco4)ccnc3c2)cc1,9.28,chembl26.sdf.gz
COc1ccc(F)cc1CNCCCNc1ccnc2cc(Oc3cccc(N(C)C)c3)ccc12,9.28,chembl26.sdf.gz
c1ccc(Oc2ccc3c(NCCCNCc4ccc5c(c4)OCO5)ccnc3c2)cc1,9.28,chembl26.sdf.gz
COc1ccccc1Oc1ccc2c(NCCCNCc3ccco3)ccnc2c1,9.28,chembl26.sdf.gz
Fc1ccc(Oc2ccc3c(NCCCNCc4ccco4)ccnc3c2)cc1,9.28,chembl26.sdf.gz
COc1ccc(F)cc1CNCCCNc1ccnc2cc(Oc3ccc(Cl)cc3)ccc12,9.28,chembl26.sdf.gz
COc1ccc(F)cc1CNCCCNc1ccnc2cc(Oc3ccc(F)cc3)ccc12,9.28,chembl26.sdf.gz
COc1ccc(F)cc1CNCCCNc1ccnc2cc(Oc3ccccc3)ccc12,9.28,chembl26.sdf.gz
COc1cccc(Oc2ccc3c(NCCCNCc4ccco4)ccnc3c2)c1,9.28,chembl26.sdf.gz
CN(C)c1cccc(Oc2ccc3c(NCCCNCc4ccco4)ccnc3c2)c1,9.28,chembl26.sdf.gz
COc1cccc(CNCCCNc2ccnc3cc(Oc4ccc(C(C)(C)C)cc4)ccc23)c1O,9.28,chembl26.sdf.gz
COc1cccc(Oc2ccc3c(NCCCNCc4cc(F)ccc4OC)ccnc3c2)c1,9.28,chembl26.sdf.gz
Clc1ccc(Oc2ccc3c(NCCCNCc4ccc5c(c4)OCO5)ccnc3c2)cc1,9.28,chembl26.sdf.gz
COc1ccc(Oc2ccc3c(NCCCNCc4cccc(OC)c4O)ccnc3c2)cc1,9.28,chembl26.sdf.gz
COc1ccccc1Oc1ccc2c(NCCCNCc3ccc4c(c3)OCO4)ccnc2c1,9.28,chembl26.sdf.gz
COc1cccc(Oc2ccc3c(NCCCNCc4ccc5c(c4)OCO5)ccnc3c2)c1,9.28,chembl26.sdf.gz
COc1ccc(Oc2ccc3c(NCCCNCc4cc(F)ccc4OC)ccnc3c2)cc1,9.28,chembl26.sdf.gz
Fc1ccc(Oc2ccc3c(NCCCNCc4ccc5c(c4)OCO5)ccnc3c2)cc1,9.28,chembl26.sdf.gz
COc1cccc(CNCCCNc2ccnc3cc(Oc4ccc(Cl)cc4)ccc23)c1O,9.28,chembl26.sdf.gz
Clc1ccc(Oc2ccc3c(NCCCNCc4ccco4)ccnc3c2)cc1,9.28,chembl26.sdf.gz
COc1ccc(F)cc1CNCCCNc1ccnc2cc(Oc3ccccc3OC)ccc12,9.28,chembl26.sdf.gz
COc1ccc(Oc2ccc3c(NCCCNCc4ccc5c(c4)OCO5)ccnc3c2)cc1,9.28,chembl26.sdf.gz
COc1cccc(CNCCCNc2ccnc3cc(Oc4ccccc4)ccc23)c1O,9.28,chembl26.sdf.gz
COc1cccc(CNCCCNc2ccnc3cc(Oc4cccc(N(C)C)c4)ccc23)c1O,9.28,chembl26.sdf.gz
CC(C)(C)c1ccc(Oc2ccc3c(NCCCNCc4ccc5c(c4)OCO5)ccnc3c2)cc1,9.28,chembl26.sdf.gz
COc1ccc(F)cc1CNCCCNc1ccnc2cc(Oc3ccc(C(C)(C)C)cc3)ccc12,9.28,chembl26.sdf.gz
COc1cccc(Oc2ccc3c(NCCCNCc4cccc(OC)c4O)ccnc3c2)c1,9.28,chembl26.sdf.gz
COc1cccc(CNCCCNc2ccnc3cc(Oc4ccc(F)cc4)ccc23)c1O,9.28,chembl26.sdf.gz
CN(C)c1cccc(Oc2ccc3c(NCCCNCc4ccc5c(c4)OCO5)ccnc3c2)c1,9.28,chembl26.sdf.gz
CC(C)(C)c1ccc(Oc2ccc3c(NCCCNCc4ccco4)ccnc3c2)cc1,9.28,chembl26.sdf.gz
COc1ccccc1Oc1ccc2c(NCCCNCc3cccc(OC)c3O)ccnc2c1,9.28,chembl26.sdf.gz
c1ccc(Oc2ccc3c(NCCCNCc4ccco4)ccnc3c2)cc1,9.28,chembl26.sdf.gz
COc1ccc(-c2ccc3c(NCCCNCc4ccco4)ccnc3c2)cc1,9.47,chembl26.sdf.gz
COc1ccc(F)cc1CNCCCNc1ccnc2cc(Cc3ccc4c(c3)OCO4)ccc12,9.47,chembl26.sdf.gz
COc1cccc(CNCCCNc2ccnc3cc(-c4ccc(C(F)(F)F)cc4)ccc23)c1O,9.47,chembl26.sdf.gz
COc1ccc(-c2ccc3c(NCCCNCc4ccc5c(c4)OCO5)ccnc3c2)cc1,9.47,chembl26.sdf.gz
c1cc(NCCCNCc2ccc3c(c2)OCO3)c2ccc(Cc3ccc4c(c3)OCO4)cc2n1,9.47,chembl26.sdf.gz
COc1ccc(-c2ccc3c(NCCCNCc4cc(F)ccc4OC)ccnc3c2)cc1,9.47,chembl26.sdf.gz
c1ccc(-c2ccc3c(NCCCNCc4ccc5c(c4)OCO5)ccnc3c2)cc1,9.47,chembl26.sdf.gz
Fc1ccc(-c2ccc3c(NCCCNCc4ccc5c(c4)OCO5)ccnc3c2)cc1,9.47,chembl26.sdf.gz
COc1ccc(F)cc1CNCCCNc1ccnc2cc(-c3ccccc3)ccc12,9.47,chembl26.sdf.gz
c1coc(CNCCCNc2ccnc3cc(Cc4ccc5c(c4)OCO5)ccc23)c1,9.47,chembl26.sdf.gz
COc1cccc(CNCCCNc2ccnc3cc(Cc4ccc5c(c4)OCO5)ccc23)c1O,9.47,chembl26.sdf.gz
Fc1ccc(-c2ccc3c(NCCCNCc4ccco4)ccnc3c2)cc1,9.47,chembl26.sdf.gz
COc1ccc(-c2ccc3c(NCCCNCc4cccc(OC)c4O)ccnc3c2)cc1,9.47,chembl26.sdf.gz
COc1ccc(F)cc1CNCCCNc1ccnc2cc(-c3ccc(C(F)(F)F)cc3)ccc12,9.47,chembl26.sdf.gz
COc1ccc(F)cc1CNCCCNc1ccnc2cc(-c3ccc(F)cc3)ccc12,9.47,chembl26.sdf.gz
FC(F)(F)c1ccc(-c2ccc3c(NCCCNCc4ccc5c(c4)OCO5)ccnc3c2)cc1,9.47,chembl26.sdf.gz
c1ccc(-c2ccc3c(NCCCNCc4ccco4)ccnc3c2)cc1,9.47,chembl26.sdf.gz
COc1cccc(CNCCCNc2ccnc3cc(-c4cc(C(F)(F)F)cc(C(F)(F)F)c4)ccc23)c1O,9.47,chembl26.sdf.gz
FC(F)(F)c1ccc(-c2ccc3c(NCCCNCc4ccco4)ccnc3c2)cc1,9.47,chembl26.sdf.gz
CC(C)(C)c1ccc(-c2ccc3c(NCCCNCc4ccco4)ccnc3c2)cc1,9.47,chembl26.sdf.gz
COc1cccc(CNCCCNc2ccnc3cc(-c4ccc(C(C)(C)C)cc4)ccc23)c1O,9.47,chembl26.sdf.gz
CC(C)(C)c1ccc(-c2ccc3c(NCCCNCc4ccc5c(c4)OCO5)ccnc3c2)cc1,9.47,chembl26.sdf.gz
c1ccc2c(-c3ccc4c(NCCCNCc5ccc6c(c5)OCO6)ccnc4c3)cccc2c1,9.47,chembl26.sdf.gz
FC(F)(F)c1cc(-c2ccc3c(NCCCNCc4ccc5c(c4)OCO5)ccnc3c2)cc(C(F)(F)F)c1,9.47,chembl26.sdf.gz
COc1ccc(F)cc1CNCCCNc1ccnc2cc(-c3cc(C(F)(F)F)cc(C(F)(F)F)c3)ccc12,9.47,chembl26.sdf.gz
COc1cccc(CNCCCNc2ccnc3cc(-c4ccc(F)cc4)ccc23)c1O,9.47,chembl26.sdf.gz
FC(F)(F)c1cc(-c2ccc3c(NCCCNCc4ccco4)ccnc3c2)cc(C(F)(F)F)c1,9.47,chembl26.sdf.gz
COc1ccc(F)cc1CNCCCNc1ccnc2cc(-c3cccc4ccccc34)ccc12,9.47,chembl26.sdf.gz
COc1cccc(CNCCCNc2ccnc3cc(-c4cccc5ccccc45)ccc23)c1O,9.47,chembl26.sdf.gz
c1coc(CNCCCNc2ccnc3cc(-c4cccc5ccccc45)ccc23)c1,9.47,chembl26.sdf.gz
COc1ccc(F)cc1CNCCCNc1ccnc2cc(-c3ccc(C(C)(C)C)cc3)ccc12,9.47,chembl26.sdf.gz
COc1cccc(CNCCCNc2ccnc3cc(-c4ccccc4)ccc23)c1O,9.47,chembl26.sdf.gz
CCC(CC)c1ccc2c(NCCCNCc3cccc(OC)c3O)ccnc2c1,9.47,chembl26.sdf.gz
COc1cccc(CNCCCNc2ccnc3cc(Cc4cc(C)cc(C)c4)ccc23)c1O,9.47,chembl26.sdf.gz
Cc1cc(C)cc(Cc2ccc3c(NCCCNCc4ccco4)ccnc3c2)c1,9.47,chembl26.sdf.gz
COc1cccc(CNCCCNc2ccnc3cc(Cc4ccc(C#N)cc4)ccc23)c1O,9.47,chembl26.sdf.gz
COc1ccc(F)cc1CNCCCNc1ccnc2cc(Cc3ccccc3)ccc12,9.47,chembl26.sdf.gz
COc1cccc(CNCCCNc2ccnc3cc(Cc4ccc(F)cc4Cl)ccc23)c1O,9.47,chembl26.sdf.gz
c1ccc(CCc2ccc3c(NCCCNCc4ccc5c(c4)OCO5)ccnc3c2)cc1,9.47,chembl26.sdf.gz
COc1cccc(CNCCCNc2ccnc3cc(Cc4ccc(F)cc4)ccc23)c1O,9.47,chembl26.sdf.gz
COc1cccc(CNCCCNc2ccnc3cc(CCc4ccccc4)ccc23)c1O,9.47,chembl26.sdf.gz
COc1cccc(CNCCCNc2ccnc3cc(Cc4ccccc4)ccc23)c1O,9.47,chembl26.sdf.gz
COc1cccc(CNCCCNc2ccnc3cc(C4CCCCC4)ccc23)c1O,9.47,chembl26.sdf.gz
Fc1ccc(Cc2ccc3c(NCCCNCc4ccco4)ccnc3c2)c(Cl)c1,9.47,chembl26.sdf.gz
COc1cccc(CNCCCNc2ccnc3cc(CC(C)C)ccc23)c1O,9.47,chembl26.sdf.gz
COc1cccc(CNCCCNc2ccnc3cc(CCC(C)C)ccc23)c1O,9.47,chembl26.sdf.gz
N#Cc1ccc(Cc2ccc3c(NCCCNCc4ccc5c(c4)OCO5)ccnc3c2)cc1,9.47,chembl26.sdf.gz
COc1cccc(CNCCCNc2ccnc3cc(Cc4cccc(C(F)(F)F)c4)ccc23)c1O,9.47,chembl26.sdf.gz
Fc1ccc(Cc2ccc3c(NCCCNCc4ccc5c(c4)OCO5)ccnc3c2)c(Cl)c1,9.47,chembl26.sdf.gz
CCC(CC)c1ccc2c(NCCCNCc3ccc4c(c3)OCO4)ccnc2c1,9.47,chembl26.sdf.gz
CC(C)CCc1ccc2c(NCCCNCc3ccc4c(c3)OCO4)ccnc2c1,9.47,chembl26.sdf.gz
COc1ccc(F)cc1CNCCCNc1ccnc2cc(Cc3ccc(C#N)cc3)ccc12,9.47,chembl26.sdf.gz
COc1ccc(F)cc1CNCCCNc1ccnc2cc(Cc3cc(C)cc(C)c3)ccc12,9.47,chembl26.sdf.gz
N#Cc1ccc(Cc2ccc3c(NCCCNCc4ccco4)ccnc3c2)cc1,9.47,chembl26.sdf.gz
FC(F)(F)c1cccc(Cc2ccc3c(NCCCNCc4ccc5c(c4)OCO5)ccnc3c2)c1,9.47,chembl26.sdf.gz
c1ccc(Cc2ccc3c(NCCCNCc4ccco4)ccnc3c2)cc1,9.47,chembl26.sdf.gz
COc1ccc(F)cc1CNCCCNc1ccnc2cc(Cc3cccc(C(F)(F)F)c3)ccc12,9.47,chembl26.sdf.gz
CCC(CC)c1ccc2c(NCCCNCc3cc(F)ccc3OC)ccnc2c1,9.47,chembl26.sdf.gz
c1cc(NCCCNCc2ccc3c(c2)OCO3)c2ccc(CC3CCCCC3)cc2n1,9.47,chembl26.sdf.gz
Cc1cc(C)cc(Cc2ccc3c(NCCCNCc4ccc5c(c4)OCO5)ccnc3c2)c1,9.47,chembl26.sdf.gz
c1ccc(CCc2ccc3c(NCCCNCc4ccco4)ccnc3c2)cc1,9.47,chembl26.sdf.gz
COc1cccc(CNCCCNc2ccnc3cc(CC4CCCCC4)ccc23)c1O,9.47,chembl26.sdf.gz
c1coc(CNCCCNc2ccnc3cc(CC4CCCCC4)ccc23)c1,9.47,chembl26.sdf.gz
FC(F)(F)c1cccc(Cc2ccc3c(NCCCNCc4ccco4)ccnc3c2)c1,9.47,chembl26.sdf.gz
Fc1ccc(Cc2ccc3c(NCCCNCc4ccco4)ccnc3c2)cc1,9.47,chembl26.sdf.gz
CC(C)Cc1ccc2c(NCCCNCc3ccc4c(c3)OCO4)ccnc2c1,9.47,chembl26.sdf.gz
COc1ccc(F)cc1CNCCCNc1ccnc2cc(Cc3ccc(F)cc3)ccc12,9.47,chembl26.sdf.gz
CCC(CC)c1ccc2c(NCCCNCc3ccco3)ccnc2c1,9.47,chembl26.sdf.gz
COc1ccc(F)cc1CNCCCNc1ccnc2cc(CC(C)C)ccc12,9.47,chembl26.sdf.gz
COc1ccc(F)cc1CNCCCNc1ccnc2cc(C3CCCCC3)ccc12,9.47,chembl26.sdf.gz
COc1ccc(F)cc1CNCCCNc1ccnc2cc(CCC(C)C)ccc12,9.47,chembl26.sdf.gz
c1coc(CNCCCNc2ccnc3cc(C4CCCCC4)ccc23)c1,9.47,chembl26.sdf.gz
Fc1ccc(Cc2ccc3c(NCCCNCc4ccc5c(c4)OCO5)ccnc3c2)cc1,9.47,chembl26.sdf.gz
c1cc(NCCCNCc2ccc3c(c2)OCO3)c2ccc(C3CCCCC3)cc2n1,9.47,chembl26.sdf.gz
COc1ccc(F)cc1CNCCCNc1ccnc2cc(CCc3ccccc3)ccc12,9.47,chembl26.sdf.gz
COc1ccc(F)cc1CNCCCNc1ccnc2cc(CC3CCCCC3)ccc12,9.47,chembl26.sdf.gz
CC(C)CCc1ccc2c(NCCCNCc3ccco3)ccnc2c1,9.47,chembl26.sdf.gz
COc1ccc(F)cc1CNCCCNc1ccnc2cc(Cc3ccc(F)cc3Cl)ccc12,9.47,chembl26.sdf.gz
CC(C)Cc1ccc2c(NCCCNCc3ccco3)ccnc2c1,9.47,chembl26.sdf.gz
c1ccc(Cc2ccc3c(NCCCNCc4ccc5c(c4)OCO5)ccnc3c2)cc1,9.47,chembl26.sdf.gz
CS(=O)(=O)O.C[C@H]1C2Cc3ccc(O)cc3[C@@]1(C)CCN2CCF,8.35,chembl26.sdf.gz
CCOC(=O)C1(c2ccccc2)CCN(CC(F)(F)F)CC1.Cl,3.13,chembl26.sdf.gz
CCOC(=O)C1(c2ccccc2)CCN(CC)CC1.Cl,9.03,chembl26.sdf.gz
CCN1CC[C@]2(C)c3cc(O)ccc3CC1[C@@H]2C.CS(=O)(=O)O,9.42,chembl26.sdf.gz
CCOC(=O)C1(c2ccccc2)CCN(CCF)CC1.Cl,7.43,chembl26.sdf.gz
CCOC(=O)C1(c2ccccc2)CCN(CC(F)F)CC1.Cl,5.23,chembl26.sdf.gz
CS(=O)(=O)O.C[C@H]1C2Cc3ccc(O)cc3[C@@]1(C)CCN2CC(F)(F)F,4.56,chembl26.sdf.gz
CS(=O)(=O)O.C[C@H]1C2Cc3ccc(O)cc3[C@@]1(C)CCN2CC(F)F,6.52,chembl26.sdf.gz
C[Si](C)(C)c1ccc(O)cc1,10.06,chembl26.sdf.gz
Oc1c(Cl)cccc1Cl,7.15,chembl26.sdf.gz
CN(CC#CCN1CCCC1=O)CCBr,5.6,chembl26.sdf.gz
N#Cc1cc2[nH]cc(C(=O)O)c2cc1-c1ccc(C2(O)CCC2)cc1,4.6,chembl26.sdf.gz
O=C(O)c1c[nH]c2cc(F)c(-c3ccc(C4(O)CCC4)cc3)cc12,4.8,chembl26.sdf.gz
O=C(O)c1c[nH]c2cc(F)c(-c3ccc(C4(O)CCC4)cc3)c(F)c12,4.9,chembl26.sdf.gz
O=C(O)c1c[nH]c2cc(Cl)c(-c3ccc(OCCO)cc3)cc12,4.8,chembl26.sdf.gz
COCCOc1ccc(-c2cc3c(C(=O)O)c[nH]c3cc2Cl)cc1,5.0,chembl26.sdf.gz
O=C(O)c1c[nH]c2cc(Cl)c(-c3ccc(OCCCN4CCOCC4)cc3)cc12,5.4,chembl26.sdf.gz
O=C(O)c1c[nH]c2cc(Cl)c(-c3ccc(C4CCCCO4)cc3)cc12,4.9,chembl26.sdf.gz
COc1ccc(-c2cc3c(C(=O)O)c[nH]c3cc2Cl)cn1,2.4,chembl26.sdf.gz
CN(C)c1ccc(-c2cc3c(C(=O)O)c[nH]c3cc2Cl)cn1,4.7,chembl26.sdf.gz
COc1ccc(-c2cc3c(C(=O)O)c[nH]c3cc2Cl)c(OC)n1,4.8,chembl26.sdf.gz
O=C(O)c1c[nH]c2cc(Cl)c(-c3ccc(C4(O)CCC4)cc3)cc12,4.7,chembl26.sdf.gz
O=C(O)c1c[nH]c2cc(F)c(-c3ccc([C@@H]4CCCCO4)cc3)c(F)c12,5.0,chembl26.sdf.gz
COc1nc(N(C)C)ccc1-c1cc2c(C(=O)O)c[nH]c2cc1Cl,2.6,chembl26.sdf.gz
CCC(CC)(NS(=O)(=O)c1c(Cl)ccc(N/C(=N/C#N)Nc2ccccc2Br)c1O)N1C[C@@H](C)O[C@@H](C)C1,6.41,chembl26.sdf.gz
CCC(CC)(NS(=O)(=O)c1cccc(N/C(=N/C#N)Nc2ccccc2Br)c1O)N1CCOCC1,6.48,chembl26.sdf.gz
CCCN(CCC)c1cc(C)nc2c(-c3cnc(N(C)C)cc3C)c(C)nn12,7.1,chembl26.sdf.gz
COc1cc(N)c(Cl)cc1C(=O)NC1CCN2C(C)CCCC2C1,9.2,chembl26.sdf.gz
COc1cc(N)c(Cl)cc1C(=O)NC1CCN2CCOCC2C1,6.3,chembl26.sdf.gz
CC(C)C(=O)N(Cc1ccccc1-c1ccccc1)[C@H]1CCNC1,9.4,chembl26.sdf.gz
CCOC(=O)N(Cc1ccccc1-c1ccccc1)[C@H]1CCNC1,9.6,chembl26.sdf.gz
CS(=O)(=O)N(Cc1ccccc1-c1ccccc1)[C@H]1CCNC1,8.9,chembl26.sdf.gz
N[C@@H]1CCC=C(c2ccc(F)cc2)[C@H]1COc1cc(F)c(S(=O)(=O)Nc2cscn2)cc1Cl,6.13,chembl26.sdf.gz
CCN[C@@H]1CCC=C(c2ccc(F)cc2)[C@H]1COc1cc(F)c(S(=O)(=O)Nc2cscn2)cc1Cl.Cl,6.34,chembl26.sdf.gz
Cl.N[C@@H]1CCC=C(c2ccc(F)cc2)[C@H]1CNc1cc(F)c(S(=O)(=O)Nc2cscn2)cc1Cl,7.09,chembl26.sdf.gz
c1ccc([C@@H]([C@H](c2ccccc2)N2CCCCC2)N2CCCCC2)cc1,11.4,chembl26.sdf.gz
c1ccc([C@H]([C@@H](c2ccccc2)N2CCCCC2)N2CCCCC2)cc1,11.0,chembl26.sdf.gz
c1ccc([C@@H]([C@H](c2ccccc2)N2CCCC2)N2CCCC2)cc1,10.5,chembl26.sdf.gz
c1ccc([C@H]([C@@H](c2ccccc2)N2CCCC2)N2CCCC2)cc1,10.4,chembl26.sdf.gz
COc1ccc2cc3[n+](cc2c1O)CCc1cc2c(cc1-3)OCO2.[Cl-],5.0,chembl26.sdf.gz
COc1ccc2cc3[n+](cc2c1OC)CCc1cc(O)c(O)cc1-3.[Cl-],9.4,chembl26.sdf.gz
COc1cc2c(cc1O)CC[n+]1cc3c(OC)c(OC)ccc3cc1-2.[Cl-],9.6,chembl26.sdf.gz
CN1CC[C@]23c4c5ccc(O)c4O[C@H]2[C@@H](O)C=C[C@H]3[C@H]1C5,8.17,chembl26.sdf.gz
CCCCCCCCCCCCCCCC(=O)NS(=O)(=O)CCCC(=O)NCC(=O)N[C@@H](CO)C(=O)N[C@@H](CCC(N)=O)C(=O)N[C@@H](Cc1cnc[nH]1)C(=O)N[C@@H](CO)C(=O)N[C@@H](CCCC)C(=O)N[C@H]1CCC(=O)NCCCC[C@@H](C(N)=O)NC(=O)[C@H](Cc2c[nH]c3ccccc23)NC(=O)[C@H](CCCNC(=N)N)NC(=O)[C@@H](Cc2ccccc2)NC(=O)[C@@H]2C[C@@H](O)CN2C1=O,2.0,chembl26.sdf.gz
COC(=O)C(Cc1ccc(O)cc1)NC(=O)CN(CCN(CC(=O)O)CC(=O)NC(Cc1ccc(O)cc1)C(=O)OC)CC(=O)O,6.8,chembl26.sdf.gz
CS(=O)(=O)Nc1ccc2c(C(=O)CN3CCC(Cc4ccccc4)CC3)c[nH]c2c1,9.97,chembl26.sdf.gz
O=C(CN1CCC(Cc2ccccc2)CC1)c1c[nH]c2cc(O)ccc12,9.63,chembl26.sdf.gz
N=C(N)Nc1nc(-c2cccc(Nc3n[s+]([O-])nc3N)c2)cs1,8.9,chembl26.sdf.gz
CN/C(=C\[N+](=O)[O-])Nc1ccc(-c2csc(N=C(N)N)n2)cc1,9.7,chembl26.sdf.gz
CN/C(=C/[N+](=O)[O-])Nc1cccc(-c2csc(N=C(N)N)n2)c1,9.2,chembl26.sdf.gz
NCC(F)(F)CCC(N)C(=O)O,6.88,chembl26.sdf.gz
CC(C)(CN)CCC(N)C(=O)O.Cl,10.19,chembl26.sdf.gz
NCCCC[C@H](N)C(=O)O,10.61,chembl26.sdf.gz
NCCSC[C@H](N)C(=O)O,9.52,chembl26.sdf.gz
N[C@H]1C[C@@H](N2Cc3cnc(C(F)(F)F)nc3C2)CC[C@@H]1c1cc(F)c(F)cc1F,8.6,chembl26.sdf.gz
N[C@H]1C[C@@H](N2Cc3cnc(C(F)(F)F)nc3C2)CO[C@@H]1c1cc(F)c(F)cc1F,7.3,chembl26.sdf.gz
C[C@H](CCC(=O)O)[C@H]1CC[C@H]2[C@@H]3[C@@H](O)C[C@@H]4C[C@H](O)CC[C@]4(C)[C@H]3CC[C@]12C,5.08,chembl26.sdf.gz
CC(C1CC1C(=O)O)C1CC[C@H]2[C@@H]3[C@@H](O)CC4C[C@H](O)CCC4(C)[C@H]3CCC12C,5.01,chembl26.sdf.gz
O=C([O-])Cc1ccc2[nH]c3c(c2c1)CN(Cc1ccccc1)CC3.[K+],4.34,chembl26.sdf.gz
C[C@@H](CO)N1C(=O)c2cccc(NC(=O)c3ccncc3)c2O[C@@H](CN(C)Cc2ccc(Oc3ccccc3)cc2)[C@@H]1C,6.08,chembl26.sdf.gz
C[C@@H]1[C@@H](CN(C)Cc2ccc(Oc3ccccc3)cc2)Oc2c(NC(=O)c3ccncc3)cccc2C(=O)N1[C@@H](C)CO,6.18,chembl26.sdf.gz
C[C@H](CO)N1C(=O)c2cccc(NC(=O)c3ccncc3)c2O[C@@H](CN(C)Cc2ccc(Oc3ccccc3)cc2)[C@@H]1C,6.14,chembl26.sdf.gz
C[C@H](CO)N1C(=O)c2cccc(NC(=O)c3ccncc3)c2O[C@H](CN(C)Cc2ccc(Oc3ccccc3)cc2)[C@H]1C,6.08,chembl26.sdf.gz
C[C@H](CO)N1C(=O)c2cccc(NC(=O)c3ccncc3)c2O[C@@H](CN(C)Cc2ccc(Oc3ccccc3)cc2)[C@H]1C,7.07,chembl26.sdf.gz
C[C@@H](CO)N1C(=O)c2cccc(NC(=O)c3ccncc3)c2O[C@H](CN(C)Cc2ccc(Oc3ccccc3)cc2)[C@@H]1C,7.08,chembl26.sdf.gz
C[C@H](CO)N1C(=O)c2cccc(NC(=O)c3ccncc3)c2O[C@H](CN(C)Cc2ccc(Oc3ccccc3)cc2)[C@@H]1C,7.16,chembl26.sdf.gz
C[C@@H]1[C@H](CN(C)Cc2ccc(Oc3ccccc3)cc2)Oc2c(NC(=O)c3ccncc3)cccc2C(=O)N1[C@@H](C)CO,7.16,chembl26.sdf.gz
CCOP(=O)(OCC)c1ccc(-c2cc(O)on2)o1,3.23,chembl26.sdf.gz
Cc1ccccc1CC(=O)c1ccc(O)c(CN(C)C)c1O,10.74,chembl26.sdf.gz
OC[C@@H]1N=C(NCc2ccccc2)[C@@H](O)[C@@H](O)[C@@H]1O,10.0,chembl26.sdf.gz
COc1cccc(Cn2nc(C(F)(F)F)c(Cc3ccc4c(c3)OCO4)c2OC)c1,6.0,chembl26.sdf.gz
COc1ccc2c(=O)oc3c(OC)cc(CCN(C)C)c4c(=O)oc1c2c34,0.021,chembl26.sdf.gz
COC(=O)c1cc(OC(=O)c2ccc(OC)c(O)c2)c(OC)cc1CCN(C)C,0.14,chembl26.sdf.gz
COC(=O)c1ccc(OC)c(OC(=O)c2cc(O)c(OC)cc2CCN(C)C)c1,0.13,chembl26.sdf.gz
COC(=O)c1cc(OC(=O)c2ccc(OC)c(O)c2)c(OC)cc1CCN1CCOCC1,0.27,chembl26.sdf.gz
COC(=O)c1cc(OC(=O)c2ccc(OC)c(O)c2)c(OC)cc1CCNc1ccc(F)c(Cl)c1,0.061,chembl26.sdf.gz
O=C(O)C1CN(Cc2ccc(-c3noc(-c4onc(-c5ccccc5)c4C(F)(F)F)n3)cc2)C1,3.7,chembl26.sdf.gz
CC(=O)N[C@@H](Cc1cc(F)cc(F)c1)[C@H](O)CNC1(c2cccc(C(C)(C)C)c2)CCCCC1,8.1,chembl26.sdf.gz
CC(=O)N[C@@H](Cc1cc(F)cc(F)c1)[C@H](O)CNC1(c2cccc(-n3cccn3)c2)CCCCC1,7.8,chembl26.sdf.gz
NP(=O)(O)N(CCCl)CCCl,4.75,chembl26.sdf.gz
CN1C(C(=O)Nc2ccccn2)=C(O)c2ccccc2S1(=O)=O,6.5,chembl26.sdf.gz
O=C(C[C@@H](CCCC1CCCCC1)c1nc(-c2cc(C(=O)O)ccn2)no1)NO,2.7,chembl26.sdf.gz
Cc1cc(CC(=O)O)n(C)c1C(=O)c1ccc(Cl)cc1,4.7,chembl26.sdf.gz
CC(C(=O)O)c1cccc(C(=O)c2ccccc2)c1,4.6,chembl26.sdf.gz
CC(C(=O)O)c1ccc(-c2ccccc2)c(F)c1,4.6,chembl26.sdf.gz
CC1=C(CC(=O)O)c2cc(F)ccc2/C1=C\c1ccc([S+](C)[O-])cc1,4.5,chembl26.sdf.gz
Cc1cccc(Nc2ccccc2C(=O)O)c1C,4.2,chembl26.sdf.gz
CC(C(=O)O)c1ccc(C(=O)c2cccs2)cc1,4.0,chembl26.sdf.gz
O=C(O)c1cc(-c2ccc(F)cc2F)ccc1O,3.3,chembl26.sdf.gz
O=C(O)CCc1nc(-c2ccccc2)c(-c2ccccc2)o1,4.3,chembl26.sdf.gz
Cc1ccc(C(=O)c2ccc(CC(=O)O)n2C)cc1,3.5,chembl26.sdf.gz
CC(C)Cc1ccc(C(C)C(=O)O)cc1,5.2,chembl26.sdf.gz
CC(C(=O)O)c1cccc(Oc2ccccc2)c1,4.5,chembl26.sdf.gz
O=C(c1ccccc1)c1ccc2n1CCC2C(=O)O,3.5,chembl26.sdf.gz
CC(C(=O)O)c1ccc2oc(-c3ccc(Cl)cc3)nc2c1,6.9,chembl26.sdf.gz
CCc1cccc2c3c([nH]c12)C(CC)(CC(=O)O)OCC3,4.7,chembl26.sdf.gz
CC(=O)Oc1ccccc1C(=O)O,3.5,chembl26.sdf.gz
CCCCC1C(=O)N(c2ccccc2)N(c2ccc(O)cc2)C1=O,4.7,chembl26.sdf.gz
CC(C(=O)O)c1ccc2c(c1)[nH]c1ccc(Cl)cc12,4.7,chembl26.sdf.gz
CCC1(CCC(C)C)C(=O)N=C(O)NC1=O,7.78,chembl26.sdf.gz
O=c1cc(-c2ccc(O)cc2)nc2ccccn12,7.6,chembl26.sdf.gz
O=c1cc(-c2ccc(O)c(O)c2)nc2ccccn12,6.8,chembl26.sdf.gz
O=c1cc(-c2ccccc2)nc2cccc(O)n12,12.0,chembl26.sdf.gz
C[C@H](N[S@@]1(=O)=NC(=O)c2ccccc21)c1ccccc1,6.55,chembl26.sdf.gz
C[C@H](N[S@]1(=O)=NC(=O)c2ccccc21)c1ccccc1,6.62,chembl26.sdf.gz
O=C1N=S(=O)(Nc2ccccc2)c2ccccc21,4.1,chembl26.sdf.gz
O=C1N=S(=O)(NCc2ccccc2)c2ccccc21,6.5,chembl26.sdf.gz
NS1(=O)=NC(=O)c2ccccc21,5.7,chembl26.sdf.gz
N=S1(=O)c2ccccc2C(=O)N1c1ccccc1,8.3,chembl26.sdf.gz
N=S1(=O)c2ccccc2C(=O)N1Cc1ccccc1,8.7,chembl26.sdf.gz
CCN1C(=O)c2ccccc2S1(=N)=O,8.9,chembl26.sdf.gz
CCNC1=NS(=O)(=O)c2ccccc21,11.7,chembl26.sdf.gz
NC1=NS(=O)(=O)c2ccccc21,11.4,chembl26.sdf.gz
CS(=O)(=O)c1nnc(-c2cc(F)c(COc3ccc(Cl)c(Cl)c3)cc2F)[nH]1,4.8,chembl26.sdf.gz
CC(=O)NS(=O)(=O)c1cc(F)c(COc2ccc(Cl)c(Cl)c2)cc1F,3.7,chembl26.sdf.gz
O=C(O)CNC(=O)c1cc(F)c(COc2ccc(Cl)c(Cl)c2)cc1F,3.4,chembl26.sdf.gz
O=c1[nH]c(-c2cc(F)c(COc3ccc(Cl)c(Cl)c3)cc2F)no1,4.3,chembl26.sdf.gz
O=C(O)c1cc(F)c(COc2ccc(Cl)c(Cl)c2)cc1F,3.1,chembl26.sdf.gz
CS(=O)(=O)NC(=O)c1cc(F)c(COc2ccc(Cl)c(Cl)c2)cc1F,3.1,chembl26.sdf.gz
O=C(N1CCOCC1)N1CCC(Oc2ccc3c(c2)CCN(C2CCC2)CC3)CC1,9.2,chembl26.sdf.gz
O=[N+]([O-])c1cc(NC2CCCN(Cc3ccccc3C(F)(F)F)C2)ccc1CO,5.9,chembl26.sdf.gz
CCc1[nH]c2cc(F)ccc2c1C1CCN(CCCSc2ccc(F)cc2)CC1,9.8,chembl26.sdf.gz
Nc1c(Cc2cccc3ccccc23)c(C2CC2)c2n(c1=O)C(C(=O)Nc1ccccc1)CS2,2.4,chembl26.sdf.gz
CS(=O)(=O)Nc1ccc(Nc2c3ccccc3nc3ccc([N+](=O)[O-])cc23)cc1,5.42,chembl26.sdf.gz
COc1cccc2c(Nc3ccc(NS(C)(=O)=O)cc3)c3ccccc3nc12,7.15,chembl26.sdf.gz
CS(=O)(=O)Nc1ccc(Nc2c3ccccc3nc3cccc(Cl)c23)cc1,5.86,chembl26.sdf.gz
COc1ccc2nc3ccccc3c(Nc3ccc(NS(C)(=O)=O)cc3)c2c1,6.87,chembl26.sdf.gz
CS(=O)(=O)Nc1ccc(Nc2c3ccccc3nc3ccc(C(N)=O)cc23)cc1,6.34,chembl26.sdf.gz
Cc1ccc2c(Nc3ccc(NS(C)(=O)=O)cc3)c3ccccc3nc2c1,7.49,chembl26.sdf.gz
CS(=O)(=O)Nc1ccc(Nc2c3ccccc3nc3ccc(Cl)cc23)cc1,6.42,chembl26.sdf.gz
CS(=O)(=O)Nc1ccc(Nc2c3ccccc3nc3cnccc23)cc1,5.32,chembl26.sdf.gz
CS(=O)(=O)Nc1ccc(Nc2c3ccccc3nc3cc(N=[N+]=[N-])ccc23)cc1,7.0,chembl26.sdf.gz
CNc1ccc2c(Nc3ccc(NS(C)(=O)=O)cc3)c3ccccc3nc2c1,9.3,chembl26.sdf.gz
CS(=O)(=O)Nc1ccc(Nc2c3ccccc3nc3cc(C#N)ccc23)cc1,5.75,chembl26.sdf.gz
Cc1cccc2nc3ccccc3c(Nc3ccc(NS(C)(=O)=O)cc3)c12,6.43,chembl26.sdf.gz
CS(=O)(=O)Nc1ccc(Nc2c3ccccc3nc3ccccc23)cc1,7.19,chembl26.sdf.gz
Cc1cccc2c(Nc3ccc(NS(C)(=O)=O)cc3)c3ccccc3nc12,7.15,chembl26.sdf.gz
CS(=O)(=O)Nc1ccc(Nc2c3ccccc3nc3cc(I)ccc23)cc1,6.52,chembl26.sdf.gz
CS(=O)(=O)Nc1ccc(Nc2c3ccccc3nc3cc(N)ccc23)cc1,9.8,chembl26.sdf.gz
CS(=O)(=O)Nc1ccc(Nc2c3ccccc3nc3cc(S(C)(=O)=O)ccc23)cc1,5.65,chembl26.sdf.gz
COc1ccc2c(Nc3ccc(NS(C)(=O)=O)cc3)c3ccccc3nc2c1,7.57,chembl26.sdf.gz
COC(=O)Nc1ccc2c(Nc3ccc(NS(C)(=O)=O)cc3)c3ccccc3nc2c1,7.48,chembl26.sdf.gz
CC(=O)Nc1ccc2c(Nc3ccc(NS(C)(=O)=O)cc3)c3ccccc3nc2c1,7.34,chembl26.sdf.gz
CS(=O)(=O)Nc1ccc(Nc2c3ccccc3nc3cc(Br)ccc23)cc1,6.56,chembl26.sdf.gz
Cc1ccc2nc3ccccc3c(Nc3ccc(NS(C)(=O)=O)cc3)c2c1,7.23,chembl26.sdf.gz
CS(=O)(=O)Nc1ccc(Nc2c3ccccc3nc3c(Cl)cccc23)cc1,5.92,chembl26.sdf.gz
CS(=O)(=O)Nc1ccc(Nc2c3ccccc3nc3cc(Cl)ccc23)cc1,6.57,chembl26.sdf.gz
CS(=O)(=O)Nc1ccc(Nc2c3ccccc3nc3ccc(N)cc23)cc1,7.15,chembl26.sdf.gz
CS(=O)(=O)Nc1ccc(Nc2c3ccccc3nc3c(C(N)=O)cccc23)cc1,6.12,chembl26.sdf.gz
CS(=O)(=O)Nc1ccc(Nc2c3ccccc3nc3cc([N+](=O)[O-])ccc23)cc1,5.52,chembl26.sdf.gz
Cc1cc2ccc1[C@@H](C)COC(=O)Nc1ccc(S(=O)(=O)C3CC3)c(c1)CN(C)C(=O)[C@@H]2Nc1ccc2c(N)ncc(F)c2c1,7.1,chembl26.sdf.gz
Cc1cc2ccc1[C@@H](C)COC(=O)Nc1ccc(S(=O)(=O)C3CC3)c(c1)CN(C)C(=O)[C@@H]2Nc1cc(F)c2c(N)nccc2c1,8.0,chembl26.sdf.gz
Cc1cc2ccc1[C@@H](C)COC(=O)Nc1ccc(S(=O)(=O)C3CC3)c(c1)CN(C)C(=O)[C@@H]2Nc1ccc2c(N)nccc2c1,8.7,chembl26.sdf.gz
NC[C@H](COCc1cccc2ccccc12)OC(=O)NCCCCCCO,8.9,chembl26.sdf.gz
O=[N+]([O-])c1ccc2c(c1)CNC(C(F)F)C2,5.83,chembl26.sdf.gz
C[C@](Cc1c[nH]c2ccccc12)(NC(=O)OC1C2CC3CC(C2)CC1C3)C(=O)NC[C@H](NC(=O)CCP(=O)(O)O)c1ccccc1,7.8,chembl26.sdf.gz
CC(=O)N[C@@H]1CNC[C@H](C(=O)O)C1,8.6,chembl26.sdf.gz
CC(=O)N[C@@H]1CCNC[C@@H]1C(=O)O,9.7,chembl26.sdf.gz
O=C(O)[C@@H]1CCNC[C@@H]1O,10.0,chembl26.sdf.gz
NCCCC(=O)O,10.7,chembl26.sdf.gz
O=C(O)[C@H]1CNC[C@@H](O)C1,8.9,chembl26.sdf.gz
O=C(O)C1CCNCC1,10.5,chembl26.sdf.gz
O=C(O)[C@H]1CNCC[C@H]1O,10.0,chembl26.sdf.gz
O=C(O)[C@H]1CNCC[C@@H]1O,9.4,chembl26.sdf.gz
O=C(O)[C@@H]1CCNC[C@H]1O,9.3,chembl26.sdf.gz
C[C@H](CO)Nc1nc(SCc2cccc(F)c2F)nc2[nH]c(=O)sc12,6.7,chembl26.sdf.gz
C[C@H](CO)Nc1cc(C(=O)O)nc(SCc2ccccc2)n1,5.5,chembl26.sdf.gz
C[C@H](CO)Nc1cc(NS(C)(=O)=O)nc(SCc2ccccc2)n1,6.9,chembl26.sdf.gz
C[C@H](CO)Nc1cc(NS(=O)(=O)C(F)(F)F)nc(SCc2ccccc2)n1,5.8,chembl26.sdf.gz
C[C@H](CO)Nc1cc(NS(=O)(=O)c2ccccc2)nc(SCc2ccccc2)n1,6.6,chembl26.sdf.gz
C[C@H](CO)Nc1cc(NS(=O)(=O)c2ccc(Cl)cc2)nc(SCc2ccccc2)n1,6.5,chembl26.sdf.gz
C[C@H](CO)Nc1cc(NS(=O)(=O)c2ccc(C#N)cc2)nc(SCc2ccccc2)n1,6.1,chembl26.sdf.gz
C[C@H](CO)Nc1cc(NS(=O)(=O)N(C)C)nc(SCc2ccccc2)n1,7.3,chembl26.sdf.gz
Nc1ncnc2c1c(-c1cccc(OCc3ccccc3)c1)cn2[C@H]1C[C@@H](CN2CCC2)C1,9.5,chembl26.sdf.gz
Nc1ncnc2c1c(-c1cccc(OCC34CCC(CC3)O4)c1)cn2[C@H]1C[C@@H](CN2CC[S+]([O-])CC2)C1,5.7,chembl26.sdf.gz
CC(=O)N1CCN([C@H]2C[C@@H](n3cc(-c4cccc(OCC56CCC(CC5)O6)c4)c4c(N)ncnc43)C2)CC1,5.9,chembl26.sdf.gz
Cc1cc(C(=O)O)n[nH]1,3.59,chembl26.sdf.gz
Oc1noc2cc(Cl)ccc12,4.07,chembl26.sdf.gz
O=C(O)c1cc2occc2[nH]1,4.09,chembl26.sdf.gz
O=C(O)c1cc2sccc2[nH]1,3.88,chembl26.sdf.gz
O=c1[nH]c2cccc(Cl)c2cc1O,7.6,chembl26.sdf.gz
O=c1[nH]c2ccc(F)c(Cl)c2cc1O,7.33,chembl26.sdf.gz
CC[C@H](C)[C@@H]1C(=O)N[C@H](C2Cc3ccccc3C2)C(=O)N1[C@@H](C(=O)N1CCOCC1)c1ccc(C)nc1C,5.78,chembl26.sdf.gz
CCCCOC[n+]1ccn(C)c1/C=N/O.[Cl-],8.04,chembl26.sdf.gz
Cn1cc[n+](COCc2cccc3ccccc23)c1/C=N/O.[Cl-],8.11,chembl26.sdf.gz
CCCCCCCCOC[n+]1ccn(C)c1/C=N/O.[Cl-],8.01,chembl26.sdf.gz
CC(C)OC[n+]1ccn(C)c1/C=N/O.[Cl-],7.93,chembl26.sdf.gz
CC(OC[n+]1ccn(C)c1/C=N/O)C(C)(C)C.[Cl-],8.01,chembl26.sdf.gz
Cn1cc[n+](COCc2ccccc2)c1/C=N/O.[Cl-],7.94,chembl26.sdf.gz
Cn1cc[n+](COCCCc2ccccc2)c1/C=N/O.[Cl-],8.05,chembl26.sdf.gz
Cn1cc[n+](COCC(C)(C)C)c1/C=N/O.[Cl-],8.04,chembl26.sdf.gz
COC[n+]1ccn(C)c1/C=N/O.[Cl-],7.96,chembl26.sdf.gz
COc1ccnc(C[S+]([O-])c2nc3cc4c(cc3[nH]2)OC(F)(F)O4)c1,4.29,chembl26.sdf.gz
COc1ccnc(C[S+]([O-])c2nc3cc(OC(F)F)ccc3[nH]2)c1OC,3.92,chembl26.sdf.gz
COc1cnc(C[S+]([O-])c2nc3cc(OC(F)F)ccc3[nH]2)c(C)c1OC,3.73,chembl26.sdf.gz
COc1ccnc(C[S+]([O-])c2nc3cc(OCC(F)(F)F)ccc3[nH]2)c1OC,3.9,chembl26.sdf.gz
COc1ccnc(C[S+]([O-])c2nc3cc(OC(F)(F)C(F)F)ccc3[nH]2)c1,4.25,chembl26.sdf.gz
COc1cc2[nH]c([S+]([O-])Cc3nccc(OC)c3C)nc2cc1OC(F)F,4.96,chembl26.sdf.gz
COc1c(C)cnc(C[S+]([O-])c2nc3cc(OC(F)F)ccc3[nH]2)c1C,4.16,chembl26.sdf.gz
COc1cnc(C[S+]([O-])c2nc3cc(OC(F)F)ccc3[nH]2)cc1OC,3.75,chembl26.sdf.gz
COc1ccnc(C[S+]([O-])c2nc3cc4c(cc3[nH]2)OC(F)(F)O4)c1OC,3.84,chembl26.sdf.gz
COc1cnc(C[S+]([O-])c2nc3cc(OCC(F)(F)F)ccc3[nH]2)c(C)c1OC,3.72,chembl26.sdf.gz
COc1ccnc(C[S+]([O-])c2nc3cc(F)c(OC(F)F)cc3[nH]2)c1OC,3.76,chembl26.sdf.gz
Cc1c(OCC(F)(F)F)ccnc1C[S+]([O-])c1nc2ccccc2[nH]1,4.01,chembl26.sdf.gz
COc1cc(C[S+]([O-])c2nc3cc(OC(F)(F)C(F)F)ccc3[nH]2)ncc1C,4.95,chembl26.sdf.gz
COc1ccnc(C[S+]([O-])c2nc3cc(OC(F)(F)C(F)F)ccc3[nH]2)c1OC,3.86,chembl26.sdf.gz
COc1ccc2[nH]c([S+]([O-])Cc3ncc(C)c(OC)c3C)nc2c1,4.13,chembl26.sdf.gz
COc1ccnc(C[S+]([O-])c2nc3cc(OCC(F)(F)F)ccc3[nH]2)c1C,4.97,chembl26.sdf.gz
COc1ccnc(C[S+]([O-])c2nc3cc4c(cc3[nH]2)OC(F)(F)O4)c1C,4.73,chembl26.sdf.gz
C/N=C(\NC#N)Nc1cccc(-c2csc(N=C(N)N)n2)c1,6.2,chembl26.sdf.gz
C/N=C(\NC#N)NCCSCc1csc(N=C(N)N)n1,7.1,chembl26.sdf.gz
COc1cccc2c1C(=O)c1c(O)c3c(c(O)c1C2=O)C[C@@](O)(/C(C)=N/NC(=O)c1ccc(N(C)C)cc1)C[C@@H]3O[C@H]1C[C@H](N)[C@H](O)[C@H](C)O1.Cl,4.97,chembl26.sdf.gz
COc1cccc2c1C(=O)c1c(O)c3c(c(O)c1C2=O)C[C@@](O)(/C(C)=N/NC(=O)c1ccc(O)cc1)C[C@@H]3O[C@H]1C[C@H](N)[C@H](O)[C@H](C)O1.Cl,4.52,chembl26.sdf.gz
CCCCOc1ccc(C(=O)N/N=C(\C)[C@]2(O)Cc3c(O)c4c(c(O)c3[C@@H](O[C@H]3C[C@H](N)[C@H](O)[C@H](C)O3)C2)C(=O)c2c(OC)cccc2C4=O)cc1.Cl,4.23,chembl26.sdf.gz
COc1ccc(C(=O)N/N=C(\C)[C@]2(O)Cc3c(O)c4c(c(O)c3[C@@H](O[C@H]3C[C@H](N)[C@H](O)[C@H](C)O3)C2)C(=O)c2c(OC)cccc2C4=O)cc1.Cl,4.47,chembl26.sdf.gz
CCc1ccc(C(=O)N/N=C(\C)[C@]2(O)Cc3c(O)c4c(c(O)c3[C@@H](O[C@H]3C[C@H](N)[C@H](O)[C@H](C)O3)C2)C(=O)c2c(OC)cccc2C4=O)cc1.Cl,4.35,chembl26.sdf.gz
COc1cccc2c1C(=O)c1c(O)c3c(c(O)c1C2=O)C[C@@](O)(/C(C)=N/NC(=O)c1ccc(-c2ccccc2)cc1)C[C@@H]3O[C@H]1C[C@H](N)[C@H](O)[C@H](C)O1.Cl,3.97,chembl26.sdf.gz
COc1cccc2c1C(=O)c1c(O)c3c(c(O)c1C2=O)C[C@@](O)(/C(C)=N/NC(=O)c1ccccc1)C[C@@H]3O[C@H]1C[C@H](N)[C@H](O)[C@H](C)O1.Cl,4.19,chembl26.sdf.gz
COc1cccc2c1C(=O)c1c(O)c3c(c(O)c1C2=O)C[C@@](O)(/C(CO)=N/NC(=O)c1ccccc1)C[C@@H]3O[C@H]1C[C@H](N)[C@H](O)[C@H](C)O1.Cl,4.19,chembl26.sdf.gz
COc1cccc2c1C(=O)c1c(O)c3c(c(O)c1C2=O)C[C@@](O)(/C(C)=N/NC(=O)c1ccc(Cl)cc1)C[C@@H]3O[C@H]1C[C@H](N)[C@H](O)[C@H](C)O1.Cl,4.03,chembl26.sdf.gz
COc1cccc2c1C(=O)c1c(O)c3c(c(O)c1C2=O)C[C@@](O)(/C(C)=N/NC(=O)c1ccc(Cl)c(Cl)c1)C[C@@H]3O[C@H]1C[C@H](N)[C@H](O)[C@H](C)O1.Cl,3.62,chembl26.sdf.gz
COc1cccc2c1C(=O)c1c(O)c3c(c(O)c1C2=O)C[C@@](O)(/C(CO)=N/NC(=O)c1ccc(Cl)c(Cl)c1)C[C@@H]3O[C@H]1C[C@H](N)[C@H](O)[C@H](C)O1.Cl,3.62,chembl26.sdf.gz
COc1cccc2c1C(=O)c1c(O)c3c(c(O)c1C2=O)C[C@@](O)(/C(C)=N/NC(=O)c1cccc([N+](=O)[O-])c1)C[C@@H]3O[C@H]1C[C@H](N)[C@H](O)[C@H](C)O1.Cl,3.46,chembl26.sdf.gz
NS(=O)(=O)c1nn2cc(-c3ccc(O)cc3)nc2s1,8.16,chembl26.sdf.gz
N#Cc1cc(Cl)cc(Oc2c(Cl)ccc(CNC(=O)c3[nH]cnc3Cl)c2F)c1,8.9,chembl26.sdf.gz
COc1cc(N2CC3CNCC(C2)O3)ccc1Nc1ncc(Cl)c(-c2cnc3ccccn23)n1,8.7,chembl26.sdf.gz
COc1cc(N2CC3CN(CCO)CC(C2)O3)ccc1Nc1ncc(Cl)c(-c2cnc3ccccn23)n1,8.4,chembl26.sdf.gz
COc1cc(N2CC3COCC(C2)N3)ccc1Nc1ncc(Cl)c(-c2cnc3ccccn23)n1,6.7,chembl26.sdf.gz
O=C1NS(=O)(=O)Nc2[nH]ncc21,6.5,chembl26.sdf.gz
NC1=NS(=O)(=O)Nc2[nH]ncc21,4.1,chembl26.sdf.gz
NC1=NS(=O)(=O)Nc2nsnc21,3.2,chembl26.sdf.gz
CC(C)(C)c1cn2nc(S(N)(=O)=O)sc2n1,6.94,chembl26.sdf.gz
O=c1cc(-c2ccccc2)c2ccccc2n1CC1CN2CCC1CC2,10.1,chembl26.sdf.gz
c1cnc2c(c1)C[C@@]1(CN3CCC1CC3)O2,8.9,chembl26.sdf.gz
O=c1cc(-c2ccccc2)c2ccccc2n1CC1CNCCO1,8.1,chembl26.sdf.gz
O=c1cc(-c2ccccc2)c2ccccc2n1CC1CN2CCC1(F)CC2,7.6,chembl26.sdf.gz
CC(C)(C)OC(=O)N[C@H]1CCCCC/C=C\[C@@H]2C[C@@]2(C(=O)NS(=O)(=O)C2CC2)NC(=O)[C@@H]2C[C@@H](OC(=O)N3Cc4cccc(F)c4C3)CN2C1=O,5.27,chembl26.sdf.gz
CCCCc1nc(Cl)c(CC(=O)OC)n1Cc1ccc(NC(=O)C2CCCCC2NS(=O)(=O)C(F)(F)F)cc1,7.6,chembl26.sdf.gz
Cc1nc2c3c(c(C(=O)N(C)C)cc2[nH]1)CC[C@@H](c1ccccc1C)O3,5.66,chembl26.sdf.gz
Cl.O=c1[nH]cc(CN(CCCl)CCCl)c(=O)[nH]1,5.21,chembl26.sdf.gz
CN(CCCl)CCCl,6.45,chembl26.sdf.gz
O=C(O)/C(O)=C/C(=O)c1cc(C2CCCCC2)ccc1C1CCCCC1,7.56,chembl26.sdf.gz
O=c1cc([C@@H]2CCN[C@H](Cc3ccccc3)C2)o[nH]1,4.4,chembl26.sdf.gz
O=c1cc([C@H]2CCN[C@H](Cc3ccccc3)C2)o[nH]1,4.9,chembl26.sdf.gz
CCN(CC)CCNC(=O)c1cccc2c(N)c3ccccc3nc12,9.2,chembl26.sdf.gz
Nc1c2ccccc2nc2c(C(=O)NCCNCCO)cccc12,8.5,chembl26.sdf.gz
Nc1c2ccccc2nc2c(C(=O)NCCN3CCCCC3)cccc12,8.9,chembl26.sdf.gz
NCCNC(=O)c1cccc2c(N)c3ccccc3nc12,9.1,chembl26.sdf.gz
Nc1c2ccccc2nc2c(C(=O)NCCN3CCOCC3)cccc12,6.7,chembl26.sdf.gz
Nc1c2ccccc2nc2c(C(=O)NCCc3ccccn3)cccc12,5.9,chembl26.sdf.gz
CN(C)CCNC(=O)c1ccc2nc3ccccc3c(N)c2c1,8.6,chembl26.sdf.gz
CC1=NN(c2ccccc2)C(=O)C1,6.9,chembl26.sdf.gz
COc1ccc(N2N=C(C)CC2=O)cc1,7.06,chembl26.sdf.gz
CC1=NN(c2ccc(OCc3no[n+]([O-])c3C(N)=O)cc2)C(=O)C1,7.08,chembl26.sdf.gz
CC(C)c1nc(COC(N)=O)n(Cc2ccncc2)c1Sc1cc(Cl)cc(Cl)c1,4.47,chembl26.sdf.gz
CCCCc1oc2ccccc2c1C(=O)c1cc(I)c(OCC[N+](CC)(CC)COP(=O)(O)O)c(I)c1.O=C([O-])C(F)(F)F,6.56,chembl26.sdf.gz
CCn1cc(C(=O)NCC2=C(C(=O)O)N3C(=O)[C@@H](NC(=O)/C(=N\OC(C)(C)C(=O)O)c4csc(N)n4)[C@H]3SC2)c(=O)c2cc(O)c(O)cc21,7.2,chembl26.sdf.gz
CCO/N=C(\C(=O)N[C@@H]1C(=O)N2C(C(=O)O)=C(CNC(=O)c3cc(O)c(O)c(C#N)c3)CS[C@H]12)c1csc(N)n1,5.5,chembl26.sdf.gz
CCn1cc(C(=O)NCC2=C(C(=O)O)N3C(=O)[C@@H](NC(=O)/C(=N\OC(C)(C)C(=O)O)c4csc(N)n4)[C@H]3SC2)c(=O)c2cc(O)c(O)nc21,5.6,chembl26.sdf.gz
CCN(CC1=C(C(=O)O)N2C(=O)[C@@H](NC(=O)/C(=N\OC(C)(C)C(=O)O)c3csc(N)n3)[C@H]2SC1)C(=O)c1cc(O)c(O)c(F)c1,7.85,chembl26.sdf.gz
CCO/N=C(\C(=O)N[C@@H]1C(=O)N2C(C(=O)O)=C(CNC(=O)c3cc(O)c(O)cc3Br)CS[C@H]12)c1csc(N)n1,6.9,chembl26.sdf.gz
CCO/N=C(\C(=O)N[C@@H]1C(=O)N2C(C(=O)O)=C(CNC(=O)c3cc(O)c(O)c(Br)c3)CS[C@H]12)c1csc(N)n1,6.9,chembl26.sdf.gz
CCN(CC1=C(C(=O)O)N2C(=O)[C@@H](NC(=O)/C(=N\OC(C)(C)C(=O)O)c3csc(N)n3)[C@H]2SC1)C(=O)c1cc(O)c(O)c(Br)c1,7.3,chembl26.sdf.gz
CCN(CC1=C(C(=O)O)N2C(=O)[C@@H](NC(=O)/C(=N\OC(C)(C)C(=O)O)c3csc(N)n3)[C@H]2SC1)C(=O)c1cc(O)c(O)c(C#N)c1,5.8,chembl26.sdf.gz
CC(C)(O/N=C(\C(=O)N[C@@H]1C(=O)N2C(C(=O)O)=C(CNC(=O)c3cc(O)c(O)c(Br)c3)CS[C@H]12)c1csc(N)n1)C(=O)O,6.9,chembl26.sdf.gz
CC(C)(O/N=C(\C(=O)N[C@@H]1C(=O)N2C(C(=O)O)=C(CNC(=O)c3cc(O)c(O)c(F)c3)CS[C@H]12)c1csc(N)n1)C(=O)O,7.45,chembl26.sdf.gz
CC(C)(O/N=C(\C(=O)N[C@@H]1C(=O)N2C(C(=O)O)=C(CNC(=O)c3cc(O)c(O)c([N+](=O)[O-])c3)CS[C@H]12)c1csc(N)n1)C(=O)O,5.5,chembl26.sdf.gz
CCO/N=C(\C(=O)N[C@@H]1C(=O)N2C(C(=O)O)=C(CNC(=O)c3cc(O)c(O)c([N+](=O)[O-])c3)CS[C@H]12)c1csc(N)n1,5.5,chembl26.sdf.gz
CCO/N=C(\C(=O)N[C@@H]1C(=O)N2C(C(=O)O)=C(CNC(=O)c3cc(O)c(O)c(Cl)c3)CS[C@H]12)c1csc(N)n1,6.9,chembl26.sdf.gz
CCOC(=O)c1nc2cc(O)c(O)cc2nc1C(=O)NCC1=C(C(=O)O)N2C(=O)[C@@H](NC(=O)/C(=N\OC(C)(C)C(=O)O)c3csc(N)n3)[C@H]2SC1,6.0,chembl26.sdf.gz
CC(C)(O/N=C(\C(=O)N[C@@H]1C(=O)N2C(C(=O)O)=C(CNC(=O)c3cc(Cl)c(O)c(O)c3Cl)CS[C@H]12)c1csc(N)n1)C(=O)O,6.3,chembl26.sdf.gz
CC(C)(O/N=C(\C(=O)N[C@@H]1C(=O)N2C(C(=O)O)=C(CNC(=O)c3cc(O)c(O)cc3Br)CS[C@H]12)c1csc(N)n1)C(=O)O,8.1,chembl26.sdf.gz
CC(C)(O/N=C(\C(=O)N[C@@H]1C(=O)N2C(C(=O)O)=C(CNC(=O)c3ccc(O)c(O)c3)CS[C@H]12)c1csc(N)n1)C(=O)O,8.5,chembl26.sdf.gz
CCO/N=C(\C(=O)N[C@@H]1C(=O)N2C(C(=O)O)=C(CNC(=O)c3ccc(O)c(O)c3)CS[C@H]12)c1csc(N)n1,8.5,chembl26.sdf.gz
CCN(CC1=C(C(=O)O)N2C(=O)[C@@H](NC(=O)/C(=N\OC(C)(C)C(=O)O)c3csc(N)n3)[C@H]2SC1)C(=O)c1cc(O)c(O)c([N+](=O)[O-])c1,5.8,chembl26.sdf.gz
CCn1nc(C(=O)NCC2=C(C(=O)O)N3C(=O)[C@@H](NC(=O)/C(=N\OC(C)(C)C(=O)O)c4csc(N)n4)[C@H]3SC2)c(=O)c2cc(O)c(O)cc21,6.5,chembl26.sdf.gz
CC(C)(O/N=C(\C(=O)N[C@@H]1C(=O)N2C(C(=O)O)=C(CNC(=O)c3cc(O)c(O)c(C#N)c3)CS[C@H]12)c1csc(N)n1)C(=O)O,5.5,chembl26.sdf.gz
CCN(CC1=C(C(=O)O)N2C(=O)[C@@H](NC(=O)/C(=N\OC(C)(C)C(=O)O)c3csc(N)n3)[C@H]2SC1)C(=O)c1cc(O)c(O)cc1F,8.25,chembl26.sdf.gz
CCN(CC1=C(C(=O)O)N2C(=O)[C@@H](NC(=O)/C(=N\OC(C)(C)C(=O)O)c3csc(N)n3)[C@H]2SC1)C(=O)c1cc(O)c(O)c(Cl)c1,7.4,chembl26.sdf.gz
CC(C)(O/N=C(\C(=O)N[C@@H]1C(=O)N2C(C(=O)O)=C(/C=C/c3cc(O)c(O)c(Br)c3)CS[C@H]12)c1csc(N)n1)C(=O)O,7.7,chembl26.sdf.gz
CC(C)(O/N=C(\C(=O)N[C@@H]1C(=O)N2C(C(=O)O)=C(CNC(=O)c3cc(O)c(O)c(O)c3)CS[C@H]12)c1csc(N)n1)C(=O)O,8.35,chembl26.sdf.gz
CCO/N=C(\C(=O)N[C@@H]1C(=O)N2C(C(=O)O)=C(CNC(=O)c3cc(O)c(O)c(F)c3)CS[C@H]12)c1csc(N)n1,7.4,chembl26.sdf.gz
CC(C)(O/N=C(\C(=O)N[C@@H]1C(=O)N2C(C(=O)O)=C(COC(=O)c3cc(O)c(O)c(Br)c3)CS[C@H]12)c1csc(N)n1)C(=O)O,6.5,chembl26.sdf.gz
CC(C)(O/N=C(\C(=O)N[C@@H]1C(=O)N2C(C(=O)O)=C(CNS(=O)(=O)c3cc(O)c(O)c(Br)c3)CS[C@H]12)c1csc(N)n1)C(=O)O,6.4,chembl26.sdf.gz
CCO/N=C(\C(=O)N[C@@H]1C(=O)N2C(C(=O)O)=C(CNC(=O)c3cc(Cl)c(O)c(O)c3Cl)CS[C@H]12)c1csc(N)n1,6.9,chembl26.sdf.gz
CCn1cc(C(=O)NCC2=C(C(=O)O)N3C(=O)[C@@H](NC(=O)/C(=N\OC(C)(C)C(=O)O)c4csc(N)n4)[C@H]3SC2)c(=O)c2c(Cl)c(O)c(O)cc21,7.0,chembl26.sdf.gz
CC(C)(O/N=C(\C(=O)N[C@@H]1C(=O)N2C(C(=O)O)=C(CNC(=O)c3cc(O)c(O)cc3F)CS[C@H]12)c1csc(N)n1)C(=O)O,7.8,chembl26.sdf.gz
CC(C)(O/N=C(\C(=O)N[C@@H]1C(=O)N2C(C(=O)O)=C(CNC(=O)c3ccc(O)c(O)c3Cl)CS[C@H]12)c1csc(N)n1)C(=O)O,7.65,chembl26.sdf.gz
CC(C)(O/N=C(\C(=O)N[C@@H]1C(=O)N2C(C(=O)O)=C(CNC(=O)c3cc(O)c(O)c(Cl)c3)CS[C@H]12)c1csc(N)n1)C(=O)O,7.0,chembl26.sdf.gz
Cc1n[nH]c(C)c1CCCOc1cc(C(=O)O)ccc1F,4.13,chembl26.sdf.gz
O=C(O)c1ccc2nc(-c3cc(Cl)cc(Cl)c3)oc2c1,3.73,chembl26.sdf.gz
Oc1nc(-c2cc(-c3ccon3)n(Cc3ccccc3F)n2)ncc1F,5.75,chembl26.sdf.gz
CCCN1CCN(c2ccccc2)CC1,7.96,chembl26.sdf.gz
CCCN1CCN(c2ccccc2C)CC1,8.39,chembl26.sdf.gz
CCCN1CCN(c2cccc(C)c2)CC1,7.83,chembl26.sdf.gz
CCCN1CCN(c2ccc(C)cc2)CC1,7.92,chembl26.sdf.gz
CCCN1CCN(c2ccccc2OC)CC1,8.29,chembl26.sdf.gz
CCCN1CCN(c2cccc(OC)c2)CC1,7.86,chembl26.sdf.gz
CCCN1CCN(c2ccc(OC)cc2)CC1,7.88,chembl26.sdf.gz
CCCN1CCN(c2ccccc2O)CC1,8.05,chembl26.sdf.gz
CCCN1CCN(c2cccc(O)c2)CC1,7.82,chembl26.sdf.gz
CCCN1CCN(c2ccc(O)cc2)CC1,7.92,chembl26.sdf.gz
CCCN1CCN(c2ccccc2Cl)CC1,8.07,chembl26.sdf.gz
CCCN1CCN(c2cccc(Cl)c2)CC1,7.83,chembl26.sdf.gz
CCCN1CCN(c2ccc(Cl)cc2)CC1,7.83,chembl26.sdf.gz
CCCN1CCN(c2ccccc2C(F)(F)F)CC1,8.8,chembl26.sdf.gz
CCCN1CCN(c2cccc(C(F)(F)F)c2)CC1,7.81,chembl26.sdf.gz
CCCN1CCN(c2ccc(C(F)(F)F)cc2)CC1,7.84,chembl26.sdf.gz
CCCN1CCN(c2ccccc2[N+](=O)[O-])CC1,7.94,chembl26.sdf.gz
CCCN1CCN(c2cccc([N+](=O)[O-])c2)CC1,7.7,chembl26.sdf.gz
CCCN1CCN(c2ccc([N+](=O)[O-])cc2)CC1,7.59,chembl26.sdf.gz
CCCN1CCN(c2ccccc2C#N)CC1,7.92,chembl26.sdf.gz
CCCN1CCN(c2cccc(C#N)c2)CC1,7.67,chembl26.sdf.gz
CCCN1CCN(c2ccc(C#N)cc2)CC1,7.78,chembl26.sdf.gz
CCCN1CCN(c2ccccc2C(N)=O)CC1,8.14,chembl26.sdf.gz
CCCN1CCN(c2cccc(C(N)=O)c2)CC1,7.76,chembl26.sdf.gz
CCCN1CCN(c2ccc(C(N)=O)cc2)CC1,7.84,chembl26.sdf.gz
Cc1cc2c(c(-c3cccc(-n4ncc(C(=O)O)c4C(F)(F)F)n3)c1)C(Nc1ccc(C3CCN(C(=O)C4CC4)CC3)cc1C)CC2,3.1,chembl26.sdf.gz
Cc1cc(C2CCN(C(=O)C3CC3)CC2)ccc1NC1CCc2cccc(-c3cccc(-n4ncc(C(=O)O)c4C)n3)c21,4.3,chembl26.sdf.gz
COc1ccnc(C[S+]([O-])c2nc3cc(OC(F)F)ccc3[n-]2)c1OC.[Na+],3.9,chembl26.sdf.gz
Nc1ccc(C(=O)O)c(F)c1,4.13,chembl26.sdf.gz
Nc1ccc(C(=O)O)c(Cl)c1,3.88,chembl26.sdf.gz
Cl.Nc1ccc(C(=O)O)c(Br)c1,3.69,chembl26.sdf.gz
Cl.Nc1ccc(C(=O)O)c(I)c1,3.81,chembl26.sdf.gz
Nc1ccc(C(=O)O)c(O)c1,3.52,chembl26.sdf.gz
Nc1ccc(C(=O)O)c([N+](=O)[O-])c1,2.78,chembl26.sdf.gz
Cl.Nc1ccc(C(=O)O)c(N)c1,5.81,chembl26.sdf.gz
COc1cc(N)ccc1C(=O)O,5.04,chembl26.sdf.gz
CCOc1cc(N)ccc1C(=O)O,5.09,chembl26.sdf.gz
CCCOc1cc(N)ccc1C(=O)O,4.96,chembl26.sdf.gz
CCCCOc1cc(N)ccc1C(=O)O,5.25,chembl26.sdf.gz
CCCCCOc1cc(N)ccc1C(=O)O,5.1,chembl26.sdf.gz
CC(C)CCOc1cc(N)ccc1C(=O)O,5.17,chembl26.sdf.gz
CCCCCCOc1cc(N)ccc1C(=O)O,5.37,chembl26.sdf.gz
CCCCCCCOc1cc(N)ccc1C(=O)O,5.3,chembl26.sdf.gz
CCCCCCCCOc1cc(N)ccc1C(=O)O,5.4,chembl26.sdf.gz
C=CCOc1cc(N)ccc1C(=O)O,5.01,chembl26.sdf.gz
Cc1cc(N)ccc1C(=O)O,4.83,chembl26.sdf.gz
Nc1ccc(C(=O)O)cc1F,4.35,chembl26.sdf.gz
Nc1ccc(C(=O)O)cc1Cl,4.35,chembl26.sdf.gz
Nc1ccc(C(=O)O)cc1Br,4.24,chembl26.sdf.gz
Nc1ccc(C(=O)O)cc1I,4.34,chembl26.sdf.gz
Nc1ccc(C(=O)O)cc1O,4.59,chembl26.sdf.gz
Nc1ccc(C(=O)O)cc1[N+](=O)[O-],3.96,chembl26.sdf.gz
Cl.Nc1ccc(C(=O)O)cc1N,4.84,chembl26.sdf.gz
N#CSc1cc(C(=O)O)ccc1N,4.52,chembl26.sdf.gz
CCCCCCOc1cc(C(=O)O)ccc1N,4.47,chembl26.sdf.gz
Cc1cc(C(=O)O)ccc1N,4.62,chembl26.sdf.gz
Nc1ccc(C(=O)O)cc1C(=O)c1ccccc1,4.34,chembl26.sdf.gz
CC(=O)Nc1nc2nc(C)ncc2cc1-c1c(Cl)cccc1Cl,12.8,chembl26.sdf.gz
Cc1ncc2cc(-c3c(Cl)cccc3Cl)c(NC(=O)c3cccnc3)nc2n1,9.8,chembl26.sdf.gz
O=C(O)Cc1ccc2[nH]c3c(c2c1)CN(Cc1ccccc1)CC3,8.65,chembl26.sdf.gz
CCCN(CCC)C(=O)c1cc(C)cc(C(=O)N[C@@H](Cc2cc(F)cc(F)c2)[C@H](O)[C@@H]2NCCN(Cc3ccccc3)C2=O)c1,6.0,chembl26.sdf.gz
CCCN(CCC)C(=O)c1cc(C)cc(C(=O)N[C@@H](Cc2cc(F)cc(F)c2)[C@H](O)[C@@H]2NCN(Cc3ccccc3)C2=O)c1,3.6,chembl26.sdf.gz
C[C@H](CO)Nc1nc(SCc2cccc(F)c2F)nc2[nH]ncc12,11.4,chembl26.sdf.gz
C[C@H](CO)Nc1nc(SCc2ccccc2)nc2[nH]c(=O)[nH]c12,9.1,chembl26.sdf.gz
C[C@H](CO)Nc1nc(SCc2cccc(F)c2F)nc2[nH]c(=O)c(=O)[nH]c12,6.5,chembl26.sdf.gz
C[C@H](CO)Nc1nc(SCc2cccc(F)c2F)nc2[nH]c(=O)c(C#N)cc12,7.9,chembl26.sdf.gz
C[C@H](CO)Nc1nc(SCc2cccc(F)c2F)nc2[nH]c(=O)ccc12,10.5,chembl26.sdf.gz
O=C1CSC(=O)N1,6.82,chembl26.sdf.gz
O=C1NCC(c2ccccc2)C12CCN(C1(c3ccccc3)CCCOC1)CC2,7.1,chembl26.sdf.gz
I.O=C1NCC(c2ccccc2)C12CCN(C1(c3ccccc3)CCOCC1)CC2,7.71,chembl26.sdf.gz
O=C1NCC(c2ccc(F)cc2)C12CCN(C1(c3ccc(F)cc3)CCCCC1)CC2,8.75,chembl26.sdf.gz
CC1(C)Cc2cc(Cl)ccc2C(N[C@@H](Cc2ccccc2)c2nc3ccccc3c(=O)[nH]2)=N1,7.2,chembl26.sdf.gz
CC1(C)Cc2cc(Cl)ccc2C(N[C@@H](Cc2ccccc2)c2nccc(=O)[nH]2)=N1,6.3,chembl26.sdf.gz
CC1(C)Cc2cc(Cl)ccc2C(NC(Cc2ccccc2)c2n[nH]c(=O)[nH]2)=N1,7.1,chembl26.sdf.gz
CC1(C)Cc2cc(Cl)ccc2C(N[C@@H](Cc2ccccc2)c2noc(=O)[nH]2)=N1,4.0,chembl26.sdf.gz
CC1(C)Cc2cc(Cl)ccc2C(N[C@@H](Cc2ccccc2)C(=O)O)=N1,2.1,chembl26.sdf.gz
Cl.NCCS(=O)(=O)Nc1ccc(Nc2c3ccccc3nc3ccccc23)cc1,6.62,chembl26.sdf.gz
Cl.NCCCS(=O)(=O)Nc1ccc(Nc2c3ccccc3nc3ccccc23)cc1,6.89,chembl26.sdf.gz
Cl.NCCCCS(=O)(=O)Nc1ccc(Nc2c3ccccc3nc3ccccc23)cc1,6.91,chembl26.sdf.gz
Cl.NCCCCCS(=O)(=O)Nc1ccc(Nc2c3ccccc3nc3ccccc23)cc1,6.92,chembl26.sdf.gz
Cl.NCCCCCCS(=O)(=O)Nc1ccc(Nc2c3ccccc3nc3ccccc23)cc1,6.92,chembl26.sdf.gz
Cl.NCCS(=O)(=O)Nc1ccc(Nc2c3ccccc3nc3cc([N+](=O)[O-])ccc23)cc1,5.25,chembl26.sdf.gz
Cl.NCCCS(=O)(=O)Nc1ccc(Nc2c3ccccc3nc3cc([N+](=O)[O-])ccc23)cc1,5.33,chembl26.sdf.gz
Cl.NCCCCS(=O)(=O)Nc1ccc(Nc2c3ccccc3nc3cc([N+](=O)[O-])ccc23)cc1,5.34,chembl26.sdf.gz
Cl.NCCCCCS(=O)(=O)Nc1ccc(Nc2c3ccccc3nc3cc([N+](=O)[O-])ccc23)cc1,5.36,chembl26.sdf.gz
Cl.NCCCCCCS(=O)(=O)Nc1ccc(Nc2c3ccccc3nc3cc([N+](=O)[O-])ccc23)cc1,5.34,chembl26.sdf.gz
Cl.NCCCCCCCS(=O)(=O)Nc1ccc(Nc2c3ccccc3nc3cc([N+](=O)[O-])ccc23)cc1,5.36,chembl26.sdf.gz
Cl.NCCCCCCCCS(=O)(=O)Nc1ccc(Nc2c3ccccc3nc3cc([N+](=O)[O-])ccc23)cc1,5.35,chembl26.sdf.gz
COc1cc(NS(=O)(=O)CCCCN)ccc1Nc1c2ccccc2nc2cc([N+](=O)[O-])ccc12.Cl,5.58,chembl26.sdf.gz
CN(C)CCCCS(=O)(=O)Nc1ccc(Nc2c3ccccc3nc3cc([N+](=O)[O-])ccc23)cc1.Cl,5.36,chembl26.sdf.gz
CC(=O)Nc1ccc2c(Nc3ccc(NS(=O)(=O)CCCCN)cc3)c3ccccc3nc2c1.Cc1ccc(S(=O)(=O)O)cc1,7.16,chembl26.sdf.gz
C[n+]1c2ccccc2c(Nc2ccc(NS(=O)(=O)CCCCN)cc2)c2ccccc21.[Cl-],6.72,chembl26.sdf.gz
Cc1cccc2c(Nc3ccc(NS(=O)(=O)CCCCN)cc3)c3ccc([N+](=O)[O-])cc3nc12.Cl,5.44,chembl26.sdf.gz
Cc1ccc2c(Nc3ccc(NS(=O)(=O)CCCCN)cc3)c3ccc([N+](=O)[O-])cc3nc2c1C.Cl,5.52,chembl26.sdf.gz
Cl.NCC(=O)NCCS(=O)(=O)Nc1ccc(Nc2c3ccccc3nc3ccccc23)cc1,6.9,chembl26.sdf.gz
Br.NCCC(=O)NCCS(=O)(=O)Nc1ccc(Nc2c3ccccc3nc3ccccc23)cc1,6.91,chembl26.sdf.gz
C[n+]1c2ccccc2c(Nc2ccc(NS(=O)(=O)CCNC(=O)CCN)cc2)c2ccccc21.[Cl-],6.7,chembl26.sdf.gz
Cl.NCC(=O)NCCS(=O)(=O)Nc1ccc(Nc2c3ccccc3nc3cc([N+](=O)[O-])ccc23)cc1,5.34,chembl26.sdf.gz
Cl.NCCC(=O)NCCS(=O)(=O)Nc1ccc(Nc2c3ccccc3nc3cc([N+](=O)[O-])ccc23)cc1,5.35,chembl26.sdf.gz
Cl.N=C(N)NCCS(=O)(=O)Nc1ccc(Nc2c3ccccc3nc3cc([N+](=O)[O-])ccc23)cc1,5.26,chembl26.sdf.gz
Cl.N=C(N)NCCCS(=O)(=O)Nc1ccc(Nc2c3ccccc3nc3cc([N+](=O)[O-])ccc23)cc1,5.34,chembl26.sdf.gz
Cl.N=C(N)NCCCCS(=O)(=O)Nc1ccc(Nc2c3ccccc3nc3cc([N+](=O)[O-])ccc23)cc1,5.36,chembl26.sdf.gz
Cl.N=C(N)NCCCCCS(=O)(=O)Nc1ccc(Nc2c3ccccc3nc3cc([N+](=O)[O-])ccc23)cc1,5.36,chembl26.sdf.gz
Cl.N=C(N)NCCCCCCS(=O)(=O)Nc1ccc(Nc2c3ccccc3nc3cc([N+](=O)[O-])ccc23)cc1,5.35,chembl26.sdf.gz
Cl.N=C(N)NCCCCS(=O)(=O)Nc1ccc(Nc2c3ccccc3nc3ccccc23)cc1,6.91,chembl26.sdf.gz
Cl.N=C(N)NCCCCS(=O)(=O)Nc1ccc(Nc2c3ccccc3nc3cc(Cl)ccc23)cc1,6.33,chembl26.sdf.gz
C[n+]1c2ccccc2c(Nc2ccc(NS(=O)(=O)CCCCNC(=N)N)cc2)c2ccccc21.[Br-],6.69,chembl26.sdf.gz
Cc1cccc2c(Nc3ccc(NS(=O)(=O)CCCCNC(=N)N)cc3)c3cccc(C)c3nc12.Cl,6.41,chembl26.sdf.gz
CC(=O)Nc1ccc2c(Nc3ccc(NS(=O)(=O)CCNC(=N)N)cc3)c3ccc([N+](=O)[O-])cc3nc2c1.Cl,5.55,chembl26.sdf.gz
CC(=O)Nc1ccc2c(Nc3ccc(NS(=O)(=O)CCCNC(=N)N)cc3)c3ccc([N+](=O)[O-])cc3nc2c1.Cl,5.58,chembl26.sdf.gz
Cl.N=C(N)NCCCS(=O)(=O)Nc1ccc(Nc2c3ccc([N+](=O)[O-])cc3nc3cc([N+](=O)[O-])ccc23)cc1,3.68,chembl26.sdf.gz
Nc1c2ccccc2nc2ccccc12,9.6,chembl26.sdf.gz
Cc1cc(Oc2ccccc2Oc2ccccc2)c(CN(C)C)cn1,4.4,chembl26.sdf.gz
CNCc1cnc(C)cc1Oc1ccccc1Oc1ccccc1,4.4,chembl26.sdf.gz
CCOP(=O)(OCC)Oc1ccc([N+](=O)[O-])cc1,8.5,chembl26.sdf.gz
C[S+]([O-])CC(=O)/C=N/O,7.74,chembl26.sdf.gz
NS(=O)(=O)c1ccc(SCCO)c(C(=O)O)c1,10.45,chembl26.sdf.gz
NS(=O)(=O)c1ccc(S(=O)(=O)CCCO)c(C(=O)O)c1,9.28,chembl26.sdf.gz
NS(=O)(=O)c1ccc(SCCCO)c([N+](=O)[O-])c1,9.38,chembl26.sdf.gz
NS(=O)(=O)c1ccc(SCCCO)c(C(=O)O)c1,9.94,chembl26.sdf.gz
CC(C)CNCCCS(=O)(=O)c1ccc(S(N)(=O)=O)s1,9.3,chembl26.sdf.gz
NS(=O)(=O)c1ccc(SCCO)c([N+](=O)[O-])c1,9.42,chembl26.sdf.gz
NS(=O)(=O)c1ccc(S(=O)(=O)CCCO)c([N+](=O)[O-])c1,8.0,chembl26.sdf.gz
Cc1ccc(N=C2NCCN2)c(C)c1,10.56,chembl26.sdf.gz
COc1cc(Cl)c(N=C2NCCN2)c(Cl)c1,8.57,chembl26.sdf.gz
Cc1cc(Cl)ccc1N=C1NCCN1,9.99,chembl26.sdf.gz
Cc1ccc(N=C2NCCN2)c(Cl)c1,9.41,chembl26.sdf.gz
Clc1cccc(N=C2NCCN2)c1Cl,8.55,chembl26.sdf.gz
O=[N+]([O-])c1cc(Cl)c(N=C2NCCN2)c(Cl)c1,6.86,chembl26.sdf.gz
O=[N+]([O-])c1ncc[nH]1,0.81,chembl26.sdf.gz
Brc1cc(Br)c(N=C2NCCN2)c(Br)c1,7.46,chembl26.sdf.gz
Clc1cccc(Br)c1N=C1NCCN1,7.93,chembl26.sdf.gz
Fc1cccc(Cl)c1N=C1NCCN1,8.01,chembl26.sdf.gz
Brc1ncc[nH]1,3.79,chembl26.sdf.gz
CSc1ncc[nH]1,5.95,chembl26.sdf.gz
Brc1cccc(Br)c1N=C1NCCN1,7.8,chembl26.sdf.gz
CCc1cccc(CC)c1NC1=NCCN1,10.61,chembl26.sdf.gz
Cc1cccc(Cl)c1N=C1NCCN1,9.4,chembl26.sdf.gz
Cc1cc(C)c(N=C2NCCN2)c(C)c1,10.78,chembl26.sdf.gz
Clc1ccccc1N=C1NCCN1,9.15,chembl26.sdf.gz
Cc1cc(Br)cc(C)c1N=C1NCCN1,10.21,chembl26.sdf.gz
Clc1cccc(Cl)c1N=C1NCCN1,8.05,chembl26.sdf.gz
Clc1cc(Cl)c(N=C2NCCN2)c(Cl)c1,7.75,chembl26.sdf.gz
Fc1cccc(F)c1N=C1NCCN1,8.18,chembl26.sdf.gz
Cc1cc(Cl)cc(C)c1N=C1NCCN1,10.25,chembl26.sdf.gz
Cc1ccccc1N=C1NCCN1,10.23,chembl26.sdf.gz
Cc1cc(C)c(N=C2NCCN2)c(Cl)c1,9.59,chembl26.sdf.gz
Clc1cc(Br)cc(Cl)c1N=C1NCCN1,7.72,chembl26.sdf.gz
Cc1cc(Cl)cc(Cl)c1N=C1NCCN1,9.03,chembl26.sdf.gz
Fc1ncc[nH]1,2.4,chembl26.sdf.gz
Clc1ccc(Cl)c(N=C2NCCN2)c1,8.5,chembl26.sdf.gz
Clc1ncc[nH]1,3.55,chembl26.sdf.gz
CCc1ncc[nH]1,7.73,chembl26.sdf.gz
Cn1ccnc1[N+](=O)[O-],0.48,chembl26.sdf.gz
Clc1ccc(N=C2NCCN2)c(Cl)c1,8.73,chembl26.sdf.gz
Cc1cc(Cl)c(N=C2NCCN2)c(Cl)c1,8.29,chembl26.sdf.gz
Cc1cccc(C)c1N=C1NCCN1,10.53,chembl26.sdf.gz
c1ccc(NC2=NCCN2)cc1,10.05,chembl26.sdf.gz
CN(C)CCNC(=O)c1cccc2ccc(-c3ccccc3)nc12,2.75,chembl26.sdf.gz
CN(C)CCNC(=O)c1cccc2[nH]c(-c3ccccc3)nc12,3.42,chembl26.sdf.gz
COS(=O)(=O)Nc1ccc(Nc2c3ccccc3nc3cc(Cl)ccc23)cc1,6.57,chembl26.sdf.gz
Nc1cccc(Nc2c3ccccc3nc3ccccc23)c1,7.58,chembl26.sdf.gz
COc1cc(NS(C)(=O)=O)ccc1Nc1c2ccccc2nc2ccc(Cl)cc12.Cl,6.69,chembl26.sdf.gz
COc1ccc2[nH]c3ccccc3c(=Nc3ccc(NS(C)(=O)=O)cc3OC)c2c1.Cl,7.1,chembl26.sdf.gz
Cc1ccc2c(Nc3ccc(NS(C)(=O)=O)cc3)c3ccc([N+](=O)[O-])cc3nc2c1,5.81,chembl26.sdf.gz
COc1cc(NS(C)(=O)=O)ccc1Nc1c2ccc(Cl)cc2nc2c(OC)cccc12,6.79,chembl26.sdf.gz
O=C(O)CCc1ccc(Nc2c3ccccc3nc3ccccc23)cc1,7.91,chembl26.sdf.gz
CN(C)c1ccc(Nc2c3ccccc3nc3ccccc23)cc1,8.46,chembl26.sdf.gz
CCc1ccc2c(Nc3ccc(NS(C)(=O)=O)cc3OC)c3ccccc3nc2c1,7.65,chembl26.sdf.gz
COc1cc(NS(C)(=O)=O)ccc1Nc1c2ccccc2nc2c(F)cccc12,6.33,chembl26.sdf.gz
COc1cc(NS(C)(=O)=O)ccc1Nc1c2ccccc2nc2cc(C(F)(F)F)c(N)cc12,6.56,chembl26.sdf.gz
COc1cc(NS(C)(=O)=O)ccc1Nc1c2ccc(C)cc2nc2cc([N+](=O)[O-])ccc12,6.03,chembl26.sdf.gz
CS(=O)(=O)NCc1ccccc1Nc1c2ccccc2nc2ccccc12,7.17,chembl26.sdf.gz
CS(=O)(=O)Nc1ccc(Nc2c3ccccc3nc3ccccc23)c(N)c1,7.65,chembl26.sdf.gz
COc1cc(NS(C)(=O)=O)ccc1Nc1c2ccccc2nc2cc(Cl)ccc12,6.84,chembl26.sdf.gz
COc1cc(NS(C)(=O)=O)ccc1Nc1c2ccccc2nc2c(-c3ccccc3)cccc12,7.02,chembl26.sdf.gz
COc1ccccc1Nc1c2ccccc2nc2ccc(C(C)C)c(NS(C)(=O)=O)c12,7.4,chembl26.sdf.gz
COc1cc(NS(C)(=O)=O)ccc1Nc1c2cccc(OC)c2nc2c(OC)cccc12,6.9,chembl26.sdf.gz
c1ccc(Nc2c3ccccc3nc3ccccc23)nc1,6.32,chembl26.sdf.gz
COc1cc(NS(C)(=O)=O)ccc1Nc1c2ccccc2nc2ccc(F)cc12,6.71,chembl26.sdf.gz
COc1cc(NS(C)(=O)=O)ccc1N=c1c2ccccc2[nH]c2ccc(C(N)=O)cc12.Cl,6.59,chembl26.sdf.gz
CCCCOc1cccc2c(Nc3ccc(NS(C)(=O)=O)cc3OC)c3ccccc3nc12,7.34,chembl26.sdf.gz
COc1cc(NS(C)(=O)=O)ccc1Nc1c2ccccc2nc2c(OC3OC(CO)C(O)C(O)C3NC(C)=O)cccc12,6.35,chembl26.sdf.gz
Oc1ccccc1Nc1c2ccccc2nc2ccccc12,7.8,chembl26.sdf.gz
NS(=O)(=O)CCc1ccc(Nc2c3ccccc3nc3ccccc23)cc1,7.43,chembl26.sdf.gz
COc1cc(NS(C)(=O)=O)ccc1Nc1c2ccccc2nc2ccc(I)cc12,6.6,chembl26.sdf.gz
COc1ccc2c(Nc3ccc(NS(C)(=O)=O)cc3OC)c3ccccc3nc2c1,7.81,chembl26.sdf.gz
O=S(=O)(O)CCc1ccc(Nc2c3ccccc3nc3ccccc23)cc1,7.77,chembl26.sdf.gz
COc1cc(NS(C)(=O)=O)ccc1Nc1c2ccccc2nc2cc(F)ccc12,7.05,chembl26.sdf.gz
CCc1ccc2nc3ccccc3c(Nc3ccc(NS(C)(=O)=O)cc3OC)c2c1,7.46,chembl26.sdf.gz
CN(C)c1ccc2nc3ccccc3c(Nc3ccc(NS(C)(=O)=O)cc3)c2c1,7.27,chembl26.sdf.gz
Nc1ccc(S(=O)(=O)Nc2ccc(Nc3c4ccccc4nc4ccccc34)cc2)cc1,7.15,chembl26.sdf.gz
CS(=O)(=O)Nc1ccc(Nc2c3ccccc3nc3cccnc23)cc1,6.9,chembl26.sdf.gz
CS(=O)(=O)Nc1ccc(Nc2c3ccccc3nc3c([N+](=O)[O-])cccc23)cc1,4.88,chembl26.sdf.gz
COc1cc(NS(C)(=O)=O)ccc1Nc1c2ccccc2nc2ccccc12,7.43,chembl26.sdf.gz
COc1cc(NS(C)(=O)=O)ccc1N=c1c2ccccc2[nH]c2ccc(C(C)(C)C)cc12.Cl,7.38,chembl26.sdf.gz
COc1cc(NS(C)(=O)=O)ccc1Nc1c2ccc([N+](=O)[O-])cc2nc2c(OC)cccc12,5.68,chembl26.sdf.gz
COc1cc(NS(C)(=O)=O)ccc1Nc1c2ccccc2nc2cc(C(C)(C)C)ccc12,7.64,chembl26.sdf.gz
Cc1ccc2c(Nc3ccc(NS(C)(=O)=O)cc3)c3cccc(C)c3nc2c1,7.46,chembl26.sdf.gz
COc1cc(NS(C)(=O)=O)ccc1Nc1c2ccc(Cl)cc2nc2cc(Cl)ccc12,6.18,chembl26.sdf.gz
CCCNc1ccc(Nc2c3ccccc3nc3ccccc23)cc1,8.24,chembl26.sdf.gz
COc1cc(NS(C)(=O)=O)ccc1Nc1c2ccccc2nc2cnccc12,5.53,chembl26.sdf.gz
CNC(=O)c1cccc2c(Nc3ccc(NS(C)(=O)=O)cc3OC)c3ccccc3nc12,6.36,chembl26.sdf.gz
CNc1cccc(Nc2c3ccccc3nc3ccccc23)c1,7.61,chembl26.sdf.gz
COc1cc(NS(C)(=O)=O)ccc1Nc1c2ccccc2nc2cc(NC(C)=O)ccc12,7.77,chembl26.sdf.gz
COc1cc(NS(C)(=O)=O)ccc1Nc1c2ccccc2nc2cc([N+](=O)[O-])ccc12,5.72,chembl26.sdf.gz
COc1cc(NS(C)(=O)=O)ccc1Nc1c2ccccc2nc2cc(C(F)(F)F)ccc12,6.24,chembl26.sdf.gz
COc1cc(NS(C)(=O)=O)ccc1Nc1c2ccc(C)cc2nc2c(C)cccc12,7.67,chembl26.sdf.gz
COc1cc(NS(C)(=O)=O)ccc1Nc1c2ccccc2nc2c(Br)cccc12,6.09,chembl26.sdf.gz
COc1cc(NS(C)(=O)=O)ccc1Nc1c2ccccc2nc2cccnc12,7.19,chembl26.sdf.gz
CS(=O)(=O)Nc1ccc(Nc2c3ccccc3nc3ccncc23)cc1,5.73,chembl26.sdf.gz
COc1cc(NS(C)(=O)=O)ccc1Nc1c2ccccc2nc2ccc(N)cc12,7.37,chembl26.sdf.gz
COc1cc(NS(C)(=O)=O)ccc1Nc1c2ccccc2nc2cc(N)ccc12,7.36,chembl26.sdf.gz
COc1cc(NS(C)(=O)=O)ccc1Nc1c2ccccc2nc2c(OC)cccc12,7.39,chembl26.sdf.gz
COc1cc(NS(C)(=O)=O)ccc1Nc1c2ccccc2nc2c(C)c(Cl)ccc12,6.71,chembl26.sdf.gz
CS(=O)(=O)Nc1ccc(Nc2c3ccccc3nc3ccccc23)c(Cl)c1,6.34,chembl26.sdf.gz
CCC(=O)Nc1ccc2c(Nc3ccc(NS(C)(=O)=O)cc3)c3ccccc3nc2c1,7.35,chembl26.sdf.gz
COc1cc(NS(C)(=O)=O)ccc1Nc1c2ccccc2nc2cc(Br)ccc12,6.84,chembl26.sdf.gz
CS(=O)(=O)Nc1ccc(Nc2c3ccc(Cl)cc3nc3ccc(N)cc23)cc1,6.56,chembl26.sdf.gz
CC(=O)Nc1ccc2c(Nc3ccc(NS(C)(=O)=O)cc3)c3ccc(NC(C)=O)cc3nc2c1,7.55,chembl26.sdf.gz
CS(=O)(=O)Nc1ccc(Nc2c3ccccc3nc3ncccc23)cc1,5.93,chembl26.sdf.gz
CNc1ccc(Nc2c3ccccc3nc3ccccc23)cc1,8.42,chembl26.sdf.gz
Cc1cc(NS(C)(=O)=O)ccc1Nc1c2ccccc2nc2ccccc12,7.36,chembl26.sdf.gz
COc1cc(NS(C)(=O)=O)ccc1Nc1c2ccccc2nc2cc(C(C)C)ccc12,7.66,chembl26.sdf.gz
COc1cc(NS(C)(=O)=O)ccc1Nc1c2ccccc2nc2cc(C#N)ccc12,5.94,chembl26.sdf.gz
COc1ccc2nc3cc(Cl)ccc3c(Nc3ccc(NS(C)(=O)=O)cc3OC)c2c1,6.52,chembl26.sdf.gz
COc1cc(NS(C)(=O)=O)ccc1Nc1c2ccccc2nc2cc(Br)c(N)cc12,7.01,chembl26.sdf.gz
COc1cc(Nc2c3ccccc3nc3ccccc23)ccc1NS(C)(=O)=O,7.03,chembl26.sdf.gz
CNc1ccc2c(Nc3ccc(NS(C)(=O)=O)cc3OC)c3ccccc3nc2c1,9.5,chembl26.sdf.gz
CS(=O)(=O)Nc1ccc(NS(C)(=O)=O)c(Nc2c3ccccc3nc3ccccc23)c1,6.02,chembl26.sdf.gz
Cc1cc(Nc2c3ccccc3nc3ccccc23)ccc1NS(C)(=O)=O,7.08,chembl26.sdf.gz
c1cncc(Nc2c3ccccc3nc3ccccc23)c1,6.46,chembl26.sdf.gz
COc1cc(NS(C)(=O)=O)ccc1Nc1c2ccccc2nc2c(OCCO)cccc12,7.36,chembl26.sdf.gz
COc1cc(NS(C)(=O)=O)ccc1Nc1c2ccc(I)cc2nc2ccc(N)cc12,6.72,chembl26.sdf.gz
CS(=O)(=O)Nc1ccc(Nc2c3ccccc3nc3c(CO)cccc23)cc1,6.68,chembl26.sdf.gz
COc1cc(NS(C)(=O)=O)ccc1Nc1c2ccc(I)cc2nc2c(OCC(O)CO)cccc12,6.7,chembl26.sdf.gz
COc1cc(NS(C)(=O)=O)ccc1Nc1c2ccccc2nc2cccc([N+](=O)[O-])c12,4.98,chembl26.sdf.gz
NS(=O)(=O)c1ccc(Nc2c3ccccc3nc3ccccc23)cc1,6.11,chembl26.sdf.gz
COc1cc(NS(C)(=O)=O)ccc1Nc1c2ccccc2nc2cc(I)ccc12,6.77,chembl26.sdf.gz
CS(=O)(=O)Nc1ccc(Nc2c3ccccc3nc3cc(F)ccc23)cc1,6.77,chembl26.sdf.gz
COc1cc(NS(C)(=O)=O)ccc1Nc1c2ccc(N=[N+]=[N-])cc2nc2c(C)cccc12,7.22,chembl26.sdf.gz
COc1cc(NS(C)(=O)=O)ccc1Nc1c2ccc([N+](=O)[O-])cc2nc2cc([N+](=O)[O-])ccc12,3.82,chembl26.sdf.gz
CS(=O)(=O)Nc1ccccc1Nc1c2ccccc2nc2ccccc12,6.86,chembl26.sdf.gz
COc1cc(NS(C)(=O)=O)ccc1Nc1c2ccccc2nc2ncccc12,6.09,chembl26.sdf.gz
O=S(=O)(Nc1ccc(Nc2c3ccccc3nc3ccccc23)cc1)c1ccccc1,7.09,chembl26.sdf.gz
COc1cc(NS(C)(=O)=O)ccc1Nc1c2ccc(Br)cc2nc2cc(Br)ccc12,6.17,chembl26.sdf.gz
NS(=O)(=O)Cc1ccc(Nc2c3ccccc3nc3ccccc23)cc1,7.05,chembl26.sdf.gz
CCCC(=O)Nc1ccc2c(Nc3ccc(NS(C)(=O)=O)cc3)c3ccccc3nc2c1,7.37,chembl26.sdf.gz
COc1cc(NS(C)(=O)=O)ccc1Nc1c2ccccc2nc2c(C(=O)NCCO)cccc12,6.34,chembl26.sdf.gz
CCc1cccc2c(Nc3ccc(NS(C)(=O)=O)cc3)c3ccccc3nc12,7.14,chembl26.sdf.gz
Nc1ccc(Nc2c3ccccc3nc3ccccc23)cc1,8.36,chembl26.sdf.gz
COc1cc(NS(C)(=O)=O)ccc1Nc1c2ccccc2nc2cc(C)ccc12,7.7,chembl26.sdf.gz
CCOc1cccc2c(Nc3ccc(NS(C)(=O)=O)cc3OC)c3ccccc3nc12,7.37,chembl26.sdf.gz
CS(=O)(=O)Nc1ccc(Nc2c3ccccc3nc3cccc([N+](=O)[O-])c23)cc1,4.79,chembl26.sdf.gz
COc1cc(NS(C)(=O)=O)ccc1Nc1c2ccccc2nc2cccc(C)c12.Cl,6.71,chembl26.sdf.gz
COc1cc(NS(C)(=O)=O)ccc1Nc1c2ccccc2nc2c(OCCCC(N)=O)cccc12,7.36,chembl26.sdf.gz
COc1cc(NS(C)(=O)=O)ccc1Nc1c2ccccc2nc2cc(CCC(N)=O)ccc12,7.5,chembl26.sdf.gz
COc1cc(NS(=O)(=O)OC)ccc1Nc1c2ccccc2nc2c(CCC(N)=O)cccc12,7.15,chembl26.sdf.gz
COc1cc(NS(C)(=O)=O)ccc1Nc1c2ccccc2nc2ccncc12,5.94,chembl26.sdf.gz
CCNc1ccc(Nc2c3ccccc3nc3ccccc23)cc1,8.3,chembl26.sdf.gz
COc1cc(NS(C)(=O)=O)ccc1Nc1c2ccccc2nc2c(C(=O)N(C)C)cccc12,6.16,chembl26.sdf.gz
CS(=O)(=O)Nc1ccc(Nc2c3ccccc3nc3cc(Cl)c(N)cc23)cc1,6.71,chembl26.sdf.gz
CN(C)/N=N/c1ccc2c(Nc3ccc(NS(C)(=O)=O)cc3)c3ccccc3nc2c1,7.13,chembl26.sdf.gz
COc1cc(NS(C)(=O)=O)ccc1Nc1c2ccccc2nc2c(Cl)cccc12,6.11,chembl26.sdf.gz
COc1cc(NS(C)(=O)=O)ccc1Nc1c2ccccc2nc2c(C#N)cccc12,4.87,chembl26.sdf.gz
COc1cc(NS(C)(=O)=O)ccc1Nc1c2ccccc2nc2c(C(N)=O)cccc12,6.37,chembl26.sdf.gz
CCCCNC(=O)c1cccc2c(Nc3ccc(NS(C)(=O)=O)cc3OC)c3ccccc3nc12,6.36,chembl26.sdf.gz
Cc1cc(NS(C)(=O)=O)ccc1Nc1c2ccccc2nc2c(C)cccc12,7.39,chembl26.sdf.gz
COc1cc(NS(C)(=O)=O)ccc1Nc1c2ccc(N)cc2nc2c(C)cccc12,9.88,chembl26.sdf.gz
COc1cc(NS(C)(=O)=O)ccc1Nc1c2cccc(C)c2nc2c(C)cccc12,6.91,chembl26.sdf.gz
CS(=O)(=O)Nc1ccc(Nc2c3ccccc3nc3ccccc23)cc1Cl,6.44,chembl26.sdf.gz
COc1cc(NS(C)(=O)=O)ccc1Nc1c2ccccc2nc2ccc([N+](=O)[O-])cc12,5.63,chembl26.sdf.gz
O=C(Nc1ccccc1)Nc1ccc(Nc2c3ccccc3nc3ccccc23)cc1,7.67,chembl26.sdf.gz
CCCOc1cccc2c(Nc3ccc(NS(C)(=O)=O)cc3OC)c3ccccc3nc12,7.36,chembl26.sdf.gz
Nc1ccccc1Nc1c2ccccc2nc2ccccc12,7.87,chembl26.sdf.gz
CNC(=O)COc1cccc2c(Nc3ccc(NS(C)(=O)=O)cc3OC)c3ccccc3nc12,7.35,chembl26.sdf.gz
COc1cc(NS(C)(=O)=O)ccc1Nc1c2ccccc2nc2c(OCC(O)CO)cccc12,7.0,chembl26.sdf.gz
O=[N+]([O-])c1ccc2nc3ccccc3c(Nc3ccccc3)c2c1,6.26,chembl26.sdf.gz
COc1cc(NS(C)(=O)=O)ccc1Nc1c2ccccc2nc2cc(S(C)(=O)=O)ccc12,5.87,chembl26.sdf.gz
COc1cc(NS(C)(=O)=O)ccc1Nc1c2ccccc2nc2c(C)c(C)ccc12,7.65,chembl26.sdf.gz
COc1cc(NS(C)(=O)=O)ccc1Nc1c2ccc(I)cc2nc2c(OC)cccc12,6.74,chembl26.sdf.gz
CS(=O)(=O)Nc1ccc(Nc2c3ccccc3nc3ccccc23)cc1[N+](=O)[O-],5.42,chembl26.sdf.gz
COc1cc(NS(C)(=O)=O)ccc1Nc1c2ccccc2nc2c(C(=O)NCC(N)=O)cccc12,6.18,chembl26.sdf.gz
COc1cc(NS(C)(=O)=O)ccc1Nc1c2ccccc2nc2cc(N=[N+]=[N-])ccc12,7.26,chembl26.sdf.gz
COc1ccc2c(Nc3ccc(NS(C)(=O)=O)cc3)c3ccc(Cl)cc3nc2c1,6.91,chembl26.sdf.gz
COc1cc(NS(C)(=O)=O)ccc1Nc1c2ccccc2nc2ccc(C)cc12,7.45,chembl26.sdf.gz
CC(=O)/C(C)=N/OCc1cc(=O)oc2ccc(C)cc12,5.7,chembl26.sdf.gz
CC(=O)/C(C)=N/OCc1cc(=O)oc2ccc(Cl)cc12,5.4,chembl26.sdf.gz
COc1ccc2oc(=O)cc(CO/N=C(\C)C(C)=O)c2c1,5.8,chembl26.sdf.gz
CC(=O)/C(C)=N/OCc1cc(=O)oc2ccc3ccccc3c12,5.6,chembl26.sdf.gz
CC(=O)/C(C)=N/OCc1cc(=O)oc2c(C)c(C)ccc12,5.5,chembl26.sdf.gz
CC(=O)/C(C)=N/OCc1cc(=O)oc2cc(Cl)ccc12,5.4,chembl26.sdf.gz
CC(=O)/C(C)=N/OCc1cc(=O)oc2cc(C)ccc12,5.5,chembl26.sdf.gz
CC(=O)/C(C)=N/OCc1cc(=O)oc2cc(C)cc(C)c12,5.5,chembl26.sdf.gz
CC(=O)/C(C)=N/OCc1cc(=O)oc2c1ccc1ccccc12,5.6,chembl26.sdf.gz
CC(=O)/C(C)=N/OCc1cc(=O)oc2ccc(Br)cc12,5.4,chembl26.sdf.gz
NNC(=O)c1ccncc1,1.8,chembl26.sdf.gz
Cc1nnc2n1-c1ccc(Cl)cc1C(c1ccccc1)=NC2,2.4,chembl26.sdf.gz
Cc1nnc2n1-c1ccc(Cl)cc1C(c1ccccc1Cl)=NC2,2.3,chembl26.sdf.gz
C=CCC1(C(C)CCC)C(=O)NC(=O)NC1=O,7.8,chembl26.sdf.gz
O=C1N=C(O)NC1(c1ccccc1)c1ccccc1,8.3,chembl26.sdf.gz
CCN(CC)CC(=O)Nc1c(C)cccc1C,8.5,chembl26.sdf.gz
CC(C(=O)O)c1ccc(N2Cc3ccccc3C2=O)cc1,4.6,chembl26.sdf.gz
CC(C)N(CCC(C(N)=O)(c1ccccc1)c1ccccn1)C(C)C,10.1,chembl26.sdf.gz
NCCN1C(=O)CN=C(c2ccccc2F)c2cc(Cl)ccc21,11.6,chembl26.sdf.gz
c1cnccn1,0.7,chembl26.sdf.gz
c1cncnc1,1.3,chembl26.sdf.gz
O=C(O)c1cccc(-n2cc(-c3cc4ccccc4oc3=O)[nH]c2=S)c1,3.91,chembl26.sdf.gz
O=C(O)CCCN1C(=O)S/C(=C\C=C\c2ccccc2)C1=O,3.89,chembl26.sdf.gz
O=C(O)COc1ccccc1/C=C1/NC(=S)NC1=O,3.68,chembl26.sdf.gz
COc1ccc(-c2ccc(/C=C3/SC(=S)N(CC(=O)O)C3=O)o2)cc1,3.62,chembl26.sdf.gz
CCOc1ccc(-c2ccc(S(=O)(=O)N[C@@H](C(=O)O)C3CCN(C(=O)OC(C)C)CC3)s2)cc1,2.55,chembl26.sdf.gz
CCN(Cc1cc(C(F)(F)F)ccc1-c1nn(CC(=O)O)c2ccccc12)C(=O)C1CC1,2.8,chembl26.sdf.gz
CCN(Cc1cc(C(F)(F)F)ccc1-c1cn(CC(=O)O)c2cccnc12)C(=O)C1CC1,2.5,chembl26.sdf.gz
CCN(Cc1cc(C(F)(F)F)ccc1-c1cn(CC(=O)O)c2ccncc12)C(=O)C1CC1,2.4,chembl26.sdf.gz
CCN(Cc1cc(C(F)(F)F)ccc1-n1cc(CC(=O)O)c2cccnc21)C(=O)C1CC1,2.4,chembl26.sdf.gz
CCN(Cc1cc(C(F)(F)F)ccc1-c1cc(CC(=O)O)n2cccnc12)C(=O)C1CC1,3.7,chembl26.sdf.gz
CCN(Cc1cc(C(F)(F)F)ccc1-c1nc(CC(=O)O)c2ccccn12)C(=O)C1CC1,3.0,chembl26.sdf.gz
CS(=O)(=O)Nc1ccncc1Oc1ccccc1,2.98,chembl26.sdf.gz
O=C(Cn1cccc(O)c1=O)NCCN(CCNC(=O)Cn1cccc(O)c1=O)CCNC(=O)Cn1cccc(O)c1=O,8.7,chembl26.sdf.gz
CCCNC(=O)Cn1cccc(O)c1=O,8.75,chembl26.sdf.gz
C=CC(=O)Nc1cc(Nc2ncc(Cl)c(-c3cnn4ccccc34)n2)c(OC)cc1N1CC[C@@H](N(C)C)C1,8.1,chembl26.sdf.gz
C=CC(=O)Nc1cc(Nc2ncc(Cl)c(-c3cnn4ccccc34)n2)c(OC)cc1N(C)CCN(C)C,9.0,chembl26.sdf.gz
C=CC(=O)Nc1cc(Nc2ncc(Cl)c(-c3cnn4ccccc34)n2)c(OC)cc1N1CC(N(C)C)C1,7.2,chembl26.sdf.gz
COc1ccc(COc2cnn(CC(=O)c3ccc(CN(C)C)cc3C)c(=O)c2)nc1,2.8,chembl26.sdf.gz
CC(C)CC1(C)NC(=N)N(Cc2cccc(Cl)c2)C1=O,7.2,chembl26.sdf.gz
CC1(C)C(=O)NC(=N)N1CCc1cccc(Cl)c1,4.4,chembl26.sdf.gz
CN1CC(C(=O)Nc2ccccc2)C(=O)C1=O,5.86,chembl26.sdf.gz
COc1ccc(NC(=O)C2CN(C)C(=O)C2=O)cc1,5.84,chembl26.sdf.gz
CN1CC(C(=O)Nc2ccc(Cl)cc2)C(=O)C1=O,5.51,chembl26.sdf.gz
CN1CC(C(=O)Nc2ccc(F)cc2)C(=O)C1=O,5.55,chembl26.sdf.gz
Cc1ccc(NC(=O)C2CN(C)C(=O)C2=O)cc1,5.79,chembl26.sdf.gz
CCOC(=O)c1ccccc1NC(=O)C1CN(C)C(=O)C1=O,6.49,chembl26.sdf.gz
COc1ccccc1NC(=O)C1CN(C)C(=O)C1=O,6.08,chembl26.sdf.gz
O=C(Nc1ccccc1)C1CN(c2ccccc2)C(=O)C1=O,5.58,chembl26.sdf.gz
COc1ccccc1NC(=O)C1CN(c2ccccc2)C(=O)C1=O,6.19,chembl26.sdf.gz
O=C(Nc1ccccc1C(F)(F)F)C1CN(c2ccccc2)C(=O)C1=O,5.87,chembl26.sdf.gz
CC(=O)C[C@@H](c1ccccc1)c1c(O)c2ccccc2oc1=O,4.8,chembl26.sdf.gz
COc1ccc(CCN(C)CCCC(C#N)(c2ccc(OC)c(OC)c2)C(C)C)cc1OC,9.0,chembl26.sdf.gz
CC(CN(C)C)CN1c2ccccc2CCc2ccccc21,8.0,chembl26.sdf.gz
O=c1n(CCCN2CCN(c3cccc(Cl)c3)CC2)nc2ccccn12,6.7,chembl26.sdf.gz
CC(C)(C)NC[C@H](O)COc1nsnc1N1CCOCC1,3.9,chembl26.sdf.gz
Cn1c(=O)c2nc[nH]c2n(C)c1=O,8.8,chembl26.sdf.gz
CCCc1nn(C)c2c(=O)[nH]c(-c3cc(S(=O)(=O)N4CCN(C)CC4)ccc3OCC)nc12,6.7,chembl26.sdf.gz
Cc1nc2n(c(=O)c1CCN1CCC(c3noc4cc(F)ccc34)CC1)CCCC2,8.2,chembl26.sdf.gz
CC(C)NCC(O)COc1cccc2ccccc12,9.5,chembl26.sdf.gz
CC(C)NC[C@H](O)COc1cccc2ccccc12,9.5,chembl26.sdf.gz
CCCNCC(O)COc1ccccc1C(=O)CCc1ccccc1,9.3,chembl26.sdf.gz
CN(C)CCCN1c2ccccc2Sc2ccccc21,9.4,chembl26.sdf.gz
CN1CCN(CCCN2c3ccccc3Sc3ccc(Cl)cc32)CC1,8.1,chembl26.sdf.gz
CCOc1ccc(NC(C)=O)cc1,2.2,chembl26.sdf.gz
COC(=O)C1=C(C)NC(C)=C(C(=O)OC)C1c1ccccc1[N+](=O)[O-],1.0,chembl26.sdf.gz
CN1CCN2c3ccccc3Cc3ccccc3C2C1,8.4,chembl26.sdf.gz
COCCc1ccc(OCC(O)CNC(C)C)cc1,9.7,chembl26.sdf.gz
CC(CCc1ccccc1)NCC(O)c1ccc(O)c(C(N)=O)c1,9.3,chembl26.sdf.gz
CN(C)CCCN1c2ccccc2CCc2ccccc21,9.5,chembl26.sdf.gz
OCCN1CCN(CCCN2c3ccccc3Sc3ccc(C(F)(F)F)cc32)CC1,4.2,chembl26.sdf.gz
O=c1[nH]c2ccccc2n1CCCN1CCC(n2c(=O)[nH]c3cc(Cl)ccc32)CC1,7.9,chembl26.sdf.gz
CN(C)CCCN1c2ccccc2CCc2ccc(Cl)cc21,9.4,chembl26.sdf.gz
CN(C)CCCN1c2ccccc2Sc2ccc(Cl)cc21,9.3,chembl26.sdf.gz
Cn1c(=O)c2c(ncn2C)n(C)c1=O,3.6,chembl26.sdf.gz
CCc1cccc2cc(C(O)CNC(C)(C)C)oc12,8.9,chembl26.sdf.gz
C=CCc1ccccc1OCC(O)CNC(C)C,9.5,chembl26.sdf.gz
C1CC2CCC1CN2,11.0,chembl26.sdf.gz
C1CC(c2nnn[nH]2)CCN1,4.3,chembl26.sdf.gz
Oc1cc(C2CCNCC2)on1,4.0,chembl26.sdf.gz
NC[C@H]1CC[C@H](C(=O)O)CC1,4.1,chembl26.sdf.gz
CCc1ccccc1C(=O)N(C1CCC2(CC1)OCCO2)C(Cc1ccc(Cl)cc1)CN(C)C,7.4,chembl26.sdf.gz
CN(C)Cc1ccccc1C(=O)N(CCc1ccc(Cl)cc1)C1CCC2(CC1)OCCO2,8.4,chembl26.sdf.gz
NC(=O)c1cc[n+](COC[n+]2ccccc2/C=N/O)cc1.[Cl-].[Cl-],7.28,chembl26.sdf.gz
O/N=C/c1cc[n+](C[n+]2ccc(/C=N/O)cc2)cc1.[Cl-].[Cl-],7.3,chembl26.sdf.gz
C[n+]1ccccc1C=NO,7.68,chembl26.sdf.gz
COc1cc2c(cc1OC)CN(c1nc(N3CCCN(C(=O)N4CC(O)C(O)C4)CC3)nc3cc(OC)c(OC)cc13)CC2,6.2,chembl26.sdf.gz
COc1cc2nc(N3CCc4c(cccc4NS(C)(=O)=O)C3)nc(N)c2c(-c2ccccn2)c1OC,6.7,chembl26.sdf.gz
COc1cc2nc(N3CCc4ncccc4C3)nc(N)c2c(-c2ncccn2)c1OC,6.5,chembl26.sdf.gz
COc1cc2nc(N3CCCN(C(=O)N4CCOCC4)CC3)cc(N)c2c(-c2ncco2)c1OC,7.5,chembl26.sdf.gz
COc1cc2nc(N3CCCN(C(=O)N4CCOCC4)CC3)nc(N)c2c(-c2ccccn2)c1OC,6.9,chembl26.sdf.gz
COc1cc2nc(N3CCCN(C(=O)N4CCOCC4)CC3)nc(N)c2cc1-c1ccccn1,6.6,chembl26.sdf.gz
COc1cc2nc(N3CCCN(C(=O)N4CCOCC4)CC3)cc(N)c2c(-c2ccccc2)c1OC,8.5,chembl26.sdf.gz
COc1cc2nc(N3CCCN(C(=O)N4CCOCC4)CC3)cc(N)c2c(-c2ccc(F)cc2)c1OC,8.5,chembl26.sdf.gz
CN(C)CCNC(=O)c1cccc2c(N)c3cc(F)ccc3nc12,7.76,chembl26.sdf.gz
CN(C)CCNC(=O)c1cccc2c(N)c3cccc(F)c3nc12,7.11,chembl26.sdf.gz
CN(C)CCNC(=O)c1cccc2c(N)c3cc(-c4ccccc4)ccc3nc12,7.27,chembl26.sdf.gz
CN(C)CCNC(=O)c1cccc2c(N)c3cccc(S(C)(=O)=O)c3nc12,5.15,chembl26.sdf.gz
CN(C)CCNC(=O)c1cccc2c(N)c3cc(S(C)(=O)=O)ccc3nc12,6.93,chembl26.sdf.gz
CN(C)CCNC(=O)c1cccc2c(N)c3cccc(C#N)c3nc12,5.0,chembl26.sdf.gz
CN(C)CCNC(=O)c1cccc2c(N)c3cc(Cl)ccc3nc12,7.48,chembl26.sdf.gz
CN(C)CCNC(=O)c1cccc2c(N)c3cccc(Br)c3nc12,6.56,chembl26.sdf.gz
CN(C)CCNC(=O)c1cccc2c(N)c3cccc([N+](=O)[O-])c3nc12,6.59,chembl26.sdf.gz
CN(C)CCNC(=O)c1cccc2c(N)c3cccc(C(F)(F)F)c3nc12,5.89,chembl26.sdf.gz
COc1ccc2nc3c(C(=O)NCCN(C)C)cccc3c(N)c2c1,7.74,chembl26.sdf.gz
CN(C)CCNC(=O)c1cccc2c(N)c3cccc(-c4ccc(N)cc4)c3nc12,7.46,chembl26.sdf.gz
CN(C)CCNC(=O)c1cccc2c(N)c3cccc(Cl)c3nc12,6.87,chembl26.sdf.gz
Cc1cccc2c(N)c3cccc(C(=O)NCCN(C)C)c3nc12,8.01,chembl26.sdf.gz
COc1cccc2c(N)c3cccc(C(=O)NCCN(C)C)c3nc12,7.8,chembl26.sdf.gz
CN(C)CCNC(=O)c1cccc2c(N)c3cccc(N)c3nc12,7.41,chembl26.sdf.gz
Cc1cc[n+]([O-])c(C)c1C(=O)N1CCC(C)(N2CCC(N(c3ccccc3)c3cccnc3)CC2)CC1,5.5,chembl26.sdf.gz
Cc1ncc(CN2CSC(CCO)C2C)c(N)n1,7.6,chembl26.sdf.gz
Cc1cc(COc2ccc(C(=O)NC3(CC(=O)NO)CCCCC3)cc2)c2ccccc2n1,10.1,chembl26.sdf.gz
Cc1cc(COc2ccc(C(=O)NC3(CC(=O)NO)CCN(CCF)CC3)cc2)c2ccccc2n1,7.2,chembl26.sdf.gz
CCS(=O)(=O)CCN1CCC(CC(=O)NO)(NC(=O)c2ccc(OCc3cc(C)nc4ccccc34)cc2)CC1,6.06,chembl26.sdf.gz
Cc1cc(COc2ccc(C(=O)NC3(CC(=O)NO)CCN(C4=NCCS4)CC3)cc2)c2ccccc2n1,7.23,chembl26.sdf.gz
C#CC(C)(C)N1CCC(CC(=O)NO)(NC(=O)c2ccc(OCc3cc(C)nc4ccccc34)cc2)CC1,6.58,chembl26.sdf.gz
Cc1cc(COc2ccc(C(=O)NC3(CC(=O)NO)CCN(CC(C)(C)C)CC3)cc2)c2ccccc2n1,7.75,chembl26.sdf.gz
Cc1cc(COc2ccc(C(=O)NC3(CC(=O)NO)CCN(C(C)(C)C)CC3)cc2)c2ccccc2n1,9.0,chembl26.sdf.gz
Cc1cc(COc2ccc(C(=O)NC3(CC(=O)NO)CCNCC3)cc2)c2ccccc2n1,8.4,chembl26.sdf.gz
CCOc1cc(CN2CCC(NC(=O)c3cncc(C)c3)CC2)cc(OCC)c1Cl,7.46,chembl26.sdf.gz
CCOc1cc(CN2CCC(NC(=O)c3cncc(C)c3)CC2)cc(OCC)c1C,7.92,chembl26.sdf.gz
CCOc1cc(CN2CCC(NC(=O)c3cncc(C)c3)CC2)cc(OCC)c1-n1ccnc1,7.34,chembl26.sdf.gz
CCOc1cc(CN2CCC(NC(=O)c3cncc(C)c3)CC2)ccc1-c1ccc(C(F)(F)F)cc1,7.96,chembl26.sdf.gz
CCOc1cc(CN2CCC(NC(=O)c3cncc(C)c3)CC2)ccc1-c1ccc(F)cc1,7.87,chembl26.sdf.gz
CCOc1cc(CN2CCC(NC(=O)c3ccc(N)nc3)CC2)ccc1C,8.27,chembl26.sdf.gz
CCOc1cc(CN2CCC(NC(=O)c3cncc(C)c3)CC2)ccc1C,8.08,chembl26.sdf.gz
CCOc1cc(CN2CCC(NC(=O)c3ccc(N)nc3)CC2)cc(OCC)c1-c1ccc(F)cc1,7.86,chembl26.sdf.gz
CCOc1cc(CN2CCC(NC(=O)c3ccc(NC(C)C)nc3)CC2)cc(OCC)c1F,7.84,chembl26.sdf.gz
CCOc1cc(CN2CCC(NC(=O)c3ccc(NC)nc3)CC2)cc(OCC)c1-c1ccccc1,7.9,chembl26.sdf.gz
CCOc1cc(CN2CCC(NC(=O)c3ccc(Cl)nc3)CC2)cc(OCC)c1-c1ccc(F)cc1,7.8,chembl26.sdf.gz
CCOc1cc(CN2CCC(NC(=O)c3cncc(C)c3)CC2)cc(OCC)c1-c1ccc(F)cc1,7.69,chembl26.sdf.gz
CCOc1cc(CN2CCC(NC(=O)c3cncc(C)c3)CC2)cc(OCC)c1-c1ccccc1,7.74,chembl26.sdf.gz
CCOc1cc(CN2CCC(NC(=O)c3ccc(NC)nc3)CC2)cc(OCC)c1-c1ccc(F)cc1,7.86,chembl26.sdf.gz
CCOc1cc(CN2CCC(NC(=O)c3ccc(N)nc3)CC2)cc(OCc2ccccc2)c1-c1ccc(F)cc1,7.66,chembl26.sdf.gz
CCOc1cc(CN2CCC(NC(=O)c3ccc(NC)nc3)CC2)cc(OCC)c1F,7.83,chembl26.sdf.gz
CCOc1cc(CN2CCC(NC(=O)c3cncc(C)c3)CC2)ccc1Cl,7.63,chembl26.sdf.gz
CCOc1cc(CN2CCC(NC(=O)c3cncc(C)c3)CC2)cc(OCC)c1F,7.7,chembl26.sdf.gz
CCOc1cc(CN2CCCC(NC(=O)c3cncc(C)c3)CC2)cc(OCC)c1-c1ccc(F)cc1,8.34,chembl26.sdf.gz
CCOc1cc(CN2CC(NC(=O)c3cncc(C)c3)C2)cc(OCC)c1F,7.19,chembl26.sdf.gz
CC1(c2ccccc2)Cc2cc(OCC(=O)O)c(Cl)c(Cl)c2C1=O,3.7,chembl26.sdf.gz
CC1(Cc2ccccc2)Cc2cc(OCCCC(=O)O)c(Cl)c(Cl)c2C1=O,6.3,chembl26.sdf.gz
CCCCC1(C2CCCC2)Cc2cc(OCC(=O)O)c(Cl)c(Cl)c2C1=O,3.9,chembl26.sdf.gz
O=C(O)COc1cc2c(c(Cl)c1Cl)C(=O)C(C1CCCC1)C2,3.9,chembl26.sdf.gz
CC1(C2CCCC2)Cc2cc(OC/C=C/CC(=O)O)c(Cl)c(Cl)c2C1=O,5.1,chembl26.sdf.gz
C=C(CC)C(=O)c1ccc(OCC(=O)O)c(Cl)c1Cl,3.5,chembl26.sdf.gz
CC1(C2CCCC2)Cc2cc(OCC(=O)O)c(Cl)c(Cl)c2C1=O,3.9,chembl26.sdf.gz
CCC1(C2CCCC2)Cc2cc(OCC(=O)O)c(Cl)c(Cl)c2C1=O,3.9,chembl26.sdf.gz
CC(C)(Oc1cc2c(c(Cl)c1Cl)C(=O)C(C)(C1CCCC1)C2)C(=O)O,3.7,chembl26.sdf.gz
O=C(O)COc1cc2c(c(Cl)c1Cl)C(=O)C(CC1CCCC1)C2,3.8,chembl26.sdf.gz
C[C@]1(C2CCCC2)Cc2cc(OCCCC(=O)O)c(Cl)c(Cl)c2C1=O,5.7,chembl26.sdf.gz
CCC(C)C(=O)c1ccc(OCC(=O)O)c(Cl)c1Cl,3.5,chembl26.sdf.gz
CCCC[C@]1(C2CCCC2)Cc2cc(OCC(=O)O)c(Cl)c(Cl)c2C1=O,3.9,chembl26.sdf.gz
CCCC[C@@]1(C2CCCC2)Cc2cc(OCC(=O)O)c(Cl)c(Cl)c2C1=O,3.9,chembl26.sdf.gz
CCCC[C@]1(C2CCCC2)Cc2cc(OCCCC(=O)O)c(Cl)c(Cl)c2C1=O,4.4,chembl26.sdf.gz
CC1(Cc2ccccc2)Cc2cc(OCC(=O)O)c(Cl)c(Cl)c2C1=O,3.8,chembl26.sdf.gz
CCC1(C2CCCC2)Cc2cc(OCCCC(=O)O)c(Cl)c(Cl)c2C1=O,3.8,chembl26.sdf.gz
CCCCC1(C2CCCC2)Cc2cc(OCCCC(=O)O)c(Cl)c(Cl)c2C1=O,4.4,chembl26.sdf.gz
CC(=O)Nc1nnc(S(N)(=O)=O)s1,7.2,chembl26.sdf.gz
C[C@@]1(C2CCCC2)Cc2cc(OCCCC(=O)O)c(Cl)c(Cl)c2C1=O,5.7,chembl26.sdf.gz
CCCC[C@@]1(C2CCCC2)Cc2cc(OCCCC(=O)O)c(Cl)c(Cl)c2C1=O,4.4,chembl26.sdf.gz
CC1(C2CCCC2)Cc2cc(OCc3ccc(C(=O)O)cc3)c(Cl)c(Cl)c2C1=O,6.2,chembl26.sdf.gz
C[C@]1(C2CCCC2)Cc2cc(OCC(=O)O)c(Cl)c(Cl)c2C1=O,3.9,chembl26.sdf.gz
CC1(c2ccccc2)Cc2cc(OCCCC(=O)O)c(Cl)c(Cl)c2C1=O,6.4,chembl26.sdf.gz
CC1(C2CCCC2)Cc2cc(OC3(C(=O)O)CCC3)c(Cl)c(Cl)c2C1=O,3.8,chembl26.sdf.gz
CC1(C2CCCC2)Cc2cc(OCCCC(=O)O)c(Cl)c(Cl)c2C1=O,5.7,chembl26.sdf.gz
CCCC1(C2CCCC2)Cc2cc(OCCCC(=O)O)c(Cl)c(Cl)c2C1=O,4.1,chembl26.sdf.gz
C[C@@]1(C2CCCC2)Cc2cc(OCC(=O)O)c(Cl)c(Cl)c2C1=O,3.9,chembl26.sdf.gz
CC(Cc1ccc(O)c(O)c1)C(C)Cc1ccc(O)c(O)c1,9.3,chembl26.sdf.gz
Cc1c(O)c(=O)ccn1CCCn1ccnc1,9.92,chembl26.sdf.gz
CCn1ccc(=O)c(O)c1C(C)O,8.74,chembl26.sdf.gz
Cc1c(O)c(=O)ccn1C,9.64,chembl26.sdf.gz
CC(O)c1c(O)c(=O)ccn1CCN1CCCCC1,8.7,chembl26.sdf.gz
O=c1ccn(CCN2CCCCC2)c(CO)c1O,9.28,chembl26.sdf.gz
O=c1cc(CN2CCCCC2)n(CCN2CCCCC2)cc1O,8.83,chembl26.sdf.gz
Cn1cc(O)c(=O)cc1CN1CCCCC1,8.85,chembl26.sdf.gz
Cn1c(CO)cc(=O)c(O)c1CN1CCOCC1,9.77,chembl26.sdf.gz
Cn1c(CO)cc(=O)c(O)c1CN1CCCCC1,10.51,chembl26.sdf.gz
Cc1cc(=O)c(O)c(CN2CCOCC2)n1C,10.07,chembl26.sdf.gz
Cc1cc(=O)c(O)c(CN2CCCCC2)n1C,10.81,chembl26.sdf.gz
Cc1c(O)c(=O)ccn1CCN1CCOCC1,9.71,chembl26.sdf.gz
CCc1c(O)c(=O)ccn1CCN1CCCCC1,9.67,chembl26.sdf.gz
Cc1c(O)c(=O)ccn1CCN1CCCCC1,9.63,chembl26.sdf.gz
CCN(CC)CCn1ccc(=O)c(O)c1C,9.65,chembl26.sdf.gz
CCc1c(O)c(=O)ccn1CCN(C)C,9.66,chembl26.sdf.gz
Cc1c(O)c(=O)ccn1CCN(C)C,9.75,chembl26.sdf.gz
CCc1c(O)c(=O)ccn1CCCn1ccnc1,9.71,chembl26.sdf.gz
N[C@@H](Cc1ccccc1)C(=O)NC[C@H](N)C(=O)Nc1ccc(C#Cc2c(F)c(F)nc(F)c2F)cc1,6.3,chembl26.sdf.gz
C[C@H](N)C(=O)NC[C@H](N)C(=O)Nc1ccc(C#Cc2c(F)c(F)nc(F)c2F)cc1,5.5,chembl26.sdf.gz
N[C@@H](Cc1c[nH]c2ccccc12)C(=O)NCCCC[C@H](N)C(=O)Nc1ccc(C#Cc2c(F)c(F)nc(F)c2F)cc1,7.3,chembl26.sdf.gz
c1ccc(CC2CCN(CCCc3c[nH]c4ccc(-n5cnnc5)cc34)CC2)cc1,9.7,chembl26.sdf.gz
c1ccc(CN2CCN(CCCc3c[nH]c4ccc(-n5cnnc5)cc34)CC2)cc1,8.2,chembl26.sdf.gz
CN(Cc1ccccc1)C1CCN(CCCc2c[nH]c3ccc(-n4cnnc4)cc23)CC1,9.3,chembl26.sdf.gz
C=C[C@@H]1C[C@]1(NC(=O)[C@@H]1C[C@@H](Oc2cc(-c3csc(NC(C)C)n3)nc3cc(OC)ccc23)CN1C(=O)[C@@H](NC(=O)OC1CCCC1)C(C)(C)C)P(=O)(O)Cc1c(F)cccc1F,2.7,chembl26.sdf.gz
Fc1cccc(CCN2CCN(CCCc3c[nH]c4ccc(-n5cnnc5)cc34)CC2)c1,8.3,chembl26.sdf.gz
N=C(N)NC(=O)c1ccccc1,6.98,chembl26.sdf.gz
Cc1ccc(C(=O)NC(=N)Nc2ccc(C(C)C)cc2)cc1,6.35,chembl26.sdf.gz
N=C(N)Nc1ccccc1,10.77,chembl26.sdf.gz
Cc1ccc(C(=O)NC(=N)NCCCCc2ccccc2)cc1,7.09,chembl26.sdf.gz
C[C@H](O)c1nccc(N2C[C@@H](C)N(c3ccnc([C@@H](C)O)n3)[C@@H](C)C2)n1,6.8,chembl26.sdf.gz
Cc1nc(C)nc(N2C[C@@H](C)N(c3ccnc([C@@H](C)O)n3)[C@@H](C)C2)n1,6.2,chembl26.sdf.gz
O=C1NS(=O)(=O)c2ccccc21,3.1,chembl26.sdf.gz
CC(S(=O)(=O)c1ccc(OC(F)(F)F)cc1)S(=O)(=O)C(F)(F)F,6.2,chembl26.sdf.gz
O=[N+]([O-])c1ccc(O)c([N+](=O)[O-])c1,4.6,chembl26.sdf.gz
O=S(=O)(CS(=O)(=O)C(F)(F)F)c1ccc(F)cc1,4.6,chembl26.sdf.gz
O=S(=O)(CS(=O)(=O)C(F)(F)F)c1ccc(OC(F)(F)F)cc1,4.1,chembl26.sdf.gz
O=S(=O)(CS(=O)(=O)C(F)(F)F)c1ccc(Cl)cc1,4.4,chembl26.sdf.gz
O=S(=O)(CS(=O)(=O)C(F)(F)F)c1ccc(C(F)(F)F)cc1,4.0,chembl26.sdf.gz
CC(C)(C)c1ccc(S(=O)(=O)CS(=O)(=O)C(F)(F)F)cc1,5.1,chembl26.sdf.gz
O=S(=O)(CS(=O)(=O)C(F)(F)F)c1ccc(Cl)c(Cl)c1,4.0,chembl26.sdf.gz
N=C(NCc1c[nH]c2ccccc12)C(Cl)(Cl)Cl,6.0,chembl26.sdf.gz
COc1ccc(CNC(=N)C(Cl)(Cl)Br)cc1.Cl,6.15,chembl26.sdf.gz
COc1ccc(CNC(=N)C(F)(Cl)Cl)cc1,6.18,chembl26.sdf.gz
COc1ccc(CNC(=N)C(Cl)(Cl)Cl)cc1.Cl,6.0,chembl26.sdf.gz
CC(C)Oc1ncc(-c2nc(-c3cccc4c3OCCNC4CCCC(=O)O)no2)cc1Cl,8.09,chembl26.sdf.gz
CC(C)Oc1ccc(-c2nc(-c3ccc4c(c3)CCN(CCCC(=O)O)CC4)no2)cc1C#N,9.15,chembl26.sdf.gz
CC(C)Oc1ccc(-c2nc(-c3cccc4c3OCCN(CCCC(=O)O)C4)no2)cc1Cl,7.39,chembl26.sdf.gz
CN(CC(N)=O)[C@@H]1CC[C@H](OCc2cc(C(F)(F)F)cc(C(F)(F)F)c2)[C@H]1c1ccccc1,5.8,chembl26.sdf.gz
NC(=O)CN[C@@H]1CC[C@H](OCc2cc(C(F)(F)F)cc(C(F)(F)F)c2)[C@H]1c1ccccc1,6.6,chembl26.sdf.gz
COc1cc2c(cc1OC)[C@H](CCC[C@H]1c3cc(OC)c(OC)cc3CCN1C)N(C)CC2.Cl.Cl,8.1,chembl26.sdf.gz
C/C(=N\c1ccc2c(c1)[C@@H](NC(=O)c1ccc(Br)cc1)[C@H](O)C2)Nc1ccc(F)cc1,8.2,chembl26.sdf.gz
C/C(=N\c1ccc2c(c1)[C@@H](NC(=O)c1ccc(Br)cc1)[C@H](O)C2)NCc1ccc(F)cc1,8.49,chembl26.sdf.gz
C/C(=N\c1ccc2c(c1)[C@@H](NC(=O)c1ccc(-c3ccccc3)cc1)[C@H](O)C2)N(C)Cc1ccc(F)cc1,8.3,chembl26.sdf.gz
CN1CCCC/C1=N\c1ccc2c(c1)[C@@H](NC(=O)c1ccc(Br)cc1)[C@H](O)C2,9.9,chembl26.sdf.gz
CCc1c(O)c(=O)ccn1CC,3.81,chembl26.sdf.gz
O=C(O)Cn1ccnc1,7.23,chembl26.sdf.gz
CCOC(=O)CC(C(=O)O)n1ccnc1,6.86,chembl26.sdf.gz
Cl.O=C(O)CC(CC(=O)O)n1ccnc1,7.37,chembl26.sdf.gz
CCOC(=O)C(C(=O)OCC)n1ccnc1,5.02,chembl26.sdf.gz
Cl.O=C(O)CC(C(=O)O)n1ccnc1,7.32,chembl26.sdf.gz
CC(=O)N[C@@H](Cc1cc(F)cc(F)c1)[C@H](O)CNC1(c2cc(CC(C)(C)C)no2)CCCCC1,6.4,chembl26.sdf.gz
CC(=O)N[C@@H](Cc1cc(F)cc(F)c1)[C@H](O)CNC1(c2cc(C(C)(C)C)ncn2)CCCCC1,6.7,chembl26.sdf.gz
CC(=O)N[C@@H](Cc1cc(F)cc(F)c1)[C@H](O)CNC1(c2cccc(C(C)(C)C)c2)CC1,6.6,chembl26.sdf.gz
CC(=O)N[C@@H](Cc1cc(F)cc(F)c1)[C@H](O)CNC1(c2cncc(CC(C)(C)C)c2)CC1,6.3,chembl26.sdf.gz
CC(=O)N[C@@H](Cc1cc(F)cc(F)c1)[C@H](O)CNC1(c2cnn(CC(C)(C)C)c2)CC1,7.0,chembl26.sdf.gz
N=C(N)c1ccc(-c2cc3ccc(C(=N)N)cc3[nH]2)cc1,11.6,chembl26.sdf.gz
c1cc2cc(-c3ccc(-c4cc5ccc(C6=NCCN6)cc5[nH]4)cc3)[nH]c2cc1C1=NCCN1,9.6,chembl26.sdf.gz
C(=C\c1cc2ccc(C3=NCCN3)cc2[nH]1)/c1cc2ccc(C3=NCCN3)cc2[nH]1,9.6,chembl26.sdf.gz
c1cc2cc(-c3ccc(-c4cc5ccc(C6=NCCCN6)cc5[nH]4)cc3)[nH]c2cc1C1=NCCCN1,12.8,chembl26.sdf.gz
Cc1c(CC(=O)O)c(-c2ccccc2)nn1Cc1ccccc1S(=O)(=O)c1ccccc1,4.2,chembl26.sdf.gz
Cc1nn(-c2cccc(NC(=O)[C@H]3C[C@@H]3c3ccccc3)c2)c(C)c1CC(=O)O,4.2,chembl26.sdf.gz
CC(NC(=O)NS(=O)(=O)c1ccc(Cl)cc1)c1cc(Br)ccc1OCc1ccccc1,5.31,chembl26.sdf.gz
O=C1NC(=O)/C(=C\c2ccc(-c3ccc(Cl)c(Cl)c3)o2)S1,7.9,chembl26.sdf.gz
Cc1cc(OCCN2CCOCC2)nn1-c1ccc2ccccc2c1,6.5,chembl26.sdf.gz
O=C1NC(=O)C(c2ccccc2)O1,5.5,chembl26.sdf.gz
O=C(/C=C(\O)C(=O)N1CCN(c2ccc(-n3cccc3)cc2)CC1)c1cc(Cc2cc(F)cc(F)c2)cn(Cc2ccccc2F)c1=O,9.0,chembl26.sdf.gz
Cn1nnc(-c2onc(O)c2CC(N)C(=O)O)n1,2.9,chembl26.sdf.gz
CCOc1nc2cccc(C(=O)O)c2n1Cc1ccc(-c2ccccc2-c2noc(O)n2)cc1,6.1,chembl26.sdf.gz
CCOc1nc2cccc(C(=O)O)c2n1Cc1ccc(-c2ccccc2-c2nsc(O)n2)cc1,6.6,chembl26.sdf.gz
CCOc1nc2cccc(C(=O)O)c2n1Cc1ccc(-c2ccccc2-c2nnn[nH]2)cc1,5.3,chembl26.sdf.gz
C[C@@H]1CN(C(=O)c2nc(Nc3cc(C4CC4)[nH]n3)c3cc(Cl)ccc3n2)CCN1.Cl,7.93,chembl26.sdf.gz
CCC(C)CNC1=NS(=O)(=O)c2sc(Cl)cc2N1,8.29,chembl26.sdf.gz
O=C1NC(=O)/C(=C/c2ccccc2)S1,6.14,chembl26.sdf.gz
Nc1ncnc2c1ncn2[C@@H]1O[C@H](COS(=O)(=O)NC(=O)c2ccccc2)[C@@H](O)[C@H]1O,2.8,chembl26.sdf.gz
COC(=O)N[C@H](C(=O)N1CC(F)(F)C[C@H]1c1ncc(-c2ccc(-c3ccc4c(ccc5nc([C@@H]6C[Si](C)(C)CN6C(=O)[C@@H](NC(=O)OC)C(C)C)[nH]c54)c3)cc2)[nH]1)C(C)C,3.57,chembl26.sdf.gz
Cc1nc2cccnc2n2c(-c3ccccc3Cl)nnc12,1.0,chembl26.sdf.gz
O=C(O)Cc1cc(I)c(Oc2cc(I)c(O)c(I)c2)c(I)c1,4.3,chembl26.sdf.gz
O=C(O)COCCN1CCN(C(c2ccccc2)c2ccc(Cl)cc2)CC1,2.93,chembl26.sdf.gz
CC(C)CN(C(=O)c1cccc(Cl)c1Cl)[C@H]1CCNC1,10.0,chembl26.sdf.gz
CC[C@]1(O)C[C@H]2CN(CCc3c([nH]c4ccccc34)[C@@](C(=O)OC)(c3cc4c(cc3OC)N(C)[C@H]3[C@@](O)(C(=O)NCCN)[C@H](O)[C@]5(CC)C=CCN6CC[C@]43[C@@H]65)C2)C1.O=S(=O)(O)O,9.48,chembl26.sdf.gz
CC[C@]1(O)C[C@H]2CN(CCc3c([nH]c4ccccc34)[C@@](C(=O)OC)(c3cc4c(cc3OC)N(C)[C@H]3[C@@](O)(C(=O)NCCN(C)C)[C@H](O)[C@]5(CC)C=CCN6CC[C@]43[C@@H]65)C2)C1.O=S(=O)(O)O,8.5,chembl26.sdf.gz
COc1ccnc2[nH]cc(C(=O)C(=O)N3CCN(C(=O)c4ccccc4)C[C@H]3C)c12,2.9,chembl26.sdf.gz
CCc1ccc2nc(C(c3ccc(OC)c(OC)c3)n3cc(CCN4CCCCC4)nn3)sc2c1,9.24,chembl26.sdf.gz
CC(=O)O,4.76,chembl26.sdf.gz
O=C(O)CBr,2.9,chembl26.sdf.gz
O=C(O)C(F)(F)F,0.5,chembl26.sdf.gz
O=C(O)C[N+](=O)[O-],1.68,chembl26.sdf.gz
On1cc(C2CCNCC2)cn1,5.4,chembl26.sdf.gz
CC(C)(Cc1cccc(CC(=O)NCc2cc(Cl)c(O)c(Cl)c2)c1)NC[C@H](O)c1ccc(O)c(NS(C)(=O)=O)c1,6.69,chembl26.sdf.gz
Cc1cc(O)cc(C)c1CNC(=O)Cc1cccc(CC(C)(C)NC[C@H](O)c2ccc(O)c(NS(C)(=O)=O)c2)c1,9.93,chembl26.sdf.gz
CC(C)(Cc1cccc(CC(=O)NCc2cc(Cl)ccc2O)c1)NC[C@H](O)c1ccc(O)c(NS(C)(=O)=O)c1,9.22,chembl26.sdf.gz
CN(C)CCSCc1csc(C(=O)Nc2ccc(Cl)cc2C(=O)Nc2ccc(Cl)cc2)c1Cl,8.9,chembl26.sdf.gz
O=C(c1ccc(Br)cc1)C1CN=C2C=CC=CN2C1.[O-][Cl+3]([O-])([O-])O,12.4,chembl26.sdf.gz
O=C(c1ccccc1)C1CN=C2C=CC=CN2C1.[O-][Cl+3]([O-])([O-])O,12.4,chembl26.sdf.gz
CN1CCC(Oc2cccc3ncnc(Nc4ccc(OCc5ccccn5)c(Cl)c4)c23)CC1,8.1,chembl26.sdf.gz
COC(=O)CCCNC[C@@H](C)[C@H]1CC[C@H]2[C@@H]3CC=C4C[C@@H](OC(=O)CCC(=O)O)CC[C@]4(C)[C@H]3CC[C@]12C,4.4,chembl26.sdf.gz
COC(=O)CCCNC[C@@H](C)[C@H]1CC[C@H]2[C@@H]3CC=C4C[C@@H](OC(=O)CN(C)C)CC[C@]4(C)[C@H]3CC[C@]12C,7.1,chembl26.sdf.gz
NCCc1c[nH]c2c(O)cc(O)cc12,4.8,chembl26.sdf.gz
COc1ccc(-c2cnc(N3Cc4c(nc5ccccc5c4O)[C@H]3c3ccc4c(c3)OCO4)nc2)cc1OC,9.0,chembl26.sdf.gz
NC1CCN(OCc2ccccc2)C1=O,6.6,chembl26.sdf.gz
O=c1ncnc2[nH][nH]cc1-2,9.7,chembl26.sdf.gz
CC(C)CCN1CC(=O)N=N1,7.0,chembl26.sdf.gz
Cn1nnc(O)c1CC(N)C(=O)O,6.4,chembl26.sdf.gz
COc1c(N2CCC/C(=C(\F)CN)C2)c(F)cc2c(=O)c(C(=O)O)cn(C3CC3)c12,6.13,chembl26.sdf.gz
CC1=C(C(=O)O)N[C@@H](C2NC(=O)C(c3ccccc3)N=C2S)SC1,10.1,chembl26.sdf.gz
CCN1CCN(c2nc(C)nc3sc(-c4ccccc4)cc23)CC1,7.5,chembl26.sdf.gz
CN1CC[C@]23c4c5ccc(O[C@@H]6O[C@H](C(=O)O)[C@@H](O)[C@H](O)[C@H]6O)c4O[C@H]2[C@@H](O)C=C[C@H]3[C@H]1C5,2.83,chembl26.sdf.gz
O=C(O)[C@H]1O[C@@H](O)[C@H](O)[C@@H](O)[C@@H]1O,3.2,chembl26.sdf.gz
CN1CC[C@]23c4c5ccc(O)c4O[C@H]2[C@@H](O[C@@H]2O[C@H](C(=O)O)[C@@H](O)[C@H](O)[C@H]2O)C=C[C@H]3[C@H]1C5,3.23,chembl26.sdf.gz
c1ccc(Cc2ncc3c(n2)CCNCC3)cc1,8.5,chembl26.sdf.gz
CN(C)CCNC(=O)c1cccc2c(N)c3cccc(-c4ccccc4)c3nc12,7.5,chembl26.sdf.gz
CONC(=O)Nc1ccc(-c2sc3c(c2CN(C)Cc2ccccc2)c(=O)n(-c2ccccc2)c(=O)n3Cc2c(F)cccc2F)cc1,5.0,chembl26.sdf.gz
O=[N+]([O-])c1ccccc1-c1nc2ccccc2[nH]1,11.38,chembl26.sdf.gz
N#Cc1ccc(C(=O)N2CCC3(CC2)N=C(N)c2c(F)cccc2N3)cc1,9.1,chembl26.sdf.gz
N#Cc1ccc(C(=O)N2CCC3(CC2)N=C(N)c2c(F)ccc(F)c2N3)cc1,8.4,chembl26.sdf.gz
Cc1cccc(C(CCCN)(c2ccccc2)c2ccccc2)c1,10.09,chembl26.sdf.gz
Cc1ccc(C(=O)N(CCCN)[C@@H](c2nc3cc(Cl)ccc3c(=O)n2Cc2ccccc2)C(C)C)cc1,9.34,chembl26.sdf.gz
NC(=O)C1CCN(c2c(Cl)cncc2Cl)CC1,3.5,chembl26.sdf.gz
CCN(C(=O)Cc1ccc(S(C)(=O)=O)cc1)C1CCN(CC[C@H](c2ccc(S(C)(=O)=O)cc2)c2cc(F)cc(F)c2)CC1,7.5,chembl26.sdf.gz
NC1OCC(O)C(O)C1O,5.6,chembl26.sdf.gz
NC1OC(CO)C(O)C(O)C1O,5.6,chembl26.sdf.gz
COc1ccc2c(c[n+](C)c3c4cc5c(cc4ccc23)OCO5)c1O.O.O.O=S(=O)([O-])O,5.3,chembl26.sdf.gz
C/C=C/C[C@@H](C)[C@@H](O)[C@H]1C(=O)N[C@@H](CC)C(=O)N(C)[C@H](C)C(=O)N(CC)[C@@H](C(C)C)C(=O)N[C@@H](C(C)C)C(=O)N(C)[C@@H](CC(C)C)C(=O)N[C@@H](C)C(=O)N[C@H](C)C(=O)N(C)[C@@H](CC(C)C)C(=O)N(C)[C@@H](CC(C)C)C(=O)N(C)[C@@H](C(C)C)C(=O)N1C,7.3,chembl26.sdf.gz
COc1cc(C(F)(F)F)cc(SC)c1C(=O)N[C@@]1(c2ccccc2)CCCN(C)C1,7.72,chembl26.sdf.gz
Cc1nc(NC2CCCC2)sc1-c1ccnc(Nc2ccc(N3CCOCC3)cn2)n1,3.98,chembl26.sdf.gz
O=C(Nc1ccc([N+](=O)[O-])cc1Cl)c1cc(Cl)ccc1O,5.6,chembl26.sdf.gz
Cc1ccnc(SC(F)(F)c2nc3ccccc3o2)n1,3.6,chembl26.sdf.gz
Cc1cc(C)nc(SC(F)(F)c2nc3ccccc3o2)n1,1.3,chembl26.sdf.gz
O=C1C2=C(CCCC2)C(=O)N1c1ccc(Cl)cc1,6.43,chembl26.sdf.gz
CCOc1cc(Oc2ccc(C(F)(F)F)cc2Cl)ccc1[N+](=O)[O-],7.63,chembl26.sdf.gz
CC(Cl)/C=C/C(=O)N(Cc1ccc(C#N)cc1)CC(C)C,4.82,chembl26.sdf.gz
Cc1ccc(C(=O)NC2CC2)cc1-n1cnc2ccc(N3CCN(C)CC3)cc2c1=O,7.6,chembl26.sdf.gz
Nc1noc2ccc(-c3cc(Cl)ccc3Oc3cc(F)c(S(=O)(=O)Nc4ncns4)cc3F)cc12,3.2,chembl26.sdf.gz
Cc1ccc(CNCC2(F)CCN(C(=O)c3ccc(F)c(Cl)c3)CC2)nc1,6.4,chembl26.sdf.gz
Cc1cnc(CNCC2(F)CCN(C(=O)c3ccc(F)c(Cl)c3)CC2)nc1,6.7,chembl26.sdf.gz
C[C@@H]1CN(C(=O)[C@@H]2CN(C(C)(C)C)C[C@H]2c2ccc(F)cc2F)C[C@H](C)[C@@]1(O)c1ccc(F)cc1.Cl,8.74,chembl26.sdf.gz
C[C@@H]1CN(C(=O)[C@@H]2CN(C(C)(C)C)C[C@H]2c2ccc(F)cc2F)C[C@H](C)[C@@]1(O)c1ccccc1.Cl,8.95,chembl26.sdf.gz
CC(C)(N)C(=O)N[C@H](Cc1c[nH]c2ccccc12)C(=O)N1CCC2(CCc3ccccc32)CC1,7.9,chembl26.sdf.gz
NC1(C(=O)N[C@H](Cc2c[nH]c3ccccc23)C(=O)N2CCC3(CCc4ccccc43)CC2)CC1,5.9,chembl26.sdf.gz
O.O.O=C1OCCN1/N=C/c1cc(O)c([N+](=O)[O-])o1,2.7,chembl26.sdf.gz
CCC1(c2ccccc2)C(=O)NC(=O)NC1=O,7.2,chembl26.sdf.gz
COc1ccc2cc3[n+](cc2c1OC)CCc1cc2c(cc1-3)OCO2.[Cl-],2.47,chembl26.sdf.gz
O=[N+]([O-])c1cnc([N+](=O)[O-])[nH]1,2.86,chembl26.sdf.gz
C#CCn1c(=O)c2c(-c3cncn3C)n(Cc3ccnc4ccc(Cl)cc34)nc2n(CC2CC2)c1=O,7.2,chembl26.sdf.gz
N#Cc1c(O)nc(SCc2cccc(F)c2F)nc1C1CC1,8.9,chembl26.sdf.gz
COc1ccc(O)c(/C=N/NC(=O)Cc2ccccc2)c1,2.9,chembl26.sdf.gz
COc1ccc(O)c(/C=N/NS(=O)(=O)Cc2ccccc2)c1,6.5,chembl26.sdf.gz
COc1ccc(O)c(/C=N/N=C(\S)Cc2ccccc2)c1,6.6,chembl26.sdf.gz
CCN(C(=O)Cc1ccc(S(C)(=O)=O)cc1)C1CCN(CC[C@@H](c2cc(F)cc(F)c2)C2CCN(S(C)(=O)=O)CC2)CC1,8.4,chembl26.sdf.gz
O=C([O-])CCCO.[Na+],4.72,chembl26.sdf.gz
CC(C)N1CCC(Oc2ccc(C3(C(N)=O)CCOCC3)cc2)CC1,9.78,chembl26.sdf.gz
COc1cc(/C=C/C(=O)CC(=O)/C=C/c2ccc(O)c(OC)c2)ccc1O,9.5,chembl26.sdf.gz
CCN(CC)CCCn1c2c(c3ccccc31)CCn1c-2nc2ccc(O)cc2c1=O.Cl,8.94,chembl26.sdf.gz
Cl.O=c1c2cc(O)ccc2nc2n1CCc1c-2n(CCCN2CCCCC2)c2ccccc12,8.8,chembl26.sdf.gz
CCN(CC)CCCOc1ccc2nc3n(c(=O)c2c1)CCc1c-3[nH]c2ccccc12.Cl,9.29,chembl26.sdf.gz
Cl.O=c1c2cc(OCCCN3CCCCC3)ccc2nc2n1CCc1c-2[nH]c2ccccc12,9.36,chembl26.sdf.gz
COc1cccc(-c2cccc([C@@]3(c4ccncc4)N=C(N)N4CC(F)(F)CN=C43)c2)c1F,5.3,chembl26.sdf.gz
NC1=N[C@](c2ccc(OC(F)F)cc2)(c2cccc(OCCF)c2)C2=NCC(F)(F)CN12,6.5,chembl26.sdf.gz
NC1=N[C@@]2(c3cccc(NC(=O)c4ccc(Cl)cn4)c3)C[C@H]2CCS1,8.9,chembl26.sdf.gz
CN1CCN(CCCN2c3ccccc3Sc3ccc(C(F)(F)F)cc32)CC1,7.61,chembl26.sdf.gz
C[C@@H]1C[C@H](N)C[C@H](c2ccncc2NC(=O)c2ccc(F)c(-c3c(F)cccc3F)n2)C1,4.2,chembl26.sdf.gz
CCOc1ccc(CC2CCN(c3ncc(C(=O)NO)cn3)CC2)cc1-c1nc2c(CC)nn(C)c2c(=O)[nH]1,7.85,chembl26.sdf.gz
Cn1cc(-c2cccc(C(F)(F)F)c2)c2sc(C(=N)NC3CCS(=O)(=O)CC3)cc2c1=O,8.4,chembl26.sdf.gz
Cc1c[nH]c2ncnc(O[C@H]3CC[C@H](N4CCOCC4)CC3)c12,7.5,chembl26.sdf.gz
Cc1c[nH]c2ncnc(O[C@H]3CC[C@H](N4C[C@H]5C[C@@H]4CO5)CC3)c12,8.1,chembl26.sdf.gz
NC(=O)CN1CCC[C@H](OCc2cc(C(F)(F)F)cc(C(F)(F)F)c2)[C@@H]1c1ccccc1,5.4,chembl26.sdf.gz
C[C@@H]1CC[C@H]2C(CN3CCN(CCO)CC3)=C(C(F)(F)F)O[C@@H]3O[C@]4(C)CC[C@@H]1[C@]32OO4,6.59,chembl26.sdf.gz
N[C@H](COCc1cc(C(F)(F)F)cc(C(F)(F)F)c1)c1ccccc1,7.93,chembl26.sdf.gz
Cc1nc2c3ccccc3cc[n+]2c(C)c1[O-],4.0,chembl26.sdf.gz
CCCCNc1c(N(C)CCCN(C)C)c(=O)c1=O,8.8,chembl26.sdf.gz
COC(=O)N(NC(=O)c1c(CN2CCN(C(C)(C)C)CC2)c(-c2ccccc2)nc2c(F)cccc12)c1ccccc1,9.4,chembl26.sdf.gz
N=C(N)Oc1ccccc1,8.29,chembl26.sdf.gz
NC(=O)CCN1CCC[C@H](OCc2cc(C(F)(F)F)cc(C(F)(F)F)c2)[C@@H]1c1ccccc1,6.5,chembl26.sdf.gz
CC(C)c1nc(N(C)S(C)(=O)=O)nc(-c2ccc(F)cc2)c1/C=C/[C@@H](O)C[C@@H](O)CC(=O)[O-].CC(C)c1nc(N(C)S(C)(=O)=O)nc(-c2ccc(F)cc2)c1/C=C/[C@@H](O)C[C@@H](O)CC(=O)[O-].[Ca+2],4.2,chembl26.sdf.gz
O[C@H]1CNCCC[C@@H]1n1c2ccc(C(F)(F)F)cc2c2cc(C(F)(F)F)ccc21,8.05,chembl26.sdf.gz
C1CCCNCC1,8.05,chembl26.sdf.gz
Cc1ccc(NC(=O)c2ccc3nc(-c4c(C)cc(OCC(=O)O)cc4C)[nH]c3c2)cc1C,4.8,chembl26.sdf.gz
Cc1ccc(NC(=O)c2ccc3nc(-c4c(C)cc(NCC(=O)O)cc4C)[nH]c3c2)cc1C,5.1,chembl26.sdf.gz
Cc1ccc(NC(=O)c2ccc3nc(-c4c(C)cc(CCC(=O)O)cc4C)[nH]c3c2)cc1C,4.3,chembl26.sdf.gz
Cc1cccc(C)c1CNc1ccnc2c1nc(C)n2C,5.81,chembl26.sdf.gz
Cc1cccc(C)c1CNc1ccnc2c1cc(C)n2C,7.42,chembl26.sdf.gz
Cc1cccc(C)c1CNc1nccn2c(C)c(C)cc12,7.92,chembl26.sdf.gz
Cc1cccc(C)c1CNc1cccn2c(C)ncc12,6.03,chembl26.sdf.gz
Oc1cc(CSc2cccc(F)c2F)nc2nc(Cc3ccccc3)nn12,6.5,chembl26.sdf.gz
COc1cc2c(Nc3ccc(Br)cc3F)ncnc2cc1OCC1CCN(C)CC1.Cl,9.4,chembl26.sdf.gz
Cc1nc2ccccc2n1[C@H]1C[C@H]2CC[C@@H](C1)N2CCC1(c2ccccc2)CCN(C(=O)C(C)(C)C)CC1,10.73,chembl26.sdf.gz
Cc1nc2ccccc2n1C1CC2CCC(C1)N2CC(=O)C1(c2ccccc2)CCN(C(=O)C(C)(C)C)CC1,6.37,chembl26.sdf.gz
CCN(CC)C(=O)[C@@H]1C=C2c3cccc4[nH]cc(c34)C[C@H]2N(C)C1,7.8,chembl26.sdf.gz
CC1(C)C2CCC1(CS(=O)(=O)O)C(=O)C2.CN1C[C@H]2CN(C)C[C@H](C1)[C@@]2(O)c1ccccc1,11.69,chembl26.sdf.gz
CCC(=O)OC1(c2ccccc2)C2CN(C)CC1CN(C)C2.CS(=O)(=O)O,11.03,chembl26.sdf.gz
COC1(c2ccccc2)C2CN(C)CC1CN(C)C2.O=C(O)CC(O)(CC(=O)O)C(=O)O,11.73,chembl26.sdf.gz
CNC(=O)[C@H]1O[C@@H](n2cnc3c(NCc4cc(Cl)ccc4OCc4cc(C)no4)ncnc32)[C@H](O)[C@@H]1N,6.25,chembl26.sdf.gz
CC(C)(C)C(=O)CN1CCC(CNC(=O)c2cc(Cl)cc(Cl)c2)CC1,8.0,chembl26.sdf.gz
CC(C)(C)CCN1CC[C@@H](CNC(=O)c2cc(Cl)cc(Cl)c2)[C@H](F)C1,6.7,chembl26.sdf.gz
CC(C)(C)CCN1CC[C@H](CNC(=O)c2cc(Cl)cc(Cl)c2)[C@H](F)C1,7.9,chembl26.sdf.gz
CC(C)(C)NC(=O)CN1CCC(CNC(=O)c2cc(Cl)cc(Cl)c2)CC1,7.6,chembl26.sdf.gz
CC(C)(C)C(O)CN1CCC(CNC(=O)c2cc(Cl)cc(Cl)c2)CC1,9.2,chembl26.sdf.gz
CC(C)(C)CCN1CCC(CNC(=O)c2cc(Cl)cc(Cl)c2)CC1,8.7,chembl26.sdf.gz
CC1(C)C[C@@H](CN2CCC(F)(CNC(=O)c3cc(Cl)cc(Cl)c3)CC2)CCO1,7.9,chembl26.sdf.gz
CCc1nc2c(C)cc(C)nc2n1Cc1ccc(-c2ccccc2C2=NN(c3ccccc3)[S+]([O-])N2)cc1,7.1,chembl26.sdf.gz
CCc1nc2c(C)cc(C)nc2n1Cc1ccc(-c2ccccc2C(=O)O)cc1,5.1,chembl26.sdf.gz
CCc1nc2c(C)cc(C)nc2n1Cc1ccc(-c2ccccc2C2Nc3cc(Cl)c(S(N)(=O)=O)cc3S(=O)(=O)N2)cc1,8.9,chembl26.sdf.gz
CCc1nc2c(C)cc(C)nc2n1Cc1ccc(-c2ccccc2C2=NOS(=O)N2)cc1,5.7,chembl26.sdf.gz
CCc1nc2c(C)cc(C)nc2n1Cc1ccc(-c2ccccc2C2=NS(=O)(=O)c3cc(S(N)(=O)=O)c(Cl)cc3N2)cc1,7.0,chembl26.sdf.gz
CCc1nc2c(C)cc(C)nc2n1Cc1ccc(-c2ccccc2-c2nn[nH]n2)cc1,4.9,chembl26.sdf.gz
CCc1nc2c(C)cc(C)nc2n1Cc1ccc(-c2ccccc2C2=NS(=O)(=O)c3ccccc3N2)cc1,8.7,chembl26.sdf.gz
CNCc1cc(=O)oc2cc(OCc3cccc(Cl)c3)ccc12.CS(=O)(=O)O,7.18,chembl26.sdf.gz
COCCCOc1cc2c(cc1OC)-c1cc(=O)c(C(=O)O)cn1[C@H](C(C)C)C2,5.79,chembl26.sdf.gz
CN(C)CCNC1=Nc2cccc3cccc(c23)N1,6.0,chembl26.sdf.gz
CN1CC[C@@H](NC(=O)Nc2ccc(C#N)cc2)C[C@@H]1c1nc2ccccc2[nH]1,6.0,chembl26.sdf.gz
CN1CCC=C(c2nc(-c3cn(C)c4ccccc34)no2)C1,7.2,chembl26.sdf.gz
CCn1cc([C@]2(c3cccc(NC(=O)c4ccc(Cl)cn4)c3)N=C(N)c3c(F)cccc32)cc(C)c1=O,7.3,chembl26.sdf.gz
CCn1cc([C@]2(c3cccc(C#CC4CC4)c3)N=C(N)c3c(F)cccc32)cc(C)c1=O,7.6,chembl26.sdf.gz
CC#Cc1cncc(-c2cccc([C@@]3(c4cc(C)c(=O)n(CC)c4)N=C(N)c4c(F)cccc43)c2)c1,7.5,chembl26.sdf.gz
CCn1cc(C2(c3cccc(-c4cncnc4)c3)N=C(N)c3c(F)cccc32)cc(C)c1=O,7.7,chembl26.sdf.gz
Cc1cc(C2(c3cccc(-c4cncnc4)c3)N=C(N)c3c(F)cccc32)cn(C)c1=O,7.4,chembl26.sdf.gz
COc1c(C)cc(C2(c3cccc(-c4cncnc4)c3)N=C(N)c3c(F)cccc32)nc1C,8.1,chembl26.sdf.gz
COc1ccc(C2(c3cccc(-c4cncnc4)c3)N=C(N)c3c(F)cccc32)cc1,8.2,chembl26.sdf.gz
NC1=N[C@@](c2cccc(-c3cncnc3)c2)(c2ccnc(C(F)F)c2)c2cc(F)cc(F)c21,6.2,chembl26.sdf.gz
NC1=N[C@@](c2cccc(-c3cncnc3)c2)(c2ccnc(C(F)F)c2)c2cccc(F)c21,7.1,chembl26.sdf.gz
NC1=NC(c2cccc(-c3cncnc3)c2)(c2ccnc(C(F)F)c2)c2cccc(F)c21,6.8,chembl26.sdf.gz
COc1cc(C2(c3cccc(-c4cncnc4)c3)N=C(N)c3c(F)cccc32)ccn1,7.1,chembl26.sdf.gz
NC1=NC(c2cccc(-c3cncnc3)c2)(c2ccnc(C3CC3)c2)c2cccc(F)c21,7.4,chembl26.sdf.gz
Cc1cc(C2(c3cccc(-c4cncnc4)c3)N=C(N)c3c(F)cccc32)cc(C)n1,8.0,chembl26.sdf.gz
NC1=NC(c2ccnc(C(F)(F)F)c2)(c2ccc(F)c(-c3cncnc3)c2)c2cccc(F)c21,6.4,chembl26.sdf.gz
NC1=NC(c2cccc(-c3cncnc3)c2)(c2ccnc(C(F)(F)F)c2)c2cccc(F)c21,6.9,chembl26.sdf.gz
NC1=NC(c2ccncc2)(c2cccc(-c3cncc(F)c3)c2)c2cccc(F)c21,7.1,chembl26.sdf.gz
NC1=N[C@](c2ccncc2)(c2cccc(-c3cncnc3)c2)c2cccc(F)c21,7.2,chembl26.sdf.gz
NC1=NC(c2ccncc2)(c2cccc(-c3cncnc3)c2)c2cccc(F)c21,7.1,chembl26.sdf.gz
NC1=NC(c2ccncc2)(c2cccc(-c3cncnc3)c2)c2ccccc21,8.4,chembl26.sdf.gz
Cn1c(N)nc2ccn(C)c2c1=O,10.6,chembl26.sdf.gz
CN1CCC[C@H]1c1cccnc1,8.1,chembl26.sdf.gz
O=C(NCC1CCCCN1)c1cc(OCC(F)(F)F)ccc1OCC(F)(F)F,9.3,chembl26.sdf.gz
CCN(CC)CCCC(C)Nc1c2ccc(Cl)cc2nc2ccc(OC)cc12,10.2,chembl26.sdf.gz
CNS(=O)(=O)Cc1ccc2[nH]cc(CCN(C)C)c2c1,9.5,chembl26.sdf.gz
CNC(=C[N+](=O)[O-])NCCSCc1csc(CN(C)C)n1,6.59,chembl26.sdf.gz
CCCCc1oc2ccccc2c1C(=O)c1cc(I)c(OCCN(CC)CC)c(I)c1,8.73,chembl26.sdf.gz
CN1C[C@H](C(=O)N[C@]2(C)O[C@@]3(O)[C@@H]4CCCN4C(=O)[C@H](Cc4ccccc4)N3C2=O)C=C2c3cccc4[nH]cc(c34)C[C@H]21,6.3,chembl26.sdf.gz
CN(C)CCOC(c1ccccc1)c1ccccc1,9.1,chembl26.sdf.gz
CCc1nn(CCCN2CCN(c3cccc(Cl)c3)CC2)c(=O)n1CCOc1ccccc1,6.79,chembl26.sdf.gz
CN1CCCC(n2nc(Cc3ccc(Cl)cc3)c3ccccc3c2=O)CC1,9.54,chembl26.sdf.gz
CNCCCN1c2ccccc2CCc2ccccc21,10.23,chembl26.sdf.gz
CCN(CC)CCNC(=O)c1cc(Cl)c(N)cc1OC,9.33,chembl26.sdf.gz
Cc1cccc(C)c1OCC(C)N,9.11,chembl26.sdf.gz
COC(=O)[C@H]1[C@@H](OC(=O)c2ccccc2)C[C@@H]2CC[C@H]1N2C,8.7,chembl26.sdf.gz
CCC(=O)N(c1ccccc1)C1CCN(CCc2ccccc2)CC1,8.43,chembl26.sdf.gz
O=C(CCCN1CCC(O)(c2ccc(Cl)cc2)CC1)c1ccc(F)cc1,8.65,chembl26.sdf.gz
COc1ccc([C@@H]2Sc3ccccc3N(CCN(C)C)C(=O)[C@@H]2OC(C)=O)cc1,8.06,chembl26.sdf.gz
CN(C)CCC(c1ccc(Cl)cc1)c1ccccn1,9.26,chembl26.sdf.gz
CN1CCN(C2=Nc3cc(Cl)ccc3Nc3ccccc32)CC1,7.63,chembl26.sdf.gz
CC(C)(C)NCC(O)c1cc(O)cc(O)c1,8.7,chembl26.sdf.gz
Cc1ccc(O)c([C@H](CCN(C(C)C)C(C)C)c2ccccc2)c1,9.87,chembl26.sdf.gz
CCN(CC)CCNC(=O)c1ccc(N)cc1,9.24,chembl26.sdf.gz
Clc1cc(Cl)c(N=C2NCCN2)cc1Cl,7.7,chembl26.sdf.gz
CC(C)c1cccc(C(C)C)c1N=C1NCCN1,10.65,chembl26.sdf.gz
COc1cc(C)ccc1N=C1NCCN1,10.6,chembl26.sdf.gz
Cc1ccc(Cl)cc1N=C1NCCN1,9.5,chembl26.sdf.gz
COc1ccc(OC)c(N=C2NCCN2)c1,10.15,chembl26.sdf.gz
Brc1ccc(N=C2NCCN2)cc1,9.65,chembl26.sdf.gz
COc1cc(OC)c(N=C2NCCN2)cc1Cl,10.15,chembl26.sdf.gz
FC(F)(F)c1ccccc1N=C1NCCN1,8.8,chembl26.sdf.gz
Oc1cc(Cl)c(N=C2NCCN2)c(Cl)c1,7.95,chembl26.sdf.gz
O=C(O)c1cc(F)c2nc(N3C4CCC3CC(OCc3c(-c5ccccc5OC(F)(F)F)noc3C3CC3)C4)sc2c1,4.0,chembl26.sdf.gz
O=C(O)c1ccc2nc(N3C4CCC3CC(OCc3c(-c5ccccc5OC(F)(F)F)noc3C3CC3)C4)sc2c1,5.1,chembl26.sdf.gz
Cc1cc(C(=O)O)cc2sc(N3C4CCC3CC(OCc3c(-c5ccccc5OC(F)(F)F)noc3C3CC3)C4)nc12,5.5,chembl26.sdf.gz
COc1cc(C(=O)O)cc2sc(N3C4CCC3CC(OCc3c(-c5ccccc5OC(F)(F)F)noc3C3CC3)C4)nc12,4.5,chembl26.sdf.gz
O=C(O)c1cc(F)c2nc(N3C4CCC3CC(OCc3c(-c5ccccc5OC(F)F)noc3C3CC3)C4)sc2c1,4.0,chembl26.sdf.gz
O=C(O)c1cc(F)c2nc(N3C4CCC3CC(OCc3c(-c5ccccc5C(F)(F)F)noc3C3CC3)C4)sc2c1,4.0,chembl26.sdf.gz
CC(=O)N[C@@H](Cc1cc(F)cc(F)c1)[C@H](O)CN[C@H]1CCCc2ccc(CC(C)(C)C)cc21,8.9,chembl26.sdf.gz
CC1(C)O[C@H]2CC(=O)OC[C@]23[C@H]2CC[C@@]4(C)[C@H](c5ccoc5)OC(=O)[C@H]5O[C@]54[C@]2(C)/C(=N\OCCN2CCCCC2)C[C@@H]13.Cl,8.87,chembl26.sdf.gz
CC1(C)O[C@H]2CC(=O)OC[C@]23[C@H]2CC[C@@]4(C)[C@H](c5ccoc5)OC(=O)[C@H]5O[C@]54[C@]2(C)/C(=N\OCCN2CCOCC2)C[C@@H]13.Cl,6.11,chembl26.sdf.gz
CCN(CC)CCO/N=C1/C[C@H]2C(C)(C)O[C@H]3CC(=O)OC[C@]32[C@H]2CC[C@@]3(C)[C@H](c4ccoc4)OC(=O)[C@H]4O[C@]43[C@]12C.Cl,9.17,chembl26.sdf.gz
CN(C)CCCO/N=C1/C[C@H]2C(C)(C)O[C@H]3CC(=O)OC[C@]32[C@H]2CC[C@@]3(C)[C@H](c4ccoc4)OC(=O)[C@H]4O[C@]43[C@]12C.Cl,9.28,chembl26.sdf.gz
CN(C)CCO/N=C1/C[C@H]2C(C)(C)O[C@H]3CC(=O)OC[C@]32[C@H]2CC[C@@]3(C)[C@H](c4ccoc4)OC(=O)[C@H]4O[C@]43[C@]12C.Cl,8.78,chembl26.sdf.gz
CC1(C)O[C@H]2CC(=O)OC[C@]23[C@H]2CC[C@]4(C)C(=CC(=O)O[C@H]4c4ccoc4)[C@]2(C)/C(=N\OCCN2CCCCC2)C[C@@H]13.Cl,8.52,chembl26.sdf.gz
CC1(C)O[C@H]2CC(=O)OC[C@]23[C@H]2CC[C@]4(C)C(=CC(=O)O[C@H]4c4ccoc4)[C@]2(C)/C(=N\OCCN2CCOCC2)C[C@@H]13.Cl,6.84,chembl26.sdf.gz
CCN(CC)CCO/N=C1/C[C@H]2C(C)(C)O[C@H]3CC(=O)OC[C@]32[C@H]2CC[C@]3(C)C(=CC(=O)O[C@H]3c3ccoc3)[C@]12C.Cl,9.49,chembl26.sdf.gz
CN(C)CCCO/N=C1/C[C@H]2C(C)(C)O[C@H]3CC(=O)OC[C@]32[C@H]2CC[C@]3(C)C(=CC(=O)O[C@H]3c3ccoc3)[C@]12C.Cl,9.39,chembl26.sdf.gz
CN(C)CCO/N=C1/C[C@H]2C(C)(C)O[C@H]3CC(=O)OC[C@]32[C@H]2CC[C@]3(C)C(=CC(=O)O[C@H]3c3ccoc3)[C@]12C.Cl,8.88,chembl26.sdf.gz
CSC(=N)N,9.83,chembl26.sdf.gz
CCCN1CCO[C@H](c2cccc(O)c2)C1,7.4,chembl26.sdf.gz
C[N+](C)(C)c1ccc2c(c1)CCC/C2=N\N.[I-],2.5,chembl26.sdf.gz
CC1=Nc2c(F)cc(-c3nc(Nc4ccc(C5CCN(C)CC5)cn4)ncc3F)cc2C12CCCC2,8.19,chembl26.sdf.gz
CNc1nc2[nH]c(-c3cccc(CNC(=O)COC)n3)cc2c2c1ncn2C,2.5,chembl26.sdf.gz
C[C@H]1[C@H](C)CC[C@]2(C(=O)O)CC[C@]3(C)C(=CC[C@@H]4[C@@]5(C)CC[C@H](O)C(C)(C)[C@@H]5CC[C@]43C)[C@H]12,5.29,chembl26.sdf.gz
CCCCCNC1=NCCN1OCCCc1ccccc1,10.0,chembl26.sdf.gz
CCCCCNC1=NCCN1OCCc1ccccc1,9.9,chembl26.sdf.gz
CCCCCNC1=NCCN1OCc1ccccc1,10.1,chembl26.sdf.gz
CCCCCSC1=NCCN1OCc1ccccc1,8.5,chembl26.sdf.gz
CCO[C@@H]([C@H]1C[C@@H](C)[C@H]2[C@H](O1)[C@H](O)[C@@]1(C)[C@@H]3CC[C@H]4C(C)(C)[C@@H](O[C@H]5CN(C6COC6)CCO5)CC[C@@]45C[C@@]35CC[C@]21C)C(C)(C)O,5.1,chembl26.sdf.gz
CCO[C@@H]([C@H]1C[C@@H](C)[C@H]2[C@H](O1)[C@H](O)[C@@]1(C)[C@@H]3CC[C@H]4C(C)(C)[C@@H](O[C@H]5CN(CC)CCO5)CC[C@@]45C[C@@]35CC[C@]21C)C(C)(C)O,7.3,chembl26.sdf.gz
CCO[C@@H]([C@H]1C[C@@H](C)[C@H]2[C@H](O1)[C@H](O)[C@@]1(C)[C@@H]3CC[C@H]4C(C)(C)[C@@H](O[C@H]5CN(C)CCO5)CC[C@@]45C[C@@]35CC[C@]21C)C(C)(C)O,7.2,chembl26.sdf.gz
CCO[C@@H]([C@H]1C[C@@H](C)[C@H]2[C@H](O1)[C@H](O)[C@@]1(C)[C@@H]3CC[C@H]4C(C)(C)[C@@H](O[C@H]5CNCCO5)CC[C@@]45C[C@@]35CC[C@]21C)C(C)(C)O,7.8,chembl26.sdf.gz
CCO[C@@H]([C@H]1C[C@@H](C)[C@H]2[C@H](O1)[C@H](O)[C@@]1(C)[C@@H]3CC[C@H]4C(C)(C)[C@@H](O[C@H]5CN(C6CN(C)C6)CCO5)CC[C@@]45C[C@@]35CC[C@]21C)C(C)(C)O,9.4,chembl26.sdf.gz
CCO[C@@H]([C@H]1C[C@@H](C)[C@H]2[C@H](O1)[C@H](O)[C@@]1(C)[C@@H]3CC[C@H]4C(C)(C)[C@@H](O[C@H]5CN(CCOC)CCO5)CC[C@@]45C[C@@]35CC[C@]21C)C(C)(C)O,6.3,chembl26.sdf.gz
CCO[C@@H]([C@H]1C[C@@H](C)[C@H]2[C@H](O1)[C@H](O)[C@@]1(C)[C@@H]3CC[C@H]4C(C)(C)[C@@H](O[C@H]5CN(CC(=O)N6CCC6)CCO5)CC[C@@]45C[C@@]35CC[C@]21C)C(C)(C)O,5.2,chembl26.sdf.gz
CCO[C@@H]([C@H]1C[C@@H](C)[C@H]2[C@H](O1)[C@H](O)[C@@]1(C)[C@@H]3CC[C@H]4C(C)(C)[C@@H](O[C@H]5CN(CCN6CCC6)CCO5)CC[C@@]45C[C@@]35CC[C@]21C)C(C)(C)O,9.4,chembl26.sdf.gz
CCO[C@@H]([C@H]1C[C@@H](C)[C@H]2[C@H](O1)[C@H](O)[C@@]1(C)[C@@H]3CC[C@H]4C(C)(C)[C@@H](O[C@H]5CN(C6(C)COC6)CCO5)CC[C@@]45C[C@@]35CC[C@]21C)C(C)(C)O,5.2,chembl26.sdf.gz
CCO[C@@H]([C@H]1C[C@@H](C)[C@H]2[C@H](O1)[C@H](O)[C@@]1(C)[C@@H]3CC[C@H]4C(C)(C)[C@@H](O[C@H]5CN(C6CNC6)CCO5)CC[C@@]45C[C@@]35CC[C@]21C)C(C)(C)O,10.7,chembl26.sdf.gz
CCO[C@@H]([C@H]1C[C@@H](C)[C@H]2[C@H](O1)[C@H](O)[C@@]1(C)[C@@H]3CC[C@H]4C(C)(C)[C@@H](O[C@H]5CN(CC6CN(C)C6)CCO5)CC[C@@]45C[C@@]35CC[C@]21C)C(C)(C)O,9.6,chembl26.sdf.gz
CCO[C@@H]([C@H]1C[C@@H](C)[C@H]2[C@H](O1)[C@H](O)[C@@]1(C)[C@@H]3CC[C@H]4C(C)(C)[C@@H](O[C@H]5CN(C6CN(C7CCC7)C6)CCO5)CC[C@@]45C[C@@]35CC[C@]21C)C(C)(C)O,10.1,chembl26.sdf.gz
CCO[C@@H]([C@H]1C[C@@H](C)[C@H]2[C@H](O1)[C@H](O)[C@@]1(C)[C@@H]3CC[C@H]4C(C)(C)[C@@H](O[C@H]5CN(C6CN(C7COC7)C6)CCO5)CC[C@@]45C[C@@]35CC[C@]21C)C(C)(C)O,8.5,chembl26.sdf.gz
CCO[C@@H]([C@H]1C[C@@H](C)[C@H]2[C@H](O1)[C@H](O)[C@@]1(C)[C@@H]3CC[C@H]4C(C)(C)[C@@H](O[C@H]5CN(C6CN(CCOC)C6)CCO5)CC[C@@]45C[C@@]35CC[C@]21C)C(C)(C)O,8.4,chembl26.sdf.gz
CCO[C@@H]([C@H]1C[C@@H](C)[C@H]2[C@H](O1)[C@H](O)[C@@]1(C)[C@@H]3CC[C@H]4C(C)(C)[C@@H](O[C@H]5CN(C6CN(CC(C)(C)O)C6)CCO5)CC[C@@]45C[C@@]35CC[C@]21C)C(C)(C)O,9.1,chembl26.sdf.gz
CCO[C@@H]([C@H]1C[C@@H](C)[C@H]2[C@H](O1)[C@H](O)[C@@]1(C)[C@@H]3CC[C@H]4C(C)(C)[C@@H](O[C@H]5CN(C6CN(CCO)C6)CCO5)CC[C@@]45C[C@@]35CC[C@]21C)C(C)(C)O,8.4,chembl26.sdf.gz
CCO[C@@H]([C@H]1C[C@@H](C)[C@H]2[C@H](O1)[C@H](O)[C@@]1(C)[C@@H]3CC[C@H]4C(C)(C)[C@@H](O[C@H]5CN(CC6CN(C(C)C)C6)CCO5)CC[C@@]45C[C@@]35CC[C@]21C)C(C)(C)O,9.8,chembl26.sdf.gz
CCO[C@@H]([C@H]1C[C@@H](C)[C@H]2[C@H](O1)[C@H](O)[C@@]1(C)[C@@H]3CC[C@H]4C(C)(C)[C@@H](O[C@H]5CN(CC6CN(C7CCC7)C6)CCO5)CC[C@@]45C[C@@]35CC[C@]21C)C(C)(C)O,10.5,chembl26.sdf.gz
CCO[C@@H]([C@H]1C[C@@H](C)[C@H]2[C@H](O1)[C@H](O)[C@@]1(C)[C@@H]3CC[C@H]4C(C)(C)[C@@H](O[C@H]5CN(CC6CN(C7COC7)C6)CCO5)CC[C@@]45C[C@@]35CC[C@]21C)C(C)(C)O,8.8,chembl26.sdf.gz
CCO[C@@H]([C@H]1C[C@@H](C)[C@H]2[C@H](O1)[C@H](O)[C@@]1(C)[C@@H]3CC[C@H]4C(C)(C)[C@@H](O[C@H]5CN(CC6CN(CCOC)C6)CCO5)CC[C@@]45C[C@@]35CC[C@]21C)C(C)(C)O,8.6,chembl26.sdf.gz
CCO[C@@H]([C@H]1C[C@@H](C)[C@H]2[C@H](O1)[C@H](O)[C@@]1(C)[C@@H]3CC[C@H]4C(C)(C)[C@@H](O[C@H]5CN(CC6CN(CC(C)(C)O)C6)CCO5)CC[C@@]45C[C@@]35CC[C@]21C)C(C)(C)O,9.3,chembl26.sdf.gz
CCO[C@@H]([C@H]1C[C@@H](C)[C@H]2[C@H](O1)[C@H](O)[C@@]1(C)[C@@H]3CC[C@H]4C(C)(C)[C@@H](O[C@H]5CN(CC6CN(CCO)C6)CCO5)CC[C@@]45C[C@@]35CC[C@]21C)C(C)(C)O,8.6,chembl26.sdf.gz
CCO[C@@H]([C@H]1C[C@@H](C)[C@H]2[C@H](O1)[C@H](O)[C@@]1(C)[C@@H]3CC[C@H]4C(C)(C)[C@@H](O[C@H]5CN(C6CN(C(C)C)C6)CCO5)CC[C@@]45C[C@@]35CC[C@]21C)C(C)(C)O,9.6,chembl26.sdf.gz
NC1=N[C@@]2(CO1)c1cc(-c3cccc(F)n3)ccc1Oc1cnc(-c3ccnc(F)c3)cc12,5.6,chembl26.sdf.gz
CCOC(=O)[C@H](CCc1ccccc1)N[C@@H](C)C(=O)N1CCC[C@H]1C(=O)O,5.49,chembl26.sdf.gz
CCn1cccc(O)c1=O,8.99,chembl26.sdf.gz
CC(C)=CCOC[n+]1ccn(C)c1/C=N/O.[Cl-],8.04,chembl26.sdf.gz
CS(=O)(=O)Nc1ccc(Nc2c3ccc([N+](=O)[O-])cc3nc3cc([N+](=O)[O-])ccc23)cc1,3.68,chembl26.sdf.gz
Cc1nn(-c2ccccc2)c(S)c1C(=O)c1ccccc1,2.9,chembl26.sdf.gz
Cc1nn(-c2ccccc2)c(SSc2c(C(=O)c3ccccc3)c(C)nn2-c2ccccc2)c1C(=O)c1ccccc1,3.2,chembl26.sdf.gz
Cc1cc(CCc2cc(C)nn2-c2ccccc2)n(-c2ccccc2)n1,2.5,chembl26.sdf.gz
Cc1cc(COc2cc(C)nn2-c2ccccc2)n(-c2ccccc2)n1,2.7,chembl26.sdf.gz
Cc1cc(CNCc2cc(C)nn2-c2ccccc2)n(-c2ccccc2)n1,2.2,chembl26.sdf.gz
Cc1cc(OCCOc2cc(C)nn2-c2ccccc2)n(-c2ccccc2)n1,2.2,chembl26.sdf.gz
Cc1cc(COc2cc(C)nn2-c2ccc([N+](=O)[O-])cc2)n(-c2ccccc2)n1,2.0,chembl26.sdf.gz
Cc1cc(COc2cc(C)nn2-c2ccccc2)n(Cc2ccccc2)n1,2.1,chembl26.sdf.gz
Cc1cc(OCc2cc(C)nn2-c2ccccc2)n(CC2CCCCC2)n1,3.6,chembl26.sdf.gz
Cc1cc(COc2cc(C)nn2C2CCCC2)n(-c2ccccc2)n1,2.7,chembl26.sdf.gz
Cc1cc(OCc2cc(C)nn2-c2ccccc2)n(CCN)n1,2.5,chembl26.sdf.gz
Cc1cc(OCc2cc(C)nn2-c2ccccc2)n(CC(=O)O)n1,7.3,chembl26.sdf.gz
Cc1cc(OCc2cc(C)nn2-c2ccccc2)[nH]n1,2.4,chembl26.sdf.gz
Cc1cc(O)n(Cc2cc(C)nn2-c2ccccc2)n1,2.3,chembl26.sdf.gz
Cc1cc(OCC2CCCN2Cc2ccccc2)n(-c2ccccc2)n1,2.4,chembl26.sdf.gz
O=c1ccc2c([C@@H](O)CNCCc3ccc(Nc4ccc(OCCN5CCNCC5)cc4)cc3)ccc(O)c2[nH]1,9.1,chembl26.sdf.gz
Cc1nc2ccccc2n1C1CC2CCC(C1)N2CC[C@H](NC(=O)C1CCC1)c1ccccc1,7.8,chembl26.sdf.gz
Cc1nc2ccccc2n1C1CC2COCC(C1)N2CC[C@H](NC(=O)C1CCC1)c1ccccc1,6.0,chembl26.sdf.gz
Cc1nn(-c2ccc(F)cc2)c(NS(=O)(=O)c2ccc(C#N)cc2)c1C(=O)N[C@@H](C)C(C)(C)C,3.0,chembl26.sdf.gz
Cc1ccc(S(=O)(=O)Nc2c(C(=O)N[C@@H](C)C(C)(C)C)c(C)nn2-c2ccccc2)cc1,3.9,chembl26.sdf.gz
O=C(NOCCO)c1ncc2cncn2c1Nc1ccc(I)cc1F,2.03,chembl26.sdf.gz
CCNC(=O)Nc1cc(-c2nc(C(F)(F)F)cs2)c(-c2cncc(C(=O)O)c2)cn1,3.5,chembl26.sdf.gz
CCNC(=O)Nc1cc(-c2nc(C(F)(F)F)cs2)c(-c2cc3ncccc3nc2N2CCN(C)CC2)cn1,7.4,chembl26.sdf.gz
CCNC(=O)Nc1cc(-c2nc(C(F)(F)F)cs2)c(-c2cc3ncccc3nc2N2C3CC2CN(C)C3)cn1,7.6,chembl26.sdf.gz
CCNC(=O)Nc1cc(-c2nc(C(F)(F)F)cs2)c(-c2cc3ncccc3nc2N2C3CCC2CN(C)C3)cn1,7.8,chembl26.sdf.gz
CCNC(=O)Nc1cc(-c2nc(C(F)(F)F)cs2)c(-c2cc3ncccc3nc2N2CCC(N)CC2)cn1,9.3,chembl26.sdf.gz
CCNC(=O)Nc1cc(-c2nc(C(F)(F)F)cs2)c(-c2cc3ncccc3nc2N2[C@@H]3CC[C@H]2C[C@@H](N)C3)cn1,9.2,chembl26.sdf.gz
CCNC(=O)Nc1cc(-c2nc(C(F)(F)F)cs2)c(-c2cc3ncccc3nc2N2CC3CCC2CN3)cn1,9.2,chembl26.sdf.gz
CCNC(=O)Nc1cc(-c2nc(C(F)(F)F)cs2)c(-c2cc3ncccc3nc2N2CC3CCCC(C2)N3)cn1,9.2,chembl26.sdf.gz
Oc1cc(C2CCNCC2)[nH]n1,6.7,chembl26.sdf.gz
CC1CCc2c(N3CCC(O)CC3)c(F)cc3c(=O)c(C(=O)O)cn1c23,6.8,chembl26.sdf.gz
N[C@@H]1[C@H]2CN(c3nc4c(cc3F)c(=O)c(C(=O)O)cn4-c3ccc(F)cc3F)C[C@@H]12,4.45,chembl26.sdf.gz
C[C@@H]1CN(c2c(F)c(N)c3c(=O)c(C(=O)O)cn(C4CC4)c3c2F)C[C@H](C)N1,6.43,chembl26.sdf.gz
COc1c(N2CCNC(C)C2)c(F)cc2c(=O)c(C(=O)O)cn(C3CC3)c12,5.97,chembl26.sdf.gz
COc1c(N2C[C@@H]3CCCN[C@@H]3C2)c(F)cc2c(=O)c(C(=O)O)cn(C3CC3)c12,6.2,chembl26.sdf.gz
O=C(O)c1cn(C2CC2)c2cc(N3CCNCC3)c(F)cc2c1=O,6.39,chembl26.sdf.gz
CCn1cc(C(=O)O)c(=O)c2cc(F)c(N3CCNCC3)cc21,6.54,chembl26.sdf.gz
CCn1cc(C(=O)O)c(=O)c2cc(F)c(N3CCN(C)CC3)cc21,6.15,chembl26.sdf.gz
C[C@H]1COc2c(N3CCN(C)CC3)c(F)cc3c(=O)c(C(=O)O)cn1c23,6.1,chembl26.sdf.gz
Nc1ccc(OS(=O)(=O)O)cc1Cl,2.4,chembl26.sdf.gz
NCCCOP(=O)(O)NCCCl,1.6,chembl26.sdf.gz
O=P(O)(O)OCCCNCCCl,5.9,chembl26.sdf.gz
O=P1(O)NCCCO1,4.1,chembl26.sdf.gz
NCCCOP(=O)(O)O,5.9,chembl26.sdf.gz
NP(=O)(O)OCCCNCCCl,2.3,chembl26.sdf.gz
O=P(O)(NCCCl)OCCCNCCCl,1.6,chembl26.sdf.gz
O=C(Oc1ccc([N+](=O)[O-])cc1)c1cccc(O)c1O,8.8,chembl26.sdf.gz
CN(Cc1ccc(CNc2ccnc3cc(Cl)ccc23)cc1)Cc1ccc(N(C)C)cc1,9.66,chembl26.sdf.gz
CN(Cc1ccc(N(C)C)cc1)Cc1cccc(CNc2ccnc3cc(Cl)ccc23)c1,9.67,chembl26.sdf.gz
CN(Cc1ccc(N(C)C)cc1)Cc1ccccc1CNc1ccnc2cc(Cl)ccc12,9.71,chembl26.sdf.gz
COc1ccc(CN(C)Cc2ccc(CNc3ccnc4cc(Cl)ccc34)cc2)cc1,9.7,chembl26.sdf.gz
COc1ccc(CN(C)Cc2cccc(CNc3ccnc4cc(Cl)ccc34)c2)cc1,9.67,chembl26.sdf.gz
COc1ccc(CN(C)Cc2ccccc2CNc2ccnc3cc(Cl)ccc23)cc1,9.85,chembl26.sdf.gz
CN(Cc1ccc(Cl)cc1)Cc1ccc(CNc2ccnc3cc(Cl)ccc23)cc1,9.74,chembl26.sdf.gz
CN(Cc1ccc(Cl)cc1)Cc1cccc(CNc2ccnc3cc(Cl)ccc23)c1,9.89,chembl26.sdf.gz
CN(Cc1ccc(Cl)cc1)Cc1ccccc1CNc1ccnc2cc(Cl)ccc12,9.6,chembl26.sdf.gz
CN(Cc1ccccc1)Cc1ccc(CNc2ccnc3cc(Cl)ccc23)cc1,9.9,chembl26.sdf.gz
CN(Cc1ccccc1)Cc1cccc(CNc2ccnc3cc(Cl)ccc23)c1,9.77,chembl26.sdf.gz
CN(Cc1ccccc1)Cc1ccccc1CNc1ccnc2cc(Cl)ccc12,9.85,chembl26.sdf.gz
COc1cccc2c3c(c(C)nc12)CCN3c1ccccc1C,9.5,chembl26.sdf.gz
Cl.c1nc(CN2CCCNCCNCCCNCC2)cnc1CN1CCCNCCNCCCNCC1,0.65,chembl26.sdf.gz
Br.c1ncc(CN2CCCNCCNCCCNCC2)nc1CN1CCCNCCNCCCNCC1,5.25,chembl26.sdf.gz
c1ccc(CCC2CNCCNCCCNCCNC2)nc1,5.32,chembl26.sdf.gz
Oc1cccnc1C1CCNCCNCCCNCCN1,3.6,chembl26.sdf.gz
CCCS(=O)(=O)Nc1ccc(F)c(C(=O)Nc2cnc3[nH]nc(OC)c3c2)c1F,0.7,chembl26.sdf.gz
CCCS(=O)(=O)Nc1ccc(F)c(NC(=O)Nc2ncnc3[nH]nc(OC)c23)c1F,1.8,chembl26.sdf.gz
CCCS(=O)(=O)Nc1ccc(F)c(NC(=O)c2cccc3c(N)ncnc23)c1F,4.5,chembl26.sdf.gz
Cc1c(Cc2ccccc2S(=O)(=O)c2ccccc2)c(-c2ccccc2)nn1CC(=O)O,3.5,chembl26.sdf.gz
CNCCCNc1c2ccccc2nc2cccc([N+](=O)[O-])c12,6.2,chembl26.sdf.gz
CN(C)CCNc1c2ccccc2nc2cccc([N+](=O)[O-])c12,4.9,chembl26.sdf.gz
O=[N+]([O-])c1cccc2nc3ccccc3c(NCCO)c12,7.2,chembl26.sdf.gz
O=[N+]([O-])c1cccc2nc3ccccc3c(NCCCO)c12,7.55,chembl26.sdf.gz
CN(C)CCCNc1c2ccccc2nc2cccc([N+](=O)[O-])c12,6.2,chembl26.sdf.gz
CN(C)CCCCCCNc1c2ccccc2nc2cccc([N+](=O)[O-])c12,7.4,chembl26.sdf.gz
O=[N+]([O-])c1cccc2nc3ccccc3c(NCc3ccccc3)c12,7.4,chembl26.sdf.gz
O=[N+]([O-])c1cccc2nc3ccccc3c(NCCc3ccccc3)c12,7.4,chembl26.sdf.gz
CN(C)CCCCNc1c2ccccc2nc2cccc([N+](=O)[O-])c12,6.9,chembl26.sdf.gz
CCCNc1c2ccccc2nc2cccc([N+](=O)[O-])c12,7.2,chembl26.sdf.gz
Nc1c2ccccc2nc2cccc([N+](=O)[O-])c12,7.3,chembl26.sdf.gz
CN(C)CCCCCNc1c2ccccc2nc2cccc([N+](=O)[O-])c12,7.4,chembl26.sdf.gz
CNc1c2ccccc2nc2cccc([N+](=O)[O-])c12,7.2,chembl26.sdf.gz
CC(C)CCNc1c2ccccc2nc2cccc([N+](=O)[O-])c12,7.4,chembl26.sdf.gz
CC1(C)OCCn2c1nc(C(=O)NCc1ccc(F)cc1)c(O)c2=O,6.6,chembl26.sdf.gz
O=C1CC(c2ccccc2)CC(O)=C1Sc1ccccc1[N+](=O)[O-],2.63,chembl26.sdf.gz
COc1ccc(-c2cc(C(=O)O)n[nH]2)cc1,3.31,chembl26.sdf.gz
NS(=O)(=O)C1=NN2C(=NC(=O)NS2(=O)=O)S1,7.2,chembl26.sdf.gz
NS(=O)(=O)c1nn2c(O)cc(=O)nc2s1,7.8,chembl26.sdf.gz
NS(=O)(=O)c1nn2c(=O)[nH]c(=O)nc2s1,8.3,chembl26.sdf.gz
N=C(N)N/N=C/c1ccc(Cl)c(Cl)c1,8.4,chembl26.sdf.gz
C[C@@H]1CN(OCc2ccccc2)C(=O)[C@@H]1N,6.1,chembl26.sdf.gz
C[C@@H]1CN(O)C(=O)[C@@H]1N,8.0,chembl26.sdf.gz
N[C@@H]1CCN(O)C1=O,8.1,chembl26.sdf.gz
Cc1ccc(-c2cc3c(NCP(=O)(O)O)ncnc3s2)cc1,6.8,chembl26.sdf.gz
Cc1ccc(-c2cc3c(CCP(=O)(O)O)ncnc3s2)cc1,7.7,chembl26.sdf.gz
O=C([O-])c1ccc(-c2ccc(Cl)c(O[C@H]3O[C@H](CO)[C@@H](O)[C@H](O)[C@@H]3O)c2)cc1.[Na+],3.41,chembl26.sdf.gz
O=C([O-])c1ccc(-c2cccc(O[C@H]3O[C@H](CO)[C@@H](O)[C@H](O)[C@@H]3O)c2)cc1.[Na+],3.6,chembl26.sdf.gz
O=C([O-])c1ccc(-c2ccc(O[C@H]3O[C@H](CO)[C@@H](O)[C@H](O)[C@@H]3O)cc2)cc1.[Na+],3.88,chembl26.sdf.gz
O=C([O-])c1ccc(-c2ccc(O[C@H]3O[C@H](CO)[C@@H](O)[C@H](O)[C@@H]3O)cc2Cl)cc1.[Na+],3.95,chembl26.sdf.gz
O=C([O-])c1ccc(-c2ccc(O[C@H]3O[C@H](CO)[C@@H](O)[C@H](O)[C@@H]3O)c(Cl)c2)cc1.[Na+],3.98,chembl26.sdf.gz
CN(C)[C@@H]1CCC[C@H]1Nc1nc(Nc2ccc3c(c2)CS(=O)(=O)N3)ncc1C(F)(F)F,9.26,chembl26.sdf.gz
CN(C)[C@@H]1CCC[C@H]1Nc1nc(Nc2ccc3c(c2)CC(=O)N3)ncc1C(F)(F)F,13.67,chembl26.sdf.gz
CC(C)NCC(O)COc1ccc(CC(N)=O)cc1,9.6,chembl26.sdf.gz
C[C@H](C(=O)O)c1cccc(C(=O)c2ccccc2)c1,3.89,chembl26.sdf.gz
CC(C)NCC(O)COc1cccc2ccccc12.Cl,9.52,chembl26.sdf.gz
CC1(C)S[C@@H]2[C@H](NC(=O)[C@H](N)c3ccc(O)cc3)C(=O)N2[C@H]1C(=O)O,9.61,chembl26.sdf.gz
CC(C)n1c(/C=C/C(O)CC(O)CC(=O)[O-])c(-c2ccc(F)cc2)c2ccccc21.[Na+],4.31,chembl26.sdf.gz
CNCCCN1c2ccccc2CCc2ccccc21.Cl,10.65,chembl26.sdf.gz
CC(=O)O[C@H]1C[C@H](n2cc(C)c(=O)[nH]c2=O)O[C@@H]1COP(=O)(OC[C@H]1O[C@@H](n2cc(C)c(=O)[nH]c2=O)C[C@@H]1OC(C)=O)Oc1ccc([N+](=O)[O-])cc1,7.16,chembl26.sdf.gz
CC(=O)O[C@H]1C[C@H](n2cc(C)c(=O)[nH]c2=O)O[C@@H]1COP(=O)(OC[C@H]1O[C@@H](n2cc(C)c(=O)[nH]c2=O)C[C@@H]1OC(C)=O)Oc1ccccc1Cl,8.48,chembl26.sdf.gz
CC(=O)O[C@H]1C[C@H](n2cc(C)c(=O)[nH]c2=O)O[C@@H]1COP(=O)(OC[C@H]1O[C@@H](n2cc(C)c(=O)[nH]c2=O)C[C@@H]1OC(C)=O)Oc1ccc(S(C)(=O)=O)cc1,7.83,chembl26.sdf.gz
CSc1ccc(OP(=O)(OC[C@H]2O[C@@H](n3cc(C)c(=O)[nH]c3=O)C[C@@H]2OC(C)=O)OC[C@H]2O[C@@H](n3cc(C)c(=O)[nH]c3=O)C[C@@H]2OC(C)=O)cc1,9.53,chembl26.sdf.gz
CC(=O)O[C@H]1C[C@H](n2cc(C)c(=O)[nH]c2=O)O[C@@H]1COP(=O)(OC[C@H]1O[C@@H](n2cc(C)c(=O)[nH]c2=O)C[C@@H]1OC(C)=O)Oc1ccc(Cl)cc1,9.38,chembl26.sdf.gz
CC(=O)O[C@H]1C[C@H](n2cc(C)c(=O)[nH]c2=O)O[C@@H]1COP(=O)(OC[C@H]1O[C@@H](n2cc(C)c(=O)[nH]c2=O)C[C@@H]1OC(C)=O)Oc1cc(Cl)ccc1Cl,7.5,chembl26.sdf.gz
CCc1cccc(C)c1CNc1cc(C(=O)N(C)C)nc2cc(C)[nH]c12,7.39,chembl26.sdf.gz
Cc1cccc(C)c1CNc1cc(C(=O)N(C)C)nc2c(C)c(C)n(CC(C)O)c12,7.19,chembl26.sdf.gz
Cc1cccc(C)c1CNc1cc(C(=O)N(C)C)nc2c(CO)c(C)n(Cc3ccccc3)c12,6.52,chembl26.sdf.gz
Cc1cccc(C)c1CNc1cc(C(=O)N(C)C)nc2c(C)c(C)n(C)c12,7.13,chembl26.sdf.gz
Cc1cccc(C)c1CNc1cc(C(=O)N(C)C)nc2c(C)c(C)n(Cc3ccccc3)c12,6.86,chembl26.sdf.gz
Cc1cccc(C)c1CNc1cc(C(=O)N(C)C)nc2c(C)c(C)[nH]c12,7.56,chembl26.sdf.gz
CCc1cccc(C)c1CNc1cc(C(=O)N(C)C)nc2c(C)c(C)[nH]c12,7.57,chembl26.sdf.gz
CNC(=O)c1cc(NCc2c(C)cccc2C)c2[nH]c(C)c(Br)c2n1,7.39,chembl26.sdf.gz
Cc1cccc(C)c1CNc1cc(C(=O)N(C)C)nc2c(CO)c(C)[nH]c12,7.2,chembl26.sdf.gz
CCc1cccc(C)c1CNc1cc(C(=O)N(C)C)nc2c(CO)c(C)[nH]c12,7.07,chembl26.sdf.gz
Cc1cccc(C)c1CNc1cc(C(=O)N(C)C)nc2c(Br)c(C)[nH]c12,6.02,chembl26.sdf.gz
CCc1cccc(C)c1CNc1cc(C(=O)N(C)C)nc2c(Br)c(C)[nH]c12,5.84,chembl26.sdf.gz
CNC(=O)c1cc(NCc2c(C)cccc2C)c2[nH]c(C)cc2n1,7.33,chembl26.sdf.gz
Cc1cc2nc(C(=O)N(C)C)cc(NCc3c(C)cccc3C)c2[nH]1,7.3,chembl26.sdf.gz
COc1cnc(C(=O)Nc2ccc(F)c([C@@]3(C)N=C(N)CO[C@H]3C(F)(F)F)c2)cn1,7.8,chembl26.sdf.gz
COc1cnc(C(=O)Nc2ccc(F)c([C@@]3(C)N=C(N)COC3=C(F)F)c2)cn1,7.9,chembl26.sdf.gz
COc1cnc(C(=O)Nc2ccc(F)c([C@@]3(C)N=C(N)CO[C@H]3C(F)F)c2)cn1,8.4,chembl26.sdf.gz
O=C(Nc1cc(-c2cc3c([nH]2)C2(CCNC2)CNC3=O)ccn1)c1cccc(OC(F)(F)F)c1,8.4,chembl26.sdf.gz
O=C(Nc1cc(-c2cc3c([nH]2)C2(CCNC2)CNC3=O)ccn1)c1ccc2ccccc2c1,8.5,chembl26.sdf.gz
O=C(Nc1cc(-c2cc3c([nH]2)C2(CCCNC2)CNC3=O)ccn1)c1cccc(OC(F)(F)F)c1,8.2,chembl26.sdf.gz
O=C(Nc1cc(-c2cc3c([nH]2)C2(CCCNC2)CNC3=O)ccn1)c1ccc2ccccc2c1,8.2,chembl26.sdf.gz
CN1CCC2(CC1)CNC(=O)c1cc(-c3ccnc(NC(=O)c4cccc(OC(F)(F)F)c4)c3)[nH]c12,8.4,chembl26.sdf.gz
O=C(Nc1cc(-c2cc3c([nH]2)C2(CCNCC2)CNC3=O)ccn1)c1cccc(OC(F)(F)F)c1,9.1,chembl26.sdf.gz
CN1CCC2(CC1)CNC(=O)c1cc(-c3ccnc(NC(=O)c4ccc5ccccc5c4)c3)[nH]c12,8.3,chembl26.sdf.gz
O=C(Nc1cc(-c2cc3c([nH]2)C2(CCNCC2)CNC3=O)ccn1)c1ccc2ccccc2c1,9.2,chembl26.sdf.gz
CN(c1nc2ccccc2s1)C1CCN(C[C@H](O)COc2ccc(F)c(F)c2)CC1,2.85,chembl26.sdf.gz
CCCS(=O)(=O)Nc1ccc(F)c(NC(=O)c2csc3c(N)ncnc23)c1F,3.6,chembl26.sdf.gz
Nc1ncnc2c(C(=O)Nc3c(Cl)ccc(NS(=O)(=O)CCCF)c3F)csc12,3.6,chembl26.sdf.gz
CCOc1cc(NC(=O)C2(NC(=O)c3ccc4c(C5CCCC5)c(-c5ncc(Cl)cn5)n(C)c4c3)CCC2)ccc1/C=C/C(=O)OCCN(C)C,7.7,chembl26.sdf.gz
CCOc1cc(NC(=O)C2(NC(=O)c3ccc4c(C5CCCC5)c(-c5ncc(Cl)cn5)n(C)c4c3)CCC2)ccc1/C=C/C(=O)OCCN1CCOCC1,5.7,chembl26.sdf.gz
CCOc1cc(NC(=O)C2(NC(=O)c3ccc4c(C5CCCC5)c(-c5ncc(Cl)cn5)n(C)c4c3)CCC2)ccc1/C=C/C(=O)OCCN1CCCC1,7.7,chembl26.sdf.gz
CCOc1cc(NC(=O)C2(NC(=O)c3ccc4c(C5CCCC5)c(-c5ncc(Cl)cn5)n(C)c4c3)CCC2)ccc1/C=C/C(=O)OCCN1CCN(C)CC1,7.7,chembl26.sdf.gz
CCOc1cc(NC(=O)C2(NC(=O)c3ccc4c(C5CCCC5)c(-c5ncc(Cl)cn5)n(C)c4c3)CCC2)ccc1/C=C/C(=O)OCC(=O)N1CCN(C)CC1,6.6,chembl26.sdf.gz
Cc1oc2ccccc2c(=O)c1C(=O)c1cc(I)c(O)c(I)c1,4.89,chembl26.sdf.gz
CCc1oc2ccccc2c(=O)c1C(=O)c1cc(Br)c(O)c(Br)c1,4.72,chembl26.sdf.gz
CCCc1oc2ccccc2c(=O)c1C(=O)c1cc(I)c(O)c(I)c1,4.89,chembl26.sdf.gz
CCc1oc2ccccc2c(=O)c1C(=O)c1cc(I)c(O)c(I)c1,4.89,chembl26.sdf.gz
C=C(C)[C@@H]1CC[C@]2(CNCCN3CCOCC3)CC[C@]3(C)[C@H](CC[C@@H]4[C@@]5(C)CC=C(c6ccc(C(=O)O)cc6)C(C)(C)[C@@H]5CC[C@]43C)[C@@H]12,8.2,chembl26.sdf.gz
C=C(C)[C@@H]1CC[C@]2(CNCCCN3CCOCC3)CC[C@]3(C)[C@H](CC[C@@H]4[C@@]5(C)CC=C(c6ccc(C(=O)O)cc6)C(C)(C)[C@@H]5CC[C@]43C)[C@@H]12,8.2,chembl26.sdf.gz
C=C(C)[C@@H]1CC[C@]2(CNCCN3CCC(F)(F)CC3)CC[C@]3(C)[C@H](CC[C@@H]4[C@@]5(C)CC=C(c6ccc(C(=O)O)cc6)C(C)(C)[C@@H]5CC[C@]43C)[C@@H]12,8.6,chembl26.sdf.gz
O=C(O)c1ccc(Nc2c3ccccc3nc3ccccc23)cc1,7.17,chembl26.sdf.gz
COc1cc(C(=O)O)ccc1Nc1c2ccccc2nc2ccccc12.Cl,7.41,chembl26.sdf.gz
Cl.Nc1ccc2c(Nc3ccc(C(=O)O)cc3)c3ccccc3nc2c1,8.9,chembl26.sdf.gz
CS(=O)(=O)Nc1ccc(Nc2cc(N=[N+]=[N-])nc3ccccc23)cc1,7.0,chembl26.sdf.gz
CC(=O)Nc1ccc2c(Nc3ccc(C(=O)O)cc3)c3ccccc3nc2c1.Cl,7.42,chembl26.sdf.gz
CS(=O)(=O)Nc1ccc(Nc2c3ccccc3nc3c(C(N)=O)cccc23)cc1.Cl,6.12,chembl26.sdf.gz
O=C(O)c1cccc(Nc2c3ccccc3nc3ccccc23)c1,7.62,chembl26.sdf.gz
CS(=O)(=O)Nc1cccc(Nc2c3ccccc3nc3ccccc23)c1,6.85,chembl26.sdf.gz
Cl.O=C(O)c1ccccc1Nc1c2ccccc2nc2ccccc12,7.28,chembl26.sdf.gz
O=C(O)Cc1ccc(Nc2c3ccccc3nc3ccccc23)cc1,7.92,chembl26.sdf.gz
Cl.O=C(O)Cc1cccc(Nc2c3ccccc3nc3ccccc23)c1,7.82,chembl26.sdf.gz
Cl.O=C(O)Cc1ccccc1Nc1c2ccccc2nc2ccccc12,8.12,chembl26.sdf.gz
O=C(O)/C=C/c1ccc(Nc2c3ccccc3nc3ccccc23)cc1,7.17,chembl26.sdf.gz
O=C(O)COc1ccc(Nc2c3ccccc3nc3ccccc23)cc1,8.19,chembl26.sdf.gz
CS(=O)(=O)O.NC(=O)Cc1ccc(Nc2c3ccccc3nc3ccccc23)cc1,7.43,chembl26.sdf.gz
O=S(=O)(O)c1ccc(Nc2c3ccccc3nc3ccccc23)cc1,6.87,chembl26.sdf.gz
O=S(=O)(O)Cc1ccc(Nc2c3ccccc3nc3ccccc23)cc1,7.64,chembl26.sdf.gz
Cl.NS(=O)(=O)Cc1ccc(Nc2c3ccccc3nc3ccccc23)cc1,7.05,chembl26.sdf.gz
Cl.NS(=O)(=O)CCc1ccc(Nc2c3ccccc3nc3ccccc23)cc1,7.43,chembl26.sdf.gz
O=[N+]([O-])c1ccc(Nc2c3ccccc3nc3ccccc23)cc1,5.58,chembl26.sdf.gz
Cl.N#Cc1ccc(Cc2c3ccccc3nc3ccccc23)cc1,5.93,chembl26.sdf.gz
CC(=O)c1ccc(Cc2c3ccccc3nc3ccccc23)cc1.Cl,6.12,chembl26.sdf.gz
Brc1ccc(Cc2c3ccccc3nc3ccccc23)cc1.Cl,7.0,chembl26.sdf.gz
Cl.Clc1ccc(Cc2c3ccccc3nc3ccccc23)cc1,7.06,chembl26.sdf.gz
O=S(=O)(Nc1ccc(Cc2c3ccccc3nc3ccccc23)cc1)c1ccccc1,7.09,chembl26.sdf.gz
Cc1ccc(Cc2c3ccccc3nc3ccccc23)cc1.Cl,7.72,chembl26.sdf.gz
Nc1ccc(Cc2c3ccccc3nc3ccccc23)cc1,8.36,chembl26.sdf.gz
COc1cc(NS(C)(=O)=O)ccc1Cc1c2ccccc2nc2cc([N+](=O)[O-])ccc12,5.72,chembl26.sdf.gz
COc1cc(NS(C)(=O)=O)ccc1Cc1c2ccc([N+](=O)[O-])cc2nc2cc([N+](=O)[O-])ccc12,3.82,chembl26.sdf.gz
COc1cc(NS(C)(=O)=O)ccc1Cc1c2c(nc3ccccc13)CC(=N)C=C2,5.53,chembl26.sdf.gz
COc1cc(NS(C)(=O)=O)ccc1Cc1c2c(nc3ccccc13)C(=N)CC=C2,6.09,chembl26.sdf.gz
CN1CC[C@H]2CCC[C@@H](NC(=O)c3ccccc3)[C@H]2C1,9.18,chembl26.sdf.gz
CN1CC[C@H]2CCC[C@@H](NC(=O)c3ccccc3)[C@@H]2C1,8.99,chembl26.sdf.gz
COc1ccccc1C(=O)N[C@@H]1CCC[C@@H]2CCN(C)C[C@@H]21,9.11,chembl26.sdf.gz
COc1ccccc1C(=O)N[C@@H]1CCC[C@@H]2CCN(C)C[C@H]21,8.81,chembl26.sdf.gz
COc1ccc(C(=O)N[C@@H]2CCC[C@@H]3CCN(C)C[C@@H]32)cc1,9.19,chembl26.sdf.gz
COc1ccc(C(=O)N[C@@H]2CCC[C@@H]3CCN(C)C[C@H]32)cc1OC,8.89,chembl26.sdf.gz
COc1cc(C(=O)N[C@@H]2CCC[C@@H]3CCN(C)C[C@@H]32)cc(OC)c1OC,9.02,chembl26.sdf.gz
COc1cc(C(=O)N[C@@H]2CCC[C@@H]3CCN(C)C[C@H]32)cc(OC)c1OC,8.75,chembl26.sdf.gz
CN1CC[C@H]2CCC[C@@H](NC(=O)c3ccc(Cl)cc3)[C@@H]2C1,8.83,chembl26.sdf.gz
CN1CC[C@H]2CCC[C@@H](NC(=O)c3ccc(Cl)c(Cl)c3)[C@H]2C1,9.05,chembl26.sdf.gz
COc1cc(C(=O)O[C@@H]2CCC[C@@H]3CCN(C)C[C@@H]32)cc(OC)c1OC,8.91,chembl26.sdf.gz
COc1cc(C(=O)O[C@@H]2CCC[C@@H]3CCN(C)C[C@H]32)cc(OC)c1OC,8.82,chembl26.sdf.gz
CN1CC[C@H]2CCC[C@@H](OC(=O)c3ccc(Cl)cc3)[C@H]2C1,8.9,chembl26.sdf.gz
CN1CC[C@H]2CCC[C@@H](OC(=O)c3ccc(Cl)cc3)[C@@H]2C1,8.75,chembl26.sdf.gz
CN1CC[C@H]2CCC[C@@H](OC(=O)c3ccccc3)[C@H]2C1,9.05,chembl26.sdf.gz
CN1CC[C@H]2CCC[C@@H](NS(=O)(=O)c3ccccc3)[C@H]2C1,9.17,chembl26.sdf.gz
CN1CC[C@H]2CCC[C@@H](NS(=O)(=O)c3ccccc3)[C@@H]2C1,8.87,chembl26.sdf.gz
NC(=S)N/N=C/c1ccco1,0.5,chembl26.sdf.gz
NC(=S)N/N=C/c1ccc[nH]1,0.5,chembl26.sdf.gz
N/C(S)=N/N=C/c1ccccn1,5.0,chembl26.sdf.gz
Nc1ccc(C(=O)O)cn1,6.2,chembl26.sdf.gz
NC1=NCC(C(=O)O)CC1,12.4,chembl26.sdf.gz
O=C(O)c1cncnc1,1.4,chembl26.sdf.gz
O=C(O)C1CN=CNC1,12.2,chembl26.sdf.gz
Nc1ncc(C(=O)O)cn1,1.9,chembl26.sdf.gz
NC1=NCC(C(=O)O)CN1,12.7,chembl26.sdf.gz
CC(C)NC1=NS(=O)(=O)c2cc(F)ccc2N1,9.63,chembl26.sdf.gz
CC1=NS(=O)(=O)c2cc(Cl)ccc2N1,8.62,chembl26.sdf.gz
CC(C)NC1=NS(=O)(=O)c2cc(Br)ccc2N1,9.41,chembl26.sdf.gz
CC(C)NC1=NS(=O)(=O)c2cc(I)ccc2N1,9.28,chembl26.sdf.gz
CC(C)NC1=NS(=O)(=O)c2cc(Cl)ccc2N1,9.51,chembl26.sdf.gz
O=C(Cc1nc(N2CCOCC2)cc(=O)[nH]1)N1CCc2c(-c3ccncc3)cccc21,4.5,chembl26.sdf.gz
O=C(Cc1nc(N2CCOCC2)cc(=O)[nH]1)N1CCc2c(-c3cccnc3)cccc21,4.5,chembl26.sdf.gz
CNC(=O)O[C@H]1CCc2ccc(N3CCN(C4COC4)CC3)cc2[C@@H]1NC(=O)c1ccc(F)cc1,5.0,chembl26.sdf.gz
CNC(=O)O[C@H]1COc2ccc(N3CCN(C4COC4)CC3)cc2[C@@H]1NC(=O)c1ccc(F)cc1,5.11,chembl26.sdf.gz
O=C(O)CCc1cc2c(-c3cccc(C(=O)O)c3C(=O)O)c3cc(CCC(=O)O)c(=O)cc-3oc2cc1O,7.0,chembl26.sdf.gz
O=C(O)CCCc1cc2c(-c3cccc(C(=O)O)c3C(=O)O)c3cc(CCCC(=O)O)c(=O)cc-3oc2cc1O,7.0,chembl26.sdf.gz
Cc1cc(F)ccc1-c1c(Oc2ccc(/C=C/C(=O)O)cc2)c2ccccc2oc1=O,5.3,chembl26.sdf.gz
Cc1cc(OC(F)(F)F)ccc1-c1c(Oc2ccc(/C=C/C(=O)O)cc2)c2ccccc2oc1=O,3.7,chembl26.sdf.gz
Cc1ccc2nc(CF)nc(O)c2c1,8.5,chembl26.sdf.gz
Cc1ccc2nc(C(F)(F)F)nc(O)c2c1,5.9,chembl26.sdf.gz
Cc1ccc2nc(C(F)F)nc(O)c2c1,7.2,chembl26.sdf.gz
COC(=O)Cc1csc(=N)n1C.I,9.77,chembl26.sdf.gz
N#Cc1ccc(-c2n[nH]c3c2Cc2ccc(OCCCc4cccs4)cc2-3)cn1,1.6,chembl26.sdf.gz
CC(=O)N1CCN(CCCCOc2ccc3c(c2)-c2[nH]nc(-c4ccc(C#N)nc4)c2C3)CC1,6.9,chembl26.sdf.gz
C[C@@H]1CN(CCCOc2ccc3c(c2)-c2[nH]nc(-c4ccc(C#N)nc4)c2C3)C[C@H](C)O1,6.1,chembl26.sdf.gz
N#Cc1ccc(-c2n[nH]c3c2Cc2ccc(OCCOCCN4CCOCC4)cc2-3)cn1,6.1,chembl26.sdf.gz
N#Cc1ccc(-c2n[nH]c3c2Cc2ccc(OCCN4CCOCC4)cc2-3)cn1,5.7,chembl26.sdf.gz
Cc1ncsc1CCOc1ccc2c(c1)-c1[nH]nc(-c3ccc(C#N)nc3)c1C2,3.3,chembl26.sdf.gz
N#Cc1ccc(-c2n[nH]c3c2Cc2ccc(OCCCC4CCNCC4)cc2-3)cn1,11.0,chembl26.sdf.gz
N#Cc1ccc(-c2n[nH]c3c2Cc2ccc(OCCCN4CCCCC4)cc2-3)cn1,9.1,chembl26.sdf.gz
N#Cc1ccc(-c2n[nH]c3c2Cc2ccc(OCCCN4CCCOCC4)cc2-3)cn1,9.1,chembl26.sdf.gz
CN1CCN(CCCOc2ccc3c(c2)-c2[nH]nc(-c4ccc(C#N)nc4)c2C3)CC1,9.1,chembl26.sdf.gz
N#Cc1ccc(-c2n[nH]c3c2Cc2ccc(OCCCn4ccnc4)cc2-3)cn1,7.2,chembl26.sdf.gz
Nc1ccc(C#Cc2c3ccccc3c(C#Cc3cn([C@H]4C[C@H](O)[C@@H](CO)O4)c(=O)[nH]c3=O)c3ccccc23)cc1,3.9,chembl26.sdf.gz
CNc1ccc(C#Cc2c3ccccc3c(C#Cc3cn([C@H]4C[C@H](O)[C@@H](CO)O4)c(=O)[nH]c3=O)c3ccccc23)cc1,3.7,chembl26.sdf.gz
CCC(CC)Nc1ccc(C#Cc2c3ccccc3c(C#Cc3cn([C@H]4C[C@H](O)[C@@H](CO)O4)c(=O)[nH]c3=O)c3ccccc23)cc1,3.7,chembl26.sdf.gz
O=c1[nH]c(=O)n([C@H]2C[C@H](O)[C@@H](CO)O2)cc1C#Cc1c2ccccc2c(C#Cc2ccc(NC3CCCCC3)cc2)c2ccccc12,3.9,chembl26.sdf.gz
CCCCNc1ccc(C#Cc2c3ccccc3c(C#Cc3cn([C@H]4C[C@H](O)[C@@H](CO)O4)c(=O)[nH]c3=O)c3ccccc23)cc1,3.5,chembl26.sdf.gz
CN(C)c1ccc(C#Cc2c3ccccc3c(C#Cc3cn([C@H]4C[C@H](O)[C@@H](CO)O4)c(=O)[nH]c3=O)c3ccccc23)cc1,3.0,chembl26.sdf.gz
CCCCCCCCC1CCC(=O)N1CCCCCCC(=O)O,5.6,chembl26.sdf.gz
CCCCCCCCc1c[nH]c(=O)n1CCCCCCC(=O)O,6.1,chembl26.sdf.gz
CCCCCCCCC1C(=O)NC(=O)N1CCCCCCC(=O)O,5.6,chembl26.sdf.gz
CCCCCC(O)CCC1CCC(=O)N1CCCCCCC(=O)O,5.25,chembl26.sdf.gz
CS(=O)(=O)c1ccc(-c2cnc(Br)n2-c2ccc(F)c(F)c2)cc1,4.05,chembl26.sdf.gz
CS(=O)(=O)c1ccc(-c2c(Cl)nc(Cl)n2-c2ccc(F)cc2F)cc1,1.07,chembl26.sdf.gz
COC(=O)c1nc(-c2ccncc2)[nH]c1C(=O)OC,7.15,chembl26.sdf.gz
FC(F)(F)c1cnc(-c2ccncc2)[nH]1,9.73,chembl26.sdf.gz
FC(F)(F)c1cnc(-c2cccnc2)[nH]1,10.21,chembl26.sdf.gz
c1ccc2[nH]c(-c3ccncc3)nc2c1,10.95,chembl26.sdf.gz
Clc1ccc2[nH]c(-c3ccncc3)nc2c1,10.0,chembl26.sdf.gz
Clc1cc2nc(-c3ccncc3)[nH]c2cc1Cl,9.33,chembl26.sdf.gz
O=[N+]([O-])c1c[nH]cn1,9.0,chembl26.sdf.gz
Cc1ccc(C[S+]([O-])c2nc3cscc3[nH]2)nc1,3.26,chembl26.sdf.gz
COc1ccnc(C[S+]([O-])c2nc3cscc3[nH]2)c1Cl,3.55,chembl26.sdf.gz
COc1cc(C[S+]([O-])c2nc3cscc3[nH]2)ncc1Cl,3.44,chembl26.sdf.gz
[O-][S+](Cc1cc(OCc2ccc(C(F)(F)F)cc2)ccn1)c1nc2cscc2[nH]1,3.74,chembl26.sdf.gz
COc1ccnc(C[S+]([O-])c2nc3cscc3[nH]2)c1Br,3.52,chembl26.sdf.gz
COc1c(OCC(F)(F)F)ccnc1C[S+]([O-])c1nc2cscc2[nH]1,3.52,chembl26.sdf.gz
[O-][S+](Cc1cc(OCC(F)(F)F)ccn1)c1nc2cscc2[nH]1,3.83,chembl26.sdf.gz
COc1ccnc(C[S+]([O-])c2nc3cscc3[nH]2)c1,4.16,chembl26.sdf.gz
[O-][S+](Cc1ccccn1)c1nc2cscc2[nH]1,3.05,chembl26.sdf.gz
[O-][S+](Cc1cc(OCC(F)(F)C(F)(F)C(F)(F)F)ccn1)c1nc2cscc2[nH]1,3.73,chembl26.sdf.gz
CCOc1ccnc(C[S+]([O-])c2nc3cscc3[nH]2)c1,3.92,chembl26.sdf.gz
[O-][S+](Cc1cc(OC(C(F)(F)F)C(F)(F)F)ccn1)c1nc2cscc2[nH]1,3.5,chembl26.sdf.gz
Nc1ncnc2c1c(Sc1cccc(Cl)c1)nn2CC1CCNCC1(F)F,7.1,chembl26.sdf.gz
Nc1ncnc2c1c(Oc1cccc(Cl)c1)nn2CC1CCNCC1(F)F,7.1,chembl26.sdf.gz
Nc1ncnc2c1c(Sc1cccc(Cl)c1)nn2CC1CCNCC1,10.4,chembl26.sdf.gz
Nc1ncnc2c1c(Oc1cccc(Cl)c1)nn2CC1CCNCC1,10.4,chembl26.sdf.gz
O=C(O)CN(Cc1ccccc1)S(=O)(=O)c1ccc(OC(F)F)cc1,3.4,chembl26.sdf.gz
CC1(C)CCc2cc(S(=O)(=O)N(CC(=O)O)Cc3cccc(-c4ccccc4)c3)ccc2O1,3.4,chembl26.sdf.gz
CC1(C)CCc2cc(S(=O)(=O)N(CC(=O)O)Cc3cccc4cccnc34)ccc2O1,2.0,chembl26.sdf.gz
C[C@H](c1ccccc1)N(CC(=O)O)S(=O)(=O)c1ccc(OC(F)F)cc1,3.4,chembl26.sdf.gz
C[C@H](C1=C(CCN(C)C)Cc2ccccc21)c1cnccn1,9.1,chembl26.sdf.gz
C[C@@H](c1ccccn1)c1c(CCN(C)C)sc2ccccc12,8.5,chembl26.sdf.gz
CNc1ncnc(-c2cccnc2Oc2ccc(F)c(C(=O)Nc3cc(C(F)(F)F)ccc3N(C)CCCN(C)C)c2)n1,9.5,chembl26.sdf.gz
O=C(CN1CCOCC1)Nc1ccc2c(c1)C(=O)c1ccc(NC(=O)CN3CCOCC3)cc1C2=O,7.4,chembl26.sdf.gz
O=C(CN1CCCCC1)Nc1ccc2c(c1)C(=O)c1ccc(NC(=O)CN3CCCCC3)cc1C2=O,10.0,chembl26.sdf.gz
CCN(CC)CCC(=O)Nc1ccc2c(c1)C(=O)c1ccc(NC(=O)CCN(CC)CC)cc1C2=O,10.8,chembl26.sdf.gz
O=C(CCN1CCC(CCO)CC1)Nc1ccc2c(c1)C(=O)c1ccc(NC(=O)CCN3CCC(CCO)CC3)cc1C2=O,10.0,chembl26.sdf.gz
O=C(CCN1CCCCC1CO)Nc1ccc2c(c1)C(=O)c1ccc(NC(=O)CCN3CCCCC3CO)cc1C2=O,10.0,chembl26.sdf.gz
CCN(CC)CC(=O)Nc1ccc2c(c1)C(=O)c1ccc(NC(=O)CN(CC)CC)cc1C2=O,10.0,chembl26.sdf.gz
CN1CCN(CC(=O)Nc2ccc3c(c2)C(=O)c2ccc(NC(=O)CN4CCN(C)CC4)cc2C3=O)CC1,9.5,chembl26.sdf.gz
O=C(CCN1CCOCC1)Nc1ccc2c(c1)C(=O)c1ccc(NC(=O)CCN3CCOCC3)cc1C2=O,8.0,chembl26.sdf.gz
O=C1c2c(O)ccc(O)c2C(=O)c2c(NCCNCCO)ccc(NCCNCCO)c21,7.4,chembl26.sdf.gz
O=C(CCN1CCCCC1CCO)Nc1ccc2c(c1)C(=O)c1ccc(NC(=O)CCN3CCCCC3CCO)cc1C2=O,10.0,chembl26.sdf.gz
O=C(CCN(CCO)CCO)Nc1ccc2c(c1)C(=O)c1ccc(NC(=O)CCN(CCO)CCO)cc1C2=O,9.0,chembl26.sdf.gz
O=C(CCN1CCCCC1)Nc1ccc2c(c1)C(=O)c1ccc(NC(=O)CCN3CCCCC3)cc1C2=O,10.4,chembl26.sdf.gz
CN1CCN(CCC(=O)Nc2ccc3c(c2)C(=O)c2ccc(NC(=O)CCN4CCN(C)CC4)cc2C3=O)CC1,9.0,chembl26.sdf.gz
O=C(CCN1CCN(CCO)CC1)Nc1ccc2c(c1)C(=O)c1ccc(NC(=O)CCN3CCN(CCO)CC3)cc1C2=O,9.5,chembl26.sdf.gz
CN1CC=CC=C1/C=N/O.Cl,6.32,chembl26.sdf.gz
CNC1(c2ccccc2Cl)CCCCC1=O,7.49,chembl26.sdf.gz
O=c1[nH]cnc2nc[nH]c12,8.7,chembl26.sdf.gz
Oc1cc(O)n2nccc2n1,3.7,chembl26.sdf.gz
Oc1cc(O)n2ncc(-c3ccccc3)c2n1,3.8,chembl26.sdf.gz
Oc1cc(O)n2ncc(-c3ccc(Br)cc3)c2n1,3.8,chembl26.sdf.gz
O=c1[nH]c(=O)c2nc[nH]c2[nH]1,7.6,chembl26.sdf.gz
O=C(O)CN[C@H](CC1CCCCC1)C(=O)N(CC(=O)ONCCC1CCNCC1)C1CCCC1,11.1,chembl26.sdf.gz
N=C(N)NC(=O)c1ccc(NOC(=O)CN(C(=O)[C@@H](CC2CCCCC2)NCC(=O)O)C2CCCC2)cc1,6.6,chembl26.sdf.gz
N=C(N)NC(=O)CCNOC(=O)CN(C(=O)[C@@H](CC1CCCCC1)NCC(=O)O)C1CCCC1,7.6,chembl26.sdf.gz
N=C(N)NCCCNOC(=O)CN(C(=O)[C@@H](CC1CCCCC1)NCC(=O)O)C1CCCC1,12.5,chembl26.sdf.gz
NCCCCCNOC(=O)CN(C(=O)[C@@H](CC1CCCCC1)NCC(=O)O)C1CCCC1,10.6,chembl26.sdf.gz
Nc1n[nH]c(CCCNOC(=O)CN(C(=O)[C@@H](CC2CCCCC2)NCC(=O)O)C2CCCC2)n1,7.5,chembl26.sdf.gz
O=C(O)CN[C@H](CC1CCCCC1)C(=O)N(CC(=O)ONCC1CCNCC1)C1CCCC1,11.1,chembl26.sdf.gz
Nc1n[nH]c(CCNOC(=O)CN(C(=O)[C@@H](CC2CCCCC2)NCC(=O)O)C2CCCC2)n1,7.5,chembl26.sdf.gz
NC1=NCc2cc(O)c(O)cc2N1,12.0,chembl26.sdf.gz
NC1CCc2cc(O)c(O)cc2C1,9.84,chembl26.sdf.gz
NCCc1ccc(O)c(O)c1,9.84,chembl26.sdf.gz
COc1cc2c(cc1OC)NC(N)=NC2,11.1,chembl26.sdf.gz
NC1CCc2c(ccc(O)c2O)C1,9.84,chembl26.sdf.gz
Clc1ccc(-n2cc(NCCN3CCOCC3)nn2)cc1Cl,6.6,chembl26.sdf.gz
Clc1ccc(Cn2cc(NCCN3CCOCC3)nn2)cc1Cl,6.7,chembl26.sdf.gz
NS(=O)(=O)c1nn2cc(-c3ccccc3)nc2s1,7.12,chembl26.sdf.gz
CC(C)C(NC(=O)Cn1c(-c2ccccc2)cc2c(=O)n(CCN3CCOCC3)c(=O)[nH]c2c1=O)C(=O)C(F)(F)F,7.04,chembl26.sdf.gz
Cl.Nc1ccc(OC(=O)Nc2cc(Cl)ccc2O)cc1,10.4,chembl26.sdf.gz
C#CCOC(=O)Nc1cc(Cl)ccc1O,13.55,chembl26.sdf.gz
O=C(Nc1cc(Cl)ccc1O)OCC(F)(F)F,12.4,chembl26.sdf.gz
O=C(Nc1cc(Cl)ccc1O)OCC(Cl)(Cl)Cl,12.65,chembl26.sdf.gz
Nc1ccc(C(=O)O)cc1,4.67,chembl26.sdf.gz
COc1cccc(C2(O)CCCCC2CN(C)C)c1,9.7,chembl26.sdf.gz
CSc1ccc2c(c1)N(CCC1CCCCN1C)c1ccccc1S2,8.9,chembl26.sdf.gz
Nc1c2c(nc3ccccc13)CCCC2,10.0,chembl26.sdf.gz
CC(C)(C)NC(=O)[C@@H]1C[C@@H]2CCCC[C@@H]2CN1C[C@@H](O)[C@H](Cc1ccccc1)NC(=O)[C@H](CC(N)=O)NC(=O)c1ccc2ccccc2n1,6.8,chembl26.sdf.gz
CO[C@H]1/C=C\O[C@@]2(C)Oc3c(C)c(O)c4c(O)c(c(/C=N/N5CCN(C)CC5)c(O)c4c3C2=O)NC(=O)/C(C)=C\C=C/[C@H](C)[C@H](O)[C@@H](C)[C@@H](O)[C@@H](C)[C@H](OC(C)=O)[C@@H]1C,7.6,chembl26.sdf.gz
CC(C)NCC(O)COc1cccc2[nH]ccc12,9.7,chembl26.sdf.gz
CN1CC[C@]23c4c5ccc(O)c4O[C@H]2C(=O)CC[C@@]3(O)[C@H]1C5,8.7,chembl26.sdf.gz
COc1ccc2c3c1O[C@H]1C(=O)CC[C@@]4(O)[C@@H](C2)N(C)CC[C@]314,9.1,chembl26.sdf.gz
C=CCOc1ccccc1OCC(O)CNC(C)C,9.7,chembl26.sdf.gz
Cc1c(O)cccc1C(=O)N[C@@H](CSc1ccccc1)[C@H](O)CN1C[C@H]2CCCC[C@H]2C[C@H]1C(=O)NC(C)(C)C,6.3,chembl26.sdf.gz
CC(C)(C)NCC(O)COc1cccc2c1C[C@H](O)[C@H](O)C2,9.9,chembl26.sdf.gz
Cc1ncc2n1-c1ccc(Cl)cc1C(c1ccccc1F)=NC2,5.4,chembl26.sdf.gz
CN(C)C(=O)C(CCN1CCC(O)(c2ccc(Cl)cc2)CC1)(c1ccccc1)c1ccccc1,9.0,chembl26.sdf.gz
NCC1(CC(=O)O)CCCCC1,10.5,chembl26.sdf.gz
CN1C(=O)CN=C(c2ccccc2)c2cc(Cl)ccc21,3.6,chembl26.sdf.gz
CC(C)Nc1cccnc1N1CCN(C(=O)c2cc3cc(NS(C)(=O)=O)ccc3[nH]2)CC1,4.5,chembl26.sdf.gz
COc1ccc2c3c1O[C@H]1[C@@H](O)C=C[C@H]4[C@@H](C2)N(C)CC[C@@]341,8.4,chembl26.sdf.gz
CC(NC(C)(C)C)C(=O)c1cccc(Cl)c1,8.6,chembl26.sdf.gz
NCC(CC(=O)O)c1ccc(Cl)cc1,9.7,chembl26.sdf.gz
CN(C)CCC=C1c2ccccc2CCc2ccccc21,9.5,chembl26.sdf.gz
NC12CC3CC(CC(C3)C1)C2,10.8,chembl26.sdf.gz
CNC(=O)Oc1ccc2c(c1)[C@]1(C)CCN(C)[C@@H]1N2C,7.9,chembl26.sdf.gz
O=C(NCc1ccc(CNCc2ncc[nH]2)cc1)c1csc2nc[nH]c(=O)c12,6.5,chembl26.sdf.gz
Cc1[nH]c(C(=O)NC2CCN(c3ncc(C(=O)O)s3)CC2)c(Cl)c1Cl,3.4,chembl26.sdf.gz
CO[C@H]1CN(c2ncc(C(=O)O)s2)CC[C@H]1NC(=O)c1[nH]c(C)c(Cl)c1Cl,3.6,chembl26.sdf.gz
COCCNC(=O)c1nc(N2CC[C@@H](NC(=O)c3[nH]c(C)c(Cl)c3Cl)[C@@H](OC)C2)sc1C(=O)O,4.4,chembl26.sdf.gz
COC[C@H](C)NC(=O)c1nc(N2CC[C@@H](NC(=O)c3[nH]c(C)c(Cl)c3Cl)[C@@H](OC)C2)sc1C(=O)O,4.2,chembl26.sdf.gz
COCC(COC)NC(=O)c1nc(N2CC[C@@H](NC(=O)c3[nH]c(C)c(Cl)c3Cl)[C@@H](OC)C2)sc1C(=O)O,4.5,chembl26.sdf.gz
CO[C@H]1CN(c2nc(-c3cnccn3)c(C(=O)O)s2)CC[C@H]1NC(=O)c1[nH]c(C)c(Cl)c1Cl,5.4,chembl26.sdf.gz
CO[C@H]1CN(c2nc(-c3ncnn3C)c(C(=O)O)s2)CC[C@H]1NC(=O)c1[nH]c(C)c(Cl)c1Cl,4.5,chembl26.sdf.gz
CO[C@H]1CN(c2nc(-c3ncccn3)c(C(=O)O)s2)CC[C@H]1NC(=O)c1[nH]c(C)c(Cl)c1Cl,5.2,chembl26.sdf.gz
CCCCCCCCCCCCCCCCCC(=O)OCC1CCP(=O)(O)O1,6.58,chembl26.sdf.gz
CCCCCCCCCCCCCCCCCC(=O)OC[C@@H]1CC(F)(F)P(=O)(O)O1,4.62,chembl26.sdf.gz
CCCCCCCCCCCCCCCCCC(=O)OC[C@@H]1CC(F)P(=O)(O)O1,5.6,chembl26.sdf.gz
CCCCCCCCCCCCCCCC(=O)OCC1CCP(O)(=S)O1,6.48,chembl26.sdf.gz
CCCCCCCCCCCCCCCCCC(=O)OCC1CCP(O)(=S)O1,6.76,chembl26.sdf.gz
O=C(Cn1cc(Nc2nncc3cc(OCCCN4CCC[C@@H]4CO)ccc23)cn1)Nc1cccc(F)c1F,5.4,chembl26.sdf.gz
CCC(CC)Nc1cc(C)nc(Oc2c(C)cc(C)cc2C)c1C,6.9,chembl26.sdf.gz
CCC(CC)Nc1cc(C)nc(Nc2c(C)cc(C)cc2C)c1C,9.3,chembl26.sdf.gz
CCC(CC)Oc1cc(C)nc(Oc2c(C)cc(C)cc2C)c1C.CS(=O)(=O)O,3.6,chembl26.sdf.gz
O=C(NC[C@@H](Cc1ccccc1)N1CCC(O)(C(F)(F)F)CC1)C1(c2ccc(Cl)cc2)CCCC1,5.9,chembl26.sdf.gz
O=C(O)CNC(=O)c1ncc(-c2cn(CCCc3ccc(Cl)cc3)nn2)cc1O,3.21,chembl26.sdf.gz
Cc1nc(C(=O)NCC(=O)O)c(O)c2ccc(Oc3ccccc3)cc12,3.15,chembl26.sdf.gz
O=C(O)c1cc(/N=N/c2ccc(S(=O)(=O)Nc3ccccn3)cc2)ccc1O,2.0,chembl26.sdf.gz
CO[C@@]1(NC(=O)C(C(=O)O)c2ccc(O)cc2)C(=O)N2C(C(=O)O)=C(CSc3nnnn3C)CO[C@@H]21,2.9,chembl26.sdf.gz
O=C(O)c1ccccc1-c1c2ccc(=O)cc-2oc2cc(O)ccc12,5.2,chembl26.sdf.gz
CC(C)c1cccc(CN[C@H]2COC[C@@H](Cc3ccc(O)c(Br)c3)[C@@H]2O)c1,7.1,chembl26.sdf.gz
O=S1(=O)C[C@@H](Cc2ccc(O)c(Br)c2)[C@H](O)[C@@H](NCc2cccc(C3CC3)c2)C1,5.7,chembl26.sdf.gz
Cc1cn2ccc3c(c2n1)CC(c1ccccc1)CC3,7.63,chembl26.sdf.gz
Cc1cn2cc(C(=O)N(C)C)c3c(c2n1)CC(c1ccccc1)CC3,6.67,chembl26.sdf.gz
O=C1NCC(c2ccccc2)C12CCN(C1CCCCC1(O)c1ccc(F)cc1)CC2,8.54,chembl26.sdf.gz
O=C1NCC(c2ccc(F)cc2)C12CCN(C1CCCCC1(O)c1ccccc1)CC2,6.89,chembl26.sdf.gz
O=C1NC[C@@H](c2ccccc2)C12CCN(C1CCCCC1c1ccccc1)CC2,8.85,chembl26.sdf.gz
NC(CCCCCP(=O)(O)O)C(=O)O,9.84,chembl26.sdf.gz
COc1cc(Cl)ccc1OC(c1ccccc1)C1CNCCO1,7.7,chembl26.sdf.gz
C[C@]12N[C@H](Cc3ccccc31)c1ccccc12,5.81,chembl26.sdf.gz
[Cl-].c1ccc(C2(c3ccccc3)CC3c4ccccc4C2c2cccc[n+]23)cc1,11.7,chembl26.sdf.gz
Oc1ccc2c(c1)C1c3cccc[n+]3C2CC1(c1ccoc1)c1ccoc1.[Cl-],8.8,chembl26.sdf.gz
Oc1cccc2c1C1c3cccc[n+]3C2CC1(c1ccoc1)c1ccoc1.[Cl-],8.6,chembl26.sdf.gz
c1ccc(C2(N3CCCCC3)CCCCC2)cc1,9.97,chembl26.sdf.gz
Oc1ccc[n+]2c1C1c3ccccc3C2CC1(c1ccoc1)c1ccoc1.[Cl-],4.88,chembl26.sdf.gz
CCOC1(OCC)C2c3ccccc3C([n+]3ccccc32)C1(C)C,12.2,chembl26.sdf.gz
Nc1ccc(N)c([N+](=O)[O-])c1,4.36,chembl26.sdf.gz
O=[N+]([O-])c1ccc(O)cc1,6.9,chembl26.sdf.gz
Nc1cc([N+](=O)[O-])ccc1O,6.7,chembl26.sdf.gz
Oc1cccc(O)c1,9.21,chembl26.sdf.gz
CCOc1c(Cl)cc(N2CCCCC2)cc1NC(=O)c1cc(C)c(OCCN)c(C)c1,8.75,chembl26.sdf.gz
Cc1cccc(C)c1OC[C@@H](C)N,9.2,chembl26.sdf.gz
NC1=N[C@@]2(CO1)c1cc(NC(=O)c3ccc(Cl)cn3)ccc1Oc1cnc(C3=CCCOC3)cc12,6.1,chembl26.sdf.gz
CC(C)NCC(O)COc1ccccc1OCC(O)CNC(C)C,9.22,chembl26.sdf.gz
Cc1cccc(OCC(O)CNC(C)C)c1OCC(O)CNC(C)C.Cl,9.23,chembl26.sdf.gz
CC(C)NCC(O)COc1cccc(C(C)C)c1OCC(O)CNC(C)C.Cl,9.24,chembl26.sdf.gz
Cc1ccc(OCC(O)CNC(C)C)c(OCC(O)CNC(C)C)c1.Cl,9.24,chembl26.sdf.gz
CC(C)NCC(O)COc1ccc(C(C)C)cc1OCC(O)CNC(C)C.Cl,9.3,chembl26.sdf.gz
CC(C)NCC(O)COc1cc2c(cc1OCC(O)CNC(C)C)CCCC2,9.17,chembl26.sdf.gz
CC(C)NCC(O)COc1cc2ccccc2cc1OCC(O)CNC(C)C.Cl,9.18,chembl26.sdf.gz
C[n+]1ccc2cc(-c3ccccc3)nc(O)c2c1.[Cl-],8.7,chembl26.sdf.gz
COc1ccc(C2(c3cccc(-c4cncnc4)c3)N=C(N)n3nc(C)cc32)cc1,5.4,chembl26.sdf.gz
COc1cccc(-c2cccc(C3(C)CSCC(N)=N3)c2)c1,10.5,chembl26.sdf.gz
COc1cccc(-c2cccc(C3(C)N=C(N)CN3C(C)=O)c2)c1,6.5,chembl26.sdf.gz
COc1cccc(-c2cccc(C3(C)COCC(N)=N3)c2)c1,9.8,chembl26.sdf.gz
COc1cccc(-c2cccc(C3(C)N=C(N)CCS3)c2)c1,9.3,chembl26.sdf.gz
CC1(c2cccc(-c3cccc(Cl)c3)c2)N=C(N)CCO1,9.3,chembl26.sdf.gz
COc1cccc(-c2cccc(C3(C)N=C(N)CCO3)c2)c1,9.3,chembl26.sdf.gz
CC1(c2cccc(-c3cncnc3)c2)N=C(N)CCS1,9.1,chembl26.sdf.gz
COc1ccc(C2(c3cccc(-c4cncnc4)c3)CCC(N)=N2)cc1,10.0,chembl26.sdf.gz
CCC1(c2cccc(-c3cncnc3)c2)N=C(N)c2ccccc2O1,8.4,chembl26.sdf.gz
CC1(c2cccc(-c3cncnc3)c2)N=C(N)c2ccccc2S1,8.3,chembl26.sdf.gz
CC1(c2cccc(-c3cccnc3)c2)N=C(N)c2ccccc2O1,8.2,chembl26.sdf.gz
CC1(c2cccc(-c3cncnc3)c2)N=C(N)c2ccccc2O1,8.1,chembl26.sdf.gz
COc1cccc(-c2cccc(C3(C)CCSC(N)=N3)c2)c1,7.0,chembl26.sdf.gz
CC1(c2cccc(-c3cccnc3)c2)N=C(N)c2c(F)cccc2O1,7.0,chembl26.sdf.gz
C[C@]1(c2cccc(-c3cncc(F)c3)c2)N=C(N)[C@H]2CCCCN21,9.2,chembl26.sdf.gz
CC1(c2cccc(-c3cncnc3)c2)N=C(N)c2c(F)cccc2O1,6.9,chembl26.sdf.gz
COc1cccc(-c2cccc(C3(c4ccncc4)N=C(N)CS3)c2)c1,5.4,chembl26.sdf.gz
COc1cccc(-c2cccc(C3(C)N=C(N)CS3)c2)c1,6.9,chembl26.sdf.gz
COc1ccc(C2(c3cccc(-c4cccnc4)c3)N=C(N)CS2)cc1,6.2,chembl26.sdf.gz
COc1ccc(C2(c3cccc(-c4cncnc4)c3)N=C(N)c3nc(C)sc32)cc1,8.0,chembl26.sdf.gz
COc1ccc(CCN(C)CCC[C@](C#N)(c2ccc(OC)c(OC)c2)C(C)C)cc1OC.Cl,8.66,chembl26.sdf.gz
O=C(O)Cc1cccc2oc(-c3ccccc3)nc12,6.3,chembl26.sdf.gz
O=C(O)Cc1cccc2oc(-c3ccc(Cl)cc3)nc12,6.1,chembl26.sdf.gz
CC(C(=O)O)c1cccc2nc(-c3ccccc3)oc12,6.2,chembl26.sdf.gz
CC(C(=O)O)c1cccc2nc(-c3ccc(Cl)cc3)oc12,6.25,chembl26.sdf.gz
Cc1ccc(-c2nc3cccc(C(C)C(=O)O)c3o2)cc1,6.2,chembl26.sdf.gz
CC(C)[C@H]1CC[C@H](C(=O)N[C@H](Cc2ccccc2)C(=O)O)CC1,3.1,chembl26.sdf.gz
CS(=O)(=O)c1nc2c(O)c3ccccc3nc2s1,5.2,chembl26.sdf.gz
CSc1nc2c(N(C)CCCN(C)C)c3ccccc3nc2s1,6.5,chembl26.sdf.gz
Cc1ccc2nc3sc(Cl)nc3c(O)c2c1.Cl,5.0,chembl26.sdf.gz
CSc1nc2c(O)c3cc(C)ccc3nc2s1,4.6,chembl26.sdf.gz
Cl.Oc1c2ccccc2nc2sc(Cl)nc12,5.9,chembl26.sdf.gz
CCN(CC)CCNc1nc2c(O)c3cc(C)ccc3nc2s1,8.4,chembl26.sdf.gz
CCN(CC)CCNc1nc2c(O)c3cc(F)ccc3nc2s1,8.3,chembl26.sdf.gz
Cc1ccc2nc3sc(N4CCN(C)CC4)nc3c(O)c2c1,10.0,chembl26.sdf.gz
Cl.Oc1c2cc(F)ccc2nc2sc(Cl)nc12,4.9,chembl26.sdf.gz
CN1CCN(c2nc3c(O)c4cc(F)ccc4nc3s2)CC1,8.0,chembl26.sdf.gz
CCN(CC)CCNc1nc2c(O)c3ccccc3nc2s1,9.3,chembl26.sdf.gz
CSc1nc2c(O)c3cc(F)ccc3nc2s1,5.7,chembl26.sdf.gz
CCN(CC)CCCNc1c2cc(C)ccc2nc2sc(SC)nc12,7.9,chembl26.sdf.gz
Cc1ccc2nc3sc(S(C)(=O)=O)nc3c(O)c2c1,4.0,chembl26.sdf.gz
CSc1nc2c(O)c3ccccc3nc2s1,5.9,chembl26.sdf.gz
CN1CCN(c2nc3c(O)c4ccccc4nc3s2)CC1,8.6,chembl26.sdf.gz
CCN(CC)CCCNc1c2ccccc2nc2sc(SC)nc12,7.5,chembl26.sdf.gz
CS(=O)(=O)c1nc2c(O)c3cc(F)ccc3nc2s1,5.5,chembl26.sdf.gz
COc1cccc(S(=O)(=O)NN2CCC(C)=C(CC(=O)NCc3ccc(C(=N)N)cc3)C2=O)c1,8.8,chembl26.sdf.gz
CC1=C(CC(=O)NCc2ccc(C(=N)N)cc2)C(=O)N(NS(=O)(=O)c2cc(C)ccc2C)CC1,8.7,chembl26.sdf.gz
Cc1ccn(NS(=O)(=O)c2ccccc2)c(=O)c1CC(=O)NCc1ccc(C(=N)N)cc1,5.9,chembl26.sdf.gz
COc1cc(C)ccc1S(=O)(=O)Nn1ccc(C)c(CC(=O)NCc2ccc(C(=N)N)cc2)c1=O,6.7,chembl26.sdf.gz
CCNC(=O)Nc1ccc(-c2nc3c(c(N4CCOC[C@@H]4C)n2)CCN(C2COC2)C3)cc1,5.0,chembl26.sdf.gz
CCNC(=O)Nc1ccc(-c2nc3c(c(N4CCOC[C@@H]4C)n2)CCN(C(C)C)C3)cc1,7.6,chembl26.sdf.gz
C=CC(=O)OCCN(C)C,8.6,chembl26.sdf.gz
CC(=O)N[C@H]1[C@H]([C@H](O)[C@H](O)CO)O[C@](O)(C(=O)O)C[C@@H]1O,3.2,chembl26.sdf.gz
CC(=O)N[C@H]1[C@H]([C@H](O)[C@H](O)COP(=O)(O)O)O[C@](O)(C(=O)O)C[C@@H]1O,3.6,chembl26.sdf.gz
CC(=O)N[C@H]1[C@H]([C@H](O)[C@H](O)CCP(=O)(O)O)O[C@](O)(C(=O)O)C[C@@H]1O,3.5,chembl26.sdf.gz
Nc1c([N+](=O)[O-])ncn1[C@@H]1O[C@H](COP(=O)(O)O)[C@@H](O)[C@H]1O,0.3,chembl26.sdf.gz
CC(C)N(c1ccc(Oc2ccccc2C(F)(F)F)cc1C(=O)O)C(=O)[C@H]1CC[C@H](C)CC1,5.5,chembl26.sdf.gz
CCNC(=O)c1cc(OC)nc(N(C)C)n1,2.4,chembl26.sdf.gz
CCNC(=O)c1cc(N(C)C)nc(OC)n1,3.8,chembl26.sdf.gz
Nc1cc(/C=C/c2c[nH]c3ccccc23)nc2ccccc12,9.5,chembl26.sdf.gz
CCCN(CCC)CC(=O)N[C@H]1C[C@H](O[C@H]2C[C@](O)(C(C)=O)Cc3c(O)c4c(c(O)c32)C(=O)c2c(OC)cccc2C4=O)O[C@@H](C)[C@H]1O.Cl,7.2,chembl26.sdf.gz
O=C(N[C@H](Cc1cc2ccc(F)cc2[nH]1)C(=O)O)c1ccc2ccccc2c1,3.92,chembl26.sdf.gz
O=C(Cc1cccc2ccccc12)N[C@H](Cc1cc2ccc(F)cc2[nH]1)C(=O)O,3.91,chembl26.sdf.gz
O=C(CCc1c(Cl)cccc1Cl)N[C@H](Cc1cc2ccc(F)cc2[nH]1)C(=O)O,3.9,chembl26.sdf.gz
O=C(CC1c2ccccc2-c2ccccc21)N[C@H](Cc1cc2ccc(F)cc2[nH]1)C(=O)O,3.9,chembl26.sdf.gz
CC1CCN(C(=O)[C@H](CCCNc2ccccn2)NS(=O)(=O)c2ccc3ccccc3c2)CC1,6.9,chembl26.sdf.gz
COc1ccc2ccc(S(=O)(=O)N[C@@H](CCCNc3cccnn3)C(=O)N3CCC(C)CC3)cc2c1,5.2,chembl26.sdf.gz
CC1CCN(C(=O)[C@H](CCCNc2ncccn2)NS(=O)(=O)c2ccc3ccccc3c2)CC1,3.5,chembl26.sdf.gz
CC1CCN(C(=O)[C@H](CCCNc2cnccn2)NS(=O)(=O)c2ccc3ccccc3c2)CC1,3.1,chembl26.sdf.gz
CC1CCN(C(=O)[C@H](CCCNc2cccnn2)NS(=O)(=O)c2ccc3ccccc3c2)CC1,5.2,chembl26.sdf.gz
COc1ccc2ccc(S(=O)(=O)N[C@@H](CCCNc3ccccn3)C(=O)N3CCC(C)CC3)cc2c1,6.9,chembl26.sdf.gz
COc1cccc(C(=O)NCCN2CCN(c3ccc(Cl)cc3)CC2)c1,6.19,chembl26.sdf.gz
COc1cccc(C(=O)NCCN2CCN(c3ccc(C)cc3)CC2)c1,6.46,chembl26.sdf.gz
COc1cccc(C(=O)NCCN2CCN(c3noc4ccccc34)CC2)c1,6.24,chembl26.sdf.gz
COc1cccc(C(=O)NCCN2CCN(c3ccc(C#N)cc3)CC2)c1,6.41,chembl26.sdf.gz
COc1cccc(C(=O)NCCN2CCN(c3ncccc3C#N)CC2)c1,6.71,chembl26.sdf.gz
COc1cccc(C(=O)NCCN2CCN(c3ccc(Cl)cn3)CC2)c1,6.45,chembl26.sdf.gz
O=C(NCCN1CCN(c2ccc(Cl)cc2)CC1)c1ccc(F)cc1,6.46,chembl26.sdf.gz
Cc1ccc(N2CCN(CCNC(=O)c3ccc(F)cc3)CC2)cc1,6.31,chembl26.sdf.gz
O=C(NCCN1CCN(c2noc3ccccc23)CC1)c1ccc(F)cc1,6.43,chembl26.sdf.gz
N#Cc1ccc(N2CCN(CCNC(=O)c3ccc(F)cc3)CC2)cc1,6.43,chembl26.sdf.gz
N#Cc1cccnc1N1CCN(CCNC(=O)c2ccc(F)cc2)CC1,6.4,chembl26.sdf.gz
O=C(NCCN1CCN(c2ccc(Cl)cn2)CC1)c1ccc(F)cc1,6.58,chembl26.sdf.gz
Cc1ccc(NS(=O)(=O)Cc2ccccc2)c(=O)n1CC(=O)NCC1CCc2ncncc2C1,2.4,chembl26.sdf.gz
Cc1ccc(NS(=O)(=O)Cc2ccccc2)c(=O)n1CC(=O)NCC1CCc2nc(N)sc2C1,6.5,chembl26.sdf.gz
Cc1ccc(NS(=O)(=O)Cc2ccccc2)c(=O)n1CC(=O)NC1CCc2nc(N)sc2C1,6.1,chembl26.sdf.gz
Cc1ccc(NS(=O)(=O)Cc2ccccc2)c(=O)n1CC(=O)NCC1CCc2n[nH]cc2C1,4.0,chembl26.sdf.gz
Cc1ccc(NS(=O)(=O)Cc2ccccc2)c(=O)n1CC(=O)NC1CCc2n[nH]cc2C1,3.7,chembl26.sdf.gz
Cc1ccc(NS(=O)(=O)Cc2ccccc2)c(=O)n1CC(=O)NC1CCc2nn(C)cc2C1,3.2,chembl26.sdf.gz
Cc1ccc(NS(=O)(=O)Cc2ccccc2)c(=O)n1CC(=O)NCC1CCc2nn(C)cc2C1,3.6,chembl26.sdf.gz
Cc1ccc(NS(=O)(=O)Cc2ccccc2)c(=O)n1CC(=O)NCC1CCc2nc(N)ncc2C1,4.7,chembl26.sdf.gz
CCc1cc(C)cc(CC)c1C1C(=O)N2CCOCCN2C1=O,3.82,chembl26.sdf.gz
O=C(O)Cc1nn(Cc2nc3cc(C(F)(F)F)ccc3s2)c(=O)c2ccccc12,3.0,chembl26.sdf.gz
O=S(=O)(c1ccccc1)c1ccc(O)nn1,7.1,chembl26.sdf.gz
C[n+]1c2ccccc2c(NC2CCNCC2)c2[nH]c3ccccc3c21.[Cl-],11.77,chembl26.sdf.gz
CCN(CC)CCCCNc1c2ccccc2[n+](C)c2c1[nH]c1ccccc12.[Cl-],11.6,chembl26.sdf.gz
C[n+]1c2ccccc2c(Nc2ccc(N3CCCCC3)cc2)c2[nH]c3ccccc3c21.[Cl-],10.0,chembl26.sdf.gz
CN(C)CCNc1c2ccccc2[n+](C)c2c1[nH]c1ccccc12.[Cl-],11.61,chembl26.sdf.gz
CCN(CC)CCNc1c2ccccc2[n+](C)c2c1[nH]c1ccccc12.[Cl-],11.6,chembl26.sdf.gz
CC(CN(C)C)Nc1c2ccccc2[n+](C)c2c1[nH]c1ccccc12.[Cl-],11.6,chembl26.sdf.gz
CN(C)CCCNc1c2ccccc2[n+](C)c2c1[nH]c1ccccc12.[Cl-],11.9,chembl26.sdf.gz
CCN(CC)CCCNc1c2ccccc2[n+](C)c2c1[nH]c1ccccc12.[Cl-],11.6,chembl26.sdf.gz
CN(C)CC(C)(C)CNc1c2ccccc2[n+](C)c2c1[nH]c1ccccc12.[Cl-],11.7,chembl26.sdf.gz
CC(C)NCCCNc1c2ccccc2[n+](C)c2c1[nH]c1ccccc12.[Cl-],11.49,chembl26.sdf.gz
C[n+]1c2ccccc2c(NCCCN2CCCCC2)c2[nH]c3ccccc3c21.[Cl-],11.7,chembl26.sdf.gz
CCN(CC)CCCC(C)Nc1c2ccccc2[n+](C)c2c1[nH]c1ccccc12.[Cl-],11.45,chembl26.sdf.gz
CC(C)CN1CCC(Nc2c3ccccc3[n+](C)c3c2[nH]c2ccccc23)CC1.[Cl-],11.6,chembl26.sdf.gz
C[n+]1c2ccccc2c(NC2CCN(Cc3ccccc3)CC2)c2[nH]c3ccccc3c21.[Cl-],11.5,chembl26.sdf.gz
C[n+]1c2ccccc2c(NC2CCN(Cc3ccccc3O)CC2)c2[nH]c3ccccc3c21.[Cl-],11.6,chembl26.sdf.gz
C[n+]1c2ccccc2c(Nc2ccccc2)c2[nH]c3ccccc3c21.[Cl-],10.6,chembl26.sdf.gz
CCN(CC)Cc1ccc(Nc2c3ccccc3[n+](C)c3c2[nH]c2ccccc23)cc1O.[Cl-],10.8,chembl26.sdf.gz
C[n+]1c2ccccc2c(Nc2cccnc2)c2[nH]c3ccccc3c21.[Cl-],10.3,chembl26.sdf.gz
CCN(CC)CCCNc1c2ccc(Cl)cc2[n+](C)c2c1[nH]c1ccccc12.[Cl-],11.2,chembl26.sdf.gz
C[n+]1c2cc(Cl)ccc2c(NC2CCNCC2)c2[nH]c3ccccc3c21.[Cl-],11.1,chembl26.sdf.gz
C[n+]1c2cc(Cl)ccc2c(NC2CCNCC2)c2[nH]c3cc(Cl)ccc3c21.[Cl-],10.3,chembl26.sdf.gz
CCCc1nn(C)c2c(=O)[nH]c(-c3cc(S(=O)(=O)NCCCCCCO)ccc3OCC)nc12,5.22,chembl26.sdf.gz
CCOC(=O)c1cnc2c(c(C)nn2C)c1Nc1ccccc1,8.23,chembl26.sdf.gz
CCOC(=O)c1cnc2c(c(C)nn2C)c1Nc1ccc([N+](=O)[O-])cc1,8.8,chembl26.sdf.gz
CCOC(=O)c1cnc2c(c(C)nn2C)c1Nc1ccc(O)cc1,9.98,chembl26.sdf.gz
CCOC(=O)c1cnc2c(c(C)nn2C)c1Nc1ccc(Br)cc1,8.39,chembl26.sdf.gz
CCOC(=O)c1cnc2c(c(C)nn2C)c1Nc1ccc(F)cc1,8.14,chembl26.sdf.gz
CCOC(=O)c1cnc2c(c(C)nn2C)c1Nc1ccc(OC)cc1,8.07,chembl26.sdf.gz
CCOC(=O)c1cnc2c(c(C)nn2C)c1Nc1ccc(C)cc1,8.61,chembl26.sdf.gz
CCOC(=O)c1cnc2c(c(C)nn2C)c1Nc1ccc(C(C)=O)cc1,9.05,chembl26.sdf.gz
CCOC(=O)c1cnc2c(c(C)nn2C)c1Nc1ccc(Cl)cc1,9.73,chembl26.sdf.gz
CCOC(=O)c1cnc2c(c(C)nn2C)c1Nc1cccc([N+](=O)[O-])c1,7.98,chembl26.sdf.gz
CCOC(=O)c1cnc2c(c(C)nn2C)c1Nc1cccc(OC)c1,8.38,chembl26.sdf.gz
CCOC(=O)c1cnc2c(c(C)nn2C)c1Nc1cccc(C)c1,7.64,chembl26.sdf.gz
CCOC(=O)c1cnc2c(c(C)nn2C)c1Nc1cccc(Cl)c1,7.06,chembl26.sdf.gz
CCN(CC)Cc1cc(Nc2ccnc3cc(Cl)ccc23)ccc1O.Cl,4.95,chembl26.sdf.gz
COc1cc2c(Nc3c(Cl)ccc4c3OCO4)ncnc2cc1OCCCN1CCOCC1,7.2,chembl26.sdf.gz
COc1cc2c(Nc3c(Cl)ccc4c3OCO4)ncnc2cc1OCCCN1CCCCC1,9.7,chembl26.sdf.gz
COc1cc2c(Nc3c(Cl)ccc4c3OCO4)ncnc2cc1OCC1CCN(C)CC1,9.4,chembl26.sdf.gz
CCOc1cc(C(Nc2ccc3c(N)nccc3c2)C(=O)NS(=O)(=O)c2ccccc2)ccc1OC(C)C,8.9,chembl26.sdf.gz
CCOc1cc(C(Nc2ccc3cnccc3c2)C(=O)NS(=O)(=O)c2ccccc2)ccc1OC(C)C,7.8,chembl26.sdf.gz
O=S(=O)(NC(=C1COC1)c1ccc(N2CCN(Cc3ccccc3-c3ccc(Cl)cc3)CC2)cc1)c1ccc(N[C@H](CCN2CCOCC2)CSc2ccccc2)c(S(=O)(=O)C(F)(F)F)c1,9.0,chembl26.sdf.gz
O=C(NS(=O)(=O)c1ccc(N[C@H](CCN2CCOCC2)CSc2ccccc2)c(S(=O)(=O)C(F)(F)F)c1)c1ccc(N2CCN(Cc3ccccc3-c3ccc(Cl)cc3)CC2)nn1,3.6,chembl26.sdf.gz
O=C(NS(=O)(=O)c1ccc(N[C@H](CCN2CCOCC2)CSc2ccccc2)c(S(=O)(=O)C(F)(F)F)c1)c1cnc(N2CCN(Cc3ccccc3-c3ccc(Cl)cc3)CC2)nc1,3.5,chembl26.sdf.gz
O=C(NS(=O)(=O)c1ccc(N[C@H](CCN2CCOCC2)CSc2ccccc2)c(S(=O)(=O)C(F)(F)F)c1)c1csc(N2CCN(Cc3ccccc3-c3ccc(Cl)cc3)CC2)n1,2.6,chembl26.sdf.gz
CC1=CC(C)=[N+]2C1=C(c1ccc(N(C)C)cc1)c1c(C)cc(C)n1[B-]2(F)F,3.2,chembl26.sdf.gz
CCN(CC)c1ccc(C2=C3C(C)=CC(C)=[N+]3[B-](F)(F)n3c(C)cc(C)c32)cc1,5.2,chembl26.sdf.gz
CCN(CCCC(=O)OC)c1ccc(C2=C3C(C)=CC(C)=[N+]3[B-](F)(F)n3c(C)cc(C)c32)cc1,3.2,chembl26.sdf.gz
CCN(CC)c1ccc(C2=C3C=CC(CCC(=O)OC)=[N+]3[B-](F)(F)n3c(CCC(=O)OC)ccc32)cc1,3.2,chembl26.sdf.gz
CCOC(=O)[C@H](CCc1ccccc1)N[C@@H](C)C(=O)N1N=C(C(C)(C)C)S[C@H]1C(=O)O,5.4,chembl26.sdf.gz
CCOC(=O)[C@H](CCc1ccccc1)N[C@@H](C)C(=O)N1CC2(C[C@H]1C(=O)O)SCCS2,5.5,chembl26.sdf.gz
C[C@H](N[C@@H](CCc1ccccc1)C(=O)O)C(=O)N1N=C(C(C)(C)C)S[C@H]1C(=O)O,8.0,chembl26.sdf.gz
CNC[C@H](O)c1ccc(O)c(O)c1,8.59,chembl26.sdf.gz
N=C(N)Nc1ccc(Cc2ccc(NC(=N)N)cc2)cc1,10.5,chembl26.sdf.gz
N=C(N)Nc1ccc(C(=O)c2ccc(NC(=N)N)cc2)cc1,9.4,chembl26.sdf.gz
N=C(N)Nc1ccc(Nc2ccc(NC(=N)N)cc2)cc1,10.8,chembl26.sdf.gz
c1cc(NC2=NCCN2)ccc1Cc1ccc(NC2=NCCN2)cc1,9.8,chembl26.sdf.gz
O=C(c1ccc(NC2=NCCN2)cc1)c1ccc(NC2=NCCN2)cc1,8.6,chembl26.sdf.gz
c1cc(Nc2ccc(NC3=NCCN3)cc2)ccc1NC1=NCCN1,9.9,chembl26.sdf.gz
NC[C@H](O)c1ccc(O)c(O)c1,8.58,chembl26.sdf.gz
NS(=O)(=O)c1cc(C(=O)NCCO)c(Cl)cc1Cl,8.8,chembl26.sdf.gz
NS(=O)(=O)c1cc(C(=O)NCCO)c(NC2CCCCC2)cc1Cl,9.7,chembl26.sdf.gz
NS(=O)(=O)c1cc(C(=O)NCCO)c(NCc2ccccc2)cc1Cl,10.2,chembl26.sdf.gz
NS(=O)(=O)c1cc(C(=O)NCCCO)c(Cl)cc1Cl,8.8,chembl26.sdf.gz
NS(=O)(=O)c1cc(C(=O)NCCCO)c(NC2CCCCC2)cc1Cl,9.8,chembl26.sdf.gz
NS(=O)(=O)c1cc(C(=O)NCCCO)c(NCc2ccccc2)cc1Cl,9.7,chembl26.sdf.gz
CCCCNC(=O)c1cc(S(N)(=O)=O)c(Cl)cc1Cl,8.8,chembl26.sdf.gz
COCCNC(=O)c1cc(S(N)(=O)=O)c(Cl)cc1Cl,8.8,chembl26.sdf.gz
COC(=O)CCCNC(=O)c1cc(S(N)(=O)=O)c(Cl)cc1Cl,8.8,chembl26.sdf.gz
NS(=O)(=O)c1cc(C(=O)N2CCOCC2)c(Cl)cc1Cl,8.8,chembl26.sdf.gz
NS(=O)(=O)c1cc(C(=O)NC2CCCCC2)c(Cl)cc1Cl,8.8,chembl26.sdf.gz
NS(=O)(=O)c1cc(C(=O)NCc2ccccc2)c(Cl)cc1Cl,8.8,chembl26.sdf.gz
CC(=O)OCCCNC(=O)c1cc(S(N)(=O)=O)c(Cl)cc1Cl,8.7,chembl26.sdf.gz
NS(=O)(=O)c1cc(C(=O)NCCCC(=O)O)c(Cl)cc1Cl,8.9,chembl26.sdf.gz
CN1CCC=C(c2nc(N(C)C)no2)C1,7.24,chembl26.sdf.gz
C=Cc1noc(C2=CCCNC2)n1,8.23,chembl26.sdf.gz
Cc1noc(C2=CCCN(C)C2)n1,7.16,chembl26.sdf.gz
Cc1noc(C2=CCC(C)N(C)C2)n1,7.35,chembl26.sdf.gz
Cc1noc(C2=CCCNC2)n1,8.24,chembl26.sdf.gz
CN(C)c1noc(C2=CCCNC2)n1,8.58,chembl26.sdf.gz
FCCc1noc(C2=CCCNC2)n1,8.29,chembl26.sdf.gz
Cc1noc(C2=CC(C)CN(C)C2)n1,7.34,chembl26.sdf.gz
Cc1noc(C2=CCC(C)NC2)n1,8.2,chembl26.sdf.gz
Cc1noc(C2=CC(C)CNC2)n1,8.17,chembl26.sdf.gz
Nc1noc(C2=CCCNC2)n1,8.25,chembl26.sdf.gz
NCCCCCOC[C@H]1O[C@@H](OCCc2c[nH]c3ccccc23)[C@H](OCc2ccccc2)[C@@H](OCc2ccccc2)[C@@H]1OCc1ccc(Cl)nc1,0.5,chembl26.sdf.gz
NCCCCCOC[C@H]1O[C@@H](OCCc2c[nH]c3ccccc23)[C@H](OCc2ccccc2)[C@@H](OCc2ccccc2)[C@@H]1OCc1ccccn1,5.2,chembl26.sdf.gz
NCCCCCOC[C@H]1O[C@@H](OCCc2c[nH]c3ccccc23)[C@H](OCc2ccccc2)[C@@H](OCc2ccccc2)[C@@H]1OCc1cnccn1,0.7,chembl26.sdf.gz
NCCCCCOC[C@H]1O[C@@H](OCCc2c[nH]c3ccccc23)[C@H](OCc2ccccc2)[C@@H](OCc2ccccc2)[C@@H]1OCc1ccncc1,5.2,chembl26.sdf.gz
NCCCCCOC[C@H]1O[C@@H](OCCc2c[nH]c3ccccc23)[C@H](OCc2ccccc2)[C@@H](OCc2ccccc2)[C@@H]1OCc1c[nH]cn1,7.2,chembl26.sdf.gz
NCCCCCOC[C@H]1O[C@@H](OCCc2c[nH]c3ccccc23)[C@H](OCc2ccccc2)[C@@H](OCc2ccccc2)[C@@H]1OCc1cccnc1,5.2,chembl26.sdf.gz
Cc1ccc(CO[C@H]2[C@H](OCc3ccccc3)[C@@H](OCc3ccccc3)[C@H](OCCc3c[nH]c4ccccc34)O[C@@H]2COCCCCCN)cn1,6.1,chembl26.sdf.gz
CCCCCCCCCCCC(=O)NCCCC[C@H](N)C(=O)OC.Cl,8.2,chembl26.sdf.gz
CCCCCCCCCCCCCC(=O)NCCCC[C@H](N)C(=O)OC.Cl,7.8,chembl26.sdf.gz
COc1ccc(CN(CC(=O)NC(C)C)C(=O)CCCCC[n+]2ccc(/C=N/O)cc2)cc1.[Br-],8.5,chembl26.sdf.gz
C[n+]1ccc(/C=N/O)cc1.[I-],8.6,chembl26.sdf.gz
C=CCc1cc(Cn2c(CC)nc3c(C)cc(C)nc32)cc([N+](=O)[O-])c1O,7.8,chembl26.sdf.gz
CCc1nc2c(C)cc(C)nc2n1Cc1cc(Br)c(O)c(Br)c1,7.2,chembl26.sdf.gz
CCc1nc2c(C)cc(C)nc2n1Cc1cc(I)c(O)c(C(=O)OC)c1,10.5,chembl26.sdf.gz
CCc1nc2c(C)cc(C)nc2n1Cc1ccc(O)c([N+](=O)[O-])c1,8.1,chembl26.sdf.gz
CCc1nc2c(C)cc(C)nc2n1Cc1ccc(O)cc1,10.9,chembl26.sdf.gz
CCc1nc2c(C)cc(C)nc2n1Cc1cc(I)c(O)c(I)c1,7.2,chembl26.sdf.gz
CCc1nc2c(C)cc(C)nc2n1Cc1cc(I)c(O)c([N+](=O)[O-])c1,6.8,chembl26.sdf.gz
O=C1Nc2c(Cl)cccc2C1=O,9.44,chembl26.sdf.gz
Oc1n[nH]c2ccccc12,8.16,chembl26.sdf.gz
Oc1n[nH]c2cccc(Cl)c12,7.51,chembl26.sdf.gz
Oc1n[nH]c2cccc(Br)c12,7.51,chembl26.sdf.gz
Oc1n[nH]c2ccc(Cl)cc12,7.53,chembl26.sdf.gz
Oc1n[nH]c2cc(Cl)ccc12,7.59,chembl26.sdf.gz
Oc1n[nH]c2cc(F)ccc12,7.84,chembl26.sdf.gz
O=[N+]([O-])c1ccc2c(O)[nH]nc2c1,6.52,chembl26.sdf.gz
Oc1n[nH]c2c(Cl)cccc12,7.28,chembl26.sdf.gz
O=C(O)CCCCc1cc(=O)oc2c(CN3CCOCC3)c(O)ccc12,7.8,chembl26.sdf.gz
O=C(O)CCCCc1cc(=O)oc2c(CN3CCCC3)c(O)ccc12,6.7,chembl26.sdf.gz
CCN(CC)Cc1c(O)ccc2c(CCCCC(=O)O)cc(=O)oc12,6.6,chembl26.sdf.gz
O=C(O)CCCCc1cc(=O)oc2c(CN3CCCCC3)c(O)ccc12,6.6,chembl26.sdf.gz
O=C(O)CCCCc1cc(=O)oc2cc(O)ccc12,7.8,chembl26.sdf.gz
c1c[nH]nn1,9.26,chembl26.sdf.gz
c1ccc(-c2c[nH]cn2)cc1,13.42,chembl26.sdf.gz
c1ccc(-c2cnn[nH]2)cc1,8.62,chembl26.sdf.gz
c1ccc2[nH]nnc2c1,8.6,chembl26.sdf.gz
c1nc[nH]n1,10.26,chembl26.sdf.gz
c1ccc(-c2nc[nH]n2)cc1,9.29,chembl26.sdf.gz
c1nnn[nH]1,4.79,chembl26.sdf.gz
c1ccc(-c2nnn[nH]2)cc1,4.53,chembl26.sdf.gz
c1cncc(-c2cnn[nH]2)c1,8.14,chembl26.sdf.gz
c1cc(-c2cnn[nH]2)ccn1,7.85,chembl26.sdf.gz
Cc1[nH]nnc1-c1ccccc1,9.11,chembl26.sdf.gz
Clc1ccccc1-c1cnn[nH]1,8.5,chembl26.sdf.gz
Clc1cccc(-c2c[nH]nn2)c1,8.32,chembl26.sdf.gz
Clc1cccc(-c2c[nH]nn2)c1Cl,8.06,chembl26.sdf.gz
Clc1ccc(Cl)c(-c2c[nH]nn2)c1,8.17,chembl26.sdf.gz
COc1ccccc1-c1c[nH]nn1,8.99,chembl26.sdf.gz
Fc1cc(-c2c[nH]nn2)ccn1,7.59,chembl26.sdf.gz
Clc1cc(-c2c[nH]nn2)ccn1,7.6,chembl26.sdf.gz
Fc1cccc(-c2c[nH]nn2)c1,8.38,chembl26.sdf.gz
Clc1ccc(-c2c[nH]nn2)cc1,8.46,chembl26.sdf.gz
CC(=O)N1N=C(c2cc(F)ccc2F)C[C@@]1(CCCN1CC2CCC1C2)c1ccccc1,10.1,chembl26.sdf.gz
CC(=O)N1N=C(c2cc(F)ccc2F)C[C@@]1(CCCN1CCCC1)c1ccccc1,9.4,chembl26.sdf.gz
CC(=O)N1N=C(c2cc(F)ccc2F)C[C@@]1(CCCN1CC(F)C1)c1ccccc1,7.1,chembl26.sdf.gz
CC(=O)N1N=C(c2cc(F)ccc2F)C[C@@]1(CCCN1C[C@H]2C[C@@H]1CO2)c1ccccc1,8.0,chembl26.sdf.gz
CC(=O)N1N=C(c2cc(F)ccc2F)C[C@@]1(CCCN1CCOCC1)c1ccccc1,7.1,chembl26.sdf.gz
CC(=O)N1CCN(CCC[C@@]2(c3ccccc3)CC(c3cc(F)ccc3F)=NN2C(C)=O)CC1,6.7,chembl26.sdf.gz
COc1cc(-c2noc3c2CCCC3Nc2ccc(F)cc2)ccc1-n1cnc(C)c1,5.33,chembl26.sdf.gz
COc1cc(-c2noc3c2CCCC3NCc2ccc(F)cc2)ccc1-n1cnc(C)c1,7.08,chembl26.sdf.gz
CNC1CCCc2c(-c3ccc(-n4cnc(C)c4)c(OC)c3)noc21,8.1,chembl26.sdf.gz
COc1cc(-c2noc3c2CCCC3NCC(F)(F)F)ccc1-n1cnc(C)c1,5.42,chembl26.sdf.gz
COc1cc(-c2noc3c2CCCC3NC2CCCCC2)ccc1-n1cnc(C)c1,8.42,chembl26.sdf.gz
CC(Cc1ccccc1)NCCC(c1ccccc1)c1ccccc1,8.92,chembl26.sdf.gz
CC[C@H]1OC(=O)CC(O)[C@H](C)[C@@H](O[C@@H]2O[C@H](C)C[C@H](N(C)C)[C@H]2O)[C@@H](CCNCCCN(C)C)C[C@@H](C)C(=O)/C=C\C(C)=C/[C@@H]1C,8.88,chembl26.sdf.gz
CC[C@H]1OC(=O)CC(O)[C@H](C)[C@@H](O[C@@H]2O[C@H](C)C[C@H](N(C)C)[C@H]2O)[C@@H](CCN(C)CCO)C[C@@H](C)C(=O)/C=C\C(C)=C/[C@@H]1C,9.18,chembl26.sdf.gz
CC[C@H]1OC(=O)CC(O)[C@H](C)[C@@H](O[C@@H]2O[C@H](C)C[C@H](N(C)C)[C@H]2O)[C@@H](CCNCC(C)(C)CO)C[C@@H](C)C(=O)/C=C\C(C)=C/[C@@H]1C,9.72,chembl26.sdf.gz
CC[C@H]1OC(=O)CC(O)[C@H](C)[C@@H](O[C@@H]2O[C@H](C)C[C@H](N(C)C)[C@H]2O)[C@@H](CCNCC(O)CO)C[C@@H](C)C(=O)/C=C\C(C)=C/[C@@H]1C,9.02,chembl26.sdf.gz
CC[C@H]1OC(=O)CC(O)[C@H](C)[C@@H](O[C@@H]2O[C@H](C)C[C@H](N(C)C)[C@H]2O)[C@@H](CCN(C)CCN(C)C(=O)CN)C[C@@H](C)C(=O)/C=C\C(C)=C/[C@@H]1C,8.1,chembl26.sdf.gz
CCC1OC(=O)C(C)C(OC2CC(C)(OC)C(O)C(C)O2)C(C)C(OC2OC(C)CC(N(C)C)C2O)C(C)(O)CC(C)C(N)C(C)C(OC(=O)O)C1(C)OC(=O)O,9.21,chembl26.sdf.gz
CC[C@H]1OC(=O)CC(O)[C@H](C)[C@@H](O[C@@H]2O[C@H](C)C[C@H](N(C)C)[C@H]2O)[C@@H](CCN(CCCN(C)C)C(=O)CN)C[C@@H](C)C(=O)/C=C\C(C)=C/[C@@H]1C,8.74,chembl26.sdf.gz
CC[C@H]1OC(=O)[C@H](C)[C@@H](O[C@H]2C[C@@](C)(OC)[C@@H](O)[C@H](C)O2)[C@H](C)[C@@H](O[C@@H]2O[C@H](C)C[C@H](N(C)C)[C@H]2O)[C@](C)(O)C[C@@H](C)CN(C)[C@H](C)[C@@H](O)[C@]1(C)O,9.45,chembl26.sdf.gz
CC[C@H]1OC(=O)CC(O)[C@H](C)[C@@H](O[C@@H]2O[C@H](C)C[C@H](N(C)C)[C@H]2O)[C@@H](CCN(CCCN(C)C)C(=O)[C@H](C)N)C[C@@H](C)C(=O)/C=C\C(C)=C/[C@@H]1C,8.78,chembl26.sdf.gz
CC[C@H]1OC(=O)CC(O)[C@H](C)[C@@H](O[C@@H]2O[C@H](C)C[C@H](N(C)C)[C@H]2O)[C@@H](CCN(C)CCCN(C)C)C[C@@H](C)C(=O)/C=C\C(C)=C/[C@@H]1C,8.43,chembl26.sdf.gz
CC[C@H]1OC(=O)[C@H](C)[C@@H](O[C@H]2C[C@@](C)(OC)[C@@H](O)[C@H](C)O2)[C@H](C)[C@@H](O[C@@H]2O[C@H](C)C[C@H](N(C)C)[C@H]2O)[C@](C)(O)C[C@@H](C)[C@H](N)[C@H](C)[C@@H](O)[C@]1(C)O,9.95,chembl26.sdf.gz
CC[C@H]1OC(=O)CC(O)[C@H](C)[C@@H](O[C@@H]2O[C@H](C)C[C@H](N(C)C)[C@H]2O)[C@@H](CCN2CCC2)C[C@@H](C)C(=O)/C=C\C(C)=C/[C@@H]1C,9.54,chembl26.sdf.gz
CC[C@H]1OC(=O)CC(O)[C@H](C)[C@@H](O[C@@H]2O[C@H](C)C[C@H](N(C)C)[C@H]2O)[C@@H](CCNC2C(O)CCCC2O)C[C@@H](C)C(=O)/C=C\C(C)=C/[C@@H]1C,9.31,chembl26.sdf.gz
CC[C@H]1OC(=O)CC(O)[C@H](C)[C@@H](O[C@@H]2O[C@H](C)C[C@H](N(C)C)[C@H]2O)[C@@H](CCN(C)CCN(C)C(=O)[C@H](C)N)C[C@@H](C)C(=O)/C=C\C(C)=C/[C@@H]1C,8.13,chembl26.sdf.gz
CC[C@H]1OC(=O)CC(O)[C@H](C)[C@@H](O[C@@H]2O[C@H](C)C[C@H](N(C)C)[C@H]2O)[C@@H](CCN(C)CCN(C)C)C[C@@H](C)C(=O)/C=C\C(C)=C/[C@@H]1C,8.19,chembl26.sdf.gz
CC[C@H]1OC(=O)C[C@@H](O)[C@H](C)[C@@H](O[C@@H]2O[C@H](C)[C@@H](O)[C@H](N(C)C)[C@H]2O)[C@@H](CCN2C[C@H](C)C[C@H](C)C2)C[C@@H](C)C(=O)/C=C\C(C)=C/[C@@H]1CO[C@@H]1O[C@H](C)[C@@H](O)[C@@H](OC)[C@H]1OC,9.56,chembl26.sdf.gz
CC[C@H]1OC(=O)CC(O)[C@H](C)[C@@H](O[C@@H]2O[C@H](C)C[C@H](N(C)C)[C@H]2O)[C@@H](CCNCCO)C[C@@H](C)C(=O)/C=C\C(C)=C/[C@@H]1C,9.62,chembl26.sdf.gz
CC[C@H]1OC(=O)CC(O)[C@H](C)[C@@H](O[C@@H]2O[C@H](C)C[C@H](N(C)C)[C@H]2O)[C@@H](CCN(C)CCCN(C)C(=O)[C@H](C)N)C[C@@H](C)C(=O)/C=C\C(C)=C/[C@@H]1C,8.53,chembl26.sdf.gz
Oc1cccc2cccnc12,5.14,chembl26.sdf.gz
Oc1ccc(Cl)c2cccnc12,3.8,chembl26.sdf.gz
O=[N+]([O-])c1ccc(O)c2ncccc12,3.68,chembl26.sdf.gz
Cc1ccc(O)c2ncccc12,5.25,chembl26.sdf.gz
COc1ccc(O)c2ncccc12,4.84,chembl26.sdf.gz
CN(C)Cc1ccc(O)c2ncccc12,4.47,chembl26.sdf.gz
CCN(CC)Cc1ccc(O)c2ncccc12,4.48,chembl26.sdf.gz
OCc1ccc(O)c2ncccc12,4.93,chembl26.sdf.gz
N#CCc1ccc(O)c2ncccc12,4.3,chembl26.sdf.gz
COC(=O)Cc1ccc(O)c2ncccc12,4.72,chembl26.sdf.gz
CCOC(=O)Cc1ccc(O)c2ncccc12,4.72,chembl26.sdf.gz
Oc1ccc(I)c2cccnc12,4.43,chembl26.sdf.gz
COc1cc(Nc2c3ccccc3nc3cccnc23)ccc1NS(C)(=O)=O,7.19,chembl26.sdf.gz
COc1cc(Nc2c3ccccc3nc3ccncc23)ccc1NS(C)(=O)=O,5.84,chembl26.sdf.gz
COc1cc(Nc2c3ccccc3nc3cnccc23)ccc1NS(C)(=O)=O,5.53,chembl26.sdf.gz
COc1cc(Nc2c3ccccc3nc3ncccc23)ccc1NS(C)(=O)=O,6.09,chembl26.sdf.gz
COc1cc(Nc2c3ccccc3nc3cccc([N+](=O)[O-])c23)ccc1NS(C)(=O)=O,4.98,chembl26.sdf.gz
COc1cc(Nc2c3ccccc3nc3ccc([N+](=O)[O-])cc23)ccc1NS(C)(=O)=O,5.63,chembl26.sdf.gz
COc1cc(Nc2c3ccccc3nc3cc([N+](=O)[O-])ccc23)ccc1NS(C)(=O)=O,5.72,chembl26.sdf.gz
COc1cc(Nc2c3ccccc3nc3c([N+](=O)[O-])cccc23)ccc1NS(C)(=O)=O,5.05,chembl26.sdf.gz
Oc1ccc2c3c1O[C@H]1[C@@H](O)C=C[C@H]4[C@@H](C2)NCC[C@@]341,8.66,chembl26.sdf.gz
CC(=O)O[C@H]1C=C[C@H]2[C@H]3Cc4ccc(O)c5c4[C@@]2(CCN3C)[C@H]1O5,9.55,chembl26.sdf.gz
CC(C)(C)[C@H]1CC[C@H](CC2=C(O)C(=O)c3ccccc3C2=O)CC1,5.7,chembl26.sdf.gz
CC(C)(C)C1CCC(CC2=C(OCOP(=O)(O)O)C(=O)c3ccccc3C2=O)CC1,2.28,chembl26.sdf.gz
CC(C)(C)C1CCC(CC2=C(OP(=O)(O)O)C(=O)c3ccccc3C2=O)CC1,2.68,chembl26.sdf.gz
Cn1cnc2ccc([N+](=O)[O-])cc21,3.35,chembl26.sdf.gz
Cn1cnc2cc([N+](=O)[O-])ccc21,3.28,chembl26.sdf.gz
Cn1cnc2cc([N+](=O)[O-])c([N+](=O)[O-])cc21,1.6,chembl26.sdf.gz
O=C(O)Cc1ccc(S)cc1,6.6,chembl26.sdf.gz
C[N+](C)(C)Cc1ccc(S)cc1,5.5,chembl26.sdf.gz
O=S(=O)(O)c1ccc(S)cc1,5.7,chembl26.sdf.gz
O=C(O)c1ccc(S)cc1,5.95,chembl26.sdf.gz
O=P(O)(O)Cc1ccc(S)cc1,6.6,chembl26.sdf.gz
N[C@@H](CCC(=O)N[C@@H](CS)C(=O)NCC(=O)O)C(=O)O,8.7,chembl26.sdf.gz
C1CCNC1,11.27,chembl26.sdf.gz
C1CCNCC1,11.2,chembl26.sdf.gz
C1CNC1,10.7,chembl26.sdf.gz
C1CNCCN1,9.8,chembl26.sdf.gz
C1COCCN1,8.4,chembl26.sdf.gz
c1cocn1,0.8,chembl26.sdf.gz
CC1Cc2ccccc2N1NC(=O)c1ccc(Cl)c(S(N)(=O)=O)c1,8.8,chembl26.sdf.gz
NS(=O)(=O)c1cc(C(=O)Nn2cnc3ccccc32)c(SC2CCCCC2)cc1Cl,8.8,chembl26.sdf.gz
NS(=O)(=O)c1cc(C(=O)Nn2cnc3ccccc32)c(Sc2ccccc2)cc1Cl,8.8,chembl26.sdf.gz
Cc1cc2ncn(CC(=O)c3cc(S(N)(=O)=O)c(Cl)cc3Sc3ccccc3)c2cc1C,8.8,chembl26.sdf.gz
NS(=O)(=O)c1cc(C(=O)Cn2cnc3ccccc32)c(SCCc2ccccc2)cc1Cl,8.8,chembl26.sdf.gz
NS(=O)(=O)c1cc(C(=O)Nn2cnc3ccccc32)c(Cl)cc1Cl,8.3,chembl26.sdf.gz
NS(=O)(=O)c1cc(C(=O)Cn2ccnc2)c(Cl)cc1Cl,8.3,chembl26.sdf.gz
Cc1cc2ncn(CC(=O)c3cc(S(N)(=O)=O)c(Cl)cc3Cl)c2cc1C,8.3,chembl26.sdf.gz
NS(=O)(=O)c1cc(C(=O)Cn2cnc3ccccc32)c(Cl)cc1Cl,8.3,chembl26.sdf.gz
CCc1nc2ccccc2n1CC(=O)c1ccc(Cl)c(S(N)(=O)=O)c1,8.8,chembl26.sdf.gz
Cc1nc2ccccc2n1CC(=O)c1ccc(Cl)c(S(N)(=O)=O)c1,8.8,chembl26.sdf.gz
NS(=O)(=O)c1cc(C(=O)CN2CCCc3ccccc32)ccc1Cl,8.8,chembl26.sdf.gz
NS(=O)(=O)c1cc(C(=O)CN2CCc3ccccc32)ccc1Cl,8.8,chembl26.sdf.gz
NS(=O)(=O)c1cc(C(=O)Cn2cnc(-c3ccccc3)c2-c2ccccc2)ccc1Cl,8.8,chembl26.sdf.gz
NS(=O)(=O)c1cc(C(=O)Cn2ccnc2-c2ccccc2)ccc1Cl,8.8,chembl26.sdf.gz
CCc1nccn1CC(=O)c1ccc(Cl)c(S(N)(=O)=O)c1,8.8,chembl26.sdf.gz
NS(=O)(=O)c1cc(C(=O)Cn2ccnc2)ccc1Cl,8.8,chembl26.sdf.gz
Cc1cc2ncn(CC(=O)c3ccc(Cl)c(S(N)(=O)=O)c3)c2cc1C,8.8,chembl26.sdf.gz
NS(=O)(=O)c1cc(C(=O)Cn2cnc3ccccc32)ccc1Cl,8.8,chembl26.sdf.gz
COc1ccc(C([N+](=O)[O-])[N+](=O)[O-])cc1,3.9,chembl26.sdf.gz
O=[N+]([O-])C(c1ccccc1)[N+](=O)[O-],3.77,chembl26.sdf.gz
O=C(Nc1ccc(C2CCCCC2)cc1)C1=C(O)CC(c2ccccc2)NC1=O,6.5,chembl26.sdf.gz
O=C(NC1CCCCC1)C1=C(O)CC(Cc2ccccc2)NC1=O,6.5,chembl26.sdf.gz
O=C(Nc1ccc(C(F)(F)F)nc1)C1=C(O)CC(Cc2ccccc2)NC1=O,6.5,chembl26.sdf.gz
O=C(Nc1ccc(-n2ccnc2)cc1)C1=C(O)CC(Cc2ccccc2)NC1=O,6.5,chembl26.sdf.gz
O=C(Nc1ccc(N2CCCCC2)cc1)C1=C(O)CC(Cc2ccccc2)NC1=O,6.5,chembl26.sdf.gz
O=C(Nc1ccc(S(=O)(=O)c2ccccc2)cc1)C1=C(O)CC(Cc2ccccc2)NC1=O,6.5,chembl26.sdf.gz
O=C(Nc1ccc(Nc2ccccc2)cc1)C1=C(O)CC(Cc2ccccc2)NC1=O,6.5,chembl26.sdf.gz
O=C(Nc1ccc(Oc2ccccc2)cc1)C1=C(O)CC(Cc2ccccc2)NC1=O,6.5,chembl26.sdf.gz
CC(C)CC1CC(O)=C(C(=O)Nc2ccc(C3CCCCC3)cc2)C(=O)N1,6.5,chembl26.sdf.gz
O=C(Nc1ccc(C2CCCCC2)cc1)C1=C(O)CC(C2CCCCC2)NC1=O,6.5,chembl26.sdf.gz
O=C(Nc1ccc(C2CCCCC2)cc1)C1=C(O)CC(Cc2ccccc2)NC1=O,6.5,chembl26.sdf.gz
O=C(Nc1ccc(C2CCCCC2)cc1)C1=C(O)C[C@H](c2ccccc2)NC1=O,6.5,chembl26.sdf.gz
O=C(Nc1ccc(C2CCCCC2)cc1)C1=C(O)C[C@@H](c2ccccc2)NC1=O,6.5,chembl26.sdf.gz
CCCCCCOc1ccc(NC(=O)C2=C(O)C(Cc3ccccc3)NC2=O)cc1,3.0,chembl26.sdf.gz
O=C(Nc1ccc(C2CCCCC2)cc1)C1=C(O)CN(Cc2ccccc2)C1=O,3.0,chembl26.sdf.gz
O=C(NC1CCCCC1)C1=C(O)C(CCc2ccccc2)NC1=O,3.0,chembl26.sdf.gz
O=C(Nc1ccc(F)cc1)C1=C(O)C(CCc2ccccc2)NC1=O,3.0,chembl26.sdf.gz
O=C(Nc1ccc(N2CCCCC2)cc1)C1=C(O)C(CCc2ccccc2)NC1=O,3.0,chembl26.sdf.gz
O=C(Nc1ccc(-c2ccccc2)cc1)C1=C(O)C(CCc2ccccc2)NC1=O,3.0,chembl26.sdf.gz
COCC1NC(=O)C(C(=O)Nc2ccc(C3CCCCC3)cc2)=C1O,3.0,chembl26.sdf.gz
O=C(Nc1ccc(C2CCCCC2)cc1)C1=C(O)C(Cc2ncc[nH]2)NC1=O,3.0,chembl26.sdf.gz
CC(C)CC1NC(=O)C(C(=O)Nc2ccc(C3CCCCC3)cc2)=C1O,3.0,chembl26.sdf.gz
O=C(Nc1ccc(C2CCCCC2)cc1)C1=C(O)C(CCc2ccccc2)NC1=O,3.0,chembl26.sdf.gz
O=C(Nc1ccc(C2CCCCC2)cc1)C1=C(O)C(c2ccccc2)NC1=O,3.0,chembl26.sdf.gz
O=C1NCC(O)=C1C(=O)Nc1ccc(C2CCCCC2)cc1,3.0,chembl26.sdf.gz
O=C(Nc1ccc(C2CCCCC2)cc1)C1=C(O)C(Cc2ccccc2)NC1=O,3.0,chembl26.sdf.gz
CO[C@H]1C(=O)N2C(C(=O)c3ccccc3)=C(CSc3nnnn3C)C(Sc3nnnn3C)S(=O)(=O)[C@H]12,3.5,chembl26.sdf.gz
CO[C@H]1C(=O)N2C(C(=O)C(C)(C)C)=C(CSc3nnnn3C)C(Sc3nnnn3C)S(=O)(=O)[C@H]12,6.0,chembl26.sdf.gz
CO[C@H]1C(=O)N2C(C(=O)c3ccccc3)=C(C)C(Sc3nnnn3C)S(=O)(=O)[C@H]12,4.8,chembl26.sdf.gz
CO[C@H]1C(=O)N2C(C(=O)C(C)(C)C)=C(C)C(Sc3nc(=O)c(=O)[nH]n3C)S(=O)(=O)[C@H]12,8.9,chembl26.sdf.gz
CO[C@H]1C(=O)N2C(C(=O)C(C)(C)C)=C(CSc3nnc(C)s3)C(Sc3nnc(C)s3)S(=O)(=O)[C@H]12,5.8,chembl26.sdf.gz
CO[C@H]1C(=O)N2C(C(=O)c3ccccc3)=C(C)C(Sc3nc(=O)c(=O)[nH]n3C)S(=O)(=O)[C@H]12,5.7,chembl26.sdf.gz
N[C@@H](CS)C(=O)O,8.3,chembl26.sdf.gz
Sc1ccccc1,6.6,chembl26.sdf.gz
Cc1nc(N)sc1-c1ccnc(Nc2ccc(N3CCOCC3)cc2)n1,4.4,chembl26.sdf.gz
Cc1nc(C)c(-c2ccnc(Nc3ccc(N(C)C)cc3)n2)s1,5.5,chembl26.sdf.gz
c1cc([C@H]2CC[C@]3(CC2)OO[C@]2(O3)C3CC4CC(C3)CC2C4)ccc1OCCN1CCOCC1,6.81,chembl26.sdf.gz
c1cc(C2CCC3(CC2)CCC2(OO3)C3CC4CC(C3)CC2C4)ccc1OCCN1CCOCC1,6.81,chembl26.sdf.gz
c1cc([C@H]2CC[C@@]3(CC2)C[C@@]2(OO3)C3CC4CC(C3)CC2C4)ccc1OCCN1CCOCC1,6.82,chembl26.sdf.gz
c1cc(C2CCC3(CC2)CCC2(OC3)C3CC4CC(C3)CC2C4)ccc1OCCN1CCOCC1,6.82,chembl26.sdf.gz
CC(C)(N)CNC(=O)C[C@H]1CC[C@]2(CC1)OO[C@]1(O2)C2CC3CC(C2)CC1C3,9.05,chembl26.sdf.gz
CC(C)(N)CNC(=O)C[C@H]1CC[C@@]2(CC1)C[C@@]1(OO2)C2CC3CC(C2)CC1C3,9.05,chembl26.sdf.gz
CC(C)(N)CNC(=O)CC1CCC2(CC1)COC1(OO2)C2CC3CC(C2)CC1C3,9.05,chembl26.sdf.gz
CC(C)(N)CNC(=O)CC1CCC2(CC1)OOC1(OO2)C2CC3CC(C2)CC1C3,9.05,chembl26.sdf.gz
Oc1n[nH]c(SCc2ccccc2)n1,6.03,chembl26.sdf.gz
CCCN(CCC)C(=O)c1cccc(C(=O)N[C@@H](Cc2ccccc2)[C@H](O)CNC2CC2)c1.Cl,8.4,chembl26.sdf.gz
CC[C@H](C)Nc1cc(C(=O)N[C@@H](Cc2ccccc2)[C@H](O)[C@H]2CCCN2)cc(S(C)(=O)=O)n1.Cl,9.4,chembl26.sdf.gz
CCCN(CCC)C(=O)c1cccc(C(=O)N[C@@H](Cc2ccccc2)[C@H](O)[C@H]2CCCN2)c1.Cl,9.6,chembl26.sdf.gz
CC(=O)N[C@@H](Cc1cc(F)cc(F)c1)[C@H](O)[C@H]1C[C@@H](OCC2CCCCC2)CN1.Cl,8.2,chembl26.sdf.gz
CC(=O)N[C@@H](Cc1cc(F)cc(F)c1)[C@H](O)[C@H]1CC[C@@H](OCC2CCCCC2)CN1.Cl,8.6,chembl26.sdf.gz
CC(=O)N[C@@H](Cc1cc(F)cc(F)c1)[C@H](O)[C@H]1CO[C@@H](OCC2CCCCC2)CN1.O=C(O)C(F)(F)F,6.7,chembl26.sdf.gz
CC(=O)N[C@@H](Cc1cc(F)cc(F)c1)[C@H](O)[C@H]1CO[C@@H](OCC2CCCCC2)[C@H](C)N1.Cl,6.7,chembl26.sdf.gz
CC(=O)N[C@@H](Cc1cc(F)cc(F)c1)[C@H](O)[C@H]1CO[C@@H](OCC(C)(C)C)[C@H](C)N1.Cl,6.9,chembl26.sdf.gz
CN(C)CC(Oc1ccccc1)Oc1ccccc1,9.2,chembl26.sdf.gz
O=c1[nH]c2ccccc2n1C1CCN(CCCC(c2ccc(F)cc2)c2ccc(F)cc2)CC1,7.3,chembl26.sdf.gz
CC(=O)CC(c1ccccc1)c1c(O)c2ccccc2oc1=O,5.1,chembl26.sdf.gz
Cc1onc(-c2ccccc2)c1C(=O)N[C@@H]1C(=O)N2[C@@H]1SC(C)(C)[C@@H]2C(=O)O,2.8,chembl26.sdf.gz
CC1=C(/C=C/C(C)=C/C=C/C(C)=C/C(=O)O)C(C)(C)CCC1,4.5,chembl26.sdf.gz
Oc1ccc(C(O)C2CCCCN2)cc1O,9.9,chembl26.sdf.gz
CN(CCCN1c2ccccc2CCc2ccccc21)CC(=O)c1ccc(Cl)cc1,6.7,chembl26.sdf.gz
Oc1ccc2c3c1O[C@H]1[C@@H](O)CC[C@@]4(O)[C@@H](C2)N(CC2CCC2)CC[C@]314,8.7,chembl26.sdf.gz
Cc1noc(NS(=O)(=O)c2ccc(N)cc2)c1C,5.0,chembl26.sdf.gz
O=C(c1ccc(OCCN2CCCCC2)cc1)c1c(-c2ccc(O)cc2)sc2cc(O)ccc12,9.0,chembl26.sdf.gz
O=C(NCCN1CCOCC1)c1ccc(Cl)cc1,6.2,chembl26.sdf.gz
COc1ccc(CCNCC(O)COc2cccc(C)c2)cc1OC,8.4,chembl26.sdf.gz
CCNCC(O)c1cccc(O)c1,9.8,chembl26.sdf.gz
CC(C)NCC(O)c1ccc(O)c(O)c1,8.7,chembl26.sdf.gz
CNCCC=C1c2ccccc2CCc2ccccc21,9.7,chembl26.sdf.gz
N=C(N)NC(=O)c1nc(Cl)c(N)nc1N,8.7,chembl26.sdf.gz
CCOC(=O)Nc1ccc2c(c1)N(C(=O)CCN1CCOCC1)c1ccccc1S2,6.4,chembl26.sdf.gz
Cc1nnc2n1-c1sc(Br)cc1C(c1ccccc1Cl)=NC2,6.2,chembl26.sdf.gz
CC(C)(C)NCC(O)c1cc(Cl)c(N)c(C(F)(F)F)c1,9.7,chembl26.sdf.gz
O=C(O)CCCc1ccc(N(CCCl)CCCl)cc1,5.8,chembl26.sdf.gz
OCCN1CCN(CC/C=C2\c3ccccc3Sc3ccc(C(F)(F)F)cc32)CC1,8.1,chembl26.sdf.gz
CC(C)COCC(CN(Cc1ccccc1)c1ccccc1)N1CCCC1,9.3,chembl26.sdf.gz
CC(C)(C)NCC(O)COc1cccc2c1CCC(=O)N2,9.2,chembl26.sdf.gz
COCC(=O)O[C@]1(CCN(C)CCCc2nc3ccccc3[nH]2)CCc2cc(F)ccc2[C@@H]1C(C)C,9.3,chembl26.sdf.gz
OCCN1CCN(CCCN2c3ccccc3Sc3ccc(Cl)cc32)CC1,7.8,chembl26.sdf.gz
CC[C@@H](CO)NCCN[C@@H](CC)CO,9.5,chembl26.sdf.gz
CCC(=O)C(CC(C)N(C)C)(c1ccccc1)c1ccccc1,9.3,chembl26.sdf.gz
Clc1ccc2nsnc2c1NC1=NCCN1,8.0,chembl26.sdf.gz
C1COC(NC(C2CC2)C2CC2)=N1,9.3,chembl26.sdf.gz
CNCCC[C@]12CC[C@H](c3ccccc31)c1ccccc12,10.5,chembl26.sdf.gz
COc1ccccc1OCCNCC(O)COc1cccc2[nH]c3ccccc3c12,9.3,chembl26.sdf.gz
CC(CCc1ccc(O)cc1)NCCc1ccc(O)c(O)c1,9.5,chembl26.sdf.gz
CC(C)=CCN1CC[C@@]2(C)c3cc(O)ccc3C[C@@H]1[C@H]2C,8.8,chembl26.sdf.gz
COc1cc(NC(C)CCCN)c2ncccc2c1,10.3,chembl26.sdf.gz
COc1ccc(C(=O)Nc2ccccc2CCC2CCCCN2C)cc1,10.2,chembl26.sdf.gz
CCOc1ccc2ccccc2c1C(=O)N[C@@H]1C(=O)N2[C@@H]1SC(C)(C)[C@@H]2C(=O)O,2.7,chembl26.sdf.gz
CC(C)(C)NC[C@@H](O)COc1ccccc1C1CCCC1,9.3,chembl26.sdf.gz
CC(C)NCC(O)c1cc(O)cc(O)c1,9.3,chembl26.sdf.gz
COc1ccc(C(CN(C)C)C2(O)CCCCC2)cc1,9.2,chembl26.sdf.gz
CC1CCCC(C)N1CCCC(O)(c1ccccc1)c1ccccn1,10.2,chembl26.sdf.gz
C[C@H](CS)C(=O)N1C[C@@H](Sc2ccccc2)C[C@H]1C(=O)O,3.7,chembl26.sdf.gz
CC(C)NCC(O)COc1ccc(COCCOC(C)C)cc1,9.2,chembl26.sdf.gz
C=CCN1CC[C@]23c4c5ccc(O)c4O[C@H]2C(=O)CC[C@@]3(O)[C@H]1C5,7.9,chembl26.sdf.gz
CC(C)N1CCC(N(C(=O)Cc2ccccc2)c2ccc(Cl)cc2)CC1,8.7,chembl26.sdf.gz
Nc1nc(N)c2nc(-c3ccccc3)c(N)nc2n1,6.2,chembl26.sdf.gz
CNCCCC1c2ccccc2C=Cc2ccccc21,8.2,chembl26.sdf.gz
O=C(NCCNCC(O)COc1ccc(O)cc1)N1CCOCC1,7.8,chembl26.sdf.gz
COCCCC/C(=N\OCCN)c1ccc(C(F)(F)F)cc1,9.5,chembl26.sdf.gz
CN(C/C=C/C#CC(C)(C)C)Cc1cccc2ccccc12,8.5,chembl26.sdf.gz
NS(=O)(=O)c1cc2c(cc1Cl)N=CNS2(=O)=O,6.7,chembl26.sdf.gz
Nc1cc(-c2ccncc2)c[nH]c1=O,5.2,chembl26.sdf.gz
C[C@H](CS)C(=O)N1CCC[C@H]1C(=O)O,3.7,chembl26.sdf.gz
O=C1CC[C@@]2(O)[C@H]3Cc4ccc(O)c5c4[C@@]2(CCN3CC2CC2)[C@H]1O5,8.1,chembl26.sdf.gz
CNC1=Nc2ccc(Cl)cc2C(c2ccccc2)=[N+]([O-])C1,4.8,chembl26.sdf.gz
Cc1onc(-c2c(Cl)cccc2Cl)c1C(=O)N[C@@H]1C(=O)N2[C@@H]1SC(C)(C)[C@@H]2C(=O)O,2.8,chembl26.sdf.gz
Cc1ccc(C)c(OCCCC(C)(C)C(=O)O)c1,4.8,chembl26.sdf.gz
CCCNC1CCc2nc(N)sc2C1,11.0,chembl26.sdf.gz
CCNC(C)Cc1cccc(C(F)(F)F)c1,10.0,chembl26.sdf.gz
OC(CCN1CCCC1)(c1ccccc1)C1CCCCC1,8.8,chembl26.sdf.gz
Nc1ccc(S(=O)(=O)Nc2ncccn2)cc1,6.5,chembl26.sdf.gz
Sc1ncnc2nc[nH]c12,7.6,chembl26.sdf.gz
CCC(=O)O[C@](Cc1ccccc1)(c1ccccc1)[C@H](C)CN(C)C,9.2,chembl26.sdf.gz
CCC(C)(C)NCC(O)COc1ccccc1C(=O)CCc1ccccc1,9.2,chembl26.sdf.gz
COc1ccc2c(c1)N(C[C@H](C)CN(C)C)c1ccccc1S2,9.2,chembl26.sdf.gz
CC(C)NC[C@H](O)COc1ccc(O)cc1,9.2,chembl26.sdf.gz
CCC1C2CC3C4N(C)c5ccccc5C45CC(C2[C@H]5O)N3C1O,6.5,chembl26.sdf.gz
CN(C)CCCC1(c2ccc(F)cc2)OCc2cc(C#N)ccc21,9.2,chembl26.sdf.gz
CC(CN1c2ccccc2Sc2ccccc21)N(C)C,9.1,chembl26.sdf.gz
CN1CCC[C@@H]1CCO[C@](C)(c1ccccc1)c1ccc(Cl)cc1,9.2,chembl26.sdf.gz
CN(C)CCC=C1c2ccccc2COc2ccccc21,8.0,chembl26.sdf.gz
CC(Cc1ccc(O)cc1)NCC(O)c1cc(O)cc(O)c1,9.3,chembl26.sdf.gz
Fc1ccc([C@@H]2CCNC[C@H]2COc2ccc3c(c2)OCO3)cc1,11.2,chembl26.sdf.gz
O=C1C(CC[S+]([O-])c2ccccc2)C(=O)N(c2ccccc2)N1c1ccccc1,2.8,chembl26.sdf.gz
CCN(CC)C(=O)N[C@H]1C[C@@H]2c3cccc4[nH]cc(c34)C[C@H]2N(C)C1,6.8,chembl26.sdf.gz
CNCCC(Oc1ccc(C(F)(F)F)cc1)c1ccccc1,10.2,chembl26.sdf.gz
CCCCNc1cc(C(=O)O)cc(S(N)(=O)=O)c1Oc1ccccc1,4.0,chembl26.sdf.gz
CN(CCOc1ccc(NS(C)(=O)=O)cc1)CCc1ccc(NS(C)(=O)=O)cc1,7.0,chembl26.sdf.gz
c1ccc(C2(c3ccccc3)CC2C2=NCCN2)cc1,10.3,chembl26.sdf.gz
COc1cc(N)c(Cl)cc1C(=O)NC1CCN(CCCOc2ccc(F)cc2)CC1OC,7.7,chembl26.sdf.gz
CN1CCN(CC(=O)N2c3ccccc3C(=O)Nc3cccnc32)CC1,8.1,chembl26.sdf.gz
Cc1cc2c(s1)Nc1ccccc1N=C2N1CCN(C)CC1,8.0,chembl26.sdf.gz
O=C(NC1CCN(CCc2c[nH]c3ccccc23)CC1)c1ccccc1,7.7,chembl26.sdf.gz
CCOC(=O)C1(c2ccccc2)CCN(C)CC1,8.7,chembl26.sdf.gz
CCN1CCCC1CNC(=O)c1cc(S(N)(=O)=O)ccc1OC,9.0,chembl26.sdf.gz
CCCN(CCC)S(=O)(=O)c1ccc(C(=O)O)cc1,3.4,chembl26.sdf.gz
CNC[C@H](O)c1cccc(O)c1,9.8,chembl26.sdf.gz
CCN1CCC[C@H]1CNC(=O)c1c(O)c(Cl)cc(Cl)c1OC,9.2,chembl26.sdf.gz
CC(C)n1c(/C=C/C(O)CC(O)CC(=O)O)c(-c2ccc(F)cc2)c2ccccc21,4.5,chembl26.sdf.gz
C#CCN(C)[C@H](C)Cc1ccccc1,9.2,chembl26.sdf.gz
CC(NCCc1ccc(O)cc1)C(O)c1ccc(O)cc1,9.0,chembl26.sdf.gz
CCCC(CCC)C(=O)O,4.8,chembl26.sdf.gz
NC(N)=Nc1nc(CSCC/C(N)=N/S(N)(=O)=O)cs1,7.1,chembl26.sdf.gz
OCCN1CCN(CC/C=C2/c3ccccc3Sc3ccc(Cl)cc32)CC1,8.1,chembl26.sdf.gz
Cc1cc(NS(=O)(=O)c2ccc(N)cc2)no1,5.8,chembl26.sdf.gz
CC(C)NCC(O)COc1ccc(CCOCC2CC2)cc1,9.4,chembl26.sdf.gz
CC(C)(C)NC[C@@H](O)COc1cccc2c1CCCC2=O,9.3,chembl26.sdf.gz
CN1CCN2c3ncccc3Cc3ccccc3C2C1,7.1,chembl26.sdf.gz
Nc1c(CC(=O)O)cccc1C(=O)c1ccc(Br)cc1,4.3,chembl26.sdf.gz
N#Cc1ccccc1OCC(O)CNCCNC(=O)Cc1ccc(O)cc1,7.8,chembl26.sdf.gz
CC(C)(C)NCC(O)c1ccc(O)c(CO)c1,9.3,chembl26.sdf.gz
CCC1(c2cccc(O)c2)CCCCN(C)C1,8.7,chembl26.sdf.gz
COc1ccccc1N1CCN(CCCNc2cc(=O)n(C)c(=O)n2C)CC1,7.1,chembl26.sdf.gz
Cc1cccc(C)c1NC(=O)C(C)N,7.8,chembl26.sdf.gz
Cc1[nH]c(=O)c(C#N)cc1-c1ccncc1,5.2,chembl26.sdf.gz
O=[N+]([O-])c1cccc(S(=O)(=O)Nc2ccccc2)c1,7.5,chembl26.sdf.gz
O=[N+]([O-])c1cccc(NS(=O)(=O)c2ccccc2)c1,7.93,chembl26.sdf.gz
COc1ccc(S(=O)(=O)Nc2cccc([N+](=O)[O-])c2)cc1,8.44,chembl26.sdf.gz
Cc1ccc(S(=O)(=O)Nc2cccc([N+](=O)[O-])c2)cc1,8.27,chembl26.sdf.gz
O=[N+]([O-])c1cccc(NS(=O)(=O)c2ccc(F)cc2)c1,7.85,chembl26.sdf.gz
O=[N+]([O-])c1cccc(NS(=O)(=O)c2ccc(Cl)cc2)c1,7.51,chembl26.sdf.gz
O=[N+]([O-])c1cccc(NS(=O)(=O)c2ccc(Br)cc2)c1,7.42,chembl26.sdf.gz
O=[N+]([O-])c1cccc(S(=O)(=O)Nc2ccc(Cl)cc2)c1,7.19,chembl26.sdf.gz
O=[N+]([O-])c1cccc(S(=O)(=O)Nc2ccc(F)cc2)c1,7.27,chembl26.sdf.gz
Cc1ccc(NS(=O)(=O)c2cccc([N+](=O)[O-])c2)cc1,7.8,chembl26.sdf.gz
Nc1ccc(NS(=O)(=O)c2ccccc2)cc1,10.29,chembl26.sdf.gz
Cc1ccc(S(=O)(=O)Nc2ccc(N)cc2)cc1,10.53,chembl26.sdf.gz
Cc1cccc(S(=O)(=O)Nc2ccc(N)cc2)c1,10.44,chembl26.sdf.gz
Nc1ccc(NS(=O)(=O)c2ccc(Cl)cc2)cc1,9.76,chembl26.sdf.gz
Nc1ccc(S(=O)(=O)Nc2ccccc2)cc1,6.66,chembl26.sdf.gz
O=[N+]([O-])c1ccc(S(=O)(=O)Nc2cccc([N+](=O)[O-])c2)cc1,5.51,chembl26.sdf.gz
O=[N+]([O-])c1ccc(S(=O)(=O)Nc2ccc(Cl)cc2)cc1,6.24,chembl26.sdf.gz
O=[N+]([O-])c1ccc(S(=O)(=O)Nc2ccc(F)cc2)cc1,6.45,chembl26.sdf.gz
Cc1ccc(NS(=O)(=O)c2ccc([N+](=O)[O-])cc2)cc1,6.78,chembl26.sdf.gz
O=c1[nH]c2ccccc2cc1O,8.7,chembl26.sdf.gz
CO[C@H]1/C=C\C=C(\C)C(=O)NC2=CC(=O)C(NCCN(C)C)=C(C[C@@H](C)C[C@H](OC)[C@H](N)[C@@H](C)/C=C(/C)[C@@H]1OC(N)=O)C2=O,9.2,chembl26.sdf.gz
CO[C@H]1/C=C\C=C(\C)C(=O)NC2=CC(=O)C(NCCN(C)C)=C(C[C@@H](C)C[C@H](OC)[C@H](NCCF)[C@@H](C)/C=C(/C)[C@@H]1OC(N)=O)C2=O,9.0,chembl26.sdf.gz
CO[C@H]1/C=C\C=C(\C)C(=O)NC2=CC(=O)C(NCCN(C)C)=C(C[C@@H](C)C[C@H](OC)[C@H](NCC(F)F)[C@@H](C)/C=C(/C)[C@@H]1OC(N)=O)C2=O,7.5,chembl26.sdf.gz
CO[C@H]1/C=C\C=C(\C)C(=O)NC2=CC(=O)C(NCCN(C)C)=C(C[C@@H](C)C[C@H](OC)[C@H](NCC(F)(F)F)[C@@H](C)/C=C(/C)[C@@H]1OC(N)=O)C2=O,5.7,chembl26.sdf.gz
CO[C@H]1/C=C\C=C(\C)C(=O)NC2=CC(=O)C(NCCN(C)C)=C(C[C@@H](C)C[C@H](OC)[C@H](NCCC(F)(F)F)[C@@H](C)/C=C(/C)[C@@H]1OC(N)=O)C2=O,8.9,chembl26.sdf.gz
CO[C@H]1/C=C\C=C(\C)C(=O)NC2=CC(=O)C(NCCN(C)C)=C(C[C@@H](C)C[C@H](OC)[C@H](NCCN(C)C)[C@@H](C)/C=C(/C)[C@@H]1OC(N)=O)C2=O,6.0,chembl26.sdf.gz
CCN(CC)C(C)C(=O)Nc1c(C)cccc1C,8.12,chembl26.sdf.gz
CCC(C(=O)Nc1c(C)cccc1C)N(CC)CC.Cl,7.91,chembl26.sdf.gz
CCCC(C(=O)Nc1c(C)cccc1C)N(CC)CC.Cl,7.89,chembl26.sdf.gz
CCCCC(C(=O)Nc1c(C)cccc1C)N(CC)CC.Cl,7.81,chembl26.sdf.gz
Cc1nc(-c2ccc(F)cc2F)n(C)c1CC(=O)NCc1ccc(F)cc1Cl.Cl,6.47,chembl26.sdf.gz
C=C(C)[C@H]1CN[C@H](C(=O)O)[C@H]1CC(=O)O,2.1,chembl26.sdf.gz
N[C@H](C(=O)O)[C@H]1C[C@@H]1C(=O)O,1.9,chembl26.sdf.gz
N[C@H](C(=O)O)[C@@H]1C[C@@H]1C(=O)O,2.5,chembl26.sdf.gz
COC[C@@H]1[C@H](C(=O)O)[C@H]1[C@H](N)C(=O)O,2.1,chembl26.sdf.gz
N[C@H](C(=O)O)[C@H]1C[C@H]1C(=O)O,2.1,chembl26.sdf.gz
COC[C@H]1[C@H](C(=O)O)[C@H]1[C@H](N)C(=O)O,2.3,chembl26.sdf.gz
N[C@H](CC1OC(=O)NC1=O)C(=O)O,1.8,chembl26.sdf.gz
N[C@H](C(=O)O)[C@@H]1C[C@H]1C(=O)O,2.2,chembl26.sdf.gz
COC[C@H]1[C@H](C(=O)O)[C@@H]1[C@H](N)C(=O)O,2.2,chembl26.sdf.gz
N[C@H](C(=O)O)[C@H]1[C@H](C(=O)O)[C@@H]1C(=O)O,2.0,chembl26.sdf.gz
COC[C@@H]1[C@H](C(=O)O)[C@@H]1[C@H](N)C(=O)O,2.0,chembl26.sdf.gz
C[C@@]1(c2cccc(NC(=O)c3ccc(Br)cn3)c2)COCC(N)=N1,9.5,chembl26.sdf.gz
NC1=N[C@](CF)(c2cccc(NC(=O)c3ccc(Br)cn3)c2)COC1,8.2,chembl26.sdf.gz
NC1=N[C@@](c2cccc(NC(=O)c3ccc(Br)cn3)c2)(C(F)F)COC1,7.1,chembl26.sdf.gz
NC1=NC(c2cccc(NC(=O)c3ccc(Cl)cn3)c2)(C(F)(F)F)COC1,6.2,chembl26.sdf.gz
NC1=NC(c2cc(NC(=O)c3ccc(Br)cn3)ccc2F)(C(F)F)COC1,6.8,chembl26.sdf.gz
NC1=N[C@@](c2cc(NC(=O)c3ccc(Br)cn3)ccc2F)(C(F)F)COC1,6.8,chembl26.sdf.gz
NC1=NC(c2cc(NC(=O)c3ccc(Br)cn3)c(F)cc2F)(C(F)F)COC1,6.5,chembl26.sdf.gz
NC1=NC(c2c(F)ccc(NC(=O)c3ccc(Br)cn3)c2F)(C(F)F)COC1,7.6,chembl26.sdf.gz
Cc1cc(C#N)cnc1C(=O)Nc1cc(F)c(F)c([C@]2(C(F)F)COCC(N)=N2)c1,6.6,chembl26.sdf.gz
Cc1cc(C#N)cnc1C(=O)Nc1ccc(F)c([C@]2(C(F)F)COCC(N)=N2)c1,6.7,chembl26.sdf.gz
C[C@H]1OC[C@](c2cc(NC(=O)c3ccc(Br)cn3)ccc2F)(C(F)F)N=C1N,7.3,chembl26.sdf.gz
C[C@@H]1OC[C@](c2cc(NC(=O)c3ccc(Br)cn3)ccc2F)(C(F)F)N=C1N,7.1,chembl26.sdf.gz
CC1(C)OC[C@](c2cc(NC(=O)c3ccc(Br)cn3)ccc2F)(C(F)F)N=C1N,7.0,chembl26.sdf.gz
Cc1cc(C#N)cnc1C(=O)Nc1ccc(F)c([C@]2(C(F)F)COC3(CC3)C(N)=N2)c1,7.4,chembl26.sdf.gz
Cc1cc(C#N)cnc1C(=O)Nc1ccc(F)c([C@]2(C(F)F)COC3(CCOCC3)C(N)=N2)c1,6.5,chembl26.sdf.gz
CO[C@@]1(C)OC[C@@](C)(c2cc(NC(=O)c3ncc(C#N)cc3C)ccc2F)N=C1N,7.8,chembl26.sdf.gz
CO[C@]1(C)OC[C@@](C)(c2cc(NC(=O)c3ncc(C#N)cc3C)ccc2F)N=C1N,7.6,chembl26.sdf.gz
Cc1cc(C#N)cnc1C(=O)Nc1ccc(F)c([C@@]2(C)N=C(N)[C@@H]3CO[C@H]2O3)c1,8.2,chembl26.sdf.gz
Cc1cc(C#N)cnc1C(=O)Nc1ccc(F)c([C@]2(C)COC(CF)(CF)C(N)=N2)c1,7.3,chembl26.sdf.gz
Cc1cc(C#N)cnc1C(=O)Nc1ccc(F)c([C@]2(CF)COC(CF)(CF)C(N)=N2)c1,6.4,chembl26.sdf.gz
C[C@]1(C(F)(F)F)OC[C@@](C)(c2cccc(NC(=O)c3ccc(Br)cn3)c2)N=C1N,7.3,chembl26.sdf.gz
C[C@@]1(c2cccc(NC(=O)c3ccc(Br)cn3)c2)CO[C@@](C)(C(F)(F)F)C(N)=N1,7.3,chembl26.sdf.gz
N#CCC(=O)N1CCC[C@@H](n2cnc3cnc4[nH]ccc4c32)C1,4.34,chembl26.sdf.gz
N#CCC(=O)N1CCC[C@@H](n2nnc3cnc4[nH]ccc4c32)C1,1.96,chembl26.sdf.gz
CS(N)(=O)=Nc1ccc(C(F)(F)F)cc1,10.3,chembl26.sdf.gz
O=S(=O)(c1ccccc1)c1cnccc1NS(=O)(=O)C(F)(F)F,5.3,chembl26.sdf.gz
O=S(=O)(Nc1ccncc1[S+]([O-])c1ccccc1)C(F)(F)F,5.69,chembl26.sdf.gz
O=S(=O)(Nc1ccncc1Sc1ccccc1)C(F)(F)F,6.54,chembl26.sdf.gz
CCS(=O)(=O)Nc1ccncc1Oc1ccc(Cl)cc1,7.98,chembl26.sdf.gz
O=S(=O)(Nc1ccncc1Oc1ccc(Cl)cc1)C(F)(F)F,6.71,chembl26.sdf.gz
O=S(=O)(Nc1ccncc1Oc1ccccc1)C(F)(F)F,6.81,chembl26.sdf.gz
CS(=O)(=O)Nc1ccncc1Oc1ccc(Cl)cc1Cl,7.81,chembl26.sdf.gz
CS(=O)(=O)Nc1ccncc1Oc1ccc(Br)cc1,7.86,chembl26.sdf.gz
CS(=O)(=O)Nc1ccncc1Oc1ccc(Cl)cc1,7.97,chembl26.sdf.gz
CS(=O)(=O)Nc1ccncc1Oc1cccc(Cl)c1,7.74,chembl26.sdf.gz
CN(C)CCN(C)c1ccnc2cccc([N+](=O)[O-])c12,4.86,chembl26.sdf.gz
CN(C)CCCCNc1ccnc2cccc([N+](=O)[O-])c12,6.71,chembl26.sdf.gz
Cc1ccc([N+](=O)[O-])c2c(NCCCN(C)C)ccnc12,6.84,chembl26.sdf.gz
Cc1cnc2cccc([N+](=O)[O-])c2c1NCCCN(C)C,6.01,chembl26.sdf.gz
CN(C)CCCNc1ccnc2c([N+](=O)[O-])cccc12,6.91,chembl26.sdf.gz
Cc1cc(NCCCN(C)C)c2c([N+](=O)[O-])cccc2n1,6.41,chembl26.sdf.gz
Cc1ccc2nccc(NCCCN(C)C)c2c1[N+](=O)[O-],6.15,chembl26.sdf.gz
Cc1c([N+](=O)[O-])ccc2c(NCCCN(C)C)ccnc12,6.71,chembl26.sdf.gz
Cc1nc2ccccc2c(NCCCN(C)C)c1[N+](=O)[O-],5.35,chembl26.sdf.gz
Cc1cc2nccc(NCCCN(C)C)c2cc1[N+](=O)[O-],7.38,chembl26.sdf.gz
CN(C)CCCNc1ncnc2cccc([N+](=O)[O-])c12,4.05,chembl26.sdf.gz
Cc1ccc2c(NCCCN(C)C)ccnc2c1[N+](=O)[O-],5.51,chembl26.sdf.gz
CN(C)CCNc1ccnc2cccc([N+](=O)[O-])c12,5.77,chembl26.sdf.gz
COc1ccc([N+](=O)[O-])c2c(NCCCN(C)C)ccnc12,6.76,chembl26.sdf.gz
O=C(O)c1ccc(-c2ccc(O[C@H]3O[C@H](CO)[C@@H](O)[C@H](O)[C@@H]3O)cc2)cc1,3.88,chembl26.sdf.gz
OC[C@H]1O[C@H](Oc2ccc(-c3cc(F)c(O)c(F)c3)cc2)[C@@H](O)[C@@H](O)[C@@H]1O,6.5,chembl26.sdf.gz
OC[C@H]1O[C@H](Oc2ccc(-c3ccc(-c4nnn[nH]4)cc3)cc2)[C@@H](O)[C@@H](O)[C@@H]1O,3.7,chembl26.sdf.gz
N#CNC(=O)c1ccc(-c2ccc(O[C@H]3O[C@H](CO)[C@@H](O)[C@H](O)[C@@H]3O)cc2)cc1,2.5,chembl26.sdf.gz
CS(=O)(=O)O.NC(=O)CCc1ccc(Nc2c3ccccc3nc3ccccc23)cc1,7.63,chembl26.sdf.gz
CS(=O)(=O)O.NC(=O)CCCc1ccc(Nc2c3ccccc3nc3ccccc23)cc1,7.67,chembl26.sdf.gz
CS(=O)(=O)O.NC(=O)CCCCc1ccc(Nc2c3ccccc3nc3ccccc23)cc1,7.7,chembl26.sdf.gz
CS(=O)(=O)O.NC(=O)CCCCCc1ccc(Nc2c3ccccc3nc3ccccc23)cc1,7.7,chembl26.sdf.gz
CS(=O)(=O)O.NC(=O)CCCCCCc1ccc(Nc2c3ccccc3nc3ccccc23)cc1,7.7,chembl26.sdf.gz
CS(=O)(=O)O.NC(=O)CCCCCCCc1ccc(Nc2c3ccccc3nc3ccccc23)cc1,7.7,chembl26.sdf.gz
CS(=O)(=O)O.NC(=O)CCCCCCCCc1ccc(Nc2c3ccccc3nc3ccccc23)cc1,7.7,chembl26.sdf.gz
CS(=O)(=O)Nc1ccc(Nc2c3ccccc3nc3ccccc23)cc1.Cl,7.19,chembl26.sdf.gz
CCS(=O)(=O)Nc1ccc(Nc2c3ccccc3nc3ccccc23)cc1.Cl,7.19,chembl26.sdf.gz
CCCS(=O)(=O)Nc1ccc(Nc2c3ccccc3nc3ccccc23)cc1.Cl,7.2,chembl26.sdf.gz
CCCCS(=O)(=O)Nc1ccc(Nc2c3ccccc3nc3ccccc23)cc1.Cl,7.18,chembl26.sdf.gz
CCCCCS(=O)(=O)Nc1ccc(Nc2c3ccccc3nc3ccccc23)cc1.Cl,7.19,chembl26.sdf.gz
CCCCCCS(=O)(=O)Nc1ccc(Nc2c3ccccc3nc3ccccc23)cc1.Cl,7.17,chembl26.sdf.gz
CC(=O)Nc1ccc2c(Nc3ccc(NS(C)(=O)=O)cc3)c3ccccc3nc2c1.CS(=O)(=O)O,7.34,chembl26.sdf.gz
CCS(=O)(=O)Nc1ccc(Nc2c3ccccc3nc3cc(NC(C)=O)ccc23)cc1.CS(=O)(=O)O,7.35,chembl26.sdf.gz
CCCS(=O)(=O)Nc1ccc(Nc2c3ccccc3nc3cc(NC(C)=O)ccc23)cc1.CS(=O)(=O)O,7.33,chembl26.sdf.gz
CCCCS(=O)(=O)Nc1ccc(Nc2c3ccccc3nc3cc(NC(C)=O)ccc23)cc1.CS(=O)(=O)O,7.32,chembl26.sdf.gz
CCCCCS(=O)(=O)Nc1ccc(Nc2c3ccccc3nc3cc(NC(C)=O)ccc23)cc1.CS(=O)(=O)O,7.35,chembl26.sdf.gz
CCCCCCS(=O)(=O)Nc1ccc(Nc2c3ccccc3nc3cc(NC(C)=O)ccc23)cc1.CS(=O)(=O)O,7.34,chembl26.sdf.gz
COc1cc(NS(C)(=O)=O)ccc1Nc1c2ccccc2nc2ccccc12.CS(=O)(=O)O,7.34,chembl26.sdf.gz
CCS(=O)(=O)Nc1ccc(Nc2c3ccccc3nc3ccccc23)c(OC)c1.CS(=O)(=O)O,7.4,chembl26.sdf.gz
CCCS(=O)(=O)Nc1ccc(Nc2c3ccccc3nc3ccccc23)c(OC)c1.CS(=O)(=O)O,7.41,chembl26.sdf.gz
CCCCS(=O)(=O)Nc1ccc(Nc2c3ccccc3nc3ccccc23)c(OC)c1.CS(=O)(=O)O,7.41,chembl26.sdf.gz
CCCCCS(=O)(=O)Nc1ccc(Nc2c3ccccc3nc3ccccc23)c(OC)c1.CS(=O)(=O)O,7.39,chembl26.sdf.gz
CCCCCCS(=O)(=O)Nc1ccc(Nc2c3ccccc3nc3ccccc23)c(OC)c1.CS(=O)(=O)O,7.42,chembl26.sdf.gz
CCCCCCCS(=O)(=O)Nc1ccc(Nc2c3ccccc3nc3ccccc23)c(OC)c1.CS(=O)(=O)O,7.42,chembl26.sdf.gz
CCCCCCCCS(=O)(=O)Nc1ccc(Nc2c3ccccc3nc3ccccc23)c(OC)c1.CS(=O)(=O)O,7.44,chembl26.sdf.gz
COc1cc(NS(C)(=O)=O)ccc1Nc1c2ccccc2nc2cc(NC(C)=O)ccc12.Cl,7.56,chembl26.sdf.gz
CCS(=O)(=O)Nc1ccc(Nc2c3ccccc3nc3cc(NC(C)=O)ccc23)c(OC)c1.Cl,7.54,chembl26.sdf.gz
CCCS(=O)(=O)Nc1ccc(Nc2c3ccccc3nc3cc(NC(C)=O)ccc23)c(OC)c1.Cl,7.57,chembl26.sdf.gz
CCCCS(=O)(=O)Nc1ccc(Nc2c3ccccc3nc3cc(NC(C)=O)ccc23)c(OC)c1.Cl,7.56,chembl26.sdf.gz
CCCCCS(=O)(=O)Nc1ccc(Nc2c3ccccc3nc3cc(NC(C)=O)ccc23)c(OC)c1.Cl,7.54,chembl26.sdf.gz
CCCCCCS(=O)(=O)Nc1ccc(Nc2c3ccccc3nc3cc(NC(C)=O)ccc23)c(OC)c1.Cl,7.54,chembl26.sdf.gz
CCCCCCCS(=O)(=O)Nc1ccc(Nc2c3ccccc3nc3cc(NC(C)=O)ccc23)c(OC)c1.Cl,7.55,chembl26.sdf.gz
COc1ccc2c(Nc3ccc(NS(C)(=O)=O)cc3OC)c3ccccc3nc2c1.Cl,7.39,chembl26.sdf.gz
CCS(=O)(=O)Nc1ccc(Nc2c3ccccc3nc3cc(OC)ccc23)c(OC)c1.Cl,7.36,chembl26.sdf.gz
CCCS(=O)(=O)Nc1ccc(Nc2c3ccccc3nc3cc(OC)ccc23)c(OC)c1.Cl,7.38,chembl26.sdf.gz
CCCCS(=O)(=O)Nc1ccc(Nc2c3ccccc3nc3cc(OC)ccc23)c(OC)c1.Cl,7.35,chembl26.sdf.gz
CCOc1ccc2c(Nc3ccc(NS(C)(=O)=O)cc3OC)c3ccccc3nc2c1.Cl,7.37,chembl26.sdf.gz
CCCOc1ccc2c(Nc3ccc(NS(C)(=O)=O)cc3OC)c3ccccc3nc2c1.Cl,7.36,chembl26.sdf.gz
CCCCOc1ccc2c(Nc3ccc(NS(C)(=O)=O)cc3OC)c3ccccc3nc2c1.Cl,7.34,chembl26.sdf.gz
COc1cc(NS(C)(=O)=O)ccc1Nc1c2ccccc2nc2cc(OCCO)ccc12.Cl,7.36,chembl26.sdf.gz
COc1cc(NS(C)(=O)=O)ccc1Nc1c2ccccc2nc2cc(OCC(O)CO)ccc12.Cl,7.0,chembl26.sdf.gz
CNC(=O)COc1ccc2c(Nc3ccc(NS(C)(=O)=O)cc3OC)c3ccccc3nc2c1.Cl,7.35,chembl26.sdf.gz
COc1cc(NS(C)(=O)=O)ccc1Nc1c2ccccc2nc2cc(OCCCC(N)=O)ccc12.Cl,7.36,chembl26.sdf.gz
COc1cc(NS(C)(=O)=O)ccc1Nc1c2ccccc2nc2ncccc12.Cl,6.09,chembl26.sdf.gz
CCS(=O)(=O)Nc1ccc(Nc2c3ccccc3nc3ncccc23)c(OC)c1.Cl,6.07,chembl26.sdf.gz
CCCS(=O)(=O)Nc1ccc(Nc2c3ccccc3nc3ncccc23)c(OC)c1.Cl,6.04,chembl26.sdf.gz
CCCCS(=O)(=O)Nc1ccc(Nc2c3ccccc3nc3ncccc23)c(OC)c1.Cl,6.06,chembl26.sdf.gz
CCCCCS(=O)(=O)Nc1ccc(Nc2c3ccccc3nc3ncccc23)c(OC)c1.Cl,6.05,chembl26.sdf.gz
CCCCCCS(=O)(=O)Nc1ccc(Nc2c3ccccc3nc3ncccc23)c(OC)c1.Cl,6.03,chembl26.sdf.gz
CCCCCCCS(=O)(=O)Nc1ccc(Nc2c3ccccc3nc3ncccc23)c(OC)c1.Cl,6.04,chembl26.sdf.gz
COc1cc(NS(C)(=O)=O)ccc1Nc1c2ccccc2nc2cc([N+](=O)[O-])ccc12.Cl,5.72,chembl26.sdf.gz
CCS(=O)(=O)Nc1ccc(Nc2c3ccccc3nc3cc([N+](=O)[O-])ccc23)c(OC)c1.Cl,5.7,chembl26.sdf.gz
CCCS(=O)(=O)Nc1ccc(Nc2c3ccccc3nc3cc([N+](=O)[O-])ccc23)c(OC)c1.Cl,5.69,chembl26.sdf.gz
CCCCS(=O)(=O)Nc1ccc(Nc2c3ccccc3nc3cc([N+](=O)[O-])ccc23)c(OC)c1.Cl,5.71,chembl26.sdf.gz
CCCCCS(=O)(=O)Nc1ccc(Nc2c3ccccc3nc3cc([N+](=O)[O-])ccc23)c(OC)c1.Cl,5.69,chembl26.sdf.gz
CCCCCCS(=O)(=O)Nc1ccc(Nc2c3ccccc3nc3cc([N+](=O)[O-])ccc23)c(OC)c1.Cl,5.7,chembl26.sdf.gz
CCCCCCCS(=O)(=O)Nc1ccc(Nc2c3ccccc3nc3cc([N+](=O)[O-])ccc23)c(OC)c1.Cl,5.69,chembl26.sdf.gz
COc1cc(NS(C)(=O)=O)ccc1Nc1c2ccccc2nc2c(C(N)=O)cccc12.Cl,6.37,chembl26.sdf.gz
CCS(=O)(=O)Nc1ccc(Nc2c3ccccc3nc3c(C(N)=O)cccc23)c(OC)c1.Cl,6.35,chembl26.sdf.gz
CCCS(=O)(=O)Nc1ccc(Nc2c3ccccc3nc3c(C(N)=O)cccc23)c(OC)c1.Cl,6.35,chembl26.sdf.gz
CCCCS(=O)(=O)Nc1ccc(Nc2c3ccccc3nc3c(C(N)=O)cccc23)c(OC)c1.Cl,6.34,chembl26.sdf.gz
CCCCCS(=O)(=O)Nc1ccc(Nc2c3ccccc3nc3c(C(N)=O)cccc23)c(OC)c1.Cl,6.36,chembl26.sdf.gz
CCCCCCS(=O)(=O)Nc1ccc(Nc2c3ccccc3nc3c(C(N)=O)cccc23)c(OC)c1.Cl,6.33,chembl26.sdf.gz
CCCCCCCS(=O)(=O)Nc1ccc(Nc2c3ccccc3nc3c(C(N)=O)cccc23)c(OC)c1.Cl,6.33,chembl26.sdf.gz
CCCCNC(=O)c1cccc2c(Nc3ccc(NS(C)(=O)=O)cc3OC)c3ccccc3nc12.Cl,6.36,chembl26.sdf.gz
CCCCNC(=O)c1cccc2c(Nc3ccc(NS(=O)(=O)CCC)cc3OC)c3ccccc3nc12.Cl,6.35,chembl26.sdf.gz
CCCCCS(=O)(=O)Nc1ccc(Nc2c3ccccc3nc3c(C(=O)NCCCC)cccc23)c(OC)c1.Cl,6.36,chembl26.sdf.gz
CNC(=O)c1cccc2c(Nc3ccc(NS(C)(=O)=O)cc3OC)c3ccccc3nc12.Cl,6.36,chembl26.sdf.gz
COc1cc(NS(C)(=O)=O)ccc1Nc1c2ccccc2nc2c(C(=O)N(C)C)cccc12.Cl,6.16,chembl26.sdf.gz
COc1cc(NS(C)(=O)=O)ccc1Nc1c2ccccc2nc2c(C(=O)NCC(N)=O)cccc12.Cl,6.18,chembl26.sdf.gz
CNC(=O)CNC(=O)c1cccc2c(Nc3ccc(NS(C)(=O)=O)cc3OC)c3ccccc3nc12.Cl,6.2,chembl26.sdf.gz
COc1cc(NS(C)(=O)=O)ccc1Nc1c2ccccc2nc2c(C(=O)NCC(O)CO)cccc12.Cl,6.34,chembl26.sdf.gz
COc1cc(NS(C)(=O)=O)ccc1Nc1c2ccccc2nc2c(C(=O)NCCCCCCOS(C)(=O)=O)cccc12.Cl,6.35,chembl26.sdf.gz
CN1C2CCC1CC(=NOC(c1ccccc1)c1ccc(Cl)cc1)C2,8.34,chembl26.sdf.gz
CCc1ccc2c(C)nc(NC3=NC(C)(C)CC(C)=N3)nc2c1,2.0,chembl26.sdf.gz
CCc1ccc2c(C)nc(NC3=NC(C)(C)C=C(C)N3)nc2c1,2.4,chembl26.sdf.gz
COc1ccc(C(=O)O)cc1-c1ccc(C#CCO)s1,4.2,chembl26.sdf.gz
COc1cc(C)c(C(=O)O)cc1-c1ccc(C#CCO)s1,4.2,chembl26.sdf.gz
COc1cc(C)c(S(=O)(=O)NC(=O)c2cccc3cccnc23)cc1-c1ccc(C#CCO)s1,4.4,chembl26.sdf.gz
Oc1cc(C2CCNCC2)sn1,6.9,chembl26.sdf.gz
O=C(O)CCC1=CCNCC1,3.7,chembl26.sdf.gz
Oc1cc(C2CCNCC2)no1,4.3,chembl26.sdf.gz
Oc1cc(C2=CCNCC2)on1,5.1,chembl26.sdf.gz
Oc1noc2c1CCNC2,4.4,chembl26.sdf.gz
O=C(O)C1=CCNCC1,3.6,chembl26.sdf.gz
O=C(O)/C=C/C1CCNCC1,4.0,chembl26.sdf.gz
O=C(O)/C=C/C1=CCNCC1,4.1,chembl26.sdf.gz
NC(Cc1ccnn1O)C(=O)O,5.78,chembl26.sdf.gz
Cc1nnn(O)c1CC(N)C(=O)O,5.07,chembl26.sdf.gz
Cc1cnn(O)c1CC(N)C(=O)O,5.89,chembl26.sdf.gz
Cc1ncn(O)c1CC(N)C(=O)O,8.82,chembl26.sdf.gz
N=C(N)c1ccc(N)cc1,11.4,chembl26.sdf.gz
Cc1cccc2sc(C(=N)N)cc12,9.1,chembl26.sdf.gz
Nc1nc2cc(O)ccc2[nH]1,7.4,chembl26.sdf.gz
Nc1c2ncn3c2nc[n+]1[C@@H]1O[C@H](COP(=O)([O-])OP(=O)(O)OC[C@H]2O[C@@H]3[C@H](O)[C@@H]2O)[C@@H](O)[C@H]1O,8.3,chembl26.sdf.gz
Nc1c2ncn3c2nc[n+]1[C@@H]1S[C@H](COP(=O)([O-])OP(=O)(O)OC[C@H]2O[C@@H]3[C@H](O)[C@@H]2O)[C@@H](O)[C@H]1O,8.0,chembl26.sdf.gz
Nc1c2ncn3c2nc[n+]1[C@@H]1C[C@H](COP(=O)([O-])OP(=O)(O)OC[C@H]2O[C@@H]3[C@H](O)[C@@H]2O)[C@@H](O)[C@H]1O,9.0,chembl26.sdf.gz
O=C(c1ccc(F)cc1)c1ccc2n1CCC2C(=O)O,3.51,chembl26.sdf.gz
CCOc1ccc(C(=O)c2ccc3n2CCC3C(=O)O)cc1,3.46,chembl26.sdf.gz
CC(C)(C)C(=O)c1ccc2n1CCC2C(=O)O,3.57,chembl26.sdf.gz
O=C(c1ccccc1Cl)c1ccc2n1CCC2C(=O)O,4.33,chembl26.sdf.gz
CC(C)Oc1ccc(C(=O)c2ccc3n2CCC3C(=O)O)cc1,3.43,chembl26.sdf.gz
O=C(c1ccc(Cl)cc1)c1ccc2n1CCC2C(=O)O,3.4,chembl26.sdf.gz
CCOc1cccc(C(=O)c2ccc3n2CCC3C(=O)O)c1,3.46,chembl26.sdf.gz
Cc1ccc(C(=O)c2ccc3n2CCC3C(=O)O)cc1,3.44,chembl26.sdf.gz
COc1ccc(C(=O)c2ccc3n2CCC3C(=O)O)cc1,3.55,chembl26.sdf.gz
O=C(c1cccc(Cl)c1)c1ccc2n1CCC2C(=O)O,3.44,chembl26.sdf.gz
Cc1ccccc1C(=O)c1ccc2n1CCC2C(=O)O,3.44,chembl26.sdf.gz
O=C(c1ccc2ccccc2c1)c1ccc2n1CCC2C(=O)O,3.44,chembl26.sdf.gz
O=C(c1ccc2n1CCC2C(=O)O)C1CCC1,3.54,chembl26.sdf.gz
O=C(c1cccc(F)c1)c1ccc2n1CCC2C(=O)O,3.46,chembl26.sdf.gz
Cc1cccc(C(=O)c2ccc3n2CCC3C(=O)O)c1,3.44,chembl26.sdf.gz
NC(=O)c1cc[n+](C/C=C/C[n+]2ccc(/C=N/O)c(Cl)c2)cc1.[Br-].[Br-],7.6,chembl26.sdf.gz
NC(=O)c1cc[n+](C/C=C/C[n+]2cc(Cl)c(/C=N/O)c(Cl)c2)cc1.[Br-].[Br-],7.55,chembl26.sdf.gz
CC(=O)/C=C(O)/C=C/c1ccc(O[C@@H]2O[C@H](CO)[C@@H](O)[C@H](O)[C@H]2O)c(O)c1,8.03,chembl26.sdf.gz
CN(C)C=O,1.6,chembl26.sdf.gz
CN(C)C(=O)c1ccccc1,1.2,chembl26.sdf.gz
C[S+](C)[O-],1.54,chembl26.sdf.gz
NCc1ccccc1,9.6,chembl26.sdf.gz
Cc1c2ccccc2nc2c(C(=O)NCCN(C)C)cccc12,4.34,chembl26.sdf.gz
CN(C)CCNC(=O)c1cccc2cc3ccccc3nc12,3.54,chembl26.sdf.gz
CN(C)CCNC(=O)c1cccc2nc3ccccc3nc12,0.84,chembl26.sdf.gz
CN(C)CCNC(=O)c1cccc2c(-c3ccccc3)c3ccccc3nc12,3.49,chembl26.sdf.gz
CN(C)CCNC(=O)c1cccc2cccnc12,3.07,chembl26.sdf.gz
O/N=C/c1nc(-c2cccc3ccccc23)no1,8.05,chembl26.sdf.gz
O/N=C/c1nc(-c2ccccc2)no1,7.94,chembl26.sdf.gz
CCN(CC)CCS/C(=N\O)c1nc(-c2ccccc2)no1.Cl,7.36,chembl26.sdf.gz
O/N=C/c1nc(-c2cccs2)no1,8.03,chembl26.sdf.gz
CCN(CC)CCS/C(=N\O)c1nc(-c2cccc3ccccc23)no1,6.5,chembl26.sdf.gz
CCN(CC)CC/N=C(\NO)c1nc(-c2ccccc2)no1,9.85,chembl26.sdf.gz
CCN(CC)CCS/C(=N\O)c1nc(C)no1,6.32,chembl26.sdf.gz
CCCCCCCCc1noc(/C(=N/O)SCCN(CC)CC)n1,6.34,chembl26.sdf.gz
Cc1noc(/C=N\O)n1,8.6,chembl26.sdf.gz
Cc1noc(/C=N/O)n1,8.11,chembl26.sdf.gz
O/N=C/c1nc(Cc2ccccc2)no1,7.94,chembl26.sdf.gz
CCN(CC)CCS/C(=N\O)c1nc(-c2ccccc2)no1,6.32,chembl26.sdf.gz
CC(C)(C)c1noc(/C=N/O)n1,7.91,chembl26.sdf.gz
CCN(CC)CCS/C(=N\O)c1nc(C(C)(C)C)no1,6.61,chembl26.sdf.gz
CCN(CC)CCS/C(=N\O)c1nc(Cc2ccccc2)no1,6.19,chembl26.sdf.gz
O/N=C/c1nc(-c2ccncc2)no1,8.0,chembl26.sdf.gz
CCCCCCCCc1noc(/C=N/O)n1,8.22,chembl26.sdf.gz
NC(=O)c1cc[n+](CCC[n+]2ccc(/C=N/O)c(Cl)c2)cc1.[Br-].[Br-],7.57,chembl26.sdf.gz
COCCc1ccc(OC[C@@H](O)CNC(C)C)cc1,9.6,chembl26.sdf.gz
N[C@@H](Cc1ccc(O)c(O)c1)C(=O)O,12.73,chembl26.sdf.gz
C[C@](N)(Cc1ccc(O)c(O)c1)C(=O)O,12.66,chembl26.sdf.gz
CC(C)(C)c1cc(NC(=O)NCc2ccccc2Sc2ccc3nnc(-c4ccccc4SCCO)n3c2)n(-c2ccc(O)c(Cl)c2)n1,7.45,chembl26.sdf.gz
NC1=NC(c2ccncc2)(c2cccc(-c3cncnc3)c2)C2=NCCCN12,7.6,chembl26.sdf.gz
COc1cccc(-c2cccc([C@]3(c4ccncc4)N=C(N)N4CC(F)(F)CN=C43)c2)c1F,5.3,chembl26.sdf.gz
COc1ccc(C2(c3cccc(-c4cncnc4)c3)N=C(N)N3CC(F)(F)CN=C32)cc1,6.8,chembl26.sdf.gz
NC1=NC(c2ccc(OC(F)F)cc2)(c2cccc(-c3cncnc3)c2)C2=NCC(F)(F)CN12,6.1,chembl26.sdf.gz
COc1ccc(F)c(-c2cccc(C3(c4ccncc4)N=C(N)N4CC(F)(F)CN=C43)c2)c1,5.9,chembl26.sdf.gz
NC1=NC(c2ccc(OC(F)F)cc2)(c2cccc(OCCCF)c2)C2=NCC(F)(F)CN12,6.5,chembl26.sdf.gz
CC(C)S(=O)(=O)N[C@H]1Cc2ccc(-c3ccc(F)cn3)cc2C1,2.7,chembl26.sdf.gz
Cc1cccnc1-c1ccc2c(c1)CC(NS(=O)(=O)C(C)C)C2,4.9,chembl26.sdf.gz
Cc1ccc(-c2ccc3c(c2)CC(NS(=O)(=O)C(C)C)C3)nc1,4.9,chembl26.sdf.gz
CC(C)S(=O)(=O)NC1Cc2ccc(-c3ccc(F)cn3)cc2C1,2.7,chembl26.sdf.gz
Cc1ccc(-c2ccc3c(c2)C[C@@H](NS(=O)(=O)C(C)C)C3)cn1,5.8,chembl26.sdf.gz
Cc1ccc(-c2ccc3c(c2)CC(NS(=O)(=O)C(C)C)C3)cn1,5.7,chembl26.sdf.gz
Cc1ccncc1-c1ccc2c(c1)CC(NS(=O)(=O)C(C)C)C2,5.8,chembl26.sdf.gz
Cc1ccc(-c2ccc3c(c2)CC(NS(=O)(=O)C(C)C)C3)c(C)n1,6.7,chembl26.sdf.gz
CC(C)S(=O)(=O)NC1Cc2ccc(-c3cccnc3)cc2C1,5.1,chembl26.sdf.gz
O=C(O)c1cnccn1,2.9,chembl26.sdf.gz
CCCCCCn1cc(CCCN[C@H]2[C@H](O)[C@@H](O)[C@H](O)[C@@H](O)[C@@H]2O)nn1,10.4,chembl26.sdf.gz
CCCCCCCCCCn1cc(CCCN[C@H]2[C@H](O)[C@@H](O)[C@H](O)[C@@H](O)[C@@H]2O)nn1,9.9,chembl26.sdf.gz
CCCCCCCCn1cc(CCCN[C@H]2[C@H](O)[C@@H](O)[C@H](O)[C@@H](O)[C@@H]2O)nn1,9.4,chembl26.sdf.gz
CCCCCCCCCCCn1cc(CCN[C@H]2[C@H](O)[C@@H](O)[C@H](O)[C@@H](O)[C@@H]2O)nn1,9.1,chembl26.sdf.gz
CCCCCCCCCn1cc(CCN[C@H]2[C@H](O)[C@@H](O)[C@H](O)[C@@H](O)[C@@H]2O)nn1,9.1,chembl26.sdf.gz
CCCCCCCCn1cc(CCN[C@H]2[C@H](O)[C@@H](O)[C@H](O)[C@@H](O)[C@@H]2O)nn1,9.1,chembl26.sdf.gz
O[C@@H]1[C@@H](O)[C@H](O)[C@@H](NCc2cn(CCc3ccccc3)nn2)[C@H](O)[C@H]1O,7.8,chembl26.sdf.gz
CCCCCCCCCCCCCCn1cc(CN[C@H]2[C@H](O)[C@@H](O)[C@H](O)[C@@H](O)[C@@H]2O)nn1,7.7,chembl26.sdf.gz
CCCCCCCCn1cc(CN[C@H]2[C@H](O)[C@@H](O)[C@H](O)[C@@H](O)[C@@H]2O)nn1,7.7,chembl26.sdf.gz
CCCCn1cc(CN[C@H]2[C@H](O)[C@@H](O)[C@H](O)[C@@H](O)[C@@H]2O)nn1,7.2,chembl26.sdf.gz
CCCOCCCCCCn1cc(CN[C@H]2[C@H](O)[C@@H](O)[C@H](O)[C@@H](O)[C@@H]2O)nn1,7.1,chembl26.sdf.gz
CCCCCCCCCCCCn1cc(CN[C@H]2[C@H](O)[C@@H](O)[C@H](O)[C@@H](O)[C@@H]2O)nn1,7.1,chembl26.sdf.gz
CCCCCCCCCCn1cc(CN[C@H]2[C@H](O)[C@@H](O)[C@H](O)[C@@H](O)[C@@H]2O)nn1,7.1,chembl26.sdf.gz
CCCCCCCCCn1cc(CN[C@H]2[C@H](O)[C@@H](O)[C@H](O)[C@@H](O)[C@@H]2O)nn1,7.1,chembl26.sdf.gz
NC1=Nc2cc(CCCNCc3cccc(Cl)c3)ccc2[C@H]2CCC[C@@H]12,9.9,chembl26.sdf.gz
NC1=Nc2c(F)cc(Cl)cc2[C@H]2CCC[C@@H]12,8.2,chembl26.sdf.gz
NC1=Nc2ccccc2[C@H]2CCC[C@@H]12,9.7,chembl26.sdf.gz
NC1=Nc2ccc(Cl)cc2[C@H]2CCC[C@@]12F,7.6,chembl26.sdf.gz
NC1=Nc2cc(CCCNCc3cccc(Cl)c3)ccc2[C@H]2CCC[C@@]12F,8.0,chembl26.sdf.gz
NC1=Nc2ccc(Cl)cc2[C@H]2CCC[C@@H]12,9.4,chembl26.sdf.gz
NC1=Nc2c(ccc(F)c2F)[C@H]2CCC[C@@H]12,8.0,chembl26.sdf.gz
NC1=Nc2c(F)cccc2[C@H]2CCC[C@@]12F,6.6,chembl26.sdf.gz
NC1=Nc2c(F)cccc2[C@H]2CCC[C@@H]12,8.5,chembl26.sdf.gz
CNCCc1ccc2c(c1)N=C(N)[C@]1(F)CCC[C@H]21,7.9,chembl26.sdf.gz
NC1=Nc2ccccc2[C@H]2CCC[C@@]12F,7.9,chembl26.sdf.gz
CC(C)(N)CC(=O)N[C@@H]1CCc2ccccc2N(Cc2ccc(-c3ccccc3-c3nn[nH]n3)cc2)C1=O,9.3,chembl26.sdf.gz
C[C@@H](O)CNC(C)(C)CC(=O)N[C@@H]1CCc2ccccc2N(Cc2ccc(-c3ccccc3-c3nn[nH]n3)cc2)C1=O,9.1,chembl26.sdf.gz
CC(C)(N)C(=O)N[C@@H]1CCc2ccccc2N(Cc2ccc(-c3ccccc3-c3nn[nH]n3)cc2)C1=O,7.9,chembl26.sdf.gz
CNCCN(C)c1cc(-c2ccc3ccccc3c2)nc2ccccc12,6.2,chembl26.sdf.gz
CN1CCN(c2cc(-c3ccc4ccccc4c3)nc3ccccc23)CC1,5.6,chembl26.sdf.gz
CN(C)CCSc1cc(-c2ccc3ccccc3c2)nc2ccccc12,4.4,chembl26.sdf.gz
CN(C)CCNc1cc(-c2ccc3ccccc3c2)nc2ccccc12,7.1,chembl26.sdf.gz
CN(C)CCNc1ccnc2ccccc12,2.9,chembl26.sdf.gz
CNC(=O)CN(C)[C@@H]1CC[C@H](O[C@H](C)c2cc(C(F)(F)F)cc(C(F)(F)F)c2)[C@H]1c1ccc(F)cc1,5.3,chembl26.sdf.gz
C[C@@H](O[C@H]1CC[C@@H](N(C)Cc2n[nH]c(O)n2)[C@@H]1c1ccc(F)cc1)c1cc(C(F)(F)F)cc(C(F)(F)F)c1,4.7,chembl26.sdf.gz
C[C@@H](O[C@H]1CC[C@@H](N(C)Cc2c[nH]c(O)n2)[C@@H]1c1ccc(F)cc1)c1cc(C(F)(F)F)cc(C(F)(F)F)c1,6.2,chembl26.sdf.gz
NC(=O)CNC1CCC(OCc2cc(C(F)(F)F)cc(C(F)(F)F)c2)C1c1ccccc1,6.6,chembl26.sdf.gz
C[C@@H](O[C@H]1CC[C@@H](N(C)CC(N)=O)[C@@H]1c1ccc(F)cc1)c1cc(C(F)(F)F)cc(C(F)(F)F)c1,5.3,chembl26.sdf.gz
CN(CC(N)=O)C1CCC(OCc2cc(C(F)(F)F)cc(C(F)(F)F)c2)C1c1ccccc1,5.8,chembl26.sdf.gz
Cc1c(CC(=O)O)c(=O)oc2c(F)c(O)c(F)cc12,4.7,chembl26.sdf.gz
CCOC(=O)c1cc2cc(F)c(O)c(F)c2oc1=O,3.8,chembl26.sdf.gz
O=c1cc(C(F)(F)F)c2cc(F)c(O)c(F)c2o1,4.0,chembl26.sdf.gz
O=C(O)c1cc2ccc(O)cc2oc1=O,7.5,chembl26.sdf.gz
Cc1cc(=O)oc2c(F)c(O)c(F)c(F)c12,4.2,chembl26.sdf.gz
Cc1cc(=O)oc2c(F)c(O)c(F)cc12,4.7,chembl26.sdf.gz
O=C(O)c1cc2cc(F)c(O)c(F)c2oc1=O,3.7,chembl26.sdf.gz
CCNC(=O)Nc1cc(-c2nc(C(F)(F)F)cs2)c(-c2cncc(-c3n[nH]c(=O)o3)c2)cn1,6.6,chembl26.sdf.gz
CCNC(=O)Nc1cc(-c2nc(C(F)(F)F)cs2)c(-c2cncc(-c3nnn[nH]3)c2)cn1,3.7,chembl26.sdf.gz
CCNC(=O)Nc1cc(-c2nc(C(F)(F)F)cs2)c(-c2cncc(-c3noc(=O)[nH]3)c2)cn1,5.4,chembl26.sdf.gz
c1ccc(-c2c[nH]c(-c3ccccc3)n2)cc1,5.65,chembl26.sdf.gz
O=[N+]([O-])c1ccc(-c2nc(-c3ccccc3)c[nH]2)cc1,4.74,chembl26.sdf.gz
O=[N+]([O-])c1cccc(-c2nc(-c3ccccc3)c[nH]2)c1,4.92,chembl26.sdf.gz
COc1ccc(-c2nc(-c3ccccc3)c[nH]2)cc1,6.03,chembl26.sdf.gz
COc1cccc(-c2nc(-c3ccccc3)c[nH]2)c1,5.57,chembl26.sdf.gz
Clc1ccc(-c2nc(-c3ccccc3)c[nH]2)cc1,5.37,chembl26.sdf.gz
Clc1cccc(-c2nc(-c3ccccc3)c[nH]2)c1,5.12,chembl26.sdf.gz
FC(F)(F)c1ccc(-c2nc(-c3ccccc3)c[nH]2)cc1,5.19,chembl26.sdf.gz
FC(F)(F)c1cccc(-c2nc(-c3ccccc3)c[nH]2)c1,5.11,chembl26.sdf.gz
O=[N+]([O-])c1ccc(-c2c[nH]c(-c3ccccc3)n2)cc1,5.12,chembl26.sdf.gz
O=[N+]([O-])c1cccc(-c2c[nH]c(-c3ccccc3)n2)c1,4.82,chembl26.sdf.gz
COc1ccc(-c2c[nH]c(-c3ccccc3)n2)cc1,5.83,chembl26.sdf.gz
COc1cccc(-c2c[nH]c(-c3ccccc3)n2)c1,5.58,chembl26.sdf.gz
Clc1ccc(-c2c[nH]c(-c3ccccc3)n2)cc1,5.47,chembl26.sdf.gz
Clc1cccc(-c2c[nH]c(-c3ccccc3)n2)c1,5.45,chembl26.sdf.gz
FC(F)(F)c1ccc(-c2c[nH]c(-c3ccccc3)n2)cc1,5.31,chembl26.sdf.gz
FC(F)(F)c1cccc(-c2c[nH]c(-c3ccccc3)n2)c1,5.27,chembl26.sdf.gz
O=C(O)c1coc2ccccc2c1=O,8.85,chembl26.sdf.gz
O=c1c(-c2nnn[nH]2)coc2ccccc12,5.85,chembl26.sdf.gz
CCN(CC)CCN1C(=O)Nc2ccccc2C1c1ccccc1,10.23,chembl26.sdf.gz
CS(=O)(=O)Nc1ccc2c(c1)S(=O)(=O)C=C(c1c(O)c3cc(F)ccc3n(Cc3ccc(F)cc3)c1=O)N2,3.8,chembl26.sdf.gz
COC(=O)Nc1ccc2c(Nc3ccc(NS(C)(=O)=O)cc3OC)c3ccccc3nc2c1,7.77,chembl26.sdf.gz
COc1cc(NS(C)(=O)=O)ccc1Nc1c2ccccc2nc2c([N+](=O)[O-])cccc12,5.05,chembl26.sdf.gz
C=NC(=O)CCc1cccc2c(Nc3ccc(NS(C)(=O)=O)cc3OC)c3ccccc3nc12,7.15,chembl26.sdf.gz
COc1cc(NS(C)(=O)=O)ccc1Nc1c2ccccc2nc2c(C(=O)NCC(C)O)cccc12,6.2,chembl26.sdf.gz
COc1cc(NS(C)(=O)=O)ccc1Nc1c2ccccc2nc2c(C(=O)NCCCO)cccc12,6.3,chembl26.sdf.gz
COc1cc(NS(C)(=O)=O)ccc1Nc1c2ccccc2nc2c(C(=O)N3CCOCC3)cccc12,6.03,chembl26.sdf.gz
COc1cc(NS(C)(=O)=O)ccc1Nc1c2ccccc2nc2cc(C(N)=O)ccc12,6.66,chembl26.sdf.gz
COc1cc(NS(C)(=O)=O)ccc1Nc1c2ccccc2nc2ccc(C(C)C)cc12,7.4,chembl26.sdf.gz
COc1cc(NS(C)(=O)=O)ccc1Nc1c2ccccc2nc2c(C)cccc12,7.39,chembl26.sdf.gz
COc1cc(NS(C)(=O)=O)ccc1Nc1c2ccccc2nc2c(C(=O)NCC(O)CO)cccc12,6.34,chembl26.sdf.gz
CN(C)c1ccc2c(-c3cc(C(=O)O)ccc3C(=O)O)c3ccc4c(F)c(=O)ccc4c3oc2c1,6.4,chembl26.sdf.gz
CN(C)c1ccc2c(-c3cc(C(=O)O)ccc3C(=O)O)c3cc(F)c4cc(=O)ccc4c3oc2c1,7.2,chembl26.sdf.gz
CN(C)c1ccc2c(-c3cc(C(=O)O)ccc3C(=O)O)c3ccc4cc(=O)ccc4c3oc2c1,7.5,chembl26.sdf.gz
NC1CCCCC1.NP(=O)(O)N(CCCl)CCCl,4.75,chembl26.sdf.gz
CC(C)Oc1ccc(-c2nc(-c3cccc4c3CCN(C(CO)CO)C4)no2)cc1C#N,7.3,chembl26.sdf.gz
Cc1c(-c2noc(-c3ccc(OC(C)C)c(C#N)c3)n2)ccc2c1CCN(C[C@@H](O)CO)CC2,8.4,chembl26.sdf.gz
Cc1c(-c2noc(-c3ccc(OC(C)C)c(C#N)c3)n2)ccc2c1CCN(C[C@H](O)CO)CC2,8.4,chembl26.sdf.gz
Cc1c(-c2noc(-c3ccc(OC(C)C)c(C#N)c3)n2)ccc2c1CCN(C(CO)CO)CC2,8.2,chembl26.sdf.gz
Cc1c(-c2noc(-c3cnc(NC(C)C)c(C#N)c3)n2)ccc2c1CCN(C(CO)CO)CC2,8.3,chembl26.sdf.gz
CC(C)Oc1ccc(-c2nc(-c3ccc4c(c3)CCN(C(CO)CO)CC4)no2)cc1C#N,7.8,chembl26.sdf.gz
CC(C)Nc1ncc(-c2nc(-c3ccc4c(c3)CCN(C(CO)CO)CC4)no2)cc1C#N,8.1,chembl26.sdf.gz
Cc1c(-c2noc(-c3ccc(OC(C)C)c(C#N)c3)n2)ccc2c1OCCN(C(CO)CO)C2,6.3,chembl26.sdf.gz
Cc1c(-c2noc(-c3ccc(OC(C)C)c(C#N)c3)n2)ccc2c1CCN(C(CO)CO)C2,7.3,chembl26.sdf.gz
Cc1c(-c2noc(-c3ccc(OC(C)C)c(C#N)c3)n2)ccc2c1CCN(C[C@@H](O)CO)C2,7.7,chembl26.sdf.gz
Cc1c(-c2noc(-c3ccc(OC(C)C)c(C#N)c3)n2)ccc2c1CCN(C[C@H](O)CO)C2,7.7,chembl26.sdf.gz
Cc1c(-c2noc(-c3cnc(OC(C)C)c(C#N)c3)n2)ccc2c1CCN(C(CO)CO)C2,7.3,chembl26.sdf.gz
Cc1c(-c2noc(-c3ccc(OC(C)C)c(C#N)c3)n2)cnc2c1CCN(C(CO)CO)C2,6.2,chembl26.sdf.gz
Cc1c(-c2nnc(-c3ccc(OC(C)C)c(C#N)c3)s2)ccc2c1CCN(C(CO)CO)C2,7.2,chembl26.sdf.gz
CCNC(=S)Nc1ccc2oc(=O)ccc2c1,5.62,chembl26.sdf.gz
Cc1cnc(N2CCc3ccccc3C2)cc1NCCO,9.0,chembl26.sdf.gz
OCCNc1ccnc(N2CCc3ccccc3C2)c1,8.9,chembl26.sdf.gz
Nc1cc(N2CCc3ccccc3C2)nc2c1CCC2,9.4,chembl26.sdf.gz
Nc1cc(CO)nc(N2CCc3ccccc3C2)c1,8.1,chembl26.sdf.gz
CCc1cc(N)cc(N2CCc3ccccc3C2)n1,9.0,chembl26.sdf.gz
CCOC(=O)C(=O)Nc1cc(C)nc(N2CCc3ccccc3C2)c1,6.5,chembl26.sdf.gz
Cc1cc(N)cc(N2CCc3ccccc3C2)n1,9.0,chembl26.sdf.gz
Nc1ccnc(N2CCc3ccccc3C2)c1,8.5,chembl26.sdf.gz
CNc1ccnc(N2CCc3ccccc3C2)c1,8.8,chembl26.sdf.gz
c1ccc(CNc2ccnc(N3CCc4ccccc4C3)c2)cc1,8.6,chembl26.sdf.gz
Cc1cc(NCCO)cc(N2CCc3ccccc3C2)n1,9.2,chembl26.sdf.gz
Cc1cnc(N2CCc3ccccc3C2)cc1N,8.7,chembl26.sdf.gz
CN(C)c1ccnc(N2CCc3ccccc3C2)c1,8.8,chembl26.sdf.gz
Nc1cccc[n+]1CCCCCCCCCCCC[n+]1ccccc1N.[Br-].[Br-],13.5,chembl26.sdf.gz
Br.C(CCCCCCNC1=NCCN1)CCCCCNC1=NCCN1,13.5,chembl26.sdf.gz
C(CCCCCCNC1=NCCCC1)CCCCCNC1=NCCCC1,12.7,chembl26.sdf.gz
C(CCCCCCNC1=NCCC1)CCCCCNC1=NCCC1,12.1,chembl26.sdf.gz
CC(=N)NCCCCCCCCCCCCNC(C)=N,12.6,chembl26.sdf.gz
CCOC(=N)CCCCCCCCCCCCC(=N)OCC.Cl.Cl,7.6,chembl26.sdf.gz
c1ccc2[nH]c(CCCCCCCCCCCCc3nc4ccccc4[nH]3)nc2c1,9.0,chembl26.sdf.gz
c1c[nH]c(CCCCCCCCCCCCc2ncc[nH]2)n1,9.8,chembl26.sdf.gz
C(CCCCCCC1=NCCCN1)CCCCCC1=NCCCN1.Cl.Cl,13.1,chembl26.sdf.gz
CN1CCN=C1CCCCCCCCCCCCC1=NCCN1C.Cl.Cl,11.0,chembl26.sdf.gz
C(CCCCCCC1=NCCN1)CCCCCC1=NCCN1,13.0,chembl26.sdf.gz
Cl.Cl.N=C(CCCCCCCCCCCCC(=N)N1CCCCC1)N1CCCCC1,12.6,chembl26.sdf.gz
Cl.Cl.N=C(CCCCCCCCCCCCC(=N)N1CCCC1)N1CCCC1,13.2,chembl26.sdf.gz
CN(C)C(=N)CCCCCCCCCCCCC(=N)N(C)C.Cl.Cl,12.8,chembl26.sdf.gz
Cl.Cl.N=C(N)CCCCCCCCCCCCCCCCC(=N)N,13.2,chembl26.sdf.gz
Cl.Cl.N=C(N)CCCCCCCCCCCCC(=N)N,13.6,chembl26.sdf.gz
Br.N=c1cc2ccc3ccccc3c2nn1CCCCCCCCCCCCn1nc2c(ccc3ccccc32)cc1=N,11.7,chembl26.sdf.gz
Br.Cc1ccc(-c2nn(CCCCCCCCCCCCn3nc(-c4ccc(C)cc4)sc3=N)c(=N)s2)cc1,8.1,chembl26.sdf.gz
Br.N=c1sc(-c2cccc(Cl)c2)nn1CCCCCCCCCCCCn1nc(-c2cccc(Cl)c2)sc1=N,7.7,chembl26.sdf.gz
Br.N=c1sc(-c2cccs2)nn1CCCCCCCCCCCCn1nc(-c2cccs2)sc1=N,7.8,chembl26.sdf.gz
Br.N=c1sc(-c2ccccc2)nn1CCCCCCCCCCCCn1nc(-c2ccccc2)sc1=N,8.0,chembl26.sdf.gz
Br.N=c1ncc(-c2ccccc2)cn1CCCCCCCCCCCCn1cc(-c2ccccc2)cnc1=N,11.3,chembl26.sdf.gz
Br.N=c1ncccn1CCCCCCCCCCCCn1cccnc1=N,11.7,chembl26.sdf.gz
Br.N=c1c2ccccc2ccn1CCCCCCCCCCCCn1ccc2ccccc2c1=N,11.1,chembl26.sdf.gz
N=c1n(CCCCCCCCCCCCn2c(=N)n(Cc3ccccc3)c3ccccc32)c2ccccc2n1Cc1ccccc1.O=C(O)C(=O)O,9.4,chembl26.sdf.gz
Cn1c(=N)n(CCCCCCCCCCCCn2c(=N)n(C)c3ccccc32)c2ccccc21.O=C(O)C(=O)O,11.9,chembl26.sdf.gz
Br.N=c1sccn1CCCCCCCCCCCCn1ccsc1=N,10.1,chembl26.sdf.gz
Nc1ccc(-c2ccccc2)c[n+]1CCCc1ccc(CCC[n+]2cc(-c3ccccc3)ccc2N)cc1.[I-].[I-],12.8,chembl26.sdf.gz
Nc1cc(-c2ccccc2)cc[n+]1CCCc1ccc(CCC[n+]2ccc(-c3ccccc3)cc2N)cc1.[I-].[I-],12.6,chembl26.sdf.gz
Nc1ccc(Cl)c[n+]1CCCCCCCCCCCC[n+]1cc(Cl)ccc1N.[Br-].[Br-],12.8,chembl26.sdf.gz
Cc1ccc(N)[n+](CCCCCCCCCCCC[n+]2cc(C)ccc2N)c1.[Br-].[Br-],13.0,chembl26.sdf.gz
Cc1ccc[n+](CCCCCCCCCCCC[n+]2cccc(C)c2N)c1N.[Br-].[Br-],13.3,chembl26.sdf.gz
Cc1cc[n+](CCCc2ccc(CCC[n+]3ccc(C)cc3N)cc2)c(N)c1.[I-].[I-],12.6,chembl26.sdf.gz
Cc1cc[n+](CCCCCCCCCCCCCCCC[n+]2ccc(C)cc2N)c(N)c1.[Br-].[Br-],13.6,chembl26.sdf.gz
Cc1cc[n+](CCCCCCCCCCCC[n+]2ccc(C)cc2N)c(N)c1.[Br-].[Br-],13.5,chembl26.sdf.gz
Cc1c(-c2ccc(=O)n(Cc3ccccc3)n2)c2cc(F)cc(S(C)(=O)=O)c2n1CC(=O)O,3.83,chembl26.sdf.gz
Cc1c(-c2ccc(=O)n(Cc3ccccc3)n2)c2cc(F)cc(Cl)c2n1CC(=O)O,3.86,chembl26.sdf.gz
Cc1c(-c2ccc(=O)n(Cc3ccccc3)n2)c2cc(F)cc(F)c2n1CC(=O)O,3.85,chembl26.sdf.gz
Cc1c(-c2ccc(=O)n(Cc3ccccc3)n2)c2cc(Cl)cc(Cl)c2n1CC(=O)O,3.88,chembl26.sdf.gz
Cc1c(-c2ccc(=O)n(Cc3ccccc3)n2)c2cc(Cl)cc(F)c2n1CC(=O)O,3.86,chembl26.sdf.gz
Cc1c(-c2ccc(=O)n(Cc3ccccc3)n2)c2cccc(Br)c2n1CC(=O)O,3.98,chembl26.sdf.gz
COc1ccc2c(c1)c(-c1ccc(=O)n(Cc3ccccc3)n1)c(C)n2CC(=O)O,4.07,chembl26.sdf.gz
Cc1c(-c2ccc(=O)n(Cc3ccccc3)n2)c2cc(S(C)(=O)=O)ccc2n1CC(=O)O,4.0,chembl26.sdf.gz
Cc1ccc2c(c1)c(-c1ccc(=O)n(Cc3ccccc3)n1)c(C)n2CC(=O)O,4.16,chembl26.sdf.gz
Cc1c(-c2ccc(=O)n(Cc3ccccc3)n2)c2cc(F)ccc2n1CC(=O)O,4.02,chembl26.sdf.gz
Cc1c(-c2ccc(=O)n(Cc3ccccc3)n2)c2cc(Cl)ccc2n1CC(=O)O,4.03,chembl26.sdf.gz
Cc1c(-c2ccc(=O)n(Cc3ccccc3)n2)c2cc(Br)ccc2n1CC(=O)O,4.03,chembl26.sdf.gz
Cc1c(-c2ccc(=O)n(Cc3ccccc3)n2)c2ccccc2n1CC(=O)O,4.15,chembl26.sdf.gz
Cc1c(-c2ccc(=O)n(Cc3ccccc3)n2)c2cc(S(C)(=O)=O)cc(F)c2n1CC(=O)O,3.83,chembl26.sdf.gz
CC1CCN(C(=O)c2ccc3cc(OCCCN4CCCCC4)ccc3c2)CC1,9.86,chembl26.sdf.gz
CC(C)CN1CCC(Oc2ccc3cc(C(=O)N4CCC(C)CC4)ccc3c2)CC1,9.8,chembl26.sdf.gz
CC1CCN(C(=O)c2ccc3cc(OCCC4CCCN4C)ccc3c2)CC1,9.9,chembl26.sdf.gz
CC1CCN(C(=O)c2ccc3cc(OC4CCN(C(C)C)C4)ccc3c2)CC1,9.4,chembl26.sdf.gz
CC1CCN(C(=O)c2ccc3cc(OC4CCN(C(C)C)CC4)ccc3c2)CC1,9.6,chembl26.sdf.gz
CC1CCN(C(=O)c2ccc3cc(OCCCN4CCOCC4)ccc3c2)CC1,7.8,chembl26.sdf.gz
O=C(c1ccc2cc(OCCCN3CCCCC3)ccc2c1)N1CCC(CO)CC1,9.6,chembl26.sdf.gz
COC1CCN(C(=O)c2ccc3cc(OCCCN4CCCCC4)ccc3c2)CC1,9.57,chembl26.sdf.gz
CC(C)N1CCC(Oc2ccc3cc(C(=O)N4CCCC4C)ccc3c2)CC1,9.71,chembl26.sdf.gz
CC(C)N1CCC(Oc2ccc3cc(C(=O)N4CCC(CO)CC4)ccc3c2)CC1,9.6,chembl26.sdf.gz
COC1CCN(C(=O)c2ccc3cc(OC4CCN(C(C)C)CC4)ccc3c2)CC1,9.4,chembl26.sdf.gz
CC(C)N1CCC(Oc2ccc3cc(C(=O)N4CCOCC4)ccc3c2)CC1,9.3,chembl26.sdf.gz
CC1CCN(C(=O)c2ccc3cc(OCCCN4CCCCC4)ccc3n2)CC1,9.7,chembl26.sdf.gz
COC1CCN(C(=O)c2ccc3cc(OC4CCN(C(C)C)CC4)ccc3n2)CC1,9.5,chembl26.sdf.gz
CC(C)N1CCC(Oc2ccc3nc(C(=O)N4CCOCC4)ccc3c2)CC1,9.5,chembl26.sdf.gz
O=C(c1ccc2cc(OCCCN3CCCCC3)ccc2n1)N1CCC1,9.4,chembl26.sdf.gz
CC(C)N1CCC(Oc2ccc3nc(C(=O)N4CCC4)ccc3c2)CC1,9.5,chembl26.sdf.gz
CC(C)N1CCC(Oc2ccc3nc(C(=O)N4CCC[C@H]4C#N)ccc3c2)CC1,9.5,chembl26.sdf.gz
CC(C)N1[C@@H]2CC(Oc3ccc4nc(C(=O)N5CCOCC5)ccc4c3)CC[C@H]1C2,8.97,chembl26.sdf.gz
Nc1ccncc1,9.13,chembl26.sdf.gz
COC(=O)C1=C(CN2CCOC[C@H]2C(=O)O)NC(c2nccs2)=N[C@H]1c1ccc(F)cc1Cl,5.8,chembl26.sdf.gz
CCOC(=O)C1=C(CN2CCOC[C@H]2C(=O)O)NC(c2nccs2)=N[C@H]1c1cccc(F)c1Cl,5.7,chembl26.sdf.gz
COC(=O)C1=C(CN2CCOC[C@H]2C(=O)O)NC(c2nccs2)=N[C@H]1c1ccc(F)c(F)c1C,5.7,chembl26.sdf.gz
COc1cccc(NC2Oc3ccccc3C=C2[N+](=O)[O-])c1,4.2,chembl26.sdf.gz
O=[N+]([O-])C1=Cc2ccccc2OC1n1cccn1,2.48,chembl26.sdf.gz
O=[N+]([O-])C1=Cc2ccccc2OC1Nc1cccc([N+](=O)[O-])c1,2.47,chembl26.sdf.gz
O=[N+]([O-])C1=Cc2ccccc2OC1Nc1ccc([N+](=O)[O-])cc1,1.0,chembl26.sdf.gz
COc1ccccc1NC1Oc2ccccc2C=C1[N+](=O)[O-],2.52,chembl26.sdf.gz
O=[N+]([O-])C1=Cc2ccccc2OC1Nc1ccccc1,4.4,chembl26.sdf.gz
O=[N+]([O-])C1=Cc2ccccc2OC1N1CCOCC1,8.33,chembl26.sdf.gz
COc1ccc(NC2Oc3ccccc3C=C2[N+](=O)[O-])cc1,5.31,chembl26.sdf.gz
Cn1cc[n+](COC/C=C/C(C)(C)C)c1/C=N/O.[Cl-],8.04,chembl26.sdf.gz
C=C(C)CC(OC[n+]1ccn(C)c1/C=N/O)C(=C)C.[Cl-],7.91,chembl26.sdf.gz
Cn1cc[n+](COCc2ccc(C(F)(F)F)cc2)c1/C=N/O.[Cl-],8.06,chembl26.sdf.gz
C#CC(C)OC[n+]1ccn(C)c1/C=N/O.[Cl-],7.96,chembl26.sdf.gz
C#CCCCC[n+]1cn(C)c(/C=N/O)n1.[Cl-],7.34,chembl26.sdf.gz
CC#CC(C)OC[n+]1ccn(C)c1/C=N/O.[Cl-],8.03,chembl26.sdf.gz
CC#CC(C)(C)OC[n+]1ccn(C)c1/C=N/O.[Cl-],7.96,chembl26.sdf.gz
C#CCCCC[n+]1ccn(C)c1/C=N/O.[Cl-],8.18,chembl26.sdf.gz
Cn1cc[n+](COC(c2ccccc2)C2CCCC2)c1/C=N/O.[Cl-],8.03,chembl26.sdf.gz
CC/C=C\COC[n+]1ccn(C)c1/C=N/O.[Cl-],8.06,chembl26.sdf.gz
Cn1cc[n+](COC/C=C/c2ccccc2)c1/C=N/O.[Cl-],8.01,chembl26.sdf.gz
C=CC(C)(C)OC[n+]1ccn(C)c1/C=N/O.[Cl-],7.94,chembl26.sdf.gz
C/C=C/COC[n+]1ccn(C)c1/C=N/O.[Cl-],8.07,chembl26.sdf.gz
C#CCCOC[n+]1ccc(/C=N/O)cc1.[Cl-],8.18,chembl26.sdf.gz
C#CCOC[n+]1ccn(C)c1/C=N/O.[Cl-],8.01,chembl26.sdf.gz
CCC(C#Cc1ccccc1)OC[n+]1ccn(C)c1/C=N/O.[Cl-],8.06,chembl26.sdf.gz
C#CCCOC[n+]1ccn(C(C)(C)C)c1/C=N/O.[Cl-],7.84,chembl26.sdf.gz
C=CCOC[n+]1ccn(C)c1/C=N/O.[Cl-],8.04,chembl26.sdf.gz
C#CC1CCCCC1OC[n+]1ccn(C)c1/C=N/O.[Cl-],8.03,chembl26.sdf.gz
C#CCCCC[n+]1ccn(COC)c1/C=N/O.[Cl-],8.23,chembl26.sdf.gz
C#CCCOC[n+]1ccn(C)c1/C=N/O.[Cl-],7.99,chembl26.sdf.gz
C/C=C\COC[n+]1ccn(C)c1/C=N/O.[Cl-],8.04,chembl26.sdf.gz
C#CC(C)C(C)OC[n+]1ccn(C)c1/C=N/O.[Cl-],8.0,chembl26.sdf.gz
CC(C)C(C#Cc1ccccc1)OC[n+]1ccn(C)c1/C=N/O.[Cl-],8.06,chembl26.sdf.gz
C=C(C)CCOC[n+]1ccn(C)c1/C=N/O.[Cl-],8.03,chembl26.sdf.gz
CC#CCCOC[n+]1ccn(C)c1/C=N/O.[Cl-],8.04,chembl26.sdf.gz
C#CCCCOC[n+]1ccn(C)c1/C=N/O.[Cl-],8.2,chembl26.sdf.gz
CC/C=C/CCOC[n+]1ccn(C)c1/C=N/O.[Cl-],7.99,chembl26.sdf.gz
C#CCC(C)OC[n+]1ccn(C)c1/C=N/O.[Cl-],8.03,chembl26.sdf.gz
C#CCC(OC[n+]1ccn(C)c1/C=N/O)c1ccccc1.[Cl-],7.99,chembl26.sdf.gz
C#CC(C)(C)OC[n+]1ccn(C)c1/C=N/O.[Cl-],7.98,chembl26.sdf.gz
CC(C#Cc1ccccc1)COC[n+]1ccn(C)c1/C=N/O.[Cl-],7.99,chembl26.sdf.gz
C=CCCOC[n+]1ccn(C)c1/C=N/O.[Cl-],7.97,chembl26.sdf.gz
C#CC(CC)OC[n+]1ccn(C)c1/C=N/O.[Cl-],7.99,chembl26.sdf.gz
CC/C=C/COC[n+]1ccn(C)c1/C=N/O.[Cl-],8.0,chembl26.sdf.gz
C#CCCCC[n+]1ccccc1/C=N/O.[Cl-],7.93,chembl26.sdf.gz
C=C=CCOC[n+]1ccn(C)c1/C=N/O.[Cl-],8.03,chembl26.sdf.gz
CCC/C=C/COC[n+]1ccn(C)c1/C=N/O.[Cl-],8.0,chembl26.sdf.gz
C#CCC(CCC)OC[n+]1ccn(C)c1/C=N/O.[Cl-],7.92,chembl26.sdf.gz
Cn1cc[n+](COCc2cccc3c2CCCC3)c1/C=N/O.[Cl-],8.13,chembl26.sdf.gz
Cn1cc[n+](COCCc2ccccc2C(F)(F)F)c1/C=N/O.[Cl-],8.13,chembl26.sdf.gz
Cn1cc[n+](COCCCCc2ccccc2)c1/C=N/O.[Cl-],8.05,chembl26.sdf.gz
CCC(CC#Cc1ccccc1)OC[n+]1ccn(C)c1/C=N/O.[Cl-],8.07,chembl26.sdf.gz
C=CC(CCC)OC[n+]1ccn(C)c1/C=N/O.[Cl-],7.99,chembl26.sdf.gz
C#CCCCC[n+]1ccn(C(C)(C)C)c1/C=N/O.[Cl-],8.06,chembl26.sdf.gz
C#CC(CCC)OC[n+]1ccn(C)c1/C=N/O.[Cl-],8.02,chembl26.sdf.gz
Cn1cc[n+](COCc2ccc(F)cc2)c1/C=N/O.[Cl-],7.98,chembl26.sdf.gz
C#CCCCC[n+]1ccc(/C=N/O)cc1.[Cl-],8.36,chembl26.sdf.gz
C=C(C)COC[n+]1ccn(C)c1/C=N/O.[Cl-],7.99,chembl26.sdf.gz
C#CC1(OC[n+]2ccn(C)c2/C=N/O)CCCC1.[Cl-],7.97,chembl26.sdf.gz
CCCC(OC[n+]1ccn(C)c1/C=N/O)c1ccccc1.[Cl-],8.03,chembl26.sdf.gz
NS(=O)(=O)c1nnc(NS(=O)(=O)c2ccccc2)s1,3.2,chembl26.sdf.gz
CC1(C)CC(Nc2ccc(-c3cc4ccccc4s3)nn2)CC(C)(C)N1,10.0,chembl26.sdf.gz
CN(c1ccc(-c2ccc(-n3cccn3)cc2O)nn1)C1CC(C)(C)NC(C)(C)C1,10.3,chembl26.sdf.gz
Oc1cc(-n2cccn2)ccc1-c1ccc(OC2CCNCC2(F)F)nn1,5.89,chembl26.sdf.gz
CC1(C)CC(Oc2ccc(-c3ccc(-n4cccn4)cc3O)nn2)CC(C)(C)N1,10.1,chembl26.sdf.gz
O=c1cc(Cc2ccc(O)cc2)oc2ccc(O)cc12,8.89,chembl26.sdf.gz
CN1CCN(C2=Nc3ccccc3Oc3ccc(Cl)cc32)CC1,3.9,chembl26.sdf.gz
OCCOCCN1CCN(C2=Nc3ccccc3Sc3ccccc32)CC1,3.64,chembl26.sdf.gz
Clc1ccc2c(c1)C(N1CCNCC1)=Nc1ccccc1O2,3.38,chembl26.sdf.gz
CO[C@H]1C[C@@H](n2c(=O)n(C)c3cnc4cc(F)c(-c5ccc(OCCN(C)C)nc5)cc4c32)C1,8.5,chembl26.sdf.gz
CO[C@H]1C[C@@H](n2c(=O)n(C)c3cnc4cc(F)c(-c5ccc(OCCCN(C)C)nc5)cc4c32)C1,9.3,chembl26.sdf.gz
CO[C@H]1C[C@@H](n2c(=O)n(C)c3cnc4ccc(-c5ccc(OCCCN(C)C)nc5)cc4c32)C1,9.5,chembl26.sdf.gz
CNCCCOc1ccc(-c2ccc3ncc4c(c3c2)n([C@H]2C[C@@H](OC)C2)c(=O)n4C)cn1,10.3,chembl26.sdf.gz
CO[C@H]1C[C@@H](n2c(=O)n(C)c3cnc4ccc(-c5ccc(OCCCN6CCOCC6)nc5)cc4c32)C1,6.7,chembl26.sdf.gz
CO[C@H]1C[C@@H](n2c(=O)n(C)c3cnc4ccc(-c5ccc(OCCCN6CCC(O)CC6)nc5)cc4c32)C1,8.4,chembl26.sdf.gz
CN(C)CCCOc1ccc(-c2ccc3ncc4c(c3c2)n(C2CCOCC2)c(=O)n4C)cn1,9.6,chembl26.sdf.gz
CC(=O)O[C@@H]([C@H]1C[C@@H](C)[C@H]2[C@H](O1)[C@H](O)[C@@]1(C)[C@@H]3CC[C@H]4C(C)(C)[C@@H](O[C@H]5CNCCO5)CC[C@@]45C[C@@]35CC[C@]21C)C(C)(C)O,7.7,chembl26.sdf.gz
CC(=O)O[C@@H]([C@H]1C[C@@H](C)[C@H]2[C@H](O1)[C@H](O)[C@@]1(C)[C@@H]3CC[C@H]4C(C)(C)[C@@H](O[C@H]5CN(C6COC6)CCO5)CC[C@@]45C[C@@]35CC[C@]21C)C(C)(C)O,4.6,chembl26.sdf.gz
Cc1noc(C2CN(C)CCN2)n1,6.2,chembl26.sdf.gz
Cc1noc(C2CN3CCN2CC3)n1,6.0,chembl26.sdf.gz
Nc1noc(C2CN3CCN2CC3)n1,6.3,chembl26.sdf.gz
Cc1noc(CN(C)C)n1,5.6,chembl26.sdf.gz
Cc1noc(C2CNCCN2)n1,7.1,chembl26.sdf.gz
Nc1noc(C2CNCCN2)n1,7.1,chembl26.sdf.gz
CN1CCN(C)C(c2nc(N)no2)C1,6.0,chembl26.sdf.gz
CN1CCNC(c2nc(N)no2)C1,6.2,chembl26.sdf.gz
CC(C)N(/C=N\c1ccn(C2CC(F)C(CO)O2)c(=O)n1)C(C)C,5.13,chembl26.sdf.gz
CC(C)N(/C=N\c1ccn(C2CCC(CO)O2)c(=O)n1)C(C)C,5.28,chembl26.sdf.gz
CCN(CC)CCNC(=O)[C@H]1C[C@@H]1c1ccccc1,8.9,chembl26.sdf.gz
CN(C)CC(C)(C)CNC(=O)[C@H]1C[C@@H]1c1ccccc1,8.9,chembl26.sdf.gz
O=C(NCCN1CCCC1)[C@H]1C[C@@H]1c1ccccc1,9.2,chembl26.sdf.gz
O=C([C@H]1C[C@@H]1c1ccccc1)N1CCC(N2CCCC2)CC1,9.3,chembl26.sdf.gz
O=C([C@H]1C[C@@H]1c1ccccc1)N1CCC(N2CCCCC2)CC1,9.3,chembl26.sdf.gz
O=C(NC1CCC(N2CCCCC2)CC1)[C@H]1C[C@@H]1c1ccccc1,9.6,chembl26.sdf.gz
CC(C)N(CCNC(=O)[C@H]1C[C@@H]1c1ccccc1)C(C)C,9.7,chembl26.sdf.gz
O=C(NCCCNC1CCCCC1)[C@H]1C[C@@H]1c1ccccc1,10.1,chembl26.sdf.gz
CSc1nc(N)c2ncn([C@@H]3O[C@H](COP(=O)(O)OP(=O)(O)CP(=O)(O)O)[C@@H](O)[C@H]3O)c2n1,8.4,chembl26.sdf.gz
CSc1nc(N)c2ncn([C@@H]3O[C@H](COP(=O)(O)OP(=O)(O)O)[C@@H](O)[C@H]3O)c2n1,6.5,chembl26.sdf.gz
COc1cccc2nc3c(C(=O)NCCN(C)C)cccc3cc12.Cl,3.82,chembl26.sdf.gz
Cc1c2ccccc2nc2c(C(=O)NCCN(C)C)cccc12.Cl.Cl,4.34,chembl26.sdf.gz
COc1ccc(C(=O)NCCN(C)C)c2nc3ccccc3cc12.Cl.Cl,3.81,chembl26.sdf.gz
CN(C)CCNC(=O)c1ccc2cc3ccccc3nc2c1.Cl.Cl,3.94,chembl26.sdf.gz
CN(C)CCNC(=O)c1cccc2cc3ccccc3nc12.Cl.Cl,3.54,chembl26.sdf.gz
COc1ccc2nc3c(C(=O)NCCN(C)C)cccc3cc2c1.Cl.Cl,3.54,chembl26.sdf.gz
COc1cccc2cc3cccc(C(=O)NCCN(C)C)c3nc12.Cl,3.87,chembl26.sdf.gz
COc1ccc2cc3cccc(C(=O)NCCN(C)C)c3nc2c1.Cl.Cl,4.59,chembl26.sdf.gz
COc1cc(C(=O)NCCN(C)C)c2nc3ccccc3cc2c1.Cl.Cl,3.34,chembl26.sdf.gz
CN(C)CCNC(=O)c1cccc2nc3ccccc3cc12.Cl.Cl,4.24,chembl26.sdf.gz
CN(C)CCNC(=O)c1ccc2nc3ccccc3cc2c1.Cl.Cl,4.37,chembl26.sdf.gz
CC(=O)/N=c1/c(-c2c(Cl)cccc2Cl)cc2cnc(C)nc2n1C,2.5,chembl26.sdf.gz
Cc1cc(OCC/C=N/N=C(N)N)cc(OS(=O)(=O)c2ccccc2C#N)c1,8.84,chembl26.sdf.gz
Cc1cc(OCC/C=N/N=C(N)N)cc(OS(=O)(=O)c2ccccc2Cl)c1,8.71,chembl26.sdf.gz
CC(C)N1CCN(C(=O)c2ccc(CN3CCOCC3)cc2)CC1.O=C(O)/C=C\C(=O)O,6.2,chembl26.sdf.gz
O=C(c1ccc(CN2CCOCC2)cc1)N1CCN(C2CCC2)CC1,6.5,chembl26.sdf.gz
Cl.O=C(c1ccc(CN2CCOCC2)cc1)N1CCN(C2CC2)CC1,5.3,chembl26.sdf.gz
CC1NC(N)=Nc2cccc(Cl)c21,9.9,chembl26.sdf.gz
CNC1=Nc2ccccc2C(C)N1,10.6,chembl26.sdf.gz
CC1NC(NCC(F)F)=Nc2c(Cl)ccc(Cl)c21,7.8,chembl26.sdf.gz
COc1c(Cl)ccc2c1C(C)NC(NCC(F)F)=N2,8.9,chembl26.sdf.gz
CC(C)Oc1cccc2c1N=C(NCC(F)F)NC2C,10.2,chembl26.sdf.gz
COc1cccc2c1N=C(NCC(F)F)NC2C,10.2,chembl26.sdf.gz
C[C@H]1NC(NCC(F)F)=Nc2ccc(Cl)c(Cl)c21,8.5,chembl26.sdf.gz
C[C@@H]1NC(NCC(F)F)=Nc2ccc(Cl)c(Cl)c21,8.5,chembl26.sdf.gz
CC1NC(NCC(F)F)=Nc2ccc(Cl)c(Cl)c21,8.5,chembl26.sdf.gz
CC1NC(NCC(F)F)=Nc2cccc(Cl)c21,8.9,chembl26.sdf.gz
CC1NC(NCC(F)(F)F)=Nc2ccccc21,9.2,chembl26.sdf.gz
CC1NC(NCC(F)F)=Nc2ccccc21,9.7,chembl26.sdf.gz
CCCCNC1=Nc2ccccc2C(C)N1,10.7,chembl26.sdf.gz
CCCNC1=Nc2ccccc2C(C)N1,10.7,chembl26.sdf.gz
CCNC1=Nc2ccccc2C(C)N1.I,10.8,chembl26.sdf.gz
CC1NC(N)=Nc2ccccc21.I,10.5,chembl26.sdf.gz
FC1(Cc2ccccc2)CCN(CCCc2c[nH]c3ccc(-n4cnnc4)cc23)CC1,8.8,chembl26.sdf.gz
Cc1cc(COc2ccc(NC(=O)C[C@H]3CCC[C@]34NC(=O)NC4=O)cc2)c2ccccc2n1.Cl,8.9,chembl26.sdf.gz
Cc1cc(COc2ccc(C3(N4CCN(C)CC4)C(=O)NC(=O)NC3=O)cc2)c2ccccc2n1,7.2,chembl26.sdf.gz
Cc1cc(COc2ccc([C@@]3(C)CCN([C@@H](C)C(=O)NO)C3=O)cc2)c2ccccc2n1,9.0,chembl26.sdf.gz
O=C(c1ccc(Cl)cc1)c1ccc(OC2CN3CCC2CC3)cc1,9.1,chembl26.sdf.gz
O=C(C1CCN(c2ccncc2)CC1)N1CCN(S(=O)(=O)c2ccc(Br)cc2)CC1,9.2,chembl26.sdf.gz
O=C(C1CCN(c2ccncc2F)CC1)N1CCN(S(=O)(=O)c2ccc(C(F)(F)F)cc2)CC1,6.7,chembl26.sdf.gz
O=C(N1CCN(c2ccncc2Cl)CC1)N1CCN(S(=O)(=O)c2ccc(Cl)cc2)CC1,5.8,chembl26.sdf.gz
NCc1cc(=O)c(O)co1,6.6,chembl26.sdf.gz
O=c1cc(CO)occ1O,7.95,chembl26.sdf.gz
NCc1cc(O)no1,4.78,chembl26.sdf.gz
Cc1cc(=O)oc2cc(O[C@@H]3O[C@H](C(=O)O)[C@@H](O)[C@H](O)[C@H]3O)ccc12,2.82,chembl26.sdf.gz
O[C@@H](CS)[C@@H](O)CS,9.2,chembl26.sdf.gz
CC(C)NC1=NS(=O)(=O)c2ccc(Cl)cc2N1,9.35,chembl26.sdf.gz
CC(C)NC1=NS(=O)(=O)c2cccc(Cl)c2N1,9.11,chembl26.sdf.gz
CCCNC1=NS(=O)(=O)c2c(Cl)cccc2N1,9.54,chembl26.sdf.gz
Nc1c(F)c(N2CC(N)C2)c(F)c2c1c(=O)c(C(=O)O)cn2C1CC1,6.65,chembl26.sdf.gz
CC1(N)CN(c2c(F)cc3c(=O)c(C(=O)O)cn(C4CC4)c3c2Cl)C1,6.08,chembl26.sdf.gz
C[C@@H]1[C@@H](N(C)C)CN1c1c(F)cc2c(=O)c(C(=O)O)cn(C3CC3)c2c1F,6.08,chembl26.sdf.gz
CN[C@H]1CN(c2c(F)cc3c(=O)c(C(=O)O)cn(C4CC4)c3c2F)[C@@H]1C,6.13,chembl26.sdf.gz
C[C@@H]1[C@@H](N(C)C)CN1c1cc2c(cc1F)c(=O)c(C(=O)O)cn2C1CC1,6.29,chembl26.sdf.gz
CN(C)C1(C)CN(c2c(F)cc3c(=O)c(C(=O)O)cn(C4CC4)c3c2F)C1,6.05,chembl26.sdf.gz
CN(C)C1CN(c2cc3c(cc2F)c(=O)c(C(=O)O)cn3C2CC2)C1,6.44,chembl26.sdf.gz
CC1(N)CN(c2c(F)cc3c(=O)c(C(=O)O)cn(C4CC4)c3c2F)C1,6.23,chembl26.sdf.gz
C[C@H]1[C@H](N)CN1c1nc2c(cc1F)c(=O)c(C(=O)O)cn2C1CC1,6.26,chembl26.sdf.gz
CCNC1CN(c2c(F)cc3c(=O)c(C(=O)O)cn(C4CC4)c3c2F)C1,6.2,chembl26.sdf.gz
C[C@H]1[C@H](N)CN1c1c(F)cc2c(=O)c(C(=O)O)cn(C3CC3)c2c1F,6.13,chembl26.sdf.gz
CNC1CN(c2cc3c(cc2F)c(=O)c(C(=O)O)cn3C2CC2)C1,6.54,chembl26.sdf.gz
CN(C)C1CN(c2c(F)cc3c(=O)c(C(=O)O)cn(C4CC4)c3c2F)C1,6.0,chembl26.sdf.gz
CNC1(C)CN(c2c(F)cc3c(=O)c(C(=O)O)cn(C4CC4)c3c2F)C1,6.26,chembl26.sdf.gz
CC1([N+](C)(C)C)CN(c2c(F)cc3c(=O)c(C(=O)O)cn(C4CC4)c3c2F)C1.[I-],6.03,chembl26.sdf.gz
CNC1CN(c2c(F)cc3c(=O)c(C(=O)O)cn(C4CC4)c3c2F)C1,6.18,chembl26.sdf.gz
C[C@H]1[C@H](N)CN1c1c(F)cc2c(=O)c(C(=O)O)cn(C3CC3)c2c1Cl,6.04,chembl26.sdf.gz
C[C@H]1[C@H](N)CN1c1cc2c(cc1F)c(=O)c(C(=O)O)cn2C1CC1,6.46,chembl26.sdf.gz
CC1(N)CN(c2nc3c(cc2F)c(=O)c(C(=O)O)cn3C2CC2)C1,6.38,chembl26.sdf.gz
CC[N+](C)(C)C1CN(c2cc3c(cc2F)c(=O)c(C(=O)O)cn3C2CC2)C1.[I-],6.46,chembl26.sdf.gz
CN(C)C1(C)CN(c2cc3c(cc2F)c(=O)c(C(=O)O)cn3C2CC2)C1,6.47,chembl26.sdf.gz
NC1CN(c2c(F)cc3c(=O)c(C(=O)O)cn(C4CC4)c3c2Cl)C1,5.96,chembl26.sdf.gz
CNC1(C)CN(c2cc3c(cc2F)c(=O)c(C(=O)O)cn3C2CC2)C1,6.47,chembl26.sdf.gz
C[C@H]1[C@H](N)CN1c1c(F)c(N)c2c(=O)c(C(=O)O)cn(C3CC3)c2c1F,6.65,chembl26.sdf.gz
CC1(N)CN(c2cc3c(cc2F)c(=O)c(C(=O)O)cn3C2CC2)C1,6.58,chembl26.sdf.gz
NC1CN(c2c(F)cc3c(=O)c(C(=O)O)cn(C4CC4)c3c2F)C1,6.12,chembl26.sdf.gz
CN[C@H]1CN(c2cc3c(cc2F)c(=O)c(C(=O)O)cn3C2CC2)[C@@H]1C,6.5,chembl26.sdf.gz
NC1CN(c2cc3c(cc2F)c(=O)c(C(=O)O)cn3C2CC2)C1,6.49,chembl26.sdf.gz
CN(C)CCCc1ccc(-c2ccccc2)cc1.Cl,9.88,chembl26.sdf.gz
COc1ccc(CCCN(C)C)cc1.Cl,10.91,chembl26.sdf.gz
COc1ccc(CCCN(C)C)cc1Cl.Cl,10.76,chembl26.sdf.gz
CN(C)CC(Cc1ccccc1)c1ccccc1.Cl,9.93,chembl26.sdf.gz
CN(C)CCCc1ccc(N)cc1.Cl,10.87,chembl26.sdf.gz
CC(C)c1ccc(CCCN(C)C)cc1.Cl,10.49,chembl26.sdf.gz
CCc1ccc(CCCN(C)C)cc1.Cl,10.63,chembl26.sdf.gz
CN(C)CCCc1ccc(Cl)cc1.Cl,10.59,chembl26.sdf.gz
CN(C)CCC(c1ccccc1)c1ccc(-c2ccccc2)cc1.Cl,9.85,chembl26.sdf.gz
CCOc1ccc(-c2ccc(CCCN(C)C)cc2)cc1.Cl,9.82,chembl26.sdf.gz
CN(C)CCCc1cccnc1.Cl,10.68,chembl26.sdf.gz
CN(C)CCC(c1ccccc1)c1ccccc1.Cl,10.0,chembl26.sdf.gz
CN(C)CCCc1ccc(C(C)(C)C)cc1.Cl,10.03,chembl26.sdf.gz
CN(C)CCCc1ccc(-c2ccc(O)cc2)cc1.Cl,9.32,chembl26.sdf.gz
CN(C)CCCc1ccc(-c2ccc(Cl)cc2)cc1.Cl,9.96,chembl26.sdf.gz
CN(C)CCCc1ccc([N+](=O)[O-])cc1.Cl,10.74,chembl26.sdf.gz
CN(C)CCCc1ccccc1.Cl,10.96,chembl26.sdf.gz
Cc1ccc(CCCN(C)C)cc1.Cl,10.84,chembl26.sdf.gz
CN(C)CCCc1ccc(Br)cc1.Cl,10.62,chembl26.sdf.gz
COc1ccc(-c2ccc(CCCN(C)C)cc2)cc1.Cl,9.85,chembl26.sdf.gz
CCCc1ccc(CCCN(C)C)cc1.Cl,10.54,chembl26.sdf.gz
CN(C)CCCc1ccc2ccccc2c1.Cl,10.27,chembl26.sdf.gz
O=c1c2sc(-c3ccc(Cl)cc3)cc2ncn1-c1ccc2sc(CN3CCC(c4ccccc4)CC3)cc2c1,7.91,chembl26.sdf.gz
O=c1c2sc(-c3ccc(Cl)cc3)cc2ncn1-c1ccc2sc(CN3CCCCC3)cc2c1,8.29,chembl26.sdf.gz
CC(=O)Nc1ccc(OCC(O)CNC(C)C)cc1,2.1,chembl26.sdf.gz
C[C@]12CC[C@H]3[C@@H](CCC4=CC(=O)CC[C@@]43C)[C@@H]1CC[C@@H]2O,4.48,chembl26.sdf.gz
CN(C)CCN(C)Cc1c2ccccc2c(CN(C)CCN(C)C)c2ccccc12,3.1,chembl26.sdf.gz
CCN1CCCC(NCc2c3ccccc3c(CNC3CCCN(CC)C3)c3ccccc23)C1,2.4,chembl26.sdf.gz
C(=N\NC1=NCCN1)/c1c2ccccc2c(/C=N/NC2=NCCN2)c2ccccc12,6.8,chembl26.sdf.gz
CN(C)CCNCc1c2ccccc2c(CNCCN(C)C)c2ccccc12,3.9,chembl26.sdf.gz
c1ccc2c(CNCCN3CCOCC3)c3ccccc3c(CNCCN3CCOCC3)c2c1,3.85,chembl26.sdf.gz
c1ccc(-c2nc(-c3ccc4nc[nH]c4c3)no2)cc1,3.69,chembl26.sdf.gz
FC(F)(F)c1ccccc1-c1nc(-c2ccc3nc[nH]c3c2)no1,4.0,chembl26.sdf.gz
Brc1ccc(-c2nc(-c3ccc4nc[nH]c4c3)no2)cc1,3.25,chembl26.sdf.gz
Clc1ccc(-c2nc(-c3ccc4nc[nH]c4c3)no2)cc1,3.77,chembl26.sdf.gz
Fc1ccc(-c2nc(-c3ccc4nc[nH]c4c3)no2)cc1,3.57,chembl26.sdf.gz
OCCCCCc1ccc(-c2nc(-c3ccc4nc[nH]c4c3)no2)cc1,4.25,chembl26.sdf.gz
c1ccc2cc(-c3nc(-c4ccc5nc[nH]c5c4)no3)ccc2c1,4.22,chembl26.sdf.gz
O=S(=O)(Nc1nncs1)c1cc(Cl)c(Oc2ccc(C(F)(F)F)cc2-c2ccnnc2)cc1F,4.3,chembl26.sdf.gz
Nc1n[nH]cc1-c1cc(C(F)(F)F)ccc1Oc1cc(F)c(S(=O)(=O)Nc2nncs2)cc1Cl,4.3,chembl26.sdf.gz
Nc1n[nH]cc1-c1cc(C(F)(F)F)ccc1Oc1cc(F)c(S(=O)(=O)Nc2cscn2)cc1Cl,6.3,chembl26.sdf.gz
Nc1[nH]ncc1-c1cc(Cl)ccc1Oc1cc(F)c(S(=O)(=O)Nc2cscn2)cc1Cl,6.3,chembl26.sdf.gz
CCN1CC(n2nccc2-c2cc(Cl)ccc2Oc2ccc(S(=O)(=O)Nc3cscn3)cc2C#N)C1,6.5,chembl26.sdf.gz
N#Cc1cc(S(=O)(=O)Nc2ncns2)ccc1Oc1ccc(Cl)cc1-c1cn[nH]c1,3.5,chembl26.sdf.gz
Cc1[nH]ncc1-c1cc(C(F)(F)F)ccc1Oc1ccc(S(=O)(=O)Nc2ncns2)cc1C#N,3.5,chembl26.sdf.gz
COc1cnc(C(=O)Nc2ccc(F)c([C@]3(C)CCOC(N)=N3)c2)cn1,9.8,chembl26.sdf.gz
COc1cnc(C(=O)Nc2ccc(F)c([C@@]3(C)N=C(N)O[C@@H]4C[C@@H]43)c2)cn1,9.3,chembl26.sdf.gz
COc1cnc(C(=O)Nc2ccc(F)c([C@@]3(C)N=C(N)O[C@H]4C[C@H]43)c2)cn1,8.8,chembl26.sdf.gz
CCOC(=O)CN[C@@H](C(=O)N1CC[C@H]1C(=O)NCc1ccc(/C(N)=N\O)cc1)C1CCCCC1,4.73,chembl26.sdf.gz
CCOC(=O)CN[C@H](C(=O)N1CCC[C@H]1C(=O)NCc1ccc(/C(N)=N/O)s1)C(c1ccccc1)c1ccccc1,3.98,chembl26.sdf.gz
N=C(N)c1ccc(CNC(=O)[C@@H]2CCCN2C(=O)[C@@H](NCC(=O)O)C(c2ccccc2)c2ccccc2)s1,1.91,chembl26.sdf.gz
O=C(Nc1ccc(OC(F)(F)F)cc1)c1cccc(CN2CCOCC2)c1,6.2,chembl26.sdf.gz
O=C(Nc1ccc(OC(F)(F)F)cc1)c1cnc(N2CC[C@H](O)C2)c(-c2cncnc2)c1,3.3,chembl26.sdf.gz
O=C(Nc1ccc(OC(F)(F)F)cc1)c1cccc(-c2cncnc2)c1,3.3,chembl26.sdf.gz
O=C(Nc1ccc(OC(F)(F)F)cc1)c1ccc(OCCN2CCCC2)c(-c2cncnc2)c1,8.9,chembl26.sdf.gz
O=C(Nc1ccc(OC(F)(F)F)cc1)c1cnc(NCCCO)c(-c2cncnc2)c1,3.7,chembl26.sdf.gz
CN1CCN(c2ncc(C(=O)Nc3ccc(OC(F)(F)F)cc3)cc2-c2cncnc2)CC1,7.4,chembl26.sdf.gz
O=C(Nc1ccc(OC(F)(F)F)cc1)c1cnc(N2CC[C@@H](O)C2)c(-c2cncnc2)c1,3.7,chembl26.sdf.gz
O=C(Nc1ccc(SC(F)(F)F)cc1)c1cnc(N2CC[C@@H](O)C2)c(-c2cncnc2)c1,3.5,chembl26.sdf.gz
O=C(Nc1ccc(OC(F)(F)Cl)cc1)c1cnc(N2CC[C@@H](O)C2)c(-c2cncnc2)c1,3.8,chembl26.sdf.gz
O=C(Nc1ccc(OC(F)(F)Cl)cc1)c1cnc(N2C[C@H](O)[C@@H](O)C2)c(-c2cncnc2)c1,3.3,chembl26.sdf.gz
O=C(Nc1ccc(OC(F)(F)F)cc1)c1cnc(N2CC[C@@H](O)C2)c(-c2ccn[nH]2)c1,4.0,chembl26.sdf.gz
C[C@@]1(O)CCN(c2ncc(C(=O)Nc3ccc(OC(F)(F)F)cc3)cc2-c2ccn[nH]2)C1,3.8,chembl26.sdf.gz
O=C(Nc1ccc(OC(F)(F)Cl)cc1)c1cnc(N2CC[C@@H](O)C2)c(-c2[nH]ncc2F)c1,3.6,chembl26.sdf.gz
O=C(Nc1ccc(OC(F)(F)Cl)cc1)c1cnc(N2CC[C@@H](O)C2)c(-c2cc[nH]n2)c1,4.0,chembl26.sdf.gz
N#Cc1ccc(-c2ccc(C[C@@H](C#N)NC(=O)[C@@H]3CCCCN3)cc2)cc1,8.4,chembl26.sdf.gz
CN1Cc2cc(-c3ccc(C[C@@H](C#N)NC(=O)[C@@H]4CCCCN4)cc3)ccc2C1=O,7.1,chembl26.sdf.gz
N#Cc1ccc(-c2ccc(C[C@@H](C#N)NC(=O)[C@@H]3C[C@@H](O)CCN3)cc2)cc1,7.6,chembl26.sdf.gz
N#Cc1ccc(-c2ccc(C[C@@H](C#N)NC(=O)C3(N)CCCCC3)cc2)cc1,7.1,chembl26.sdf.gz
N#C[C@H](Cc1ccc(-c2ccccc2)cc1)NC(=O)C1(N)CCOCC1,5.4,chembl26.sdf.gz
N#Cc1ccc(-c2ccc(C[C@@H](C#N)NC(=O)C3(N)CCOCC3)cc2)cc1,5.8,chembl26.sdf.gz
CS(=O)(=O)c1cccc(-c2ccc(C[C@@H](C#N)NC(=O)C3(N)CCOCC3)cc2)c1,6.3,chembl26.sdf.gz
CN1Cc2ccc(-c3ccc(C[C@@H](C#N)NC(=O)C4(N)CCOCC4)cc3)cc2C1=O,6.3,chembl26.sdf.gz
CCCCN(CCCC)P(=O)(O)OCC1OC(n2cc(C)c(=O)[nH]c2=O)CC1N=[N+]=[N-],11.25,chembl26.sdf.gz
Cc1cn(C2CC(N=[N+]=[N-])C(COP(=O)(O)N3CCCCC3)O2)c(=O)[nH]c1=O,11.12,chembl26.sdf.gz
Cc1cn(C2CC(N=[N+]=[N-])C(COP(=O)(Nc3ccccc3)OCCSC(=O)C(C)(C)C)O2)c(=O)[nH]c1=O,4.68,chembl26.sdf.gz
CCCCNP(=O)(O)OCC1OC(n2cc(C)c(=O)[nH]c2=O)CC1N=[N+]=[N-],10.64,chembl26.sdf.gz
Cc1cn(C2CC(N=[N+]=[N-])C(COP(=O)(O)N3CCOCC3)O2)c(=O)[nH]c1=O,8.36,chembl26.sdf.gz
CN(CCCCCCOc1ccc(C(=O)c2ccc(Br)cc2)cc1)CC1CC1.O=C(O)/C=C/C(=O)O,9.37,chembl26.sdf.gz
CN(CCCCCCOc1ccc(C(=O)c2ccc(Br)cc2)cc1)C1CC1.Cl,7.48,chembl26.sdf.gz
C=CCN(C)CCCCCCOc1ccc(C(=O)c2ccc(Br)cc2)cc1.O=C(O)/C=C/C(=O)O,8.18,chembl26.sdf.gz
CN(CCCO)CCCCCCOc1ccc(C(=O)c2ccc(Br)cc2)cc1.O=C(O)/C=C/C(=O)O,9.05,chembl26.sdf.gz
COc1noc2c1CN(C)CC2.Cl,6.6,chembl26.sdf.gz
CCN1CCc2onc(OC)c2C1.Cl,7.0,chembl26.sdf.gz
C=CCOc1noc2c1CNCC2.Cl,7.5,chembl26.sdf.gz
CC(C)Oc1noc2c1CNCC2.Cl,7.5,chembl26.sdf.gz
C#CCOc1noc2c1CNCC2.Cl,7.6,chembl26.sdf.gz
COc1noc2c1CN(Cc1ccccc1)CC2.Cl,6.0,chembl26.sdf.gz
CCCCOc1noc2c1CNCC2.Cl,7.6,chembl26.sdf.gz
COC(=O)C1=CCCN(C)C1,7.8,chembl26.sdf.gz
CCCOc1noc2c1CNCC2.Cl,7.6,chembl26.sdf.gz
CC(C)COc1noc2c1CNCC2.Cl,7.7,chembl26.sdf.gz
C/C=C/COc1noc2c1CNCC2.Cl,7.7,chembl26.sdf.gz
CCOc1noc2c1CN(C)CC2.Cl,6.6,chembl26.sdf.gz
C=C(Br)COc1noc2c1CNCC2.Cl,7.6,chembl26.sdf.gz
CC#CCOc1noc2c1CNCC2.Cl,7.6,chembl26.sdf.gz
Cl.c1ccc(COc2noc3c2CNCC3)cc1,7.5,chembl26.sdf.gz
COC(=O)C1=CCCNC1,8.7,chembl26.sdf.gz
CN(Cc1ccccc1)[C@H]1CCN(CCCc2c[nH]c3ccc(-n4cnnc4)cc23)C[C@H]1F,8.0,chembl26.sdf.gz
CN(Cc1ccccc1)C1CCN(CC(F)Cc2c[nH]c3ccc(-n4cnnc4)cc23)CC1,8.5,chembl26.sdf.gz
CN(Cc1ccccc1C(F)(F)F)[C@H]1CCN(CCCc2c[nH]c3ccc(-n4cnnc4)cc23)C[C@@H]1F,6.9,chembl26.sdf.gz
FC(Cc1c[nH]c2ccc(-n3cnnc3)cc12)CN1CCC(Cc2ccccc2)CC1,8.7,chembl26.sdf.gz
CN(Cc1ccccc1C(F)(F)F)[C@H]1CCN(CCCc2c[nH]c3ccc(-n4cnnc4)cc23)C[C@H]1F,7.7,chembl26.sdf.gz
CCCCCCCCCCCC(=O)N[C@@H](CCCCN)C(=O)OC.Cl,10.0,chembl26.sdf.gz
CCCCCCCCCCCCCC(=O)NCCCC[C@@H](C(=O)OC)[N+](C)(C)C.[Cl-],10.0,chembl26.sdf.gz
CCCCCCCCCCCC(=O)N[C@@H](CCCNC(=N)N)C(=O)N[C@@H](CCCCN)C(=O)OC.Cl.Cl,10.0,chembl26.sdf.gz
CCCCCCCCCCCC(=O)N[C@@H](CCCNC(=N)N)C(=O)NCCCC[C@H](N)C(=O)OC.Cl.Cl,10.0,chembl26.sdf.gz
CCCCCCCCCCCC(=O)NCCCC[C@H](N)C(=O)NCCCC[C@H](N)C(=O)OC.Cl.Cl,10.0,chembl26.sdf.gz
CCc1nc2c(C)cc(C)nc2n1Cc1cc(Cl)c(O)c(Cl)c1,7.2,chembl26.sdf.gz
COC(=O)CN.Cl,7.73,chembl26.sdf.gz
COC(=O)C(N)CCCCNC(=O)OC(C)(C)C.Cl,8.9,chembl26.sdf.gz
COC(=O)C(CCCCN)NC(=O)OC(C)(C)C.Cl,10.79,chembl26.sdf.gz
CN(C)c1ccc(N)cc1,6.71,chembl26.sdf.gz
NCCc1ccccn1,9.52,chembl26.sdf.gz
CCN(CC)CC,10.75,chembl26.sdf.gz
NCCc1ccccc1,9.08,chembl26.sdf.gz
NCc1ccccn1,8.62,chembl26.sdf.gz
Cc1cc(C)c(C(=O)NC(Cc2ccc(N3CCC(CNc4ccccn4)CC3)cc2)C(=O)O)c(C)c1,7.0,chembl26.sdf.gz
Cc1ccnc(NCC2CCN(c3ccc(CC(NC(=O)c4c(C)cc(C)cc4C)C(=O)O)cc3)CC2)c1,7.5,chembl26.sdf.gz
COc1ccnc(NCC2CCN(c3ccc(CC(NC(=O)c4c(C)cc(C)cc4C)C(=O)O)cc3)CC2)c1,7.7,chembl26.sdf.gz
CNS(=O)(=O)Nc1nccc(Cc2c(C)c3ccc(Oc4ncccn4)cc3oc2=O)c1F,7.02,chembl26.sdf.gz
O=C1CC2(CCCC2)CC(=O)N1CCCCN1CCN(c2ncccn2)CC1,7.8,chembl26.sdf.gz
COC(=O)C(c1ccccc1)C1CCCCN1,9.24,chembl26.sdf.gz
OCCOCCN1CCN(C(c2ccccc2)c2ccc(Cl)cc2)CC1,7.75,chembl26.sdf.gz
COc1ccc2c3c1O[C@H]1C(=O)CC[C@H]4[C@@H](C2)N(C)CC[C@]314,8.43,chembl26.sdf.gz
CN(C)CCC=C1c2ccccc2C=Cc2ccccc21,9.69,chembl26.sdf.gz
CN1CC(=O)N2[C@H](c3ccc4c(c3)OCO4)c3[nH]c4ccccc4c3C[C@@H]2C1=O,9.87,chembl26.sdf.gz
COc1ccccc1OCC(O)CN1CCN(CC(=O)Nc2c(C)cccc2C)CC1,9.59,chembl26.sdf.gz
COc1cc2ncnc(Nc3ccc(F)c(Cl)c3)c2cc1OCCCN1CCOCC1,5.5,chembl26.sdf.gz
COc1ccc2c(c1)[C@]13CCCC[C@@H]1[C@H](C2)N(C)CC3,10.07,chembl26.sdf.gz
COc1ccc(CCN2CCC(Nc3nc4ccccc4n3Cc3ccc(F)cc3)CC2)cc1,10.13,chembl26.sdf.gz
COc1ccc(-n2nc(C(N)=O)c3c2C(=O)N(c2ccc(N4CCCCC4=O)cc2)CC3)cc1,8.56,chembl26.sdf.gz
CCOc1cc([C@@H](CS(C)(=O)=O)N2C(=O)c3cccc(NC(C)=O)c3C2=O)ccc1OC,9.8,chembl26.sdf.gz
CC/C(=C(\c1ccccc1)c1ccc(OCCN(C)C)cc1)c1ccccc1,10.35,chembl26.sdf.gz
CN(CCOc1ccc(CC2SC(=O)NC2=O)cc1)c1ccccn1,10.3,chembl26.sdf.gz
CN1C2CCCC1CC(NC(=O)c1nn(C)c3ccccc13)C2,8.9,chembl26.sdf.gz
CN1CCN(c2ccccc2/C=C2\SCCN(c3ccc(Cl)c(Cl)c3)C2=O)CC1,11.5,chembl26.sdf.gz
O=C1Nc2ccc(Cl)cc2[C@@](C#CC2CC2)(C(F)(F)F)O1,7.18,chembl26.sdf.gz
CNCC[C@H](Oc1cccc2ccccc12)c1cccs1,9.97,chembl26.sdf.gz
Clc1ccc2c(c1)CCc1cccnc1C2=C1CCNCC1,9.27,chembl26.sdf.gz
CC(C)c1c(C(=O)Nc2ccccc2)c(-c2ccccc2)c(-c2ccc(F)cc2)n1CC[C@@H](O)C[C@@H](O)CC(=O)O,9.34,chembl26.sdf.gz
CC(C)(C)c1ccc(C(O)CCCN2CCC(C(O)(c3ccccc3)c3ccccc3)CC2)cc1,8.6,chembl26.sdf.gz
CCc1ccc(CCOc2ccc(CC3SC(=O)NC3=O)cc2)nc1,13.74,chembl26.sdf.gz
O[C@H](CNC[C@@H](O)[C@H]1CCc2cc(F)ccc2O1)[C@@H]1CCc2cc(F)ccc2O1,13.98,chembl26.sdf.gz
CCn1cc(C(=O)O)c(=O)c2ccc(C)nc21,13.02,chembl26.sdf.gz
CC(C)C(=O)Nc1ccc([N+](=O)[O-])c(C(F)(F)F)c1,12.87,chembl26.sdf.gz
C#Cc1cccc(Nc2ncnc3cc(OCCOC)c(OCCOC)cc23)c1,13.9,chembl26.sdf.gz
NC(=O)C(c1ccccc1)(c1ccccc1)[C@@H]1CCN(CCc2ccc3c(c2)CCO3)C1,13.52,chembl26.sdf.gz
CC[C@H]1OC(=O)[C@H](C)[C@@H](O[C@H]2C[C@@](C)(OC)[C@@H](O)[C@H](C)O2)[C@H](C)[C@@H](O[C@@H]2O[C@H](C)C[C@H](N(C)C)[C@H]2O)[C@](C)(OC)C[C@@H](C)C(=O)[C@H](C)[C@@H](O)[C@]1(C)O,8.99,chembl26.sdf.gz
CN(Cc1cc(Br)cc(Br)c1N)C1CCCCC1,8.5,chembl26.sdf.gz
Cc1c(OCCN)no[n+]1[O-].O=C(O)C(=O)O,8.7,chembl26.sdf.gz
Cc1c(OCCN(C)C)no[n+]1[O-].O=C(O)C(=O)O,7.9,chembl26.sdf.gz
CN(C)Cc1no[n+]([O-])c1C(N)=O,6.57,chembl26.sdf.gz
CN(C)Cc1no[n+]([O-])c1C#N.O=C(O)C(=O)O,5.82,chembl26.sdf.gz
CCN(C)Cc1no[n+]([O-])c1C#N.O=C(O)C(=O)O,5.79,chembl26.sdf.gz
CCN(CC)Cc1no[n+]([O-])c1C#N.O=C(O)C(=O)O,5.8,chembl26.sdf.gz
N#Cc1c(CN2CCC(Br)CC2)no[n+]1[O-].O=C(O)C(=O)O,4.01,chembl26.sdf.gz
CCCN(CCC)Cc1no[n+]([O-])c1C#N.O=C(O)C(=O)O,5.46,chembl26.sdf.gz
CCN(Cc1ccccc1)Cc1no[n+]([O-])c1C#N.O=C(O)C(=O)O,5.58,chembl26.sdf.gz
CN(C)CCCN(C)Cc1no[n+]([O-])c1C#N.O=C(O)C(F)(F)F,3.34,chembl26.sdf.gz
CC(C)N(Cc1no[n+]([O-])c1C(N)=O)C(C)C,6.62,chembl26.sdf.gz
CC(C)N(Cc1no[n+]([O-])c1C#N)C(C)C.CS(=O)(=O)O,5.35,chembl26.sdf.gz
C/C=C(/C)C(=O)O,4.3,chembl26.sdf.gz
C/C=C(\C)C(=O)O[C@H]1C(C)=C[C@]23C(=O)[C@@H](C=C(CO)[C@@H](O)[C@]12O)[C@H]1[C@@H](C[C@H]3C)C1(C)C,5.02,chembl26.sdf.gz
O=C(Nc1ccc(C#Cc2ccc(NC(=O)[C@@H]3CCCN3C(=O)[C@@H](c3ccccc3)N3CCCC3)cc2)cc1)[C@@H]1CCCN1C(=O)[C@@H](c1ccccc1)N1CCCC1,8.1,chembl26.sdf.gz
O=C(Nc1ccc(C#Cc2ccc(NC(=O)[C@@H]3CCCN3C(=O)C(c3ccccc3)N3CCC(O)CC3)cc2)cc1)[C@@H]1CCCN1C(=O)C(c1ccccc1)N1CCC(O)CC1,6.8,chembl26.sdf.gz
O=C(Nc1ccc(C#Cc2ccc(NC(=O)[C@@H]3CCCN3C(=O)[C@@H](c3ccccc3)N3CCOCC3)cc2)cc1)[C@@H]1CCCN1C(=O)[C@@H](c1ccccc1)N1CCOCC1,4.6,chembl26.sdf.gz
O=C1CN(C(C(=O)N2CCC[C@H]2C(=O)Nc2ccc(C#Cc3ccc(NC(=O)[C@@H]4CCCN4C(=O)C(c4ccccc4)N4CCNC(=O)C4)cc3)cc2)c2ccccc2)CCN1,2.5,chembl26.sdf.gz
Cc1[nH]c(C)c(-c2ccc(Oc3ccc(OC(F)(F)F)cc3)cc2)c(=O)c1Cl,10.1,chembl26.sdf.gz
CC#Cc1cncc(-c2cc(C3(C4CC4)N=C(C)C(N)=N3)ccc2O)c1,5.9,chembl26.sdf.gz
CC#Cc1cncc(-c2cccc(C3(C4CC4)N=C(C)C(N)=N3)c2)c1,5.8,chembl26.sdf.gz
COc1cccc(-c2cccc(C3(C4CCN(C(C)=O)CC4)N=C(C)C(N)=N3)c2)c1,5.7,chembl26.sdf.gz
COc1cccc(-c2cccc(C3(C4CCOCC4)N=C(C)C(N)=N3)c2)c1,6.0,chembl26.sdf.gz
CC1=NC(c2cccc(-c3cccnc3)c2)(C2CCCCC2)N=C1N,6.2,chembl26.sdf.gz
CC1=N[C@@](Cc2ccccc2)(c2cccc(-c3cncnc3)c2)N=C1N,6.0,chembl26.sdf.gz
COc1c(C)cc([C@@]2(c3cccc(-c4cncnc4)c3)N=C(C)C(N)=N2)cc1C,5.2,chembl26.sdf.gz
COc1c(C)cc(C2(c3cccc(-c4cncnc4)c3)N=C(C)C(N)=N2)cc1C,5.3,chembl26.sdf.gz
COc1ccc(C2(c3cccc(-c4cccnc4)c3)N=C(C)C(N)=N2)cc1,5.7,chembl26.sdf.gz
COc1ccc(C2(c3cccc(-c4cncnc4)c3)N=C(C)C(N)=N2)cc1,5.2,chembl26.sdf.gz
CC1=NC(c2ccc(F)cc2)(c2cccc(-c3cccnc3)c2)N=C1N,4.9,chembl26.sdf.gz
COc1ccc(C2(c3cccc(-c4cncnc4)c3)N=C(N)C(C(C)C)=N2)cc1,5.3,chembl26.sdf.gz
CC(C)C1=NC(c2ccccc2)(c2cccc(-c3cncnc3)c2)N=C1N,5.2,chembl26.sdf.gz
CC1=NC(C)(c2cccc(-c3cccnc3)c2)N=C1N,6.7,chembl26.sdf.gz
COc1cccc(-c2cccc(C3(C)N=C(C)C(N)=N3)c2)c1,6.5,chembl26.sdf.gz
CC(C)C1=NC(C)(c2cccc(-c3cccnc3)c2)N=C1N,5.9,chembl26.sdf.gz
CC1(c2cccc(-c3cccnc3)c2)N=C(N)C(c2ccccc2)=N1,5.4,chembl26.sdf.gz
CCN(CC)CCS/C(=N\O)C(=O)c1ccc(OC)cc1,7.65,chembl26.sdf.gz
CCCS/C(=N\O)C(=O)c1ccc(Br)cc1,8.45,chembl26.sdf.gz
C[N+](C)(C)CCS/C(=N\O)C(=O)c1ccc(F)cc1.[Cl-],7.36,chembl26.sdf.gz
COc1ccc(C(=O)/C(=N/O)SCCCN(C)C)cc1.O=C(O)C(=O)O,8.42,chembl26.sdf.gz
Cc1ccc(C(=O)/C(=N/O)SCC[N+](C)(C)C)cc1.[Cl-],7.57,chembl26.sdf.gz
CCN(CC)CCS/C(=N\O)C(=O)c1ccc(Cl)cc1.Cl,7.42,chembl26.sdf.gz
CC[N+](C)(CC)CCS/C(=N\O)C(=O)c1ccc(OC)cc1.[Cl-],7.7,chembl26.sdf.gz
CN(C)CCS/C(=N\O)C(=O)c1ccc(F)cc1,7.54,chembl26.sdf.gz
Cc1ccc(C(=O)/C(=N/O)SCCN(C)C)cc1.Cl,7.76,chembl26.sdf.gz
COc1ccc(C(=O)/C(=N/O)SCC[N+](C)(C)C)cc1.[Cl-],7.71,chembl26.sdf.gz
CN(C)CCS/C(=N\O)C(=O)c1ccc(Cl)cc1.Cl,7.57,chembl26.sdf.gz
COc1ccc(C(=O)/C(=N/O)SCCN(C)C)cc1,7.88,chembl26.sdf.gz
C[N+](C)(C)CCS/C(=N\O)C(=O)c1ccc(Cl)cc1.[Cl-],7.19,chembl26.sdf.gz
CC[N+](C)(CC)CCS/C(=N\O)C(=O)c1ccc(Cl)cc1.[Cl-],7.17,chembl26.sdf.gz
CC(C)N(CCS/C(=N\O)C(=O)c1ccc(Cl)cc1)C(C)C.Cl,7.2,chembl26.sdf.gz
CCN(CC)CCS/C(=N\O)C(=O)c1ccccc1.Cl,7.6,chembl26.sdf.gz
CCN(CC)CCS/C(=N\O)C(=O)c1ccc(Br)cc1.Cl,7.2,chembl26.sdf.gz
CN(C)CCS/C(=N\O)C(=O)c1ccc(Br)cc1.Cl,7.36,chembl26.sdf.gz
CCN(CC)CCS/C(=N\O)C(=O)c1ccc(C#N)cc1.Cl,7.02,chembl26.sdf.gz
CC[N+](C)(CC)CCS/C(=N\O)C(=O)c1ccc(F)cc1.[Cl-],7.31,chembl26.sdf.gz
CC[N+](C)(CC)CCS/C(=N\O)C(=O)c1ccc(C#N)cc1.[Cl-],6.72,chembl26.sdf.gz
C[N+](C)(C)CCS/C(=N\O)C(=O)c1ccc(Br)cc1.[I-],7.18,chembl26.sdf.gz
CN(C)CCS/C(=N\O)C(=O)c1cccc2ccccc12.Cl,7.1,chembl26.sdf.gz
CN(C)CCCS/C(=N\O)C(=O)c1ccc(Br)cc1.O=C(O)C(=O)O,7.41,chembl26.sdf.gz
C=C(C)[C@@H]1CC[C@]2(NCCN3CCOCC3)CC[C@]3(C)[C@H](CC[C@@H]4[C@@]5(C)CC=C(c6ccc(C(=O)O)cc6)C(C)(C)[C@@H]5CC[C@]43C)[C@@H]12,8.2,chembl26.sdf.gz
C=C(C)[C@@H]1CC[C@]2(NCCN3CCC(F)(F)CC3)CC[C@]3(C)[C@H](CC[C@@H]4[C@@]5(C)CC=C(c6ccc(C(=O)O)cc6)C(C)(C)[C@@H]5CC[C@]43C)[C@@H]12,8.5,chembl26.sdf.gz
C[C@H](c1nc2c(cnn2C2CCCC2)c(=O)[nH]1)N1CC(c2ncccn2)C1,6.8,chembl26.sdf.gz
CCN[C@H]1CC[C@@H](Nc2cc[nH]c(=O)c2-c2nc3ccccc3[nH]2)CC1,10.5,chembl26.sdf.gz
O=c1[nH]ccc(N[C@H]2CC[C@@H](NCCF)CC2)c1-c1nc2ccccc2[nH]1,8.8,chembl26.sdf.gz
O=c1[nH]ccc(N[C@H]2CC[C@@H](NCC(F)F)CC2)c1-c1nc2ccccc2[nH]1,6.6,chembl26.sdf.gz
O=c1[nH]ccc(N[C@H]2CC[C@@H](NCC(F)(F)F)CC2)c1-c1nc2ccccc2[nH]1,4.8,chembl26.sdf.gz
COCCN[C@H]1CC[C@@H](Nc2cc[nH]c(=O)c2-c2nc3ccccc3[nH]2)CC1,9.2,chembl26.sdf.gz
COc1cc(C[C@H](N)C(=O)N[C@H]2C(=O)NCC(=O)N[C@@H](Cc3ccccc3)C(=O)N[C@@H](C(=O)O)C(C)(C)SSC2(C)C)ccc1O,9.7,chembl26.sdf.gz
CC1(C)SSC(C)(C)[C@@H](NC(=O)[C@@H](N)Cc2ccc(O)c([N+](=O)[O-])c2)C(=O)NCC(=O)N[C@@H](Cc2ccccc2)C(=O)N[C@H]1C(=O)O,7.2,chembl26.sdf.gz
CC1(C)SSC(C)(C)[C@@H](NC(=O)[C@@H](N)Cc2ccc(O)c(N)c2)C(=O)NCC(=O)N[C@@H](Cc2ccccc2)C(=O)N[C@H]1C(=O)O,10.0,chembl26.sdf.gz
CC1(C)SSC(C)(C)[C@@H](NC(=O)[C@@H](N)Cc2ccc(O)c(I)c2)C(=O)NCC(=O)N[C@@H](Cc2ccccc2)C(=O)N[C@H]1C(=O)O,8.2,chembl26.sdf.gz
C/N=C(\S)NCCSCc1[nH]cnc1C,6.8,chembl26.sdf.gz
Fc1ccc(N2CCN(Cc3ccn4c(CC5CC5)nnc4c3C(F)(F)F)CC2)c(F)c1,5.0,chembl26.sdf.gz
Cc1ccc(-n2cc(/C=N/O)[n+](C)c2)cc1.[I-],9.4,chembl26.sdf.gz
CCOc1ccc(-n2cc(/C=N/O)[n+](C)c2)cc1.[I-],9.44,chembl26.sdf.gz
C=CCn1cc(/C=N/O)[n+](C)c1SC.[I-],9.24,chembl26.sdf.gz
C=CCn1cc(/C=N/O)[n+](C)c1.[I-],9.56,chembl26.sdf.gz
CCOc1ccc(-n2cc(/C=N/O)[n+](C)c2SC)cc1.[I-],9.12,chembl26.sdf.gz
COc1ccc(-n2cc(/C=N/O)[n+](C)c2SC)cc1.[I-],9.38,chembl26.sdf.gz
C=CCn1cc(/C=N\O)[n+](C)c1SC.[I-],9.42,chembl26.sdf.gz
C[n+]1ccccc1/C=N/O.[I-],7.93,chembl26.sdf.gz
CSc1n(-c2ccc(C)cc2)cc(/C=N/O)[n+]1C.[I-],9.04,chembl26.sdf.gz
COc1ccc(-n2cc(/C=N/O)[n+](C)c2)cc1.[I-],9.43,chembl26.sdf.gz
CSc1n(-c2ccccc2)cc(/C=N/O)[n+]1C.[I-],9.3,chembl26.sdf.gz
CCn1cc(/C=N/O)[n+](C)c1.[I-],9.57,chembl26.sdf.gz
C[n+]1cn(-c2ccccc2)cc1/C=N/O.[I-],9.49,chembl26.sdf.gz
CCn1cc(/C=N/O)[n+](C)c1SC.[I-],9.56,chembl26.sdf.gz
Cc1c(NC2CC2)nc(C2CC2)nc1N1CCCCCC1,8.13,chembl26.sdf.gz
CCc1c(NC2CC2)nc(C2CC2)nc1N1CCSCC1,6.78,chembl26.sdf.gz
COc1c(NC2CC2)nc(C2CC2)nc1N1CCSCC1,6.47,chembl26.sdf.gz
Nc1c(NC2CC2)nc(C2CC2)nc1N1CCCCCC1,7.15,chembl26.sdf.gz
O=[N+]([O-])c1c(NC2CC2)nc(C2CC2)nc1N1CCCCCC1,4.64,chembl26.sdf.gz
c1c(NC2CC2)nc(C2CC2)nc1N1CCCCCC1,8.03,chembl26.sdf.gz
Cc1c(NC2CC2)nc(C2CC2)nc1N1CCSCC1,6.99,chembl26.sdf.gz
COc1ccc(NC(=N)c2cccs2)cc1CSC1CCCC1,8.1,chembl26.sdf.gz
COc1ccc(Cl)cc1NS(=O)(=O)c1ccc(OC)c2c1CC[C@@H](N(C)C)C2,10.5,chembl26.sdf.gz
Cc1cc2nc(NC(=N)N)nc(C)c2cc1C,9.3,chembl26.sdf.gz
O=C(O)c1cssc1=S,2.8,chembl26.sdf.gz
O=C(O)c1cc(=S)ss1,1.2,chembl26.sdf.gz
COc1ccc(C(Cc2cc([N+](=O)[O-])ccc2OC)c2csc(N)n2)cc1,5.5,chembl26.sdf.gz
COc1ccc(C(Cc2cc([N+](=O)[O-])ccc2OC)c2cn(C)c(N)n2)cc1,8.3,chembl26.sdf.gz
COc1ccc(C(Cc2cc([N+](=O)[O-])ccc2OC)c2c[nH]c(N)n2)cc1,8.1,chembl26.sdf.gz
CC(=O)N[C@@H](Cc1cc(F)cc(F)c1)[C@H](O)CNC1(c2cccc(C(C)(C)C)c2)CCOCC1,7.2,chembl26.sdf.gz
CC(=O)N[C@@H](Cc1cc(F)cc(F)c1)[C@H](O)CNC1(c2cccc(C3CCOC3)c2)CCCCC1,8.1,chembl26.sdf.gz
CC(=O)N[C@@H](Cc1cc(F)cc(F)c1)[C@H](O)CNC1(c2cccc(-n3cccn3)c2)CC1,6.7,chembl26.sdf.gz
CC(=O)N[C@@H](Cc1cc(F)cc(F)c1)[C@H](O)CNC1(c2cccc(C(C)(C)C(F)F)c2)CC1,6.7,chembl26.sdf.gz
CC(=O)N[C@@H](Cc1cc(F)cc(F)c1)[C@H](O)CNC1(c2cccc(C(C)(C)C)c2)CCC1,7.8,chembl26.sdf.gz
CN(C)c1ccc2c(c1)Oc1c(ccc3cc(O)ccc13)C21OC(=O)c2c(Cl)c(Cl)c(Cl)c(Cl)c21,7.9,chembl26.sdf.gz
C[N+](C)=c1ccc2c(-c3ccccc3C(=O)O)c3ccc4cc(O)ccc4c3oc-2c1,7.62,chembl26.sdf.gz
CN(C)c1ccc2c(c1)Oc1c(ccc3cc(O)ccc13)C21OC(=O)c2c(F)c(F)c(F)c(F)c21,7.38,chembl26.sdf.gz
NS(=O)(=O)c1cc2c(s1)S(=O)(=O)CCN2,8.8,chembl26.sdf.gz
COCCOCCN(CCOC)CCC1CNc2cc(S(N)(=O)=O)sc2S1(=O)=O,6.55,chembl26.sdf.gz
COCCN(CCOC)CCC1CNc2cc(S(N)(=O)=O)sc2S1(=O)=O,6.4,chembl26.sdf.gz
NS(=O)(=O)c1cc2c(s1)S(=O)(=O)CC(=O)N2,7.43,chembl26.sdf.gz
NS(=O)(=O)c1cc2c(s1)S(=O)(=O)C1(CC1)CN2,8.29,chembl26.sdf.gz
CC(C)CNC(=O)CC1Sc2sc(S(N)(=O)=O)cc2NC1=O,3.65,chembl26.sdf.gz
NS(=O)(=O)c1cc2c(s1)SC(CC(=O)O)C(=O)N2,4.3,chembl26.sdf.gz
NS(=O)(=O)c1cc2c(s1)S(=O)(=O)C(CCO)CN2,8.45,chembl26.sdf.gz
NS(=O)(=O)c1cc2c(s1)S(=O)(=O)C(CCN1CCOCC1)CN2,3.23,chembl26.sdf.gz
CC(C)CNCCC1CNc2cc(S(N)(=O)=O)sc2S1(=O)=O,8.18,chembl26.sdf.gz
CC/C=C1/NC(=O)C(c2ccccc2)=C1O,4.6,chembl26.sdf.gz
O=C1C=C(O)CN1,6.4,chembl26.sdf.gz
O=c1cc(O)c2ccc(Cl)cc2[nH]1,5.8,chembl26.sdf.gz
CCn1c(=O)c2nc(-c3ccc(S(=O)(=O)NCCN(C)C)cc3)[nH]c2n(CC)c1=O,6.8,chembl26.sdf.gz
CCCn1c(=O)c2nc(-c3ccccc3N)[nH]c2n(CCC)c1=O,9.1,chembl26.sdf.gz
CCCn1c(=O)c2nc(-c3ccc(Cl)cc3N)[nH]c2n(CCC)c1=O,8.4,chembl26.sdf.gz
CCn1c(=O)c2nc(-c3ccccc3)[nH]c2n(CC)c1=O,9.1,chembl26.sdf.gz
CCCn1c(=O)c2nc(-c3ccc(S(=O)(=O)NCCN(C)C)cc3)[nH]c2n(CCC)c1=O,6.0,chembl26.sdf.gz
Cc1csc(NC(=O)c2nc(C)cc3cc[nH]c23)n1,5.6,chembl26.sdf.gz
Cc1cc2cc[nH]c2c(C(=O)Nc2ccn(C)n2)n1,4.1,chembl26.sdf.gz
Cc1c[nH]c(NC(=O)c2nc(C)cc3cc[nH]c23)n1,7.6,chembl26.sdf.gz
Cc1cccc(NC(=O)c2nc(C)cc3c(-c4ccccn4)c[nH]c23)n1,4.5,chembl26.sdf.gz
Cc1c[nH]c(NC(=O)c2nc(C)cc3c(-c4ccccn4)c[nH]c23)n1,6.9,chembl26.sdf.gz
CCn1ccnc1-c1c[nH]c2c(C(=O)Nc3ccn(C)n3)nc(C)cc12,7.2,chembl26.sdf.gz
CCC(CC)Oc1cc(C)nc(Oc2c(C)cc(C)nc2C)c1C,4.97,chembl26.sdf.gz
O=C(Nc1cccc(OCc2ccc(F)cc2)c1)C1CCNCC1,9.8,chembl26.sdf.gz
O=C(Nc1cccc(OCc2ccc3c(c2)OCO3)c1)C1CCN(c2ccncc2)CC1,9.1,chembl26.sdf.gz
COc1cc(COc2cccc(NC(=O)C3CCN(c4ccncc4)CC3)c2)cc(OC)c1,8.9,chembl26.sdf.gz
COc1ccc(COc2cccc(NC(=O)C3CCN(c4ccncc4)CC3)c2)cc1OC,9.2,chembl26.sdf.gz
CS(=O)(=O)c1ccc(COc2cccc(NC(=O)C3CCN(c4ccncc4)CC3)c2)cc1,9.1,chembl26.sdf.gz
O=C(Nc1cccc(OCc2cc(F)cc(F)c2)c1)C1CCN(c2ccncc2)CC1,9.2,chembl26.sdf.gz
O=C(Nc1cccc(OCc2ccccc2F)c1)C1CCN(c2ccncc2)CC1,9.2,chembl26.sdf.gz
O=C(Nc1cccc(OCc2cccc(F)c2)c1)C1CCN(c2ccncc2)CC1,9.0,chembl26.sdf.gz
O=C(Nc1cccc(OCc2ccc(F)cc2)c1)C1CCN(c2ccncc2)CC1,8.9,chembl26.sdf.gz
Nc1ccc(N2CCC(C(=O)Nc3cccc(OCc4ccc(F)cc4)c3)CC2)cc1,3.0,chembl26.sdf.gz
O=C(Nc1cccc(OCc2ccc(F)cc2)c1)C1CCN(Cc2ccncc2)CC1,3.3,chembl26.sdf.gz
CC(C)N1CCC(C(=O)Nc2cccc(OCc3ccc(F)cc3)c2)CC1,9.4,chembl26.sdf.gz
NCCc1cc(O)c(O)cc1O,10.3,chembl26.sdf.gz
CC(CN(C)C)CN1c2ccccc2Sc2ccccc21,9.11,chembl26.sdf.gz
OC(CCN1CCCCC1)(c1ccccc1)C1CCCCC1,8.7,chembl26.sdf.gz
COC(=O)[C@H]1[C@H]2C[C@@H]3c4[nH]c5cc(OC)ccc5c4CCN3C[C@H]2C[C@@H](OC(=O)c2cc(OC)c(OC)c(OC)c2)[C@@H]1OC,6.6,chembl26.sdf.gz
N#Cc1ccc2c(c1)N(CCCN1CCC(O)CC1)c1ccccc1S2,8.76,chembl26.sdf.gz
CCCCOc1cc(C(=O)NCCN(CC)CC)c2ccccc2n1,8.85,chembl26.sdf.gz
COc1cc(N)c(Cl)cc1C(=O)NC1CCN(Cc2ccccc2)CC1,8.59,chembl26.sdf.gz
C(=C\c1ccccc1)/CN1CCN(C(c2ccccc2)c2ccccc2)CC1,7.47,chembl26.sdf.gz
CCN(CC)CCNC(=O)c1cc(Br)c(N)cc1OC,9.35,chembl26.sdf.gz
CN1[C@@H]2CC[C@H]1C[C@@H](OC(c1ccccc1)c1ccccc1)C2,10.0,chembl26.sdf.gz
c1ccc(CN(CC2=NCCN2)c2ccccc2)cc1,10.1,chembl26.sdf.gz
O=C1NCN(c2ccccc2)C12CCN(CCCC(c1ccc(F)cc1)c1ccc(F)cc1)CC2,8.66,chembl26.sdf.gz
Fc1ccc(C(c2ccc(F)cc2)N2CCN(C/C=C/c3ccccc3)CC2)cc1,7.71,chembl26.sdf.gz
CN1CCC(=C2c3ccccc3C=Cc3ccccc32)CC1,8.87,chembl26.sdf.gz
C[C@H]1[C@H]2Cc3ccc(O)cc3[C@]1(C)CCN2CC1CC1,9.38,chembl26.sdf.gz
CCCCNc1ccc(C(=O)OCCN(C)C)cc1,8.39,chembl26.sdf.gz
Cc1nc2sccn2c(=O)c1CCN1CCC(=C(c2ccc(F)cc2)c2ccc(F)cc2)CC1,8.2,chembl26.sdf.gz
COc1ccc2c(c1OC)C(=O)O[C@@H]2[C@H]1c2c(cc3c(c2OC)OCO3)CCN1C,6.2,chembl26.sdf.gz
CNC1(C)C2CCC(C2)C1(C)C,11.2,chembl26.sdf.gz
Cc1c(-c2ccccc2)oc2c(C(=O)OCCN3CCCCC3)cccc2c1=O,7.3,chembl26.sdf.gz
CC(NCCC(c1ccccc1)c1ccccc1)c1ccccc1,9.04,chembl26.sdf.gz
COc1cc2c(cc1OC)C(=O)C(CC1CCN(Cc3ccccc3)CC1)C2,9.08,chembl26.sdf.gz
CN1CCC(OC(c2ccccc2)c2ccccc2)CC1,8.9,chembl26.sdf.gz
CN(C)CC/C=C1/c2ccccc2Sc2ccc(Cl)cc21,8.84,chembl26.sdf.gz
CN1CCC(=C2c3ccccc3CC(=O)c3sccc32)CC1,8.24,chembl26.sdf.gz
Cc1cc(C(C)(C)C)cc(C)c1CC1=NCCN1,10.2,chembl26.sdf.gz
Cc1ccc(/C(=C\CN2CCCC2)c2ccccn2)cc1,9.69,chembl26.sdf.gz
CN(C)CCCN1c2ccccc2Sc2ccc(C(F)(F)F)cc21,9.2,chembl26.sdf.gz
CN[C@H]1CC[C@@H](c2ccc(Cl)c(Cl)c2)c2ccccc21,9.16,chembl26.sdf.gz
COc1ccc(CN(CCN(C)C)c2ccccn2)cc1,8.92,chembl26.sdf.gz
NC(=O)C1(N2CCCCC2)CCN(CCCC(=O)c2ccc(F)cc2)CC1,8.28,chembl26.sdf.gz
Cc1ccccc1C(OCCN(C)C)c1ccccc1,8.4,chembl26.sdf.gz
CC12CC3CC(C)(C1)CC(N)(C3)C2,10.42,chembl26.sdf.gz
CNCCCC12CCC(c3ccccc31)c1ccccc12,10.5,chembl26.sdf.gz
CC(C1CC[C@H]2[C@@H]3[C@@H](O)CC4C[C@H](O)CCC4(C)[C@H]3CCC12C)[C@H]1C[C@H]1C(=O)O,5.05,chembl26.sdf.gz
C[C@H]([C@@H]1C[C@@H]1C(=O)O)[C@H]1CC[C@H]2[C@@H]3[C@@H](O)CC4C[C@H](O)CC[C@]4(C)[C@H]3CC[C@]12C,5.02,chembl26.sdf.gz
C[C@H]([C@H]1C[C@H]1C(=O)O)[C@H]1CC[C@H]2[C@@H]3[C@@H](O)CC4C[C@H](O)CC[C@]4(C)[C@H]3CC[C@]12C,5.04,chembl26.sdf.gz
CC(C1CC[C@H]2[C@@H]3[C@@H](O)CC4C[C@H](O)CCC4(C)[C@H]3CCC12C)[C@@H]1C[C@@H]1C(=O)O,5.04,chembl26.sdf.gz
Cc1ccc(C(=O)Nc2ccc(C)c(Nc3nccc(-c4cccnc4)n3)c2)cc1,1.52,chembl26.sdf.gz
Cc1ccc(NC(=O)c2ccc(CN3CCN(C)CC3)cc2)cc1Nc1nccc(-c2cccnc2)n1,8.07,chembl26.sdf.gz
CN1CCN(Cc2ccc(C(=O)Nc3cccc(Nc4nccc(-c5cccnc5)n4)c3)cc2)CC1,3.73,chembl26.sdf.gz
O=C(Nc1cccc(Nc2nccc(-c3cccnc3)n2)c1)c1cccnc1,2.56,chembl26.sdf.gz
CNC(=N)NC(=N)Nc1ccc(Cl)cc1,10.6,chembl26.sdf.gz
CCNC(=N)NC(=N)Nc1ccc(Cl)cc1,10.82,chembl26.sdf.gz
CCCNC(=N)NC(=N)Nc1ccc(Cl)cc1,10.78,chembl26.sdf.gz
CCCCNC(=N)NC(=N)Nc1ccc(Cl)cc1,10.78,chembl26.sdf.gz
CCOC(=N)NC(=N)Nc1ccc(Cl)cc1,9.36,chembl26.sdf.gz
CC(C)OC(=N)NC(=N)Nc1ccc(Cl)cc1,9.35,chembl26.sdf.gz
N=C(NCCCCCCNC(=N)NC(=N)Nc1ccc(Cl)cc1)NC(=N)Nc1ccc(Cl)cc1,10.78,chembl26.sdf.gz
CC1=CN(c2ccc(S(N)(=O)=O)cc2)C(C2C=CN(C)C=C2)N1,7.26,chembl26.sdf.gz
CC1=CN(c2ccc(S(N)(=O)=O)cc2)C(N2C=CN(C)C=C2)N1,7.11,chembl26.sdf.gz
CC1=CN(c2ccc(S(N)(=O)=O)cc2)C(C2C=CN(C)C=C2)O1,7.09,chembl26.sdf.gz
CC1=CN(c2ccc(S(N)(=O)=O)cc2)C(N2C=CN(C)C=C2)O1,7.01,chembl26.sdf.gz
CC1=CN(c2ccc(S(N)(=O)=O)cc2)C(C2C=CN(C)C=C2)S1,7.39,chembl26.sdf.gz
CC1=CN(c2ccc(S(N)(=O)=O)cc2)C(N2C=CN(C)C=C2)S1,7.2,chembl26.sdf.gz
CN1C=CC(C2NC(C(F)(F)F)=CN2c2ccc(S(N)(=O)=O)cc2)C=C1,7.58,chembl26.sdf.gz
CN1C=CN(C2NC(C(F)(F)F)=CN2c2ccc(S(N)(=O)=O)cc2)C=C1,7.34,chembl26.sdf.gz
CN1C=CC(C2OC(C(F)(F)F)=CN2c2ccc(S(N)(=O)=O)cc2)C=C1,7.33,chembl26.sdf.gz
CN1C=CN(C2OC(C(F)(F)F)=CN2c2ccc(S(N)(=O)=O)cc2)C=C1,7.18,chembl26.sdf.gz
CN1C=CC(C2SC(C(F)(F)F)=CN2c2ccc(S(N)(=O)=O)cc2)C=C1,7.62,chembl26.sdf.gz
CN1C=CN(C2SC(C(F)(F)F)=CN2c2ccc(S(N)(=O)=O)cc2)C=C1,7.5,chembl26.sdf.gz
CN1C=CC(C2NC(C(Cl)(Cl)Cl)=CN2c2ccc(S(N)(=O)=O)cc2)C=C1,7.89,chembl26.sdf.gz
CN1C=CN(C2NC(C(Cl)(Cl)Cl)=CN2c2ccc(S(N)(=O)=O)cc2)C=C1,7.68,chembl26.sdf.gz
CN1C=CC(C2OC(C(Cl)(Cl)Cl)=CN2c2ccc(S(N)(=O)=O)cc2)C=C1,7.63,chembl26.sdf.gz
CN1C=CN(C2OC(C(Cl)(Cl)Cl)=CN2c2ccc(S(N)(=O)=O)cc2)C=C1,7.55,chembl26.sdf.gz
CN1C=CC(C2SC(C(Cl)(Cl)Cl)=CN2c2ccc(S(N)(=O)=O)cc2)C=C1,8.0,chembl26.sdf.gz
CN1C=CN(C2SC(C(Cl)(Cl)Cl)=CN2c2ccc(S(N)(=O)=O)cc2)C=C1,7.76,chembl26.sdf.gz
CN(C(=O)N1CC(c2cc(F)ccc2F)=C[C@@]1(CO)c1ccccc1)C1CCNCC1,9.8,chembl26.sdf.gz
CN1CC[C@H](N(C)C(=O)N2CC(c3cc(F)ccc3F)=C[C@@]2(CO)c2ccccc2)[C@@H](F)C1,6.6,chembl26.sdf.gz
CN1CC[C@H](N(C)C(=O)N2CC(c3cc(F)ccc3F)=C[C@@]2(CO)c2ccccc2)[C@H](F)C1,7.6,chembl26.sdf.gz
CN(C(=O)N1CC(c2cc(F)ccc2F)=C[C@@]1(CO)c1ccccc1)C1CCN(C2CC2)CC1,7.5,chembl26.sdf.gz
CN(C(=O)N1CC(c2cc(F)ccc2F)=C[C@@]1(CO)c1ccccc1)C1CCN(CCF)CC1,7.6,chembl26.sdf.gz
CN(C(=O)N1CC(c2cc(F)ccc2F)=C[C@@]1(CO)c1ccccc1)C1CCN(CC2CC2)CC1,9.1,chembl26.sdf.gz
CN1CCC(N(C)C(=O)N2CC(c3cc(F)ccc3F)=C[C@@]2(CO)c2ccccc2)CC1,8.8,chembl26.sdf.gz
CN1C(=O)C(c2ccccc2)(c2ccccc2)N=C1N,5.7,chembl26.sdf.gz
NC1=NC(c2ccccc2)(c2ccccc2)C2=NCCCN12,7.6,chembl26.sdf.gz
Clc1ccc2c(NCc3nc(-c4ccccc4)co3)ccnc2c1,6.36,chembl26.sdf.gz
Clc1ccc2c(NCc3nc(-c4ccccc4)cs3)ccnc2c1,6.45,chembl26.sdf.gz
O=c1[nH]c2ccccc2n1C1CCN(CCOc2ccccc2)CC1,7.4,chembl26.sdf.gz
O=C1CCc2ccccc2N1CCCN1CCC(n2c(=O)[nH]c3ccccc32)CC1,7.6,chembl26.sdf.gz
O=C(Cc1ccccc1)NC1CCN(CCCN2C(=O)COc3ccccc32)CC1,7.9,chembl26.sdf.gz
O=C1CCc2ccccc2N1CCCN1CCC(c2ccc3[nH]ccc3c2)CC1,9.0,chembl26.sdf.gz
CN(C)CCCN1c2cc(F)ccc2CCc2ccc(F)cc21,7.7,chembl26.sdf.gz
Fc1ccc2c(c1)N(CCCN1CCOCC1)c1cc(F)ccc1CC2,7.6,chembl26.sdf.gz
Fc1ccc2c(c1)N(CCCN1CCCCC1)c1cc(F)ccc1CC2,7.6,chembl26.sdf.gz
Fc1ccc2c(c1)N(CCCN1CCCC1)c1cc(F)ccc1CC2,7.9,chembl26.sdf.gz
CCN(CC)CCCN1c2cc(F)ccc2CCc2ccc(F)cc21,7.7,chembl26.sdf.gz
CN(C)CCCN1c2cc(F)ccc2CCc2ccc(F)cc21.Cl,7.6,chembl26.sdf.gz
Cl.Fc1ccc2c(c1)N(CCCN1CCOCC1)c1cc(F)ccc1CC2,7.6,chembl26.sdf.gz
Cl.Fc1ccc2c(c1)N(CCCN1CCCCC1)c1cc(F)ccc1CC2,7.6,chembl26.sdf.gz
Cl.Fc1ccc2c(c1)N(CCCN1CCCC1)c1cc(F)ccc1CC2,7.6,chembl26.sdf.gz
CCN(CC)CCCN1c2cc(F)ccc2CCc2ccc(F)cc21.Cl,7.6,chembl26.sdf.gz
CCCC(C)n1c(CC)nc2c(-c3ccc(OC(F)(F)F)cc3Cl)nccc21,5.09,chembl26.sdf.gz
CC(C)CC(CN)c1nnn[nH]1,3.74,chembl26.sdf.gz
NCC1(Cc2n[nH]c(=O)o2)CCCCC1,7.18,chembl26.sdf.gz
NCC1(Cc2noc(=O)[nH]2)CCCCC1,5.24,chembl26.sdf.gz
C[C@@H]1CN(Cc2ccccn2)C[C@@]1(F)c1nc2c(cnn2C2CCOCC2)c(=O)[nH]1,8.4,chembl26.sdf.gz
C[C@@H]1CN(Cc2ccccn2)C[C@H]1c1nc2c(cnn2C2CCOCC2)c(=O)[nH]1,9.6,chembl26.sdf.gz
C[C@@H]1CN(Cc2ncccn2)C[C@@]1(F)c1nc2c(cnn2C2CCOCC2)c(=O)[nH]1,8.4,chembl26.sdf.gz
C[C@@H]1CN(Cc2ncccn2)C[C@H]1c1nc2c(cnn2C2CCOCC2)c(=O)[nH]1,9.6,chembl26.sdf.gz
CC(C)CN1C[C@@H](C)[C@H](c2nc3c(cnn3C3CCOCC3)c(=O)[nH]2)C1,10.1,chembl26.sdf.gz
CC(C)CN1C[C@@H](C)[C@](F)(c2nc3c(cnn3C3CCOCC3)c(=O)[nH]2)C1,8.4,chembl26.sdf.gz
C[C@@H]1CN(Cc2ccc(F)cc2)C[C@H]1c1nc2c(cnn2C2CCOCC2)c(=O)[nH]1,9.7,chembl26.sdf.gz
C[C@@H]1CN(Cc2ccc(F)cc2)C[C@@]1(F)c1nc2c(cnn2C2CCOCC2)c(=O)[nH]1,8.5,chembl26.sdf.gz
Cc1cnc(CN2C[C@@H](C)[C@H](c3nc4c(cnn4C4CCOCC4)c(=O)[nH]3)C2)cn1,9.7,chembl26.sdf.gz
Cc1cnc(CN2C[C@@H](C)[C@](F)(c3nc4c(cnn4C4CCOCC4)c(=O)[nH]3)C2)cn1,8.4,chembl26.sdf.gz
Cc1ncc(CN2C[C@@H](C)[C@H](c3nc4c(cnn4C4CCOCC4)c(=O)[nH]3)C2)cn1,9.5,chembl26.sdf.gz
Cc1ncc(CN2C[C@@H](C)[C@](F)(c3nc4c(cnn4C4CCOCC4)c(=O)[nH]3)C2)cn1,8.4,chembl26.sdf.gz
Oc1ccc(Nc2c3ccccc3nc3ccccc23)cc1,7.91,chembl26.sdf.gz
CNS(=O)(=O)c1ccc(Nc2c3ccccc3nc3ccccc23)cc1,6.02,chembl26.sdf.gz
CCCCCCNc1ccc(Nc2c3ccccc3nc3ccccc23)cc1,8.24,chembl26.sdf.gz
O=[N+]([O-])c1cccc(Nc2c3ccccc3nc3ccccc23)c1,6.26,chembl26.sdf.gz
Oc1cccc(Nc2c3ccccc3nc3ccccc23)c1,7.3,chembl26.sdf.gz
CCCCNc1ccc(Nc2c3ccccc3nc3ccccc23)cc1,8.24,chembl26.sdf.gz
Cl.O=C(O)[C@@H]1C[C@H](Cc2cccc(F)c2)CN1,10.1,chembl26.sdf.gz
O=C(O)[C@@H]1C[C@H](Oc2cccc(Cl)c2)CN1,8.9,chembl26.sdf.gz
Cc1ccccc1-c1nc2cn(-c3ccc(Cl)cc3)nc2c(=O)n1CC1CCCN(C(C)C)C1,10.0,chembl26.sdf.gz
COCCN1CCC[C@@H](Cn2c(-c3ccccc3C)nc3cc(-c4ccc(Cl)cc4)sc3c2=O)C1,8.5,chembl26.sdf.gz
COCCN1CCC[C@@H](Cn2c(-c3ccccc3C)nc3nc(-c4ccc(Cl)cc4)sc3c2=O)C1,9.2,chembl26.sdf.gz
COCCN1CCC[C@@H](Cn2c(-c3ccccc3C)nc3cn(-c4ccc(Cl)cc4)nc3c2=O)C1,8.5,chembl26.sdf.gz
Cc1ccccc1-c1nc2cn(-c3ccc(F)cc3)nc2c(=O)n1CC1CCCN(C(C)C)C1,10.0,chembl26.sdf.gz
Cc1ccccc1-c1nc2cn(-c3ccc(C#N)cc3)nc2c(=O)n1CC1CCCN(C(C)C)C1,10.0,chembl26.sdf.gz
COc1ccc(-n2cc3nc(-c4ccccc4C)n(CC4CCCN(C(C)C)C4)c(=O)c3n2)cc1,10.0,chembl26.sdf.gz
Cc1ccccc1-c1nc2cn(-c3cccc(Cl)c3)nc2c(=O)n1CC1CCCN(C(C)C)C1,9.8,chembl26.sdf.gz
COc1cccc(-n2cc3nc(-c4ccccc4C)n(CC4CCCN(C(C)C)C4)c(=O)c3n2)c1,10.0,chembl26.sdf.gz
Cc1ccccc1-c1nc2cn(-c3cccc(C#N)c3)nc2c(=O)n1CC1CCCN(C(C)C)C1,9.9,chembl26.sdf.gz
COCCN1CCCC(Cn2c(-c3cccnc3C)nc3cn(-c4ccc(C#N)cc4)nc3c2=O)C1,8.5,chembl26.sdf.gz
Cc1ncccc1-c1nc2cn(-c3ccc(C#N)cc3)nc2c(=O)n1CC1CCCN(C2COC2)C1,6.4,chembl26.sdf.gz
COc1cccc(-n2cc3nc(-c4cccnc4C)n(C[C@H]4CCCN(C(C)C)C4)c(=O)c3n2)c1,9.7,chembl26.sdf.gz
COCCN1CCC[C@H](Cn2c(-c3cccnc3C)nc3cn(-c4cccc(OC)c4)nc3c2=O)C1,8.4,chembl26.sdf.gz
C[C@H]1C[C@H]2CSC(N)=N[C@@]2(c2ccc(F)cc2F)CO1,8.1,chembl26.sdf.gz
C[C@H]1C[C@H]2CSC(N)=N[C@@]2(c2ccccc2C(F)(F)F)CO1,8.8,chembl26.sdf.gz
C[C@H]1C[C@H]2CSC(N)=N[C@@]2(c2ccccc2)CO1,8.8,chembl26.sdf.gz
COc1ccccc1[C@]12CO[C@@H](C)C[C@H]1CSC(N)=N2,9.1,chembl26.sdf.gz
C[C@H]1C[C@H]2CSC(N)=N[C@@]2(c2ncccc2F)CO1,8.6,chembl26.sdf.gz
C[C@H]1C[C@H]2CSC(N)=N[C@@]2(c2ccsc2)CO1,8.4,chembl26.sdf.gz
C[C@H]1C[C@H]2CSC(N)=N[C@@]2(c2cccs2)CO1,7.9,chembl26.sdf.gz
C[C@H]1C[C@H]2CSC(N)=N[C@@]2(c2nccs2)CO1,7.0,chembl26.sdf.gz
COc1ccc(C(=O)Nc2csc([C@]34CO[C@@H](C)C[C@H]3CSC(N)=N4)n2)cc1,6.9,chembl26.sdf.gz
COc1ccc(C(=O)Nc2csc([C@]34CO[C@@H](C)C[C@H]3CSC(N)=N4)n2)nc1,6.9,chembl26.sdf.gz
COc1cccc(NC(=O)c2cnc([C@]34CO[C@@H](C)C[C@H]3CSC(N)=N4)s2)c1,6.5,chembl26.sdf.gz
COc1cccc(NC(=O)c2cnc([C@]34CO[C@@H](C)C[C@H]3CSC(N)=N4)s2)n1,6.5,chembl26.sdf.gz
CC(C)NCC(O)COc1ccc(CCNC(=O)NC(C)C)cc1,9.18,chembl26.sdf.gz
COc1ccc(CCNCCCC(C#N)(c2ccc(OC)c(OC)c2)C(C)C)cc1OC,9.87,chembl26.sdf.gz
CC[C@]1(O)C[C@@H]2CN(CCc3c([nH]c4ccccc34)[C@@](C(=O)OC)(c3cc4c(cc3OC)N(C)[C@H]3[C@@](O)(C(=O)OC)[C@H](OC(C)=O)[C@]5(CC)C=CCN6CC[C@]43[C@@H]65)C2)C1,7.59,chembl26.sdf.gz
COC(=O)c1ccccc1-c1c2ccc(=N)cc-2oc2cc(N)ccc12,4.57,chembl26.sdf.gz
CC(=O)N1CCN(c2ccc(OCC3COC(Cn4ccnc4)(c4ccc(Cl)cc4Cl)O3)cc2)CC1,5.41,chembl26.sdf.gz
N[C@@H](Cc1cc(I)c(Oc2ccc(O)cc2)c(I)c1)C(=O)O,9.99,chembl26.sdf.gz
NC(Cc1cc(I)c(Oc2ccc(O)c([N+](=O)[O-])c2)c(I)c1)C(=O)O,7.23,chembl26.sdf.gz
NC(Cc1cc(I)c(Oc2ccc(O)c(CO)c2)c(I)c1)C(=O)O,9.92,chembl26.sdf.gz
CC(C)c1cc(Oc2c(I)cc(CC(N)C(=O)O)cc2I)ccc1O,10.47,chembl26.sdf.gz
NC(Cc1cc(I)c(Oc2ccc(O)c(-c3ccccc3)c2)c(I)c1)C(=O)O,10.01,chembl26.sdf.gz
NC(Cc1cc(I)c(Oc2ccc(O)c(F)c2)c(I)c1)C(=O)O,8.73,chembl26.sdf.gz
N[C@@H](Cc1cc(I)c(Oc2ccc(O)c(I)c2)c(I)c1)C(=O)O,8.51,chembl26.sdf.gz
NC(Cc1cc(I)c(Oc2ccc(O)c(O)c2)c(I)c1)C(=O)O,9.34,chembl26.sdf.gz
NC(Cc1cc(I)c(Oc2ccc(O)c(C=O)c2)c(I)c1)C(=O)O,8.37,chembl26.sdf.gz
Cc1cc(Oc2c(I)cc(CC(N)C(=O)O)cc2I)ccc1O,10.29,chembl26.sdf.gz
CC(=O)c1cc(Oc2c(I)cc(CC(N)C(=O)O)cc2I)ccc1O,10.06,chembl26.sdf.gz
CC(C)(C)c1cc(Oc2c(I)cc(CC(N)C(=O)O)cc2I)ccc1O,10.62,chembl26.sdf.gz
NC(Cc1cc(I)c(Oc2ccc(O)c(Br)c2)c(I)c1)C(=O)O,8.45,chembl26.sdf.gz
NC(Cc1cc(I)c(Oc2ccc(O)c(Cc3ccccc3)c2)c(I)c1)C(=O)O,10.12,chembl26.sdf.gz
NC(Cc1cc(I)c(Oc2ccc(O)c(Cl)c2)c(I)c1)C(=O)O,8.56,chembl26.sdf.gz
COCc1cc(Oc2c(I)cc(CC(N)C(=O)O)cc2I)ccc1O,9.85,chembl26.sdf.gz
C=CCc1cc(Oc2c(I)cc(CC(N)C(=O)O)cc2I)ccc1O,10.28,chembl26.sdf.gz
O=C(O)c1cccc(O)c1,4.06,chembl26.sdf.gz
O=C(O)c1cccc(Br)c1,3.86,chembl26.sdf.gz
O=C(O)c1ccc(Br)cc1,3.98,chembl26.sdf.gz
O=C(O)c1ccccc1Cl,2.92,chembl26.sdf.gz
O=C(O)c1cccc(Cl)c1,3.82,chembl26.sdf.gz
O=C(O)c1ccc(Cl)cc1,3.98,chembl26.sdf.gz
O=C(O)c1ccc(Cl)c(Cl)c1,3.66,chembl26.sdf.gz
O=C(O)c1cccc(I)c1,4.0,chembl26.sdf.gz
O=C(O)c1ccc(I)cc1,3.91,chembl26.sdf.gz
Cc1ccc(C(=O)O)cc1,4.36,chembl26.sdf.gz
O=C(O)c1ccc([N+](=O)[O-])cc1,3.41,chembl26.sdf.gz
O=C(O)c1ccc(O)cc1O,4.7,chembl26.sdf.gz
O=C(O)c1cc(O)ccc1O,2.97,chembl26.sdf.gz
O=C(O)c1c(O)cccc1O,2.7,chembl26.sdf.gz
O=C(O)c1cc(Br)ccc1O,2.62,chembl26.sdf.gz
O=C(O)c1cc(Cl)ccc1O,2.63,chembl26.sdf.gz
O=C(O)c1cc(I)ccc1O,2.65,chembl26.sdf.gz
O=C(O)c1cc(Br)cc(Br)c1O,2.26,chembl26.sdf.gz
O=C(O)c1cc(Cl)cc(Cl)c1O,2.3,chembl26.sdf.gz
O=C(O)c1cc(I)cc(I)c1O,2.33,chembl26.sdf.gz
COc1ccc(O)c(C(=O)O)c1,2.86,chembl26.sdf.gz
O=C(O)c1cc([N+](=O)[O-])cc([N+](=O)[O-])c1O,1.55,chembl26.sdf.gz
O=[N+]([O-])c1cccc([N+](=O)[O-])c1O,3.7,chembl26.sdf.gz
Cc1cc([N+](=O)[O-])c(O)c([N+](=O)[O-])c1C,4.2,chembl26.sdf.gz
CC(C)Cc1cc([N+](=O)[O-])c(O)c([N+](=O)[O-])c1,4.3,chembl26.sdf.gz
CC(C)CCc1cc([N+](=O)[O-])c(O)c([N+](=O)[O-])c1,4.1,chembl26.sdf.gz
CC(C)CCCCCc1cc([N+](=O)[O-])c(O)c([N+](=O)[O-])c1,4.1,chembl26.sdf.gz
N#C/C(=N\O)c1ccc(Sc2cc(F)cc(C3CCOCC3)c2)cc1,6.2,chembl26.sdf.gz
CC(C)/C(=N\O)c1ccc(Sc2cc(F)cc(C3CCOCC3)c2)cc1,10.8,chembl26.sdf.gz
O/N=C(/c1ccc(Sc2cc(F)cc(C3CCOCC3)c2)cc1)C(F)(F)F,7.68,chembl26.sdf.gz
CC(=O)/C(=N\O)c1ccc(Sc2cc(F)cc(C3CCOCC3)c2)cc1,8.4,chembl26.sdf.gz
O/N=C/c1ccc(Sc2cc(F)cc(C3CCOCC3)c2)cc1,10.7,chembl26.sdf.gz
NC/C(=N\O)c1ccc(Sc2cc(F)cc(C3CCOCC3)c2)cc1,11.5,chembl26.sdf.gz
CCOC(=O)/C(=N\O)c1ccc(Sc2cc(F)cc(C3CCOCC3)c2)cc1,9.3,chembl26.sdf.gz
O=C(Nc1cccc(C(F)(F)F)c1)Nc1cc(Cl)ccc1O,9.3,chembl26.sdf.gz
Oc1c(Br)cc(Br)cc1-c1cc(Br)cc(Br)c1O,6.7,chembl26.sdf.gz
Oc1c(Cl)cc(Cl)cc1Cc1cc(Cl)cc(Cl)c1O,7.7,chembl26.sdf.gz
Oc1ccc(F)cc1Cc1cc(F)ccc1O,9.7,chembl26.sdf.gz
Oc1c(Cl)cccc1Cc1cccc(Cl)c1O,8.2,chembl26.sdf.gz
O=C(Nc1cc(Cl)ccc1O)Nc1cc(Cl)ccc1O,8.9,chembl26.sdf.gz
Oc1ccc(F)cc1Sc1cc(F)ccc1O,8.4,chembl26.sdf.gz
CN(C)Cc1cc(Cl)cc(Cc2cc(Cl)cc(CN(C)C)c2O)c1O,9.6,chembl26.sdf.gz
O=C(Nc1cc(Cl)cc(Cl)c1O)Nc1cc(Cl)cc(Cl)c1O,7.4,chembl26.sdf.gz
Oc1ccc(Cl)cc1Cc1cc(Cl)ccc1O,9.3,chembl26.sdf.gz
Oc1c(Cl)cc(Cl)c(Cl)c1Cc1c(O)c(Cl)cc(Cl)c1Cl,6.6,chembl26.sdf.gz
Oc1c(Cl)cc(Cl)cc1Sc1cc(Cl)cc(Cl)c1O,6.3,chembl26.sdf.gz
Oc1cn(C2CCNCC2)nn1,6.51,chembl26.sdf.gz
Oc1cnn(C2CCNCC2)n1,6.36,chembl26.sdf.gz
NCCc1nsnc1O,4.54,chembl26.sdf.gz
Cn1nc(O)c(CCN)n1,5.92,chembl26.sdf.gz
Cc1ccc(-c2cccc([S@]3(=O)=NC(=O)[C@H](C)N3)c2)cc1,6.0,chembl26.sdf.gz
C[C@@H]1N[S@](=O)(c2cccc(-c3cccc(C#N)c3)c2)=NC1=O,5.8,chembl26.sdf.gz
Cc1ccc(-c2cccc(C(=O)O)c2)cc1,4.0,chembl26.sdf.gz
Cc1ccc(-c2cccc(-c3nn[nH]n3)c2)cc1,4.1,chembl26.sdf.gz
N#Cc1cccc(-c2cccc(-c3nn[nH]n3)c2)c1,4.0,chembl26.sdf.gz
CC(C)(C)N,10.8,chembl26.sdf.gz
NCCO,9.5,chembl26.sdf.gz
O=S(=O)(Nc1cscn1)c1cc(Cl)c(Oc2ccc(C(F)(F)F)cc2-c2ccnnc2)cc1F,5.6,chembl26.sdf.gz
O=C(Nc1ccccc1C(=O)O)c1cccc(S(=O)(=O)N2CCOCC2)c1,3.18,chembl26.sdf.gz
O=C(Nc1ccc([N+](=O)[O-])cc1C(=O)O)c1cccc(S(=O)(=O)N2CCOCC2)c1,3.44,chembl26.sdf.gz
O=C(Nc1ccc(Br)cc1C(=O)O)c1cccc(S(=O)(=O)N2CCOCC2)c1,2.79,chembl26.sdf.gz
O=C(Nc1ccc(Cl)cc1C(=O)O)c1cccc(S(=O)(=O)N2CCOCC2)c1,2.81,chembl26.sdf.gz
O=C(Nc1ccc(F)cc1C(=O)O)c1cccc(S(=O)(=O)N2CCOCC2)c1,2.92,chembl26.sdf.gz
COc1ccc(NC(=O)c2cccc(S(=O)(=O)N3CCOCC3)c2)c(C(=O)O)c1,3.12,chembl26.sdf.gz
Cc1ccc(NC(=O)c2cccc(S(=O)(=O)N3CCOCC3)c2)c(C(=O)O)c1,3.36,chembl26.sdf.gz
N#Cc1ccc(NC(=O)c2ccc(S(=O)(=O)N3CCOCC3)cc2)c(C(=O)O)c1,2.56,chembl26.sdf.gz
COc1cc2nc(N3CCCN(C)CC3)nc(NC3CCN(Cc4ccccc4)CC3)c2cc1OC,8.13,chembl26.sdf.gz
COc1cc2nc(N3CCN(C)CC3)nc(NC3CCN(Cc4ccccc4)CC3)c2cc1OC,5.6,chembl26.sdf.gz
COc1cc2nc(N3CCCCC3)nc(NC3CCN(Cc4ccccc4)CC3)c2cc1OC,7.47,chembl26.sdf.gz
COc1cc2nc(N3CCN(c4ccccn4)CC3)nc(NC3CCN(Cc4ccccc4)CC3)c2cc1OC,8.1,chembl26.sdf.gz
CN1CCCN(c2nc(NC3CCN(Cc4ccccc4)CC3)c3occc3n2)CC1,4.57,chembl26.sdf.gz
CN1CCN(c2nc(NC3CCN(Cc4ccccc4)CC3)c3occc3n2)CC1,4.66,chembl26.sdf.gz
c1ccc(CN2CCC(Nc3nc(N4CCCCC4)nc4ccoc34)CC2)cc1,5.31,chembl26.sdf.gz
c1ccc(CN2CCC(Nc3nc(N4CCN(c5ccccn5)CC4)nc4ccoc34)CC2)cc1,5.77,chembl26.sdf.gz
CN1CCCN(c2nc(NC3CCN(Cc4ccccc4)CC3)c3sccc3n2)CC1,5.68,chembl26.sdf.gz
CN1CCN(c2nc(NC3CCN(Cc4ccccc4)CC3)c3sccc3n2)CC1,5.77,chembl26.sdf.gz
c1ccc(CN2CCC(Nc3nc(N4CCCCC4)nc4ccsc34)CC2)cc1,6.42,chembl26.sdf.gz
c1ccc(CN2CCC(Nc3nc(N4CCN(c5ccccn5)CC4)nc4ccsc34)CC2)cc1,6.88,chembl26.sdf.gz
CN1CCCN(c2nc(NC3CCN(Cc4ccccc4)CC3)c3ccsc3n2)CC1,3.28,chembl26.sdf.gz
CN1CCN(c2nc(NC3CCN(Cc4ccccc4)CC3)c3ccsc3n2)CC1,3.35,chembl26.sdf.gz
c1ccc(CN2CCC(Nc3nc(N4CCCCC4)nc4sccc34)CC2)cc1,3.86,chembl26.sdf.gz
CN1CCCN(c2nc(NC3CCN(Cc4ccccc4)CC3)c3[nH]cnc3n2)CC1,3.15,chembl26.sdf.gz
c1ccc(CN2CCC(Nc3nc(N4CCCCC4)nc4nc[nH]c34)CC2)cc1,3.73,chembl26.sdf.gz
CN1CCCN(c2nc3c(c(NC4CCN(Cc5ccccc5)CC4)n2)CCC3)CC1,6.62,chembl26.sdf.gz
CN1CCN(c2nc(NC3CCN(Cc4ccccc4)CC3)c3cc4c(cc3n2)OCO4)CC1,5.58,chembl26.sdf.gz
c1ccc(CN2CCC(Nc3nc(N4CCCCC4)nc4cc5c(cc34)OCO5)CC2)cc1,7.45,chembl26.sdf.gz
c1ccc(CN2CCC(Nc3nc(N4CCN(c5ccccn5)CC4)nc4cc5c(cc34)OCO5)CC2)cc1,8.08,chembl26.sdf.gz
CN1CCCN(c2nc(NC3CCN(Cc4ccccc4)CC3)c3ccccc3n2)CC1,8.06,chembl26.sdf.gz
CN1CCN(c2nc(NC3CCN(Cc4ccccc4)CC3)c3ccccc3n2)CC1,5.53,chembl26.sdf.gz
c1ccc(CN2CCC(Nc3nc(N4CCCCC4)nc4ccccc34)CC2)cc1,7.4,chembl26.sdf.gz
c1ccc(CN2CCC(Nc3nc(N4CCN(c5ccccn5)CC4)nc4ccccc34)CC2)cc1,8.03,chembl26.sdf.gz
COc1cc2nc(N3CCCN(C)CC3)cc(NC3CCN(Cc4ccccc4)CC3)c2cc1OC,10.57,chembl26.sdf.gz
COc1cc2nc(N3CCN(C)CC3)cc(NC3CCN(Cc4ccccc4)CC3)c2cc1OC,9.84,chembl26.sdf.gz
O=c1ccc(-c2ccc(OCCCN3CCOCC3)cc2)n[nH]1,7.1,chembl26.sdf.gz
C[C@@H]1CCCN1CCCOc1ccc(-c2ccc(=O)[nH]n2)cc1,10.2,chembl26.sdf.gz
O=C(CCS(=O)(=O)c1ccc2cc(Cl)ccc2c1)N1CCC(c2cnc3ccccn23)CC1,5.9,chembl26.sdf.gz
Cc1ncc(C2CCN(C(=O)CCS(=O)(=O)c3ccc4cc(Cl)ccc4c3)CC2)n1C,8.2,chembl26.sdf.gz
Cc1ncc(C2CCN(C(=O)CCS(=O)(=O)c3ccc4cc(Cl)ccc4c3)CC2)[nH]1,7.9,chembl26.sdf.gz
O=C(CCS(=O)(=O)c1ccc2cc(Cl)ccc2c1)N1CCC(c2cnc3n2CCCC3)CC1,8.2,chembl26.sdf.gz
Cc1ncc2n1C(=O)N(N1CCN(C(=O)CCS(=O)(=O)c3ccc4cc(Cl)ccc4c3)CC1)C2,5.0,chembl26.sdf.gz
Cc1ncc2n1C(=O)N(C1CCN(C(=O)CCS(=O)(=O)c3ccc4cc(Cl)ccc4c3)CC1)C2,5.0,chembl26.sdf.gz
COc1ccc(-c2ccc(CCCNc3ccc(CN4CCCCC4)cc3)nn2)cc1,9.0,chembl26.sdf.gz
COc1ccc(-c2ccc(CCCNc3ccc(CN4CCOCC4)cc3)nn2)cc1,7.6,chembl26.sdf.gz
COc1ccc(-c2ccc(CCCNc3ccc(CN4CCCC(O)C4)cc3)nn2)cc1,8.7,chembl26.sdf.gz
COc1ccc(-c2ccc(CCCNc3ccc(CN4CCC(O)CC4)cc3)nn2)cc1,8.6,chembl26.sdf.gz
COc1ccc(-c2ccc(CCCNc3ccc(CN4CCC(NC(C)=O)CC4)cc3)nn2)cc1,8.8,chembl26.sdf.gz
OC1CCN(Cc2ccc(NCCCc3ccc(Oc4ccccc4)nn3)cc2)CC1,9.1,chembl26.sdf.gz
CC(=O)NC1CCN(Cc2ccc(NCCCc3ccc(Oc4ccccc4)nn3)cc2)CC1,8.6,chembl26.sdf.gz
COc1ccc(C(CC(F)CN)(c2ccccc2)c2ccc(C)cc2)cc1,7.86,chembl26.sdf.gz
COc1ccc(C(CCCN)(c2ccccc2)c2ccccc2)cc1,9.86,chembl26.sdf.gz
Cc1ccc(C(=O)N(CCCN)[C@@H](c2oc3cc(Cl)ccc3c(=O)c2Cc2ccccc2)C(C)C)cc1,8.5,chembl26.sdf.gz
Cl.O=[N+]([O-])c1ncn(CCCNc2c3ccccc3nc3ccccc23)n1,9.2,chembl26.sdf.gz
COc1ccc2nc3cc(Cl)ccc3c(NCCCCn3cnc([N+](=O)[O-])n3)c2c1.Cl,8.84,chembl26.sdf.gz
Cl.O=[N+]([O-])c1nccn1CCCNc1nc(-c2ccccc2)nc2ccccc12,5.06,chembl26.sdf.gz
Cl.O=[N+]([O-])c1ncn(CCCNc2ccnc3cc(Cl)ccc23)n1,7.31,chembl26.sdf.gz
Cl.O=[N+]([O-])c1ncn(CCCCNc2ccnc3cc(Cl)ccc23)n1,7.31,chembl26.sdf.gz
Cl.O=[N+]([O-])c1ncn(CCCCNc2ccnc3cc(C(F)(F)F)ccc23)n1,7.53,chembl26.sdf.gz
Cl.O=[N+]([O-])c1ncn(CCCNc2nc(-c3ccccc3)nc3ccccc23)n1,5.06,chembl26.sdf.gz
Cl.O=[N+]([O-])c1ncn(CCCCNc2nc(-c3ccccc3)nc3ccccc23)n1,5.06,chembl26.sdf.gz
Cl.O=[N+]([O-])c1ncn(CCCNc2ccnc3cccnc23)n1,6.81,chembl26.sdf.gz
Cl.O=[N+]([O-])c1ncn(CCCCNc2ccnc3cccnc23)n1,6.81,chembl26.sdf.gz
Cl.O=[N+]([O-])c1ncn(CCCNCc2cc(C(F)(F)F)cc(C(F)(F)F)c2)n1,9.44,chembl26.sdf.gz
Cl.O=[N+]([O-])c1ncn(CCCNCc2ccc3ccc(Cl)cc3n2)n1,8.76,chembl26.sdf.gz
Cl.O=[N+]([O-])c1ncn(CCCN(Cc2ccc3ccc(Cl)cc3n2)Cc2ccc3ccc(Cl)cc3n2)n1,6.87,chembl26.sdf.gz
Cl.O=[N+]([O-])c1ncn(CCCN(Cc2ccc3cc(Br)ccc3n2)Cc2ccc3cc(Br)ccc3n2)n1,6.87,chembl26.sdf.gz
Cl.O=[N+]([O-])c1ncn(CCCNCc2ccc(C(F)(F)F)cc2)n1,9.65,chembl26.sdf.gz
Cl.O=[N+]([O-])c1ncn(CCCN(Cc2ccc(C(F)(F)F)cc2)Cc2ccc(C(F)(F)F)cc2)n1,8.79,chembl26.sdf.gz
Cl.Cl.O=[N+]([O-])c1ncn(CCCN2CCN(Cc3ccc(C(F)(F)F)cc3)CC2)n1,8.33,chembl26.sdf.gz
Cl.Cl.O=[N+]([O-])c1ncn(CCCCN2CCN(Cc3ccc(C(F)(F)F)cc3)CC2)n1,8.52,chembl26.sdf.gz
Cl.Cl.O=[N+]([O-])c1ncn(CCCN2CCN(c3ccc(C(F)(F)F)cc3)CC2)n1,7.85,chembl26.sdf.gz
Cc1cc2cc(n1)OCCCCOc1cccc(c1)C[C@@H]([C@H](O)CNC(C)c1cccc(C(C)C)c1)NC2=O,8.5,chembl26.sdf.gz
COCc1cc2cc(c1)C(=O)N[C@H]([C@H](O)CNC(CF)c1cccc(C(C)(C)C)c1)Cc1cccc(c1)OCCCCN2,7.2,chembl26.sdf.gz
COCc1cc2cc(c1)C(=O)N[C@H]([C@H](O)CNC1(c3cccc(C(C)C)c3)CC1)Cc1cccc(c1)OCCCCN2,7.3,chembl26.sdf.gz
COCc1cc2cc(c1)C(=O)N[C@H]([C@H](O)CNC(c1cccc(C(C)(C)C)c1)C(F)(F)F)Cc1cccc(c1)OCCCCN2,3.8,chembl26.sdf.gz
COc1ccc(-c2nnc(C(=O)N3CC(Oc4ccc(CN5CC(OC)C5)cc4)C3)o2)cc1,8.5,chembl26.sdf.gz
COc1ccc(-c2nnc(C(=O)N3CCC(Oc4ccc(CN5CC(O)C(C)(C)C5)cc4)CC3)o2)cc1,8.9,chembl26.sdf.gz
COc1ccc(-c2nnc(C(=O)N3CC(Oc4ccc(CN5CCC(C)(O)C5)cc4)C3)o2)cc1,9.0,chembl26.sdf.gz
CC1(O)CCN(Cc2ccc(OC3CN(C(=O)c4nnc(-c5ccccc5)o4)C3)cc2)C1,9.0,chembl26.sdf.gz
COc1ccc(-c2nnc(C(=O)N3CCC(Oc4ccc(CN5CCC(O)C5)cc4)CC3)o2)cc1,8.9,chembl26.sdf.gz
O=C(c1nnc(-c2ccccc2)o1)N1CCC(Oc2ccc(CN3CCC(O)C3)cc2)CC1,8.9,chembl26.sdf.gz
COc1ccc(-c2nnc(C(=O)N3CC(Oc4ccc(CN5CCOCC5)c(OC)c4)C3)o2)cc1,7.5,chembl26.sdf.gz
COc1ccc(-c2nnc(C(=O)N3CCC(Oc4ccc(CN5CCOCC5)cc4)CC3)o2)cc1,6.5,chembl26.sdf.gz
CN1CCN(Cc2ccc(OC3CN(C(=O)c4nnc(-c5ccccc5)o4)C3)cc2F)CC1,8.4,chembl26.sdf.gz
COc1ccc(-c2nnc(C(=O)N3CC(Oc4ccc(CN5CCN(C)CC5)c(F)c4)C3)o2)cc1,8.4,chembl26.sdf.gz
COc1ccc(-c2nnc(C(=O)N3CCC(Oc4ccc(CN5CCN(C)CC5)cc4)CC3)o2)cc1,8.5,chembl26.sdf.gz
Cc1cc(CN(C)C)ccc1OC1CN(C(=O)c2nnc(-c3ccccc3)o2)C1,9.3,chembl26.sdf.gz
COc1ccc(-c2nnc(C(=O)N3CC(Oc4ccc(CN(C)C)c(C)c4)C3)o2)cc1,9.3,chembl26.sdf.gz
COc1ccc(-c2nnc(C(=O)N3CC(Oc4ccc(CN(C)C)c(F)c4)C3)o2)cc1,8.6,chembl26.sdf.gz
COc1ccc(-c2nnc(C(=O)N3CCC(Oc4ccc(CN5CCCC5)cn4)CC3)o2)cc1,9.2,chembl26.sdf.gz
COc1ccc(-c2nnc(C(=O)N3CC(Oc4ccc(CN(C)C)cn4)C3)o2)cc1,8.5,chembl26.sdf.gz
COc1ccc(-c2nnc(C(=O)N3CC(Oc4ccc(CN(C)C)cc4)C3)o2)cc1,8.9,chembl26.sdf.gz
COc1ccc(-c2nnc(C(=O)N3CC(Oc4ccc(CN5CCCC5)cc4)C3)o2)cc1,9.9,chembl26.sdf.gz
COc1ccc(-c2nnc(C(=O)N3CCC(Oc4ccc(CN5CCCC5)nc4)CC3)o2)cc1,9.1,chembl26.sdf.gz
COc1ccc(-c2nnc(C(=O)N3CC(Oc4ccc(CN(C)CC5(C)COC5)cc4)C3)o2)cc1,8.0,chembl26.sdf.gz
CN(Cc1ccc(OC2CN(C(=O)c3nnc(-c4ccccc4)o3)C2)cc1)CC1(C)COC1,8.5,chembl26.sdf.gz
COc1ccc(-c2nnc(C(=O)N3CC(Oc4ccc(CN5CCCOCC5)cc4)C3)o2)cc1,8.1,chembl26.sdf.gz
COc1ccc(-c2nnc(C(=O)N3CC(Oc4ccc(CN5CCCC56COC6)cc4)C3)o2)cc1,6.0,chembl26.sdf.gz
COc1ccc(-c2nnc(C(=O)N3CC(Oc4ccc(CN5CC6(CCOC6)C5)cc4)C3)o2)cc1,8.6,chembl26.sdf.gz
O=C(c1nnc(-c2ccccc2)o1)N1CC(Oc2ccc(CN3CC4(CCOC4)C3)cc2)C1,8.6,chembl26.sdf.gz
COc1ccc(-c2nnc(C(=O)N3CC(Oc4ccc(CN5CC6(CCCO6)C5)cc4)C3)o2)cc1,8.4,chembl26.sdf.gz
O=C(c1nnc(-c2ccccc2)o1)N1CC(Oc2ccc(CN3CC4(CCCO4)C3)cc2)C1,8.4,chembl26.sdf.gz
COc1ccc(-c2nnc(C(=O)N3CC(Oc4ccc(CN5CC6(COC6)C5)cc4)C3)o2)cc1,8.2,chembl26.sdf.gz
O=C(c1nnc(-c2ccccc2)o1)N1CC(Oc2ccc(CN3CC4(COC4)C3)cc2)C1,8.0,chembl26.sdf.gz
CC(C)NCC(O)COc1cccc2[nH]c3ccccc3c12,9.52,chembl26.sdf.gz
CC(=O)Oc1c(C)cc(OCC(O)CNC(C)C)c(C)c1C,9.54,chembl26.sdf.gz
CC(C)(C)NC[C@H](O)COc1ccccc1C1CCCC1,9.92,chembl26.sdf.gz
Cc1cccc(C)c1NC(=O)C1CCCCN1C,7.6,chembl26.sdf.gz
CCCNC(C)C(=O)Nc1ccccc1C,7.8,chembl26.sdf.gz
CCN(CC)CCOC(=O)c1ccc(N)cc1,9.0,chembl26.sdf.gz
CCCCN,10.77,chembl26.sdf.gz
CN1[C@@H]2CC[C@H]1C[C@@H](OC(=O)C(O)c1ccccc1)C2,9.81,chembl26.sdf.gz
CC([C@H](O)c1ccccc1)N(C)C,9.0,chembl26.sdf.gz
CC(=O)Oc1cc(C(C)C)c(OCCN(C)C)cc1C,8.72,chembl26.sdf.gz
CN(C)Cc1ccccc1,9.02,chembl26.sdf.gz
NCC(O)c1ccc(O)cc1,8.81,chembl26.sdf.gz
CN[C@@H](C)[C@@H](O)c1ccccc1,10.25,chembl26.sdf.gz
OCCN(CCO)CCO,7.76,chembl26.sdf.gz
N#Cc1ccc(C(=O)Nc2ccc(F)c([C@@]3(CF)N=C(N)OCC3(F)F)c2)nc1,5.1,chembl26.sdf.gz
C[C@]1(c2cc(NC(=O)c3ccc(C#N)cn3)ccc2F)N=C(N)O[C@@H](C(F)(F)F)[C@@H]1F,5.8,chembl26.sdf.gz
C[C@]1(c2cc(NC(=O)c3ccc(C#N)cn3)ccc2F)N=C(N)O[C@H](C(F)(F)F)[C@@H]1F,5.9,chembl26.sdf.gz
N#Cc1ccc(C(=O)Nc2ccc(F)c([C@]3(CF)C[C@@H](C(F)(F)F)OC(N)=N3)c2)nc1,6.3,chembl26.sdf.gz
N#Cc1ccc(C(=O)Nc2ccc(F)c([C@@]3(CF)N=C(N)OC[C@@H]3F)c2)nc1,6.7,chembl26.sdf.gz
C[C@@]1(c2cc(NC(=O)c3ccc(C#N)cn3)ccc2F)C[C@@H](C(F)(F)F)OC(N)=N1,7.0,chembl26.sdf.gz
C[C@@]1(c2cc(NC(=O)c3ccc(C#N)cn3)ccc2F)C[C@H](C(F)(F)F)OC(N)=N1,7.3,chembl26.sdf.gz
N#Cc1ccc(C(=O)Nc2ccc(F)c([C@]3(C(F)F)CCOC(N)=N3)c2)nc1,7.3,chembl26.sdf.gz
C[C@]1(c2cc(NC(=O)c3ccc(C#N)cn3)ccc2F)N=C(N)OC[C@H]1F,7.4,chembl26.sdf.gz
C[C@]1(c2cc(NC(=O)c3ccc(C#N)cn3)ccc2F)N=C(N)OC[C@@H]1F,8.1,chembl26.sdf.gz
C[C@]1(c2cc(NC(=O)c3ccc(C#N)cn3)ccc2F)N=C(N)OCC1(F)F,5.8,chembl26.sdf.gz
C[C@]1(c2cc(NC(=O)c3ccc(Cl)cn3)ccc2F)N=C(N)SCC1(F)F,6.1,chembl26.sdf.gz
C[C@@]1(c2cc(NC(=O)c3ccc(Cl)cn3)ccc2F)CCSC(N)=N1,9.0,chembl26.sdf.gz
C[C@]1(c2cc(NC(=O)c3ccc(Cl)cn3)ccc2F)N=C(N)OCC1(F)F,6.3,chembl26.sdf.gz
C[C@@]1(c2cc(NC(=O)c3ccc(Cl)cn3)ccc2F)CCOC(N)=N1,9.8,chembl26.sdf.gz
CS(=O)(=O)Nc1ccc([N+](=O)[O-])cc1Oc1ccccc1,6.56,chembl26.sdf.gz
O=c1c(O)c(-c2ccccc2)c1=O,0.37,chembl26.sdf.gz
Oc1c(F)cccc1F,7.12,chembl26.sdf.gz
O=C(CCCN1CC[Si](O)(c2ccc(Cl)cc2)CC1)c1ccc(F)cc1,9.27,chembl26.sdf.gz
COc1ccc(C(CN(C)C)[Si]2(O)CCCCC2)cc1,9.7,chembl26.sdf.gz
CCC(C)C1(CC)C(=O)NC(=O)NC1=O,7.89,chembl26.sdf.gz
Nc1ncnc2c1ncn2[C@@H]1O[C@H](COS(=O)(=O)NCc2ccccc2O)[C@@H](O)[C@H]1O,8.5,chembl26.sdf.gz
Nc1ncnc2c1ncn2[C@@H]1O[C@H](COP(=O)(O)CC(=O)c2ccccc2O)[C@@H](O)[C@H]1O,2.0,chembl26.sdf.gz
Nc1cccc(Cn2c(-c3ccc(Oc4ccncc4)cc3)ccc2-c2ccccc2Cl)n1,6.86,chembl26.sdf.gz
Nc1cccc(Cn2c(-c3ccc(Oc4cccnc4)cc3)ccc2-c2ccccc2Cl)n1,6.86,chembl26.sdf.gz
CCCCCOc1ccc(-c2ccc(-c3ccccc3Cl)n2Cc2ccc(OCCO)c(N)n2)cc1,6.86,chembl26.sdf.gz
CCCCCOc1ccc(-c2ccc(-c3ccccc3Cl)n2Cc2ccc(OCCCO)c(N)n2)cc1,6.86,chembl26.sdf.gz
CCCCCOc1ccc(-c2ccc(-c3ccccc3Cl)n2Cc2ccc(NCCO)c(N)n2)cc1,6.86,chembl26.sdf.gz
CCCCCOc1ccc(-c2ccc(-c3ccccc3Cl)n2Cc2ccc(NCCCO)c(N)n2)cc1,6.86,chembl26.sdf.gz
Nc1nc(Cn2c(-c3ccc(Oc4cncnc4)cc3)ccc2-c2ccccc2Cl)ccc1OCCO,6.86,chembl26.sdf.gz
Nc1nc(Cn2c(-c3ccc(Oc4cncnc4)cc3)ccc2-c2ccccc2Cl)ccc1NCCO,6.86,chembl26.sdf.gz
CC[C@@H](C[C@H]1COC(N)=N1)c1ccccc1,8.98,chembl26.sdf.gz
Cc1c(F)cccc1[C@H]1COC(N)=N1,8.07,chembl26.sdf.gz
COc1ccc(Cn2cc(-c3nnn[nH]3)c(=O)c3c(F)ccc(F)c32)cc1,5.4,chembl26.sdf.gz
COc1ccc(Cn2cc(C(=O)O)c(=O)c3c(F)ccc(F)c32)cc1,6.0,chembl26.sdf.gz
N#CC(c1ccc(O)cc1)N1CCCCC1,4.2,chembl26.sdf.gz
COc1ccc(C(C#N)N2CCOCC2)cc1OC,2.2,chembl26.sdf.gz
COc1ccc(C(C#N)N2CCN(C)CC2)cc1OC,7.6,chembl26.sdf.gz
N#CC(c1ccc2c(c1)OCO2)N1CCOCC1,2.2,chembl26.sdf.gz
CN1CCN(C(C#N)c2ccc3c(c2)OCO3)CC1,7.6,chembl26.sdf.gz
COc1cc(C(C#N)N2CCOCC2)cc(OC)c1OC,2.1,chembl26.sdf.gz
COc1cc(C(C#N)N2CCN(C)CC2)cc(OC)c1OC,7.6,chembl26.sdf.gz
COc1ccc(C(C#N)N2CCCCC2)cc1O,4.0,chembl26.sdf.gz
COc1ccc(C(C#N)N2CCCC2)cc1O,4.3,chembl26.sdf.gz
COc1ccc(C(C#N)N2CCOCC2)cc1O,2.2,chembl26.sdf.gz
COc1ccc(C(C#N)N2CCN(C)CC2)cc1O,7.7,chembl26.sdf.gz
COc1cc(C(C#N)N2CCCCC2)ccc1O,4.1,chembl26.sdf.gz
COc1cc(C(C#N)N2CCCC2)ccc1O,4.4,chembl26.sdf.gz
COc1cc(C(C#N)N2CCOCC2)ccc1O,2.3,chembl26.sdf.gz
COc1cc(C(C#N)N2CCN(C)CC2)ccc1O,7.7,chembl26.sdf.gz
N#CC(c1ccc(O)cc1)N1CCCC1,4.5,chembl26.sdf.gz
N#CC(c1ccc(O)cc1)N1CCOCC1,2.4,chembl26.sdf.gz
CN1CCN(C(C#N)c2ccc(O)cc2)CC1,7.7,chembl26.sdf.gz
CCOC(=O)[C@@H](N)CCC(=O)NCCSC(C)=O.Cl,8.94,chembl26.sdf.gz
CCCOC(=O)[C@@H](N)CCC(=O)NCCSC(C)=O.Cl,8.8,chembl26.sdf.gz
CCCCOC(=O)[C@@H](N)CCC(=O)NCCSC(C)=O.Cl,8.69,chembl26.sdf.gz
CCOC(=O)[C@@H](N)CCC(=O)NCCSC(=O)c1ccccc1.Cl,8.85,chembl26.sdf.gz
CCOC(=O)[C@@H](N)CCC(=O)NCCSC(=O)C(C)(C)C.Cl,8.9,chembl26.sdf.gz
Cl.NCCS,8.15,chembl26.sdf.gz
Cl.Cl.NCCS,9.11,chembl26.sdf.gz
O=C(Nc1nn[nH]n1)N1CCN(Cc2cccc(Oc3ccc(Cl)cc3)c2)CC1,4.9,chembl26.sdf.gz
O=C(Nc1cnc2ccccn12)N1CCN(Cc2cccc(Oc3ccc(Cl)cc3)c2)CC1,6.8,chembl26.sdf.gz
O=C(Nc1cccc2nccn12)N1CCN(Cc2cccc(Oc3ccc(Cl)cc3)c2)CC1,6.8,chembl26.sdf.gz
O=[N+]([O-])c1ccccn1,2.2,chembl26.sdf.gz
Cc1ncc([N+](=O)[O-])n1CC(O)Cn1cc(C(=O)O)c(=O)c2cc(F)cc(F)c21,5.326,chembl26.sdf.gz
Cc1ccc2c(c1)c(=O)c(C(=O)O)cn2CC(O)Cn1c([N+](=O)[O-])cnc1C,6.43,chembl26.sdf.gz
Cc1ncc([N+](=O)[O-])n1CC(O)Cn1cc(C(=O)O)c(=O)c2cc(F)ccc21,5.179,chembl26.sdf.gz
Cc1ncc([N+](=O)[O-])n1CC(O)Cn1cc(C(=O)O)c(=O)c2ccc(C(F)(F)F)cc21,5.599,chembl26.sdf.gz
Cc1ncc([N+](=O)[O-])n1CC(O)Cn1cc(C(=O)O)c(=O)c2cc(F)c(Cl)cc21,5.145,chembl26.sdf.gz
Cc1ncc([N+](=O)[O-])n1CC(O)Cn1cc(C(=O)O)c(=O)c2cc(Cl)cc(Cl)c21,5.257,chembl26.sdf.gz
Cc1ncc([N+](=O)[O-])n1CC(O)Cn1cc(C(=O)O)c(=O)c2cccc(F)c21,5.121,chembl26.sdf.gz
COc1ccc2c(c1)c(=O)c(C(=O)O)cn2CC(O)Cn1c([N+](=O)[O-])cnc1C,5.718,chembl26.sdf.gz
CCOc1cc2nccc(Oc3cnc(CC(=O)Nc4n[nH]c(CC)c4C)c(OC)c3)c2cc1OC,6.0,chembl26.sdf.gz
COc1ccc2c(Oc3ccc(CC(=O)Nc4cn(C)nc4C)c(OC)c3)ccnc2c1.O=S(=O)(O)O,6.3,chembl26.sdf.gz
CC(=O)N(O)CCCP(=O)(O)O,7.35,chembl26.sdf.gz
CNc1cc(NS(C)(=O)=O)ccc1Nc1c2ccccc2nc2ccccc12,7.47,chembl26.sdf.gz
CN(C)c1cc(NS(C)(=O)=O)ccc1Nc1c2ccccc2nc2ccccc12,7.25,chembl26.sdf.gz
CNC(=O)c1cccc2c(Nc3ccc(NS(C)(=O)=O)cc3OC)c3cccc(C)c3nc12,6.4,chembl26.sdf.gz
O=C(CC1CCN(Cc2ccn(-c3ccc(C(F)(F)F)cn3)c2)CC1)NC(c1ccc(F)cc1)c1ccc(F)cc1,9.1,chembl26.sdf.gz
O=C(NCc1ccc(Cl)cc1Cl)N1CCN(Cc2ccn(-c3ccc(C(F)(F)F)cc3)c2)CC1,6.2,chembl26.sdf.gz
O=C(NCc1ccc(Cl)cc1Cl)C1CCN(Cc2ccn(-c3ccc(C(F)(F)F)cn3)c2)CC1,8.3,chembl26.sdf.gz
O=C(CN1CCN(Cc2ccn(-c3ccc(C(F)(F)F)cn3)c2)CC1)NC(c1ccc(F)cc1)c1ccc(F)cc1,6.5,chembl26.sdf.gz
O=C(NC1CCN(Cc2ccn(-c3ccc(C(F)(F)F)cc3)c2)CC1)NC(c1ccccc1)c1ccccc1,9.2,chembl26.sdf.gz
Cc1cccc(Cl)c1Nc1ccccc1CC(=O)O,4.2,chembl26.sdf.gz
O=C([O-])Cc1cc(F)ccc1Nc1c(Cl)cccc1Cl.[Na+],4.02,chembl26.sdf.gz
O=C(O)Cc1ccccc1Nc1ccc(Cl)c(Cl)c1,4.3,chembl26.sdf.gz
O=C(O)Cc1ccccc1Nc1ccccc1,4.1,chembl26.sdf.gz
Cc1cc(C)c(C)c(Nc2ccccc2CC(=O)O)c1C,4.2,chembl26.sdf.gz
O=C([O-])Cc1ccccc1Nc1c(Cl)cccc1Br.[Na+],4.2,chembl26.sdf.gz
Cc1c(Cl)cccc1Nc1ccccc1CC(=O)O,4.3,chembl26.sdf.gz
COc1cc(Cl)c(Nc2ccccc2CC(=O)O)c(Cl)c1O,4.13,chembl26.sdf.gz
O=C([O-])Cc1ccccc1Nc1c(Cl)cccc1Cl.[Na+],4.14,chembl26.sdf.gz
Cc1cccc(C)c1Nc1ccccc1CC(=O)O,4.07,chembl26.sdf.gz
O=C(O)Cc1ccccc1Nc1cc(Cl)cc(Cl)c1,4.31,chembl26.sdf.gz
O=C(O)Cc1cc(O)ccc1Nc1c(Cl)cccc1Cl,4.22,chembl26.sdf.gz
O=C(O)Cc1ccccc1Nc1c(Cl)cc(O)cc1Cl,4.4,chembl26.sdf.gz
O=C([O-])Cc1ccccc1Nc1c(F)cccc1F.[Na+],4.09,chembl26.sdf.gz
O=C([O-])Cc1c(O)cccc1Nc1c(Cl)cccc1Cl.[Na+],4.48,chembl26.sdf.gz
COc1cc(Cl)c(Nc2ccccc2CC(=O)O)c(Cl)c1,4.2,chembl26.sdf.gz
O=C(O)Cc1ccccc1Nc1c(Cl)cccc1I,4.24,chembl26.sdf.gz
O=C(O)Cc1ccccc1Nc1cc(Cl)ccc1Cl,4.1,chembl26.sdf.gz
COc1ccc(Cl)c(Nc2ccccc2CC(=O)O)c1Cl,3.95,chembl26.sdf.gz
O=C(O)Cc1ccccc1Nc1cccc(Cl)c1Cl,4.2,chembl26.sdf.gz
O=S1(=O)CC(O)(CCc2ccccc2)C1,9.31,chembl26.sdf.gz
CC[C@H](NC(=O)c1ccccc1NS(=O)(=O)c1ccccc1)c1ccccc1,1.3,chembl26.sdf.gz
CC[C@H](NC(=O)c1ccccc1NS(=O)(=O)c1ccc(C)cc1)c1ccccc1,0.7,chembl26.sdf.gz
C1=CNC(c2ccncc2)N1,5.36,chembl26.sdf.gz
CCC1NC=CN1,7.73,chembl26.sdf.gz
FC1NC=CN1,2.4,chembl26.sdf.gz
CN1C=CNC1N,8.54,chembl26.sdf.gz
NC1NC=CN1,8.46,chembl26.sdf.gz
CN1C=CNC1,7.12,chembl26.sdf.gz
CC1NC=CN1,7.86,chembl26.sdf.gz
CN1C=CNC1F,2.3,chembl26.sdf.gz
CN1C=CNC1[N+](=O)[O-],0.48,chembl26.sdf.gz
BrC1NC=CN1,3.79,chembl26.sdf.gz
ClC1NC=CN1,3.55,chembl26.sdf.gz
C1=CNCN1,6.99,chembl26.sdf.gz
C1=CNC(c2ccccc2)N1,6.48,chembl26.sdf.gz
CN1C=CNC1Br,3.82,chembl26.sdf.gz
CSC1NC=CN1,5.95,chembl26.sdf.gz
Cc1csc2cc([C@H](C)Nc3ncnc(N)c3C#N)c(-c3cccc(CNCCN4CCOCC4)c3)c(=O)n12,4.7,chembl26.sdf.gz
Cc1csc2cc([C@H](C)Nc3ncnc(N)c3C#N)c(-c3cccc(CN4CCC(N(C)C)CC4)c3)c(=O)n12,6.5,chembl26.sdf.gz
Cc1csc2cc([C@H](C)Nc3ncnc(N)c3C#N)c(-c3cccc(CN4CCC(CN(C)CC(C)C)CC4)c3)c(=O)n12,8.0,chembl26.sdf.gz
Cc1csc2cc([C@H](C)Nc3ncnc(N)c3C#N)c(-c3cccc(CN4CCN(CCN5CCOCC5)CC4)c3)c(=O)n12,5.4,chembl26.sdf.gz
Cc1csc2cc([C@H](C)Nc3ncnc(N)c3C#N)c(-c3cccc(CN4CCC(N(C)CCC(F)(F)F)CC4)c3)c(=O)n12,6.0,chembl26.sdf.gz
Cc1csc2cc([C@H](C)Nc3ncnc(N)c3C#N)c(-c3cccc(CN4CCC(N(C)CC(C)C)CC4)c3)c(=O)n12,6.8,chembl26.sdf.gz
Cc1csc2cc([C@H](C)Nc3ncnc(N)c3C#N)c(-c3cccc(CN4CCC(CN(C)Cc5ccccn5)CC4)c3)c(=O)n12,7.0,chembl26.sdf.gz
CCN(CCN1CCOCC1)Cc1cccc(-c2c([C@H](C)Nc3ncnc(N)c3C#N)cc3scc(C)n3c2=O)c1,4.0,chembl26.sdf.gz
Cc1csc2cc([C@H](C)Nc3ncnc(N)c3C#N)c(-c3cccc(CN(C)CCCN(C)Cc4ccc(Cl)cc4)c3)c(=O)n12,7.5,chembl26.sdf.gz
Cc1csc2cc([C@H](C)Nc3ncnc(N)c3C#N)c(-c3cccc(CN(C)CCCN4C[C@@H](C)O[C@@H](C)C4)c3)c(=O)n12,5.7,chembl26.sdf.gz
Cc1csc2cc([C@H](C)Nc3ncnc(N)c3C#N)c(-c3cccc(CN(C)CCCCN4C[C@@H](C)O[C@@H](C)C4)c3)c(=O)n12,6.3,chembl26.sdf.gz
Cc1csc2cc([C@H](C)Nc3ncnc(N)c3C#N)c(-c3cccc(CN(C)CCCCN(C)Cc4ccccc4)c3)c(=O)n12,7.0,chembl26.sdf.gz
C/C(CC1CC1)=N/OCC(O)CNC(C)(C)C,9.57,chembl26.sdf.gz
CC(C)(C)NCC(O)CON=C(C1CC1)C1CC1,9.64,chembl26.sdf.gz
C/C(=N/OCC(O)CNC(C)(C)C)C1CC1,9.45,chembl26.sdf.gz
CC(C)(C)NCC(O)CO/N=C\C1CC1,9.64,chembl26.sdf.gz
CC(C)COCC(O)CNC(C)(C)C,9.73,chembl26.sdf.gz
CC(C)=NOCC(O)CNC(C)(C)C,9.42,chembl26.sdf.gz
CC(OCC(O)CNC(C)(C)C)C1CC1,9.76,chembl26.sdf.gz
CC(C)(C)NCC(O)CO/N=C(/CC(=O)C(C)(C)C)C1CC1,8.65,chembl26.sdf.gz
CC1CC(OCC(O)CNC(C)(C)C)CC(C)(C)C1,9.94,chembl26.sdf.gz
CC1C/C(=N/OCC(O)CNC(C)(C)C)CC(C)(C)C1,9.41,chembl26.sdf.gz
CC(C)(C)NCC(O)CO/N=C(\CN1CCOC1)C1CC1,10.2,chembl26.sdf.gz
CC(C)(C)COCC(O)CNC(C)(C)C,9.68,chembl26.sdf.gz
C/C(=N/OCC(O)CNC(C)(C)C)C(C)C,9.27,chembl26.sdf.gz
CC(C)(C)NCC(O)COC(C1CC1)C1CC1,9.63,chembl26.sdf.gz
CC(C)(C)NCC(O)COCC1CC1,9.73,chembl26.sdf.gz
CC(C)OCC(O)CNC(C)(C)C,9.9,chembl26.sdf.gz
CC(NOCC(O)CNC(C)(C)C)C1CC1,9.1,chembl26.sdf.gz
C=CC(C)(C)OCC(O)CNC(C)(C)C,9.67,chembl26.sdf.gz
CCCCCS(=O)(=O)Nc1ccc(Nc2c3ccccc3nc3ccccc23)cc1,7.19,chembl26.sdf.gz
CCCCS(=O)(=O)Nc1ccc(Nc2c3ccccc3nc3ccccc23)cc1,7.18,chembl26.sdf.gz
C[N+](C)=[N+]=Nc1ccc2c(Nc3ccc(NS(C)(=O)=O)cc3)c3ccccc3nc2c1,7.13,chembl26.sdf.gz
CCCCCCS(=O)(=O)Nc1ccc(Nc2c3ccccc3nc3ccccc23)cc1,7.17,chembl26.sdf.gz
CCS(=O)(=O)Nc1ccc(Nc2c3ccccc3nc3ccccc23)cc1,7.19,chembl26.sdf.gz
CS(=O)(=O)Nc1ccc(Nc2c3ccccc3nc3ccccc23)c([N+](=O)[O-])c1,4.86,chembl26.sdf.gz
CCCS(=O)(=O)Nc1ccc(Nc2c3ccccc3nc3ccccc23)cc1,7.2,chembl26.sdf.gz
c1ccc2c(NCCN3CCOCC3)c3[nH]c4ccccc4c3nc2c1,8.4,chembl26.sdf.gz
OCCCNc1c2ccccc2nc2c1oc1ccccc12,8.2,chembl26.sdf.gz
OCCNc1c2ccccc2nc2c1oc1ccccc12,8.2,chembl26.sdf.gz
CN(C)CCCNc1c2ccccc2nc2c1oc1ccccc12,8.3,chembl26.sdf.gz
CN(C)CCNc1c2ccccc2nc2c1oc1ccccc12,8.2,chembl26.sdf.gz
c1ccc2c(NCCN3CCOCC3)c3oc4ccccc4c3nc2c1,8.2,chembl26.sdf.gz
OCCCNc1c2ccccc2nc2c1[nH]c1ccccc12,8.3,chembl26.sdf.gz
OCCNc1c2ccccc2nc2c1[nH]c1ccccc12,8.3,chembl26.sdf.gz
CN(C)CCCNc1c2ccccc2nc2c1[nH]c1ccccc12,8.4,chembl26.sdf.gz
CN(C)CCNc1c2ccccc2nc2c1[nH]c1ccccc12,8.3,chembl26.sdf.gz
COC(=O)N(C)Cn1cnc2c1c(=O)n(C)c(=O)n2C,8.6,chembl26.sdf.gz
COC(=O)N(C)CSc1[nH]cnc2ncnc1-2,7.5,chembl26.sdf.gz
COC(=O)N(C)COc1ccc([N+](=O)[O-])cc1,7.14,chembl26.sdf.gz
COC(=O)c1ccc(OCN(C)C(=O)OC)cc1,8.47,chembl26.sdf.gz
COC(=O)N(C)COc1ccc(C(C)=O)cc1,8.05,chembl26.sdf.gz
COC(=O)N(C)COc1ccccc1C=O,6.79,chembl26.sdf.gz
COC(=O)N(C)COc1ccc(C=O)cc1,7.66,chembl26.sdf.gz
COC(=O)N(C)COc1ccc(C#N)cc1,7.95,chembl26.sdf.gz
COC(=O)N(C)COc1ccc(NC(C)=O)cc1,9.5,chembl26.sdf.gz
C[C@@]1(c2cc(NC(=O)c3ccc(Cl)cn3)ccc2F)CCOCC(N)=N1,10.9,chembl26.sdf.gz
C[C@@]1(c2cc(NC(=O)c3ccc(Cl)cn3)ccc2F)Cc2ccccc2C(N)=N1,10.8,chembl26.sdf.gz
C[C@@]1(c2cc(NC(=O)c3ccc(Cl)cn3)ccc2F)CCCOC(N)=N1,10.4,chembl26.sdf.gz
CN1CC(N)=NC(C)(c2cccc(NC(=O)c3ccc(Cl)cn3)c2)C1,10.2,chembl26.sdf.gz
C[C@@]1(c2cc(NC(=O)c3ncc(Cl)cc3Cl)ccc2F)CCOC(N)=N1,9.7,chembl26.sdf.gz
C[C@]1(c2cccc(NC(=O)c3ccc(Cl)cn3)c2)N=C(N)c2ccccc21,9.7,chembl26.sdf.gz
CN1C(=O)C[C@@](C)(c2cccc(NC(=O)c3ccc(Cl)cn3)c2)N=C1N,8.4,chembl26.sdf.gz
NC1=NC2(CCc3ccc(NC(=O)c4ccc(Cl)cn4)cc32)CS1,8.3,chembl26.sdf.gz
NC1=NC2(CCc3ccc(NC(=O)c4ccc(Cl)cn4)cc32)CO1,8.3,chembl26.sdf.gz
CC1(c2cccc(NC(=O)c3ccccn3)c2)CSC(N)=N1,8.3,chembl26.sdf.gz
C[C@@]1(c2cccc(NC(=O)c3ccc(Cl)cn3)c2)COC(N)=N1,8.3,chembl26.sdf.gz
CC1(c2cc(NC(=O)c3ccc(Cl)cn3)ccc2F)N=C(N)c2ccccc2O1,7.3,chembl26.sdf.gz
CN1C(=O)C(C)(c2cccc(NC(=O)c3ccc(Cl)cn3)c2)N=C1N,7.3,chembl26.sdf.gz
[Br-].c1ccc([P+](CCCCc2nnn[nH]2)(c2ccccc2)c2ccccc2)cc1,4.93,chembl26.sdf.gz
CC(=O)NC(=O)CCCC[P+](c1ccccc1)(c1ccccc1)c1ccccc1.[Br-],12.9,chembl26.sdf.gz
O=C(CCCC[P+](c1ccccc1)(c1ccccc1)c1ccccc1)NC(=O)c1ccccc1.[Br-],12.9,chembl26.sdf.gz
CS(=O)(=O)NC(=O)CCCC[P+](c1ccccc1)(c1ccccc1)c1ccccc1.[Br-],5.25,chembl26.sdf.gz
O=C(CCCC[P+](c1ccccc1)(c1ccccc1)c1ccccc1)NS(=O)(=O)c1ccccc1.[Br-],5.12,chembl26.sdf.gz
O=C(O)CCCC[P+](c1ccccc1)(c1ccccc1)c1ccccc1.[Br-],5.19,chembl26.sdf.gz
O=C1CN(Cc2ccc(-c3ccc(F)c(CN4CCS(=O)(=O)CC4)n3)cc2)C(=O)N1C1CC1,2.8,chembl26.sdf.gz
CC(C)CN1C(=O)CN(Cc2ccc(-c3ccc(F)c(CN4CCS(=O)(=O)CC4)n3)cc2)C1=O,3.0,chembl26.sdf.gz
CC(C)CN1C(=O)CN(Cc2ccc(-c3cccc(CN4CCS(=O)(=O)CC4)n3)cc2)C1=O,3.7,chembl26.sdf.gz
CC(C)CN1C(=O)CN(Cc2ccc(-c3ccc(F)c(CN4CCCC(F)(F)C4)n3)cc2)C1=O,5.0,chembl26.sdf.gz
CC(C)CN1C(=O)CN(Cc2ccc(-c3cccc(CN4CCCC(F)(F)C4)n3)cc2)C1=O,5.3,chembl26.sdf.gz
CC(C)CN1C(=O)CN(Cc2ccc(-c3ccc(F)c(CN4CCOCC4)n3)cc2)C1=O,6.0,chembl26.sdf.gz
CC(C)CN1C(=O)CN(Cc2ccc(-c3ccc(F)c(CN4CCCC(F)C4)n3)cc2)C1=O,7.2,chembl26.sdf.gz
CC(C)CN1C(=O)CN(Cc2ccc(-c3cccc(CN4CCCC(F)C4)n3)cc2)C1=O,7.4,chembl26.sdf.gz
CC(C)CN1C(=O)CN(Cc2ccc(-c3ccc(F)c(CN4CCCC(C)C4)n3)cc2)C1=O,8.4,chembl26.sdf.gz
CC(C)CN1C(=O)CN(Cc2ccc(-c3cccc(CN4CCCC(C)C4)n3)cc2)C1=O,8.7,chembl26.sdf.gz
O=C1CN(Cc2ccc(-c3ccc(F)c(CN4CCCCC4)n3)cc2)C(=O)N1CC(F)F,9.0,chembl26.sdf.gz
O=C1CN(Cc2ccc(-c3ccc(F)c(CN4CCCCC4)n3)cc2)C(=O)N1CC1CCC1,8.6,chembl26.sdf.gz
O=C1CN(Cc2ccc(-c3ccc(F)c(CN4CCCCC4)n3)cc2)C(=O)N1CC1CC1,8.5,chembl26.sdf.gz
O=C1CN(Cc2ccc(-c3ccc(F)c(CN4CCCCC4)n3)cc2)C(=O)N1C1CC1,8.6,chembl26.sdf.gz
CC(C)CN1C(=O)CN(Cc2ccc(-c3ccc(F)c(CN4CCCCC4)n3)cc2)C1=O,8.6,chembl26.sdf.gz
CCCN1C(=O)CN(Cc2ccc(-c3ccc(F)c(CN4CCCCC4)n3)cc2)C1=O,8.5,chembl26.sdf.gz
CCN1C(=O)CN(Cc2ccc(-c3ccc(F)c(CN4CCCCC4)n3)cc2)C1=O,8.5,chembl26.sdf.gz
O=C1CN(Cc2ccc(-c3cccc(CN4CCCCC4)n3)cc2)C(=O)N1CC(F)F,8.9,chembl26.sdf.gz
O=C1CN(Cc2ccc(-c3cccc(CN4CCCCC4)n3)cc2)C(=O)N1CC1CC1,8.9,chembl26.sdf.gz
O=C1CN(Cc2ccc(-c3cccc(CN4CCCCC4)n3)cc2)C(=O)N1C1CC1,9.0,chembl26.sdf.gz
CN1C(=O)CN(Cc2ccc(-c3cccc(CN4CCCCC4)n3)cc2)C1=O,8.7,chembl26.sdf.gz
CCN1C(=O)CN(Cc2ccc(-c3cccc(CN4CCCCC4)n3)cc2)C1=O,8.8,chembl26.sdf.gz
CCCN1C(=O)CN(Cc2ccc(-c3cccc(CN4CCCCC4)n3)cc2)C1=O,8.8,chembl26.sdf.gz
CC(C)CN1C(=O)CN(Cc2ccc(-c3cccc(CN4CCCCC4)n3)cc2)C1=O,8.9,chembl26.sdf.gz
O=c1c2ccccc2[nH]c2ccc(Cl)cc12,8.29,chembl26.sdf.gz
O=c1c2ccccc2n(CCCCN(CCO)CCO)c2ccc(Cl)cc12,4.8,chembl26.sdf.gz
O=c1c2ccccc2n(CCCCN2CCOCC2)c2ccc(Cl)cc12,4.91,chembl26.sdf.gz
O=c1c2ccccc2n(CCCCN2CCCC2)c2ccc(Cl)cc12,5.28,chembl26.sdf.gz
O=c1c2ccccc2n(CCCCN2CCN(CCO)CC2)c2ccc(Cl)cc12,5.26,chembl26.sdf.gz
O=c1c2ccccc2n(CCCCN2CCCCC2)c2ccc(Cl)cc12,5.36,chembl26.sdf.gz
CN1CCN(CCCCn2c3ccccc3c(=O)c3cc(Cl)ccc32)CC1,5.61,chembl26.sdf.gz
CCN(CC)CCCCn1c2ccccc2c(=O)c2cc(Cl)ccc21,5.45,chembl26.sdf.gz
O=c1c2ccccc2n(CCCCCl)c2ccc(Cl)cc12,8.85,chembl26.sdf.gz
O=c1c2ccccc2n(CCCN(CCO)CCO)c2ccc(Cl)cc12,4.8,chembl26.sdf.gz
O=c1c2ccccc2n(CCCN2CCOCC2)c2ccc(Cl)cc12,4.87,chembl26.sdf.gz
O=c1c2ccccc2n(CCCN2CCCC2)c2ccc(Cl)cc12,5.21,chembl26.sdf.gz
O=c1c2ccccc2n(CCCN2CCN(CCO)CC2)c2ccc(Cl)cc12,5.26,chembl26.sdf.gz
O=c1c2ccccc2n(CCCN2CCCCC2)c2ccc(Cl)cc12,5.39,chembl26.sdf.gz
CN1CCN(CCCn2c3ccccc3c(=O)c3cc(Cl)ccc32)CC1,5.28,chembl26.sdf.gz
CCN(CC)CCCn1c2ccccc2c(=O)c2cc(Cl)ccc21,5.37,chembl26.sdf.gz
O=c1c2ccccc2n(CCCCl)c2ccc(Cl)cc12,8.65,chembl26.sdf.gz
COc1cccc(-c2cn(Cc3c(F)cccc3C(F)(F)F)c(=O)n(C[C@H](NCCCC(N)=O)c3ccccc3)c2=O)c1F,7.65,chembl26.sdf.gz
COc1cccc(-c2cn(Cc3c(F)cccc3C(F)(F)F)c(=O)n(C[C@H](NCCCC(=O)O)c3ccccc3)c2=O)c1F,4.16,chembl26.sdf.gz
NC(=O)c1cc[n+](CCCC[n+]2ccc(/C=N/O)c(Cl)c2)cc1.[Br-].[Br-],7.68,chembl26.sdf.gz
NC(=O)c1cc[n+](CCC[n+]2cc(Cl)c(/C=N/O)c(Cl)c2)cc1.[Br-].[Br-],7.53,chembl26.sdf.gz
NC(=O)c1cc[n+](CCCC[n+]2cc(Cl)c(/C=N/O)c(Cl)c2)cc1.[Br-].[Br-],7.66,chembl26.sdf.gz
CNC(=O)c1cccc2c(Nc3ccc(NS(C)(=O)=O)cc3OC)c3ccc([N+](=O)[O-])cc3nc12,4.71,chembl26.sdf.gz
CNC(=O)c1cccc2c(Nc3ccc(NS(C)(=O)=O)cc3OC)c3ccc(Cl)cc3nc12,5.68,chembl26.sdf.gz
COc1cc(NS(C)(=O)=O)ccc1Nc1c2ccc(Cl)cc2nc2c(C(=O)NCC(N)=O)cccc12,5.5,chembl26.sdf.gz
COc1cc(NS(C)(=O)=O)ccc1Nc1c2ccc([N+](=O)[O-])cc2nc2c(C(N)=O)cccc12,4.71,chembl26.sdf.gz
CNC(=O)c1cccc2c(Nc3ccc(NS(C)(=O)=O)cc3OC)c3ccc(OC)cc3nc12,4.82,chembl26.sdf.gz
COc1cc(NS(C)(=O)=O)ccc1Nc1c2ccc(Cl)cc2nc2c(C(N)=O)cccc12,5.68,chembl26.sdf.gz
COc1cc(NS(C)(=O)=O)ccc1Nc1c2ccc(C)cc2nc2c(C(=O)NCC(N)=O)cccc12,4.53,chembl26.sdf.gz
CNC(=O)c1cccc2c(Nc3ccc(NS(C)(=O)=O)cc3OC)c3ccc(C)cc3nc12,4.71,chembl26.sdf.gz
COc1cc(NS(C)(=O)=O)ccc1Nc1c2ccc(C)cc2nc2c(C(N)=O)cccc12,4.71,chembl26.sdf.gz
Cc1cnc(NCCc2ccccc2)c(=O)n1CC(=O)NCc1ccc(C(=N)N)cc1,10.2,chembl26.sdf.gz
Cc1cnc(NCCc2ccccc2)c(=O)n1CC(=O)NCc1cnc(N)nc1,3.9,chembl26.sdf.gz
Cc1ccc(NS(=O)(=O)Cc2ccccc2)c(=O)n1CC(=O)NCc1ccc(C(=N)N)s1,10.3,chembl26.sdf.gz
Cc1ccc(NS(=O)(=O)Cc2ccccc2)c(=O)n1CC(=O)NCc1cnc(N)cn1,2.7,chembl26.sdf.gz
Cc1nc(N)ncc1CNC(=O)Cn1c(C)cnc(NCCc2ccc3c(c2)CCO3)c1=O,4.2,chembl26.sdf.gz
COc1cccc(S(=O)(=O)Nc2cccn(CC(=O)NCc3ccc(C(=N)N)cc3Cl)c2=O)c1,9.4,chembl26.sdf.gz
COc1cccc(S(=O)(=O)Nc2cccn(CC(=O)NCc3ccc(C(=N)N)cc3F)c2=O)c1,9.4,chembl26.sdf.gz
COc1cccc(S(=O)(=O)Nc2cccn(CC(=O)NCc3ccc(C(=N)N)cc3OC)c2=O)c1,10.0,chembl26.sdf.gz
Cc1cnc(NCCc2ccccc2)c(=O)n1CC(=O)NCc1ccc(C(=N)NO)s1,4.1,chembl26.sdf.gz
Cc1nc(N)ncc1CNC(=O)Cn1c(C)cnc(NCC(F)(F)c2ccccc2)c1=O,4.2,chembl26.sdf.gz
Cc1ccc(NS(=O)(=O)Cc2ccccc2)c(=O)n1CC(=O)NCc1ccc(C(=N)N)cc1,10.2,chembl26.sdf.gz
Cc1cnc(NCC(F)(F)c2ccc(F)cc2)c(=O)n1CC(=O)NCc1cnc(N)cn1,2.7,chembl26.sdf.gz
COc1cccc(S(=O)(=O)Nc2cccn(CC(=O)NCc3ccc(C(=N)N)cc3)c2=O)c1,10.2,chembl26.sdf.gz
Cc1ccc(NS(=O)(=O)Cc2ccccc2)c(=O)n1CC(=O)NCc1ccc(C(=N)N)c(F)c1,9.2,chembl26.sdf.gz
Cc1nc(N)nc(C)c1CNC(=O)Cn1c(C)ccc(NS(=O)(=O)Cc2ccccc2)c1=O,4.7,chembl26.sdf.gz
Cc1cnc(NCCc2ccccc2)c(=O)n1CC(=O)NCc1ccc(C(=N)N)s1,10.3,chembl26.sdf.gz
Cc1ccc(NS(=O)(=O)Cc2ccccc2)c(=O)n1CC(=O)NCc1cnc(N)nc1,3.9,chembl26.sdf.gz
Cc1cnc(NCC(F)(F)c2ccccc2)c(=O)n1CC(=O)NCc1cnc(N)cn1,2.7,chembl26.sdf.gz
Cc1nc(N)ncc1CNC(=O)Cn1c(C)ccc(NS(=O)(=O)Cc2cccc3c2OCCO3)c1=O,4.2,chembl26.sdf.gz
Cc1nc(N)ncc1CNC(=O)Cn1c(C)ccc(NS(=O)(=O)Cc2ccccc2)c1=O,4.2,chembl26.sdf.gz
COc1cccc(S(=O)(=O)Nc2cccn(CC(=O)NCc3nc(C(=N)N)cs3)c2=O)c1,8.8,chembl26.sdf.gz
Cc1ccc(NS(=O)(=O)Cc2ccccc2)c(=O)n1CC(=O)NCc1nc(CN)cs1,7.4,chembl26.sdf.gz
Cc1nc(N)ncc1CNC(=O)Cn1c(C)cnc(NCCc2ccccc2)c1=O,4.2,chembl26.sdf.gz
CN(C)CCCCN1C=Nc2cccc3cccc1c23,5.3,chembl26.sdf.gz
CN(C)CCNC(=O)C1=Nc2cccc3cccc(c23)N1,1.74,chembl26.sdf.gz
CN(C)CCCN1C=Nc2cccc3cccc1c23,5.1,chembl26.sdf.gz
CN(C)CCN1C=Nc2cccc3cccc1c23,4.64,chembl26.sdf.gz
CN(C)CCSC1=Nc2cccc3cccc(c23)N1,2.66,chembl26.sdf.gz
CC(OC[n+]1ccn(C)c1/C=N/O)C1CCCCC1.[Cl-],8.05,chembl26.sdf.gz
CC(C)CCOC[n+]1ccn(C)c1/C=N/O.[Cl-],8.06,chembl26.sdf.gz
Cn1cc[n+](COC2CCCCC2)c1/C=N/O.[Cl-],8.01,chembl26.sdf.gz
Cn1cc[n+](COC[n+]2ccccc2/C=N/O)c1/C=N/O.[Cl-].[Cl-],7.56,chembl26.sdf.gz
CCC(C)C(C)OC[n+]1ccn(C)c1/C=N/O.[Cl-],7.97,chembl26.sdf.gz
Cn1cc[n+](COC(C)(C)C(C)(C)C)c1/C=N/O.[Cl-],8.02,chembl26.sdf.gz
Cn1cc[n+](COCC2CC2)c1/C=N/O.[Cl-],8.01,chembl26.sdf.gz
CCCC(OC[n+]1ccn(C)c1/C=N/O)C1CCCC1.[Cl-],7.97,chembl26.sdf.gz
CCC(C)C(=O)OC[n+]1ccn(C)c1/C=N/O.[Cl-],8.24,chembl26.sdf.gz
Cn1cc[n+](COC2CCCCCCCCCCC2)c1/C=N/O.[Cl-],8.03,chembl26.sdf.gz
CC(CC(C)(C)C)OC[n+]1ccn(C)c1/C=N/O.[Cl-],8.0,chembl26.sdf.gz
COC[n+]1c(/C=N/O)n(C)c2ccccc21.[Cl-],7.33,chembl26.sdf.gz
Cn1cc[n+](COC(=O)C(C)(C)C)c1/C=N/O.[Cl-],8.3,chembl26.sdf.gz
Cn1cc[n+](COC2CCCCCCC2)c1/C=N/O.[Cl-],8.03,chembl26.sdf.gz
Cn1cc[n+](COCC2CCCc3ccccc32)c1/C=N/O.[Cl-],8.13,chembl26.sdf.gz
Cn1cc[n+](COC2CCC2)c1/C=N/O.[Cl-],7.99,chembl26.sdf.gz
Cn1cc[n+](COC[n+]2ccn(C)c2/C=N/O)c1/C=N/O,7.71,chembl26.sdf.gz
Cn1cc[n+](CCCC[n+]2ccn(C)c2/C=N/O)c1/C=N/O,8.02,chembl26.sdf.gz
O/N=C\c1cccc[n+]1COCCOC[n+]1ccccc1/C=N/O.[Cl-].[Cl-],8.02,chembl26.sdf.gz
Cn1cc[n+](COC2CCCC2)c1/C=N/O.[Cl-],8.04,chembl26.sdf.gz
Cn1cc[n+](COCC2CCCCC2)c1/C=N/O.[Cl-],8.03,chembl26.sdf.gz
CCCC(=O)OC[n+]1ccn(C)c1/C=N/O.[Cl-],8.13,chembl26.sdf.gz
CCOC[n+]1ccn(C)c1/C=N/O.[Cl-],8.07,chembl26.sdf.gz
Cn1cc[n+](COC(=O)c2ccc3ccccc3c2)c1/C=N/O.[Cl-],8.21,chembl26.sdf.gz
Cn1c(/C=N/O)[n+](C)c2ccccc21.[Cl-],7.54,chembl26.sdf.gz
CCCCCCOC[n+]1ccn(C)c1/C=N/O.[Cl-],8.03,chembl26.sdf.gz
Cn1cc[n+](COC2CCCCCC2)c1/C=N/O.[Cl-],8.03,chembl26.sdf.gz
CCCC(CC)OC[n+]1ccn(C)c1/C=N/O.[Cl-],7.97,chembl26.sdf.gz
Cn1cc[n+](CCC[n+]2ccn(C)c2/C=N/O)c1/C=N/O,8.13,chembl26.sdf.gz
CCCC(C)OC[n+]1ccn(C)c1/C=N/O.[Cl-],8.02,chembl26.sdf.gz
CCC(OC[n+]1ccn(C)c1/C=N/O)C(C)(C)C.[Cl-],7.94,chembl26.sdf.gz
CN(C)C(=O)CN1CCC(CCOc2ccc(-c3cc4c(ncn4C)c(C#N)n3)cc2C(F)(F)F)CC1,7.5,chembl26.sdf.gz
Cc1noc(C)c1CN1CCC(CCOc2ccc(-c3cc4c(ncn4C)c(C#N)n3)cc2C(F)(F)F)CC1,7.9,chembl26.sdf.gz
Cn1cnc2c(C#N)nc(-c3ccc(OCCC4CCN(Cc5ncco5)CC4)c(C(F)(F)F)c3)cc21,6.3,chembl26.sdf.gz
Cc1nnc(CN2CCC(CCOc3ccc(-c4cc5c(ncn5C)c(C#N)n4)cc3C(F)(F)F)CC2)o1,5.6,chembl26.sdf.gz
Cc1noc(CN2CCC(CCOc3ccc(-c4cc5c(ncn5C)c(C#N)n4)cc3C(F)(F)F)CC2)n1,5.3,chembl26.sdf.gz
O=S(=O)(CCCOCCc1ccccc1)CCNCCc1ccc(O)c2nc(O)sc12,6.58,chembl26.sdf.gz
O=c1[nH]c2c(O)ccc(CCNCCCSCCOCCc3ccccc3)c2s1,10.19,chembl26.sdf.gz
O=S(=O)(CCCNCCc1ccc(O)c2nc(O)sc12)CCOCCc1ccccc1,9.07,chembl26.sdf.gz
Oc1nc2c(O)ccc(CCNCCCOCCOCCc3ccccc3)c2s1,9.23,chembl26.sdf.gz
O=C(CCOCCc1ccccc1)NCCNCCc1ccc(O)c2nc(O)sc12,8.75,chembl26.sdf.gz
Oc1nc2c(O)ccc(CCNCCOCCCOCCc3ccccc3)c2s1,8.68,chembl26.sdf.gz
O=S(=O)(CCOCCc1ccccc1)NCCNCCc1ccc(O)c2nc(O)sc12,8.58,chembl26.sdf.gz
CCc1ccc(-n2c(Cl)cc3[nH]c(=O)c(-c4ccccc4)c(O)c32)cc1,6.0,chembl26.sdf.gz
CC(C)C[C@H](N[C@@H](c1ccc(-c2ccc(S(C)(=O)=O)cc2)cc1)C(F)F)C(=O)NC1(C#N)CC1,2.7,chembl26.sdf.gz
C[C@@H]1CN(Cc2ccccc2)c2cncc(F)c2[C@H](C)N1C(=O)Nc1cccnc1,3.8,chembl26.sdf.gz
CC(C)CCN1C[C@@H](C)N(C(=O)Nc2cccnc2)[C@@H](C)c2ccncc21,4.4,chembl26.sdf.gz
O=C1NC(=O)/C(=C/c2ccc(-c3ccc(F)cc3O)o2)S1,8.4,chembl26.sdf.gz
O=C1NC(=O)/C(=C/c2ccc(-c3cc(C(=O)O)ccc3O)o2)S1,8.6,chembl26.sdf.gz
Cc1ccc(O)c(-c2ccc(/C=C3\SC(=O)NC3=O)o2)c1,9.7,chembl26.sdf.gz
O=C1NC(=O)/C(=C/c2ccc(-c3cc(OC(F)(F)F)ccc3O)o2)S1,8.7,chembl26.sdf.gz
N#Cc1ccc(O)c(-c2ccc(/C=C3\SC(=O)NC3=O)o2)c1,7.3,chembl26.sdf.gz
O=C1NC(=O)/C(=C/c2ccc(-c3cc(Cl)ccc3O)o2)S1,8.9,chembl26.sdf.gz
O=C1NC(=O)/C(=C/c2ccc(-c3cc(F)ccc3O)o2)S1,9.1,chembl26.sdf.gz
COC(=O)c1ccc(-c2ccc(/C=C3\SC(=O)NC3=O)o2)c(O)c1,8.7,chembl26.sdf.gz
O=C1NC(=O)/C(=C/c2ccc(-c3ccc(O)cc3O)o2)S1,8.7,chembl26.sdf.gz
O=C1NC(=O)/C(=C/c2ccc(-c3ccccc3O)o2)S1,9.5,chembl26.sdf.gz
c1c(N2CCCCCC2)nc(C2CC2)nc1N1CCC1,7.4,chembl26.sdf.gz
CC1CN(c2cc(N3CCCCCC3)nc(C3CC3)n2)C1,7.5,chembl26.sdf.gz
Cc1c(N2CCCCCC2)nc(C2CC2)nc1N1CC(F)C1,6.6,chembl26.sdf.gz
FC1CN(c2cc(N3CCCCCC3)nc(C3CC3)n2)C1,6.9,chembl26.sdf.gz
COC1CN(c2nc(C3CC3)nc(N3CCCCCC3)c2C)C1,6.8,chembl26.sdf.gz
Cc1c(N2CCCCCC2)nc(C2CC2)nc1N1CC(Br)C1,6.1,chembl26.sdf.gz
Cc1c(N2CCCCCC2)nc(C2CC2)nc1N1CC(O)C1,7.0,chembl26.sdf.gz
Cc1c(N2CCCCCC2)nc(C2CC2)nc1N1CC(C)(C)C1,7.0,chembl26.sdf.gz
Cc1c(N2CCCCCC2)nc(C2CC2)nc1N1CC(C)C1,8.0,chembl26.sdf.gz
Cc1c(N2CCCCCC2)nc(C2CC2)nc1N1CCC1,7.1,chembl26.sdf.gz
CN1C2CCC1CC(NC(=O)N1CC(C)(C)c3ccccc31)C2,9.4,chembl26.sdf.gz
CN1C2COCC1CC(NC(=O)N1CC(C)(C)c3ccccc31)C2,7.1,chembl26.sdf.gz
COC(=O)N(C)COC(=O)[C@@H](C)c1ccc2cc(OC)ccc2c1,4.2,chembl26.sdf.gz
CCOC(=O)c1ccc(N(COC(=O)[C@@H](C)c2ccc3cc(OC)ccc3c2)C(=O)OC)cc1,4.2,chembl26.sdf.gz
COC(=O)N(COC(=O)[C@@H](C)c1ccc2cc(OC)ccc2c1)c1ccc(OC)cc1,4.2,chembl26.sdf.gz
COC(=O)N(COC(=O)[C@@H](C)c1ccc2cc(OC)ccc2c1)c1ccccc1,4.2,chembl26.sdf.gz
COC(=O)N(C)COC(=O)C(C)c1ccc(CC(C)C)cc1,4.41,chembl26.sdf.gz
COC(=O)N(C)COC(=O)Cc1c(C)n(C(=O)c2ccc(Cl)cc2)c2ccc(OC)cc12,4.5,chembl26.sdf.gz
CCCCCCN(Cc1nnn[nH]1)c1ccccc1,4.78,chembl26.sdf.gz
CCCCCCCCN(Cc1nnn[nH]1)c1ccccc1,4.83,chembl26.sdf.gz
CCCCCCCCCCN(Cc1nnn[nH]1)c1ccccc1,4.87,chembl26.sdf.gz
CCCCCCCCCCCCN(Cc1nnn[nH]1)c1ccccc1,4.92,chembl26.sdf.gz
Clc1ccc(CN(Cc2nnn[nH]2)c2ccccc2)c(Cl)c1,4.54,chembl26.sdf.gz
Clc1ccc(CN(Cc2nnn[nH]2)c2ccccc2)cc1Cl,4.49,chembl26.sdf.gz
Fc1ccccc1CN(Cc1nnn[nH]1)c1ccccc1,4.22,chembl26.sdf.gz
Fc1cccc(CN(Cc2nnn[nH]2)c2ccccc2)c1,4.19,chembl26.sdf.gz
Fc1ccc(CN(Cc2nnn[nH]2)c2ccccc2)c(F)c1,4.13,chembl26.sdf.gz
Fc1ccc(CN(Cc2nnn[nH]2)c2ccccc2)cc1,4.2,chembl26.sdf.gz
Clc1ccccc1CN(Cc1nnn[nH]1)c1ccccc1,4.34,chembl26.sdf.gz
Clc1ccc(CN(Cc2nnn[nH]2)c2ccccc2)cc1,4.38,chembl26.sdf.gz
Cc1ccc(N(Cc2nnn[nH]2)Cc2ccc(Cl)cc2Cl)cc1,4.26,chembl26.sdf.gz
Cc1ccc(N(Cc2nnn[nH]2)Cc2ccc(F)cc2F)cc1,4.23,chembl26.sdf.gz
COc1ccc(N(Cc2nnn[nH]2)Cc2ccc(F)cc2F)cc1,4.31,chembl26.sdf.gz
COc1ccc(N(Cc2nnn[nH]2)Cc2ccc(Cl)cc2Cl)cc1,4.29,chembl26.sdf.gz
Cc1ccccc1[C@@H]1CCN(C[C@@H]2CCc3cccnc3[C@@H](O)C2)C[C@H]1CO,8.9,chembl26.sdf.gz
Cc1ccccc1[C@@H]1CCN(C[C@@H]2CCc3cccnc3[C@@H](O)C2)C[C@H]1O,7.8,chembl26.sdf.gz
O[C@H]1C[C@H](CN2CC[C@H](c3ccc(F)cc3Cl)[C@@H](O)C2)Cc2cccnc21,7.4,chembl26.sdf.gz
O=C(O)Cc1c(-c2ccccc2)ccc2ccccc12,6.9,chembl26.sdf.gz
O=C(O)Cc1cc(-c2ccccc2)cc2ccccc12,6.7,chembl26.sdf.gz
O=C(O)Cc1ccc(-c2ccccc2)c2ccccc12,6.8,chembl26.sdf.gz
O=C(O)Cc1cccc2c(-c3ccccc3)cccc12,6.7,chembl26.sdf.gz
O=C(O)Cc1cccc2cc(-c3ccccc3)ccc12,6.9,chembl26.sdf.gz
O=C(O)Cc1cccc2ccc(-c3ccccc3)cc12,6.9,chembl26.sdf.gz
O=C(O)Cc1ccc2ccccc2c1-c1ccccc1,7.2,chembl26.sdf.gz
O=C(O)Cc1cc2ccccc2cc1-c1ccccc1,7.1,chembl26.sdf.gz
O=C(O)Cc1cc(-c2ccccc2)c2ccccc2c1,7.0,chembl26.sdf.gz
O=C(O)Cc1ccc2c(-c3ccccc3)cccc2c1,6.6,chembl26.sdf.gz
O=C(O)Cc1ccc2cc(-c3ccccc3)ccc2c1,6.6,chembl26.sdf.gz
O=C(O)Cc1ccc2ccc(-c3ccccc3)cc2c1,6.7,chembl26.sdf.gz
O=C(O)Cc1ccc2cccc(-c3ccccc3)c2c1,6.8,chembl26.sdf.gz
CCCC12CCC(=O)C=C1c1c(cc(OCC(=O)OC(CC)(CC)C(=O)O)c(Cl)c1Cl)C2,3.4,chembl26.sdf.gz
CCCC12CCC(=O)C(C)=C1c1c(cc(OCC(=O)O)c(Cl)c1Cl)C2,3.5,chembl26.sdf.gz
CCC12CCC(=O)C=C1c1c(cc(OCC(=O)O)c(Cl)c1Cl)C2,3.6,chembl26.sdf.gz
CCCC12CCC(=O)C=C1c1c(cc(OCC(=O)O)c(Cl)c1Cl)C2,3.6,chembl26.sdf.gz
CCC12CCC(=O)C=C1c1c(cc(OCC(=O)OC(C)(C)C(=O)O)c(Cl)c1Cl)C2,3.8,chembl26.sdf.gz
CCCC12CCC(=O)C=C1c1c(cc(OCC(=O)OC(C)(C)C(=O)O)c(Cl)c1Cl)C2,3.8,chembl26.sdf.gz
CCCC12CCC(=O)C=C1c1c(cc(OCCCC(=O)O)c(Cl)c1Cl)C2,3.7,chembl26.sdf.gz
CCCC12CCC(C(C)=O)=C1c1c(cc(OCC(=O)O)c(Cl)c1Cl)C2,4.1,chembl26.sdf.gz
CC(C)C12CCC(=O)C=C1c1c(cc(OCC(=O)O)c(Cl)c1Cl)C2,3.83,chembl26.sdf.gz
O=C(O)COc1cc2c(c(Cl)c1Cl)C1=CC(=O)CCC1(C1CCCC1)C2,3.83,chembl26.sdf.gz
CCCC12CCC(=O)C=C1c1c(cc(OCC(=O)NN(C)C)c(Cl)c1Cl)C2,3.9,chembl26.sdf.gz
CCCCC12CCC(=O)C=C1c1c(cc(OCC(=O)O)c(Cl)c1Cl)C2,3.5,chembl26.sdf.gz
CCCC12CCC(=O)C=C1c1c(cc(OCC(=O)O)c(C)c1C)C2,4.3,chembl26.sdf.gz
CC12CCC(=O)C=C1c1c(cc(OCC(=O)O)c(Cl)c1Cl)C2,3.75,chembl26.sdf.gz
CCC12CCC(=O)C=C1c1c(cc(OCc3nn[nH]n3)c(Cl)c1Cl)C2,3.72,chembl26.sdf.gz
CCCC12CCC(=O)C=C1c1c(cc(SCC(=O)O)c(Cl)c1Cl)C2,4.7,chembl26.sdf.gz
C=CC12CCC(=O)C=C1c1c(cc(OCC(=O)O)c(Cl)c1Cl)C2,3.5,chembl26.sdf.gz
CCC12C=CC(=O)C=C1c1c(cc(OCC(=O)O)c(Cl)c1Cl)C2,3.7,chembl26.sdf.gz
CCCC12CC(=O)C=C1c1c(cc(OCC(=O)O)c(Cl)c1Cl)C2,3.84,chembl26.sdf.gz
CCC12CCC(=O)C=C1c1c(cc(OCC(=O)OCCN3CCOCC3)c(Cl)c1Cl)C2,5.08,chembl26.sdf.gz
CCC12CCC(=O)C=C1c1c(cc(OCCCC(=O)O)c(Cl)c1Cl)C2,3.7,chembl26.sdf.gz
CCCC12CCC(=O)C=C1c1ccc(OCC(=O)O)cc1C2,4.05,chembl26.sdf.gz
CCCC12CCC(=O)C=C1c1c(cc(OCC(=O)NCCN(C)C)c(Cl)c1Cl)C2,7.7,chembl26.sdf.gz
CCC12CCC(=O)C=C1c1c(cc(OCC(=O)OCC(=O)O)c(Cl)c1Cl)C2,3.8,chembl26.sdf.gz
CC(=O)CC(c1ccccc1)c1c(S)c2ccccc2oc1=O,6.6,chembl26.sdf.gz
c1ccc(-c2ccc3ccn4ccnc4c3n2)cc1,1.96,chembl26.sdf.gz
COc1ccc2c(c1)N(CCCN(C)C)c1ccccc1S2,9.41,chembl26.sdf.gz
CN(C)CCCN1c2ccccc2Sc2ccc(C#N)cc21,9.29,chembl26.sdf.gz
CN1CCN(CCCN2c3ccccc3Sc3ccccc32)CC1,8.1,chembl26.sdf.gz
CCCC(=O)c1ccc2c(c1)N(CCCN1CCN(C)CC1)c1ccccc1S2,8.1,chembl26.sdf.gz
CC(CN1CCN(CCOCCO)CC1)CN1c2ccccc2Sc2ccccc21,8.0,chembl26.sdf.gz
FC(F)(F)c1ccc(Nc2ncnc3cc(-c4ncccc4C(F)(F)F)ccc23)cc1,4.54,chembl26.sdf.gz
FC(F)(F)c1ccc(Nc2ncnc3cc(-c4ncccc4C(F)(F)F)ccc23)cn1,3.48,chembl26.sdf.gz
FC(F)(F)c1ccc(Nc2ncnc3cc(-c4ncccc4C(F)(F)F)ccc23)nc1,3.26,chembl26.sdf.gz
FC(F)(F)c1ccc(Nc2nc(CCCN3CCOCC3)nc3cc(-c4ncccc4C(F)(F)F)ccc23)cc1,7.86,chembl26.sdf.gz
CN1CCN(Cc2nc(Nc3ccc(C(F)(F)F)cc3)c3ccc(-c4ncccc4C(F)(F)F)cc3n2)CC1,7.68,chembl26.sdf.gz
CC1CN(Cc2nc(Nc3ccc(C(F)(F)F)cc3)c3ccc(-c4ncccc4C(F)(F)F)cc3n2)CC(C)O1,7.51,chembl26.sdf.gz
COCc1nc(Nc2ccc(C(F)(F)F)cc2)c2ccc(-c3ncccc3C(F)(F)F)cc2n1,3.7,chembl26.sdf.gz
CS(=O)(=O)[O-].C[n+]1ccccc1C=NO,7.8,chembl26.sdf.gz
O/N=C/c1ccns1,8.6,chembl26.sdf.gz
O/N=C/C(F)(F)F,8.9,chembl26.sdf.gz
N[C@@H]1C[C@H]1c1ccccc1.N[C@H]1C[C@@H]1c1ccccc1,8.2,chembl26.sdf.gz
CCn1nc(C(=O)O)c(=O)c2cc3c(cc21)OCO3,4.7,chembl26.sdf.gz
CS(=O)(=O)NC(=O)c1ccc(-c2c3c([nH]c(=O)c2C#N)-c2ccccc2OC3)cc1,3.9,chembl26.sdf.gz
N#Cc1c(-c2ccc(C(=O)NS(=O)(=O)c3ccccc3)cc2)c2c([nH]c1=O)-c1ccccc1OC2,5.0,chembl26.sdf.gz
CC(C)c1ccc(COc2cccc3c2CCc2c-3[nH]c(=O)c(C#N)c2-c2ccc(C(=O)O)cc2)cc1,4.4,chembl26.sdf.gz
N#Cc1c(-c2ccc(C(=O)O)cc2)c2c([nH]c1=O)-c1cccc(-c3cn[nH]c3)c1CC2,4.4,chembl26.sdf.gz
COc1cccc2c1CCc1c-2[nH]c(=O)c(C#N)c1-c1ccc(C(=O)O)cc1,4.4,chembl26.sdf.gz
N#Cc1c(-c2ccc(C(=O)O)cc2)c2c([nH]c1=O)-c1cccc(O)c1CC2,4.4,chembl26.sdf.gz
O=C1[C@H](N2CCC(c3ccc(O)cc3)CC2)CCN1Cc1ccc(F)cc1,6.8,chembl26.sdf.gz
Cc1ccc(CN2CC[C@@H](N3CC[C@@H](c4ccc(O)cc4)[C@H](F)C3)C2=O)cc1,4.4,chembl26.sdf.gz
CSc1nc(N)c2ncn([C@@H]3O[C@H](COP(=O)(O)OP(=O)(O)C(F)(F)P(=O)(O)O)[C@@H](O)[C@H]3O)c2n1,7.0,chembl26.sdf.gz
CSc1nc(N)c2ncn([C@@H]3O[C@H](COP(=O)(O)OP(=O)(O)C(Cl)(Cl)P(=O)(O)O)[C@@H](O)[C@H]3O)c2n1,7.0,chembl26.sdf.gz
BP(=O)(OC[C@H]1O[C@@H](n2cnc3c(N)nc(SC)nc32)[C@H](O)[C@@H]1O)OP(=O)(O)C(F)(F)P(=O)(O)O,7.0,chembl26.sdf.gz
BP(=O)(OC[C@H]1O[C@@H](n2cnc3c(N)ncnc32)[C@H](O)[C@@H]1O)OP(=O)(O)C(Cl)(Cl)P(=O)(O)O,7.0,chembl26.sdf.gz
BP(=O)(OC[C@H]1O[C@@H](n2cnc3c(N)nc(SC)nc32)[C@H](O)[C@@H]1O)OP(=O)(O)C(Cl)(Cl)P(=O)(O)O,7.0,chembl26.sdf.gz
CSc1nc(N)c2ncn([C@@H]3O[C@H](COP(=O)(O)C(F)(F)P(=O)(O)O)[C@@H](O)[C@H]3O)c2n1,7.0,chembl26.sdf.gz
CSc1nc(N)c2ncn([C@@H]3O[C@H](COP(=O)(O)C(Cl)(Cl)P(=O)(O)O)[C@@H](O)[C@H]3O)c2n1,7.0,chembl26.sdf.gz
BP(=O)(OC[C@H]1O[C@@H](n2cnc3c(N)ncnc32)[C@H](O)[C@@H]1O)OP(=O)(O)CP(=O)(O)O,8.4,chembl26.sdf.gz
BP(=O)(OC[C@H]1O[C@@H](n2cnc3c(N)nc(SC)nc32)[C@H](O)[C@@H]1O)OP(=O)(O)CP(=O)(O)O,8.4,chembl26.sdf.gz
O=C(/C=C/c1ccc(CNCCc2c[nH]c3ccccc23)cc1)NO,7.65,chembl26.sdf.gz
Cc1[nH]c2ccccc2c1CCN(Cc1ccc(/C=C/C(=O)NO)cc1)CC(F)F,4.65,chembl26.sdf.gz
O=C(/C=C/c1ccc(CN(CCc2c[nH]c3ccccc23)CC(F)(F)F)cc1)NO,3.2,chembl26.sdf.gz
CCCN(CCc1c[nH]c2ccccc12)Cc1ccc(/C=C/C(=O)NO)cc1,7.9,chembl26.sdf.gz
Cc1[nH]c2ccccc2c1CCN(CCC(F)F)Cc1ccc(/C=C/C(=O)NO)cc1,5.8,chembl26.sdf.gz
O=C(/C=C/c1ccc(CN(CCc2c[nH]c3ccccc23)CCC(F)(F)F)cc1)NO,4.75,chembl26.sdf.gz
O=C(/C=C/c1ccc(CN(CCO)CCc2c[nH]c3ccccc23)cc1)NO,7.5,chembl26.sdf.gz
Cc1ccc(OCCN2CCN(C(=O)c3cccs3)CC2)cc1,6.4,chembl26.sdf.gz
O=C(c1cccs1)N1CCN(CCOc2ccc(Cl)cc2)CC1,6.35,chembl26.sdf.gz
O=C(c1cccs1)N1CCN(CCOc2ccc(Cl)cc2Cl)CC1,5.23,chembl26.sdf.gz
Cc1ccccc1OCCN1CCN(CC(=O)Nc2nccs2)CC1,7.11,chembl26.sdf.gz
O=C(CN1CCN(CCOc2ccc(OC(F)(F)F)cc2)CC1)Nc1nccs1,6.74,chembl26.sdf.gz
N#Cc1ccc(OCCN2CCN(CC(=O)Nc3nccs3)CC2)cc1,6.37,chembl26.sdf.gz
OB1OCc2ccccc21,7.2,chembl26.sdf.gz
OB1OCCc2ccccc21,8.4,chembl26.sdf.gz
CC(=O)NC(=N)N,7.6,chembl26.sdf.gz
Clc1ccc2c(c1)NC1C=CC=C3C=CN=C2C31,4.5,chembl26.sdf.gz
CCOc1ccc2c3c(nccc13)-c1ccc(N)cc1N2,5.3,chembl26.sdf.gz
COc1ccc2ccc(S(=O)(=O)NC3CCN(Cc4ccc5nc(N)ccc5c4)C3=O)cc2c1,7.3,chembl26.sdf.gz
COc1ccc2ccc(S(=O)(=O)N[C@H]3CCN(Cc4ccc5ccnc(N)c5c4)C3=O)cc2c1,7.6,chembl26.sdf.gz
COc1ccc2ccc(S(=O)(=O)N[C@H]3CCN(Cc4cccc(C(=N)N)c4)C3=O)cc2c1,11.6,chembl26.sdf.gz
COc1ccc2ccc(S(=O)(=O)NC3CCN(Cc4ccc5ccc(N)nc5c4)C3=O)cc2c1,7.3,chembl26.sdf.gz
COc1ccc2[nH]c([S@@+]([O-])Cc3ncc(C)c(OC)c3C)nc2c1,4.0,chembl26.sdf.gz
COCCCOc1ccnc(C[S+]([O-])c2nc3ccccc3[nH]2)c1C,5.0,chembl26.sdf.gz
CC(C)[C@H](N)C(=O)N[C@H](C(=O)N[C@@H](Cc1ccc(O)cc1)C(=O)N1CCC[C@H]1C(=O)N[C@@H](Cc1c[nH]c2ccccc12)C(=O)N[C@H](C(=O)N[C@H](CCCN)C(N)=O)[C@@H](C)O)C(C)C,7.83,chembl26.sdf.gz
CC(C)[C@H](N)C(=O)N[C@H](C(=O)N[C@@H](Cc1ccc(O)cc1)C(=O)N1CCC[C@H]1C(=O)N[C@@H](Cc1c[nH]c2ccccc12)C(=O)N[C@H](C(=O)N[C@H](CCN)C(N)=O)[C@@H](C)O)C(C)C,8.12,chembl26.sdf.gz
CC(C)[C@H](N)C(=O)N[C@H](C(=O)N[C@@H](Cc1ccc(O)cc1)C(=O)N1CCC[C@H]1C(=O)N[C@@H](Cc1c[nH]c2ccccc12)C(=O)N[C@H](C(=O)N[C@H](CN)C(N)=O)[C@@H](C)O)C(C)C,9.23,chembl26.sdf.gz
CC(C)[C@H](N)C(=O)N[C@H](C(=O)N[C@@H](Cc1ccc(O)cc1)C(=O)N1CCC[C@H]1C(=O)N[C@@H](Cc1c[nH]c2ccccc12)C(=O)N[C@H](C(=O)N[C@@H](CCC(N)=O)C(N)=O)[C@@H](C)O)C(C)C,7.13,chembl26.sdf.gz
CC(C)[C@H](NC(=O)[C@@H](NC(=O)C(C)(C)N)C(C)C)C(=O)N[C@@H](Cc1ccc(O)cc1)C(=O)N1CCC[C@H]1C(=O)N[C@@H](Cc1c[nH]c2ccccc12)C(=O)N[C@H](C(=O)N[C@@H](CCC(N)=O)C(N)=O)[C@@H](C)O,8.17,chembl26.sdf.gz
CC[C@H](C)[C@@H](N)C(=O)N[C@H](C(=O)N[C@H](C(=O)N[C@@H](Cc1ccc(O)cc1)C(=O)N1CCC[C@H]1C(=O)N[C@@H](Cc1c[nH]c2ccccc12)C(=O)N[C@H](C(=O)N[C@@H](CCC(N)=O)C(N)=O)[C@@H](C)O)C(C)C)C(C)C,8.01,chembl26.sdf.gz
CC(C)[C@H](N)C(=O)N[C@H](C(=O)N[C@@H](Cc1ccc(O)cc1)C(=O)N1CCC[C@H]1C(=O)N[C@@H](Cc1c[nH]c2ccccc12)C(=O)N[C@H](C(=O)N[C@H](CCCCN)C(N)=O)[C@@H](C)O)C(C)C,8.24,chembl26.sdf.gz
COCCOc1ccn2c(-c3ccc4cccc(O[C@@H]5CCNC[C@H]5F)c4n3)cnc2c1,7.4,chembl26.sdf.gz
COCCOc1ccn2c(-c3ccc4cccc(O[C@@H]5CCNC[C@@H]5F)c4n3)cnc2c1,7.5,chembl26.sdf.gz
COCCOc1ccn2c(-c3ccc4cccc(OC5CCNCC5)c4n3)cnc2c1,9.3,chembl26.sdf.gz
Cc1cnc(CN2C[C@@H](C)[C@H](c3nc4c(cnn4C4CCOCC4)c(=O)n3C)C2)cn1,6.8,chembl26.sdf.gz
Cc1cnc(CN2C[C@@H](C)[C@](F)(c3nc4c(cnn4C4CCOCC4)c(=O)n3C)C2)cn1,5.2,chembl26.sdf.gz
Cc1ncc(CN2CC(c3nc4c(cnn4C4CCOCC4)c(=O)n3C)[C@H](C)C2)cn1,6.4,chembl26.sdf.gz
Cc1ncc(CN2C[C@@H](C)[C@](F)(c3nc4c(cnn4C4CCOCC4)c(=O)n3C)C2)cn1,4.9,chembl26.sdf.gz
Cn1ccc(=N)cc1,12.5,chembl26.sdf.gz
Cn1ccc(=N)c2ccccc21,12.4,chembl26.sdf.gz
COc1cc(OC2CCN(C)CC2)c2c(Nc3c(Cl)ccc4c3OCO4)ncnc2c1,8.2,chembl26.sdf.gz
Clc1ccc2c(c1Nc1ncnc3cc(OCCCN4CCCC4)cc(OC4CCOCC4)c13)OCO2,9.5,chembl26.sdf.gz
Clc1ccc2c(c1Nc1ncnc3cc(OCCc4ccncc4)cc(OC4CCOCC4)c13)OCO2,6.4,chembl26.sdf.gz
CC(C)Oc1cc(OCCN2CCOCC2)cc2ncnc(Nc3c(Cl)ccc4c3OCO4)c12,6.5,chembl26.sdf.gz
CN1CCN(CCOc2cc(OC3CCOCC3)c3c(Nc4c(Cl)ccc5c4OCO5)ncnc3c2)CC1,7.98,chembl26.sdf.gz
COc1ccc(Cl)c(Nc2ncnc3cc(OCC4CCN(C)CC4)c(OC)cc23)c1,9.0,chembl26.sdf.gz
Cc1ccc([C@H](C)C(=O)O)cc2c(C)ccc1-2,4.14,chembl26.sdf.gz
CC(C)Cc1ccc([C@H](C)C(=O)O)cc1,5.2,chembl26.sdf.gz
CC#C[C@@H](CC(=O)O)c1ccc(OCc2ccc3nc(-c4c(C)cccc4C)nn3c2)cc1,4.3,chembl26.sdf.gz
CC#C[C@@H](CC(=O)O)c1ccc(OCc2ccc(CN3CCC4(C=Cc5ccccc54)CC3)cc2)cc1,4.1,chembl26.sdf.gz
CC#C[C@@H](CC(=O)O)c1ccc(OCc2ccc(N3CCC4(CCc5ccccc54)CC3)s2)cc1,3.4,chembl26.sdf.gz
CC#C[C@@H](CC(=O)O)c1ccc(OCc2ccc(CN3CCCc4cccc(OC)c43)s2)cc1,3.4,chembl26.sdf.gz
C[C@@](Cc1c[nH]c2ccccc12)(NC(=O)OC1C2CC3CC(C2)CC1C3)C(=O)NC[C@H](NC(=O)CCC(=O)O)c1ccccc1,5.6,chembl26.sdf.gz
C[C@](Cc1c[nH]c2ccccc12)(NC(=O)OC1C2CC3CC(C2)CC1C3)C(=O)NC[C@H](NC(=O)CCC(=O)Nc1nn[nH]n1)c1ccccc1,5.2,chembl26.sdf.gz
C[C@](Cc1c[nH]c2ccccc12)(NC(=O)OC1C2CC3CC(C2)CC1C3)C(=O)NC[C@H](NC(=O)CCc1nnn[nH]1)c1ccccc1,5.4,chembl26.sdf.gz
NS(=O)(=O)c1cc2cc(CN3CCOCC3)sc2o1,9.2,chembl26.sdf.gz
CCOCCNCc1cc2cc(S(N)(=O)=O)oc2s1,8.9,chembl26.sdf.gz
COCCNCc1cc2cc(S(N)(=O)=O)oc2s1,9.05,chembl26.sdf.gz
Nc1cc(C2CCNCC2)cc(NC2CCCC2)n1,6.1,chembl26.sdf.gz
Nc1nc(NC2CCCC2)cc(C2CCNCC2)n1,6.1,chembl26.sdf.gz
Nc1nc(C2CCCC2)cc(C2CCNCC2)n1,4.5,chembl26.sdf.gz
Nc1nc(C2CCCC2)cc(N2CCNCC2)n1,7.9,chembl26.sdf.gz
CN[C@@H]1CCN(c2ccnc(NC(C)C)c2)C1,6.6,chembl26.sdf.gz
CN[C@@H]1CCN(c2cc(N)nc(NC(C)C)c2)C1,6.5,chembl26.sdf.gz
CN[C@@H]1CCN(c2ccnc(NC(C)C)n2)C1,6.4,chembl26.sdf.gz
CN[C@@H]1CCN(c2cc(N)nc(NC(C)C)n2)C1,6.3,chembl26.sdf.gz
CN[C@@H]1CCN(c2ccnc(C(C)C)n2)C1,6.5,chembl26.sdf.gz
CN[C@@H]1CCN(c2cc(N)nc(C(C)C)n2)C1,6.3,chembl26.sdf.gz
CCc1cc(N2CC[C@@H](NC)C2)nc(N)n1,6.3,chembl26.sdf.gz
Nc1cc(C2CCNCC2)cc(OC2CCCC2)n1,4.7,chembl26.sdf.gz
Nc1cc(N2CCNCC2)cc(NC2CCCC2)n1,6.5,chembl26.sdf.gz
CN[C@@H]1CCN(c2cc(C(F)(F)F)nc(N)n2)C1,3.1,chembl26.sdf.gz
CN[C@@H]1CCN(c2cc(CCl)nc(N)n2)C1,6.0,chembl26.sdf.gz
CN[C@@H]1CCN(c2cc(CF)nc(N)n2)C1,5.5,chembl26.sdf.gz
CN[C@@H]1CCN(c2cc(C(F)F)nc(N)n2)C1,4.4,chembl26.sdf.gz
CN[C@@H]1CCN(c2cc(CC(F)(F)F)nc(N)n2)C1,5.4,chembl26.sdf.gz
CN[C@@H]1CCN(c2cc(CCC(F)(F)F)nc(N)n2)C1,7.8,chembl26.sdf.gz
OB(O)c1cc2ccccc2s1,6.39,chembl26.sdf.gz
OB(O)C1=CCCS1,7.16,chembl26.sdf.gz
Nn1cn[n+](Cc2ccc3sc(B(O)O)cc3c2)c1,6.39,chembl26.sdf.gz
OB(O)c1cc2cc(Cn3ccnc3)ccc2s1,6.39,chembl26.sdf.gz
O=C(O)CNCc1ccc2sc(B(O)O)cc2c1,6.39,chembl26.sdf.gz
OB(O)c1cc2cc(CNc3ccc(N4CCOCC4)cc3)ccc2s1,6.39,chembl26.sdf.gz
O=C(O)c1cccc(NCc2ccc3sc(B(O)O)cc3c2)c1,6.39,chembl26.sdf.gz
CC(=O)c1ccc(NCc2ccc3sc(B(O)O)cc3c2)cc1,6.39,chembl26.sdf.gz
OB(O)c1cccc(NCc2ccc3sc(B(O)O)cc3c2)c1,6.39,chembl26.sdf.gz
OB(O)c1cc2cc(CN3CCNCC3)ccc2s1,6.39,chembl26.sdf.gz
OCCN(CCO)Cc1ccc2sc(B(O)O)cc2c1,6.39,chembl26.sdf.gz
COc1ccc(NCc2ccc3sc(B(O)O)cc3c2)cc1OC,6.39,chembl26.sdf.gz
OB(O)c1cc2cc(CSc3ccccc3)ccc2s1,6.39,chembl26.sdf.gz
OB(O)c1cc2cc(COCc3ccccc3)ccc2s1,6.39,chembl26.sdf.gz
OB(O)c1cc2cc(COc3ccc(Cl)c(Cl)c3)ccc2s1,6.39,chembl26.sdf.gz
OB(O)c1cc2cc(COc3ccccc3)ccc2s1,6.39,chembl26.sdf.gz
OB(O)c1cc2cc(CNc3ccc(Cl)c(Cl)c3)ccc2s1,6.39,chembl26.sdf.gz
OB(O)c1cc2cc(CNc3ccc(C(O)(C(F)(F)F)C(F)(F)F)cc3)ccc2s1,6.39,chembl26.sdf.gz
O=[N+]([O-])c1cccc(NCc2ccc3sc(B(O)O)cc3c2)c1,6.39,chembl26.sdf.gz
Nc1ccc2sc(B(O)O)cc2c1,6.39,chembl26.sdf.gz
O=CN(C=O)Cc1ccc2sc(B(O)O)cc2c1,6.39,chembl26.sdf.gz
OB(O)c1cc2cc(O)ccc2s1,6.39,chembl26.sdf.gz
OB(O)c1cc2cc(Br)ccc2s1,6.39,chembl26.sdf.gz
Cc1ccc2sc(B(O)O)cc2c1,6.39,chembl26.sdf.gz
O=CNCc1ccc2sc(B(O)O)cc2c1,6.39,chembl26.sdf.gz
c1ccc(-c2ncc[nH]2)nc1,5.36,chembl26.sdf.gz
CCS(=O)(=O)N1C[C@H](C(=O)Nc2ccc(Cl)cn2)[C@@H](C(=O)Nc2ccc(-n3ccccc3=O)cc2F)C1,2.99,chembl26.sdf.gz
O=C(Nc1ccc(Cl)cn1)[C@H]1CN(CC(F)F)C[C@@H]1C(=O)Nc1ccc(-n2ccccc2=O)cc1F,4.79,chembl26.sdf.gz
CC(C)N1C[C@H](C(=O)Nc2ccc(Cl)cn2)[C@@H](C(=O)Nc2ccc(-n3ccccc3=O)cc2F)C1,7.55,chembl26.sdf.gz
COC(=O)N1C[C@H](C(=O)Nc2ccc(Cl)cn2)[C@@H](C(=O)Nc2ccc(-n3ccccc3=O)cc2F)C1,2.75,chembl26.sdf.gz
CNC(=O)c1nc(-c2nc(-c3cnn4ccccc34)c(C)nc2N)n(C)n1,2.3,chembl26.sdf.gz
CNC(=O)c1nc(-c2nc(-c3cnc4ccccn34)c(C)nc2N)n(C)n1,6.2,chembl26.sdf.gz
COc1ccccc1N1CCN(CCCCNC(=O)c2ccc(-n3ccnc3)cc2)CC1,8.05,chembl26.sdf.gz
COc1ccccc1N1CCN(CCCCNC(=O)c2ccc3nonc3c2)CC1,7.78,chembl26.sdf.gz
COc1ccccc1N1CCN(CCCNC(=O)c2ccc(-n3ccnc3)cc2)CC1,7.53,chembl26.sdf.gz
COc1ccccc1N1CCN(CCCNC(=O)c2ccc3nonc3c2)CC1,7.43,chembl26.sdf.gz
COc1cccc(N2CCN(CCCCNC(=O)c3ccc(-n4ccnc4)cc3)CC2)c1,7.59,chembl26.sdf.gz
COc1cccc(N2CCN(CCCCNC(=O)c3ccc4nonc4c3)CC2)c1,7.44,chembl26.sdf.gz
COc1ccc(N2CCN(CCCCNC(=O)c3ccc(-n4ccnc4)cc3)CC2)cc1,7.64,chembl26.sdf.gz
COc1ccc(N2CCN(CCCCNC(=O)c3ccc4nonc4c3)CC2)cc1,7.51,chembl26.sdf.gz
O=C(NCCCCN1CCN(c2ccccc2OCCF)CC1)c1ccc(-n2ccnc2)cc1,7.74,chembl26.sdf.gz
O=C(NCCCCN1CCN(c2ccccc2OCCF)CC1)c1ccc2nonc2c1,7.78,chembl26.sdf.gz
O=C(NCCCCN1CCN(c2cccc(OCCF)c2)CC1)c1ccc(-n2ccnc2)cc1,7.56,chembl26.sdf.gz
O=C(NCCCCN1CCN(c2cccc(OCCF)c2)CC1)c1ccc2nonc2c1,7.47,chembl26.sdf.gz
COc1cc(F)cc(N2CCN(CCCCNC(=O)c3ccc(-n4ccnc4)cc3)CC2)c1,7.52,chembl26.sdf.gz
COc1cc(F)cc(N2CCN(CCCCNC(=O)c3ccc4nonc4c3)CC2)c1,7.34,chembl26.sdf.gz
CCCS(=O)(=O)n1c2c(c3cc(C(=O)N4CCC(C)CC4)ccc31)CN(C1CCOCC1)CC2,7.3,chembl26.sdf.gz
CCS(=O)(=O)n1c2c(c3cc(C(=O)N4CCC(C)CC4)ccc31)CN(C1CCOCC1)CC2,6.9,chembl26.sdf.gz
CCCS(=O)(=O)n1c2c(c3cc(C(=O)N4CCC(C)CC4)ccc31)CN(C1CCOC1)CC2,5.8,chembl26.sdf.gz
CCS(=O)(=O)n1c2c(c3cc(C(=O)N4CCC(C)CC4)ccc31)CN(C1CCOC1)CC2,5.9,chembl26.sdf.gz
NCCCCCCNS(=O)(=O)c1cccc2c(Cl)cccc12,9.0,chembl26.sdf.gz
COc1cccc(CN(CCN(CCN(C)C)Cc2ccccc2)Cc2ccccc2)c1,2.37,chembl26.sdf.gz
Oc1noc2c1CNCC2,4.3,chembl26.sdf.gz
NCCC(N)C(=O)O,4.0,chembl26.sdf.gz
Oc1onc2c1CNCC2,3.0,chembl26.sdf.gz
Oc1onc2c1CCNCC2,3.3,chembl26.sdf.gz
Oc1noc2c1CCNCC2,4.8,chembl26.sdf.gz
Oc1onc2c1CCCNC2,2.5,chembl26.sdf.gz
Oc1onc2c1CNCCC2,2.6,chembl26.sdf.gz
CN(C)Cc1cc(NS(C)(=O)=O)ccc1Oc1ccc(C(F)(F)F)cc1,9.0,chembl26.sdf.gz
CN[C@H]1CC[C@@H](c2ccc(Cl)c(Cl)c2)c2ccc(S(N)(=O)=O)cc21,8.5,chembl26.sdf.gz
Nc1ncnc2c1ncn2CCOCP(=O)(O)O,1.3,chembl26.sdf.gz
C[C@H]1[C@H](NC(=O)/C(=N\OC(C)(C)C(=O)O)c2csc(N)n2)C(=O)N1S(=O)(=O)O,2.75,chembl26.sdf.gz
Cc1nnc(SCC2=C(C(=O)O)N3C(=O)[C@@H](NC(=O)Cn4cnnn4)[C@H]3SC2)s1,2.1,chembl26.sdf.gz
C=CC1=C(C(=O)O)N2C(=O)[C@@H](NC(=O)/C(=N\OCC(=O)O)c3csc(N)n3)[C@H]2SC1,2.1,chembl26.sdf.gz
CCN1CCN(C(=O)N[C@@H](C(=O)N[C@@H]2C(=O)N3C(C(=O)O)=C(CSc4nnnn4C)CS[C@H]23)c2ccc(O)cc2)C(=O)C1=O,2.6,chembl26.sdf.gz
CO/N=C(\C(=O)N[C@@H]1C(=O)N2C(C(=O)O)=C(COC(C)=O)CS[C@H]12)c1csc(N)n1,3.75,chembl26.sdf.gz
CO/N=C(\C(=O)N[C@@H]1C(=O)N2C(C(=O)O)=C(CSc3nc(=O)c(O)nn3C)CS[C@H]12)c1csc(N)n1,2.7,chembl26.sdf.gz
Cc1ccc(S(=O)(=O)NC(=O)NN2CC3CCCC3C2)cc1,5.98,chembl26.sdf.gz
Cc1cnc(NC(=O)C2=C(O)c3ccccc3S(=O)(=O)N2C)s1,4.08,chembl26.sdf.gz
CC1(C)S[C@@H]2[C@H](NC(=O)Cc3ccccc3)C(=O)N2[C@H]1C(=O)O,2.8,chembl26.sdf.gz
CCCC(C)C1(CC)C(=O)NC(=O)NC1=O,8.1,chembl26.sdf.gz
CC[C@H](C)C(=O)O[C@H]1C[C@H](O)C=C2C=C[C@H](C)[C@H](CC[C@@H](O)C[C@@H](O)CC(=O)O)[C@H]21,4.7,chembl26.sdf.gz
CN1CCc2cccc3c2[C@H]1Cc1ccc(O)c(O)c1-3,8.92,chembl26.sdf.gz
CCC[C@@H]1C[C@@H](C(=O)N[C@@H]([C@H]2O[C@H](SC)[C@H](O)[C@@H](O)[C@H]2O)[C@@H](C)O)N(C)C1,7.65,chembl26.sdf.gz
CN(C)C(=N)NC(=N)N,11.5,chembl26.sdf.gz
Nc1cc(N2CCCCC2)nc(N)[n+]1[O-],4.6,chembl26.sdf.gz
CN1CCOC(c2ccccc2)c2ccccc2C1,9.3,chembl26.sdf.gz
CCn1cc(C(=O)O)c(=O)c2cc(F)c(N3CCNCC3)nc21,6.3,chembl26.sdf.gz
CCn1cc(C(=O)O)c(=O)c2cc(F)c(N3CCNC(C)C3)c(F)c21,5.99,chembl26.sdf.gz
O=C(O)c1cc(=O)c2c(OCC(O)COc3cccc4oc(C(=O)O)cc(=O)c34)cccc2o1,1.9,chembl26.sdf.gz
CCCCN1CCCCC1C(=O)Nc1c(C)cccc1C,8.16,chembl26.sdf.gz
COC(=O)CCc1ccc(OCC(O)CNC(C)C)cc1,9.5,chembl26.sdf.gz
CCCOC(C(=O)OC1CCN(C)CC1)(c1ccccc1)c1ccccc1,6.65,chembl26.sdf.gz
CCCN1CCCC[C@H]1C(=O)Nc1c(C)cccc1C,8.07,chembl26.sdf.gz
O=S(=O)(c1cccc(F)c1)c1ccc2c3c(oc2c1)C1(CCCOC1)NCC3,7.5,chembl26.sdf.gz
O=S(=O)(c1cccc(F)c1)c1ccc2c3c(oc2c1)C1(CCOC1)NCC3,7.5,chembl26.sdf.gz
O=S(=O)(c1cccc(F)c1)c1ccc2c3c(oc2c1)C1(CCOCC1)NCC3,7.4,chembl26.sdf.gz
COCC1(C)NCCc2c1oc1cc(S(=O)(=O)c3cccc(F)c3)ccc21,7.5,chembl26.sdf.gz
CCc1cc(N2CC[C@@H](NC)C2)ncn1,5.9,chembl26.sdf.gz
Cc1[nH]c2c(N3CCC(N)CC3)c(C#N)c(C(F)(F)F)nc2c1Cl,8.9,chembl26.sdf.gz
Cc1[nH]c2c(N3CCC(N)(C(N)=O)CC3)c(C#N)c(C(F)(F)F)nc2c1Cl,5.7,chembl26.sdf.gz
C[C@H]1COC(N)=N[C@]1(C)c1cc(NC(=O)c2ccc(C#N)cn2)ccc1F,10.4,chembl26.sdf.gz
C[C@@H]1COC(N)=N[C@]1(C)c1cc(NC(=O)c2ccc(C#N)cn2)ccc1F,9.8,chembl26.sdf.gz
C[C@]1(c2cc(NC(=O)c3ccc(C#N)cn3)ccc2F)N=C(N)O[C@@H](CF)[C@@H]1F,7.1,chembl26.sdf.gz
C[C@]1(c2cc(NC(=O)c3ccc(C#N)cn3)ccc2F)N=C(N)O[C@H](CF)[C@@H]1F,7.3,chembl26.sdf.gz
CO[C@H]1[C@@H](CF)OC(N)=N[C@]1(C)c1cc(NC(=O)c2ccc(C#N)cn2)ccc1F,7.9,chembl26.sdf.gz
COC[C@H]1OC(N)=N[C@](C)(c2cc(NC(=O)c3ccc(C#N)cn3)ccc2F)[C@H]1F,7.6,chembl26.sdf.gz
C[C@]1(c2cc(NC(=O)c3cnc(OCF)cn3)ccc2F)N=C(N)O[C@H](CF)[C@@H]1F,7.4,chembl26.sdf.gz
CC(F)(F)[C@H]1OC(N)=N[C@](C)(c2cc(NC(=O)c3cnc(OCF)cn3)ccc2F)[C@H]1F,6.5,chembl26.sdf.gz
C[C@]1(c2cc(NC(=O)c3cnc(OCF)cn3)ccc2F)N=C(N)O[C@H](C2(F)CC2)[C@@H]1F,7.2,chembl26.sdf.gz
C[C@H](F)[C@H]1OC(N)=N[C@](C)(c2cc(NC(=O)c3cnc(OCF)cn3)ccc2F)[C@H]1F,7.1,chembl26.sdf.gz
C[C@@H](F)[C@H]1OC(N)=N[C@](C)(c2cc(NC(=O)c3cnc(OCF)cn3)ccc2F)[C@H]1F,7.2,chembl26.sdf.gz
N#Cc1ccc(Nc2nc(N)nc(Oc3c(Cl)cccc3Cl)n2)cc1,1.9,chembl26.sdf.gz
N#Cc1ccc(Nc2nc(Cc3c(Cl)cccc3Cl)nc(NO)n2)cc1,2.5,chembl26.sdf.gz
Cc1cc(C#N)cc(C)c1Oc1nc(Nc2ccc(C#N)cc2)ncc1Br,2.7,chembl26.sdf.gz
Cc1cc(C#N)cc(C)c1Oc1nc(Nc2ccc(C#N)cc2)nc(CO)c1Br,2.0,chembl26.sdf.gz
O=C(O)/C=C/c1ccc(Cc2c(-c3ccccc3)c(=O)oc3cc(O)ccc23)cc1,7.7,chembl26.sdf.gz
O=C(O)/C=C/c1ccc(Cc2c(-c3ccc(OC(F)(F)F)cc3)c(=O)oc3cc(O)ccc23)cc1,8.7,chembl26.sdf.gz
Cc1cc(F)ccc1-c1c(Cc2ccc(/C=C/C(=O)O)cc2)c2ccc(O)cc2oc1=O,7.7,chembl26.sdf.gz
Cc1cc(F)ccc1-c1c(Oc2ccc(/C=C/C(=O)O)cc2)c2ccc(O)cc2oc1=O,7.1,chembl26.sdf.gz
Cc1cc(OC(F)(F)F)ccc1-c1c(Oc2ccc(/C=C/C(=O)O)cc2)c2ccc(O)cc2oc1=O,8.2,chembl26.sdf.gz
Cc1cc(F)ccc1-c1c(Cc2ccc(/C=C/C(=O)O)cc2)c2c(F)cc(O)cc2oc1=O,7.2,chembl26.sdf.gz
Cc1cc(F)ccc1-c1c(Oc2ccc(/C=C/C(=O)O)cc2)c2cc(F)c(O)cc2oc1=O,5.8,chembl26.sdf.gz
Cc1cc(F)ccc1-c1c(Oc2ccc(/C=C/C(=O)O)cc2)c2ccc(O)c(F)c2oc1=O,6.1,chembl26.sdf.gz
Cc1cc2c(Cc3ccc(/C=C/C(=O)O)cc3)c(-c3ccc(OC(F)(F)F)cc3)c(=O)oc2cc1O,7.6,chembl26.sdf.gz
Cc1c(O)ccc2c(Cc3ccc(/C=C/C(=O)O)cc3)c(-c3ccc(OC(F)(F)F)cc3)c(=O)oc12,8.5,chembl26.sdf.gz
CCCCc1cc(OC2CCN(CCS(=O)(=O)CC)CC2)c2ncccc2c1.Cl.Cl,6.5,chembl26.sdf.gz
CCCCc1cc(OC2CCN(CCCS(=O)(=O)CC)CC2)c2ncccc2c1.Cl.Cl,7.9,chembl26.sdf.gz
CCCCc1cc(OC2CCN(CCCS(=O)(=O)C(C)(C)C)CC2)c2ncccc2c1,8.0,chembl26.sdf.gz
CCCCc1cc(OC2CCN(CCCNS(=O)(=O)CC)CC2)c2ncccc2c1.Cl.Cl,8.5,chembl26.sdf.gz
CC(=O)Nc1cc(-c2cccc(N3CCOCC3)n2)nc(-n2nc(C)cc2C)n1,2.9,chembl26.sdf.gz
COC1CN(c2cccc(-c3cc(NC(C)=O)nc(-n4nc(C)cc4C)n3)n2)C1,3.4,chembl26.sdf.gz
CC(=O)Nc1cc(-c2cncc(O)c2)nc(-n2nc(C)cc2C)n1,3.5,chembl26.sdf.gz
CCC(=O)Nc1cc(-c2cncc(OC)c2)nc(-n2nc(C)cc2C)n1,3.6,chembl26.sdf.gz
COc1cncc(-c2cc(NC(=O)CN3CCOCC3)nc(-n3nc(C)cc3C)n2)c1,5.3,chembl26.sdf.gz
CC(=O)Nc1cc(-c2cccc(N3CCN(C)CC3)n2)nc(-n2nc(C)cc2C)n1,7.6,chembl26.sdf.gz
COc1c(OCC(O)CNC(=N)N)cc2oc3cc(OCC(O)CNC(=N)N)c(CC=C(C)C)c(O)c3c(=O)c2c1CC=C(C)C,12.48,chembl26.sdf.gz
COc1c(OCC(O)CN2CCCC2)cc2oc3cc(OCC(O)CN4CCCC4)c(CC=C(C)C)c(O)c3c(=O)c2c1CC=C(C)C,11.27,chembl26.sdf.gz
COc1c(OCC(O)CN2CCCCC2)cc2oc3cc(OCC(O)CN4CCCCC4)c(CC=C(C)C)c(O)c3c(=O)c2c1CC=C(C)C,11.22,chembl26.sdf.gz
COc1c(OCC(O)CN2CCNCC2)cc2oc3cc(OCC(O)CN4CCNCC4)c(CC=C(C)C)c(O)c3c(=O)c2c1CC=C(C)C,9.55,chembl26.sdf.gz
COc1c(OCC(O)CN)cc2oc3cc(OCC(O)CN)c(CC=C(C)C)c(O)c3c(=O)c2c1CC=C(C)C,10.54,chembl26.sdf.gz
COC(=O)CC1c2ccc(Cl)cc2NC(=O)C1S(=O)(=O)c1ccc([N+](=O)[O-])cc1,9.9,chembl26.sdf.gz
O=C1C=C(O)CC1,4.2,chembl26.sdf.gz
CC1=C(O)CCC1=O,4.47,chembl26.sdf.gz
O=C1C=C(O)CC1Cc1ccc(Br)cc1,3.96,chembl26.sdf.gz
CC1=C(O)CC(Cc2ccc(Br)cc2)C1=O,4.24,chembl26.sdf.gz
O=C1CCC(O)=C1Cc1ccc(Br)cc1,4.2,chembl26.sdf.gz
O=C(O)CCc1ccc(Br)cc1,4.33,chembl26.sdf.gz
Brc1ccc(Cc2nn[nH]n2)cc1,4.62,chembl26.sdf.gz
COc1ccc(NC(=O)C2=CCN(C)CC2)cc1Nc1ncc(Cl)c(-c2cnn3ccccc23)n1,7.4,chembl26.sdf.gz
COc1ccc(NC(=O)C2=CCCN(C)C2)cc1Nc1ncc(Cl)c(-c2cnn3ccccc23)n1,7.9,chembl26.sdf.gz
COc1ccc(NC(=O)/C=C/CN(C)C)cc1Nc1ncc(Cl)c(-c2cnn3ccccc23)n1,7.8,chembl26.sdf.gz
O=C(/C=N/O)Nc1ccc[n+](CC[n+]2cccc(NC(=O)/C=N/O)c2)c1.[Br-].[Br-],8.14,chembl26.sdf.gz
O=C(/C=N\O)Nc1ccc[n+](CCC[n+]2cccc(NC(=O)/C=N\O)c2)c1.[Br-].[Br-],8.17,chembl26.sdf.gz
O=C(/C=N\O)Nc1ccc[n+](CCCC[n+]2cccc(NC(=O)/C=N\O)c2)c1.[Br-].[Br-],8.16,chembl26.sdf.gz
O=C(/C=N\O)Nc1ccc[n+](CCCCC[n+]2cccc(NC(=O)/C=N\O)c2)c1.[Br-].[Br-],8.14,chembl26.sdf.gz
O=C(/C=N\O)Nc1ccc[n+](CCCCCC[n+]2cccc(NC(=O)/C=N\O)c2)c1.[Br-].[Br-],8.25,chembl26.sdf.gz
O=C(/C=N\O)Nc1ccc[n+](CCCCCCC[n+]2cccc(NC(=O)/C=N\O)c2)c1.[Br-].[Br-],8.22,chembl26.sdf.gz
O=C(/C=N/O)Nc1ccc[n+](Cc2ccccc2C[n+]2cccc(NC(=O)/C=N/O)c2)c1.[Br-].[Br-],8.1,chembl26.sdf.gz
O=C(/C=N/O)Nc1ccc[n+](Cc2cccc(C[n+]3cccc(NC(=O)/C=N/O)c3)c2)c1.[Br-].[Br-],8.23,chembl26.sdf.gz
O=C(/C=N/O)Nc1ccc[n+](Cc2ccc(C[n+]3cccc(NC(=O)/C=N/O)c3)cc2)c1.[Br-].[Br-],7.95,chembl26.sdf.gz
CS(=O)(=O)CC(=O)/C=N/O,7.46,chembl26.sdf.gz
CSCC(=O)/C=N/O,8.16,chembl26.sdf.gz
C[S+](C)CC(=O)/C=N/O.[Cl-],6.54,chembl26.sdf.gz
O=C1C(NS(=O)(=O)/C=C/c2ccc(Cl)s2)CCN1c1ccc(-n2ccnc2CN2CCOCC2)cc1F,5.75,chembl26.sdf.gz
O=C1C(NS(=O)(=O)/C=C/c2ccc(Cl)s2)CCN1c1ccc(-n2ccnc2CN2CCCC2)cc1F,7.95,chembl26.sdf.gz
CN(C)Cc1nccn1-c1ccc(N2CCC(NS(=O)(=O)/C=C/c3ccc(Cl)s3)C2=O)c(F)c1,7.26,chembl26.sdf.gz
OC(CC1c2ccccc2-c2cncn21)C1CCCCC1,6.7,chembl26.sdf.gz
O=S(=O)(NCc1cccnc1)c1ccc2ccccc2c1,4.8,chembl26.sdf.gz
N=C(N)Sc1c[nH]c2ccccc12,9.5,chembl26.sdf.gz
CCc1cccc2sc(NCCN3CCOCC3)nc12,3.1,chembl26.sdf.gz
CCNC(=O)Nc1cc2c(-c3ccnc(C)c3)ccc(CNC(=O)OC3CCNCC3(F)F)c2cn1,6.5,chembl26.sdf.gz
CCNC(=O)Nc1cc2c(-c3ccncc3)ccc(CNC(=O)OCCNCC(C)(C)C)c2cn1,8.7,chembl26.sdf.gz
CCNC(=O)Nc1cc2c(-c3ccncc3)ccc(CNC(=O)OCCNC)c2cn1,9.0,chembl26.sdf.gz
CCNC(=O)Nc1cc2c(-c3ccncc3)ccc(CNC(=O)OCCN3CCOCC3)c2cn1.Cl,6.3,chembl26.sdf.gz
CCNC(=O)Nc1cc2c(-c3ccnc(C)c3)ccc(COC(=O)N3CCNCC3)c2cn1,8.1,chembl26.sdf.gz
CCNC(=O)Nc1cc2c(-c3ccnc(C)c3)ccc(COC(=O)N3CCN(C)CC3)c2cn1,7.0,chembl26.sdf.gz
CCNC(=O)Nc1cc2c(-c3ccnc(C)c3)ccc(COC(=O)N3CCN(CC4CC4)CC3)c2cn1.Cl,7.4,chembl26.sdf.gz
CCNC(=O)Nc1cc2c(-c3ccnc(C)c3)ccc(COC(=O)NC3CCNCC3)c2cn1,9.8,chembl26.sdf.gz
CCNC(=O)Nc1cc2c(-c3ccnc(C)c3)ccc(COC(=O)N[C@@H]3CCNC[C@@H]3F)c2cn1,8.1,chembl26.sdf.gz
CCNC(=O)Nc1cc2c(-c3ccnc(C)c3)ccc(COC(=O)N[C@@H]3CCNC[C@H]3F)c2cn1,7.7,chembl26.sdf.gz
C[C@H]1SC(N)=N[C@@]2(c3ccc(F)cc3F)CO[C@@H](c3cnn(C)c3)C[C@@H]12,7.8,chembl26.sdf.gz
Cc1cc([C@H]2C[C@H]3[C@@H](C)SC(N)=N[C@@]3(c3ccc(F)cc3F)CO2)on1,7.7,chembl26.sdf.gz
Cc1coc([C@H]2C[C@H]3[C@@H](C)SC(N)=N[C@@]3(c3ccc(F)cc3F)CO2)n1,7.8,chembl26.sdf.gz
Cc1coc([C@H]2C[C@H]3[C@@H](CF)SC(N)=N[C@@]3(c3ccc(F)cc3F)CO2)n1,7.0,chembl26.sdf.gz
Cc1cc([C@H]2C[C@H]3[C@@H](CF)SC(N)=N[C@@]3(c3ccc(F)cc3F)CO2)on1,7.0,chembl26.sdf.gz
Cn1cc([C@H]2C[C@H]3[C@@H](CF)SC(N)=N[C@@]3(c3ccc(F)cc3F)CO2)cn1,7.2,chembl26.sdf.gz
O=C1[C@H](NC[C@H](O)c2ccc(F)cc2)[C@@H](c2ccc(O)cc2)N1c1ccc(F)cc1,9.35,chembl26.sdf.gz
O=C1[C@H](NC[C@@H](O)c2ccc(F)cc2)[C@@H](c2ccc(O)cc2)N1c1ccc(F)cc1,9.35,chembl26.sdf.gz
O=C(O)CN(CCN(CC(=O)O)[C@@H]1CCCC[C@H]1N(CC(=O)O)CC(=O)O)CC(=O)O,12.3,chembl26.sdf.gz
O=C(O)CN(CC(=O)O)[C@H](Cc1ccc([N+](=O)[O-])cc1)CN(CC(=O)O)[C@@H]1CCCC[C@H]1N(CC(=O)O)CC(=O)O,12.3,chembl26.sdf.gz
CC(CN(CC(=O)O)CC(Cc1ccc([N+](=O)[O-])cc1)N(CC(=O)O)CC(=O)O)N(CC(=O)O)CC(=O)O,11.31,chembl26.sdf.gz
O=C(O)CN(CCN(CC(=O)O)C(Cc1ccc([N+](=O)[O-])cc1)CN(CC(=O)O)CC(=O)O)CC(=O)O,10.75,chembl26.sdf.gz
CC(CN(CC(=O)O)CC(=O)O)N(CC(=O)O)CC(Cc1ccc([N+](=O)[O-])cc1)N(CC(=O)O)CC(=O)O,11.46,chembl26.sdf.gz
O=C(O)CN(CCN(CC(=O)O)CC(Cc1ccc([N+](=O)[O-])cc1)N(CC(=O)O)CC(=O)O)CC(=O)O,11.16,chembl26.sdf.gz
O=C(O)CN(CC(=O)O)[C@@H](Cc1ccc([N+](=O)[O-])cc1)CN(CC(=O)O)[C@@H]1CCCC[C@H]1N(CC(=O)O)CC(=O)O,12.3,chembl26.sdf.gz
COc1cc2ncnc(Nc3cccc(Cl)c3F)c2cc1CN(C)[C@H](C)C(N)=O,6.8,chembl26.sdf.gz
COCCN1CC(C(N)=O)(N(C)Cc2cc3c(Nc4cccc(Cl)c4F)ncnc3cc2OC)C1,7.1,chembl26.sdf.gz
COc1cc2ncnc(Nc3cccc(Cl)c3F)c2cc1CN(C)C1(C(N)=O)CN(C(C)C)C1,7.8,chembl26.sdf.gz
COc1cc2ncnc(Nc3cccc(Cl)c3F)c2cc1CN(C)C1(C(N)=O)CN(C)C1,7.9,chembl26.sdf.gz
COc1cc2ncnc(Nc3cccc(Cl)c3F)c2cc1CN(C)C1(C(N)=O)CCN(C(C)C)CC1,9.1,chembl26.sdf.gz
COc1cc2ncnc(Nc3cccc(Cl)c3F)c2cc1CN(C)C1(C(N)=O)CCN(C)CC1,8.3,chembl26.sdf.gz
COc1ccc2ncc(=O)n(CCN3CC[C@@H](NCc4ccc5c(n4)NC(=O)CO5)[C@H](OC)C3)c2c1,7.45,chembl26.sdf.gz
COc1ccc2ncc(=O)n(CCN3CC[C@H](NCc4cc5c(cn4)OCCO5)[C@@H](OC)C3)c2c1,7.0,chembl26.sdf.gz
CO[C@@H]1CN(CCn2c(=O)ccc3ccc(C#N)cc32)CC[C@H]1NCc1ccc2c(n1)NC(=O)CO2,7.53,chembl26.sdf.gz
CO[C@H]1CN(CCn2c(=O)ccc3ccc(C#N)cc32)CC[C@@H]1NCc1cc2c(cn1)OCCO2,7.25,chembl26.sdf.gz
COc1ccc2ncc(=O)n(CCN3CC[C@@H](NCc4ccc5c(n4)NC(=O)CO5)[C@@H](OC)C3)c2c1,8.17,chembl26.sdf.gz
COc1ccc2ncc(=O)n(CCN3CC[C@@H](NCc4cc5c(cn4)OCCO5)[C@@H](OC)C3)c2c1,8.01,chembl26.sdf.gz
CO[C@H]1CN(CCn2c(=O)ccc3ccc(C#N)cc32)CC[C@H]1NCc1cc2c(cn1)OCCO2,7.99,chembl26.sdf.gz
COc1ccc2ncc(=O)n(CCN3CC[C@@H](NCc4cc5c(cn4)OCCO5)[C@H](O)C3)c2c1,7.4,chembl26.sdf.gz
COc1ccc2ncc(=O)n(CCN3CC[C@@H](NCc4cc5c(cn4)OCCO5)[C@@H](O)C3)c2c1,7.97,chembl26.sdf.gz
N#Cc1ccc2ccc(=O)n(CCN3CC[C@H](NCc4cc5c(cn4)OCCO5)[C@H](O)C3)c2c1,8.0,chembl26.sdf.gz
COc1ccc2ncc(=O)n(CCN3CC[C@H](NCc4ccc5c(n4)NC(=O)CO5)[C@@H](F)C3)c2c1,6.86,chembl26.sdf.gz
COc1ccc2ncc(=O)n(CCN3CC[C@H](NCc4cc5c(cn4)OCCO5)[C@@H](F)C3)c2c1,6.46,chembl26.sdf.gz
N#Cc1ccc2ccc(=O)n(CCN3CC[C@H](NCc4cc5c(cn4)OCCO5)[C@@H](F)C3)c2c1,6.66,chembl26.sdf.gz
N#Cc1ccc2ccc(=O)n(CCN3CC[C@@H](NCc4ccc5c(n4)NC(=O)CO5)[C@@H](F)C3)c2c1,7.28,chembl26.sdf.gz
N#Cc1ccc2ccc(=O)n(CCN3CC[C@H](NCc4cc5c(cn4)OCCO5)[C@H](F)C3)c2c1,7.03,chembl26.sdf.gz
COc1ccc2ncc(=O)n(CCN3CCC(NCc4ccc5c(n4)NC(=O)CO5)CC3)c2c1,8.42,chembl26.sdf.gz
N#Cc1ccc2ccc(=O)n(CCN3CCC(NCc4cc5c(cn4)OCCO5)CC3)c2c1,8.27,chembl26.sdf.gz
Cc1[nH]c(/C=C2\C(=O)Nc3ccc(C(=O)N[C@H](Cc4ccccc4)C(=O)O)cc32)c(C)c1C(=O)N[C@@H](Cc1ccccc1)C(=O)O,3.0,chembl26.sdf.gz
COC(=O)[C@H](Cc1ccccc1)NC(=O)c1c(C)[nH]c(/C=C2\C(=O)Nc3ccc(C(=O)O)cc32)c1C,4.61,chembl26.sdf.gz
COC(=O)CC[C@@H](NC(=O)c1ccc2c(c1)/C(=C/c1[nH]c(C)c(C(=O)O)c1C)C(=O)N2)C(=O)OC,5.47,chembl26.sdf.gz
COC(=O)c1ccc2c(c1)/C(=C/c1[nH]c(C)c(C(=O)N[C@@H](Cc3ccccc3)C(=O)O)c1C)C(=O)N2,3.0,chembl26.sdf.gz
COC(=O)[C@@H](Cc1ccccc1)NC(=O)c1ccc2c(c1)/C(=C/c1[nH]c(C)c(C(=O)N[C@@H](Cc3ccccc3)C(=O)O)c1C)C(=O)N2,3.0,chembl26.sdf.gz
COC(=O)CC[C@H](NC(=O)c1c(C)[nH]c(/C=C2\C(=O)Nc3ccc(C(=O)N[C@H](Cc4ccccc4)C(=O)O)cc32)c1C)C(=O)OC,3.01,chembl26.sdf.gz
COC(=O)CC[C@H](NC(=O)c1ccc2c(c1)/C(=C/c1[nH]c(C)c(C(=O)N[C@@H](Cc3ccccc3)C(=O)O)c1C)C(=O)N2)C(=O)OC,3.04,chembl26.sdf.gz
Cc1[nH]c(/C=C2\C(=O)Nc3ccccc32)c(C)c1CCC(=O)O,4.1,chembl26.sdf.gz
CC(C)(CCC(CO[N+](=O)[O-])O[N+](=O)[O-])C(=O)Oc1ccccc1C(=O)O,3.69,chembl26.sdf.gz
O=C(CCCCC(CO[N+](=O)[O-])O[N+](=O)[O-])Oc1ccccc1C(=O)O,3.69,chembl26.sdf.gz
O=C(CCCC(CO[N+](=O)[O-])O[N+](=O)[O-])Oc1ccccc1C(=O)O,3.69,chembl26.sdf.gz
O=C(CCC(CO[N+](=O)[O-])O[N+](=O)[O-])Oc1ccccc1C(=O)O,3.69,chembl26.sdf.gz
O=C(CC(CO[N+](=O)[O-])O[N+](=O)[O-])Oc1ccccc1C(=O)O,3.69,chembl26.sdf.gz
CC(C)(CO[N+](=O)[O-])C(=O)Oc1ccccc1C(=O)O,3.69,chembl26.sdf.gz
O=C(CCCCCCO[N+](=O)[O-])Oc1ccccc1C(=O)O,3.69,chembl26.sdf.gz
O=C(CCCCCO[N+](=O)[O-])Oc1ccccc1C(=O)O,3.69,chembl26.sdf.gz
O=C(CCCCO[N+](=O)[O-])Oc1ccccc1C(=O)O,3.69,chembl26.sdf.gz
O=C(CCCO[N+](=O)[O-])Oc1ccccc1C(=O)O,3.69,chembl26.sdf.gz
O=C(CCO[N+](=O)[O-])Oc1ccccc1C(=O)O,3.69,chembl26.sdf.gz
O=C(NCc1ccc(OC(F)(F)F)c(Cl)c1)c1ccc(S(=O)(=O)Nc2nccs2)c(F)c1,6.4,chembl26.sdf.gz
O=C(NCc1ccc(OC(F)(F)F)c(Cl)c1)c1ccc(S(=O)(=O)Nc2ncns2)c(F)c1,3.3,chembl26.sdf.gz
O=C(NCc1ccc(OC(F)(F)F)c(Cl)c1)c1ccc(S(=O)(=O)Nc2cncnc2)c(F)c1,4.6,chembl26.sdf.gz
O=S(=O)(Nc1ncns1)c1ccc(OCc2ccc(OC(F)(F)F)c(Cl)c2)cc1,4.1,chembl26.sdf.gz
Nc1cccc(O)c1,9.9,chembl26.sdf.gz
NC(Cc1ccc(O)cc1)C(=O)O,10.1,chembl26.sdf.gz
Nc1ccccc1O,9.7,chembl26.sdf.gz
CCCCCCCCCC(=O)O,4.9,chembl26.sdf.gz
CCCCCCCCCCC(=O)O,4.9,chembl26.sdf.gz
O=[N+]([O-])c1ccc([N+](=O)[O-])c(O)c1,4.1,chembl26.sdf.gz
Cc1cc(O)cc(O)c1,9.3,chembl26.sdf.gz
CCCCCCCCCCCCC(=O)O,4.9,chembl26.sdf.gz
Nc1ccc(O)cc1,10.3,chembl26.sdf.gz
CCCCCCCCC(=O)O,4.9,chembl26.sdf.gz
CCCCCCCCCCCC(=O)O,4.9,chembl26.sdf.gz
Oc1c(Cl)c(Cl)c(Cl)c(Cl)c1Cl,5.0,chembl26.sdf.gz
O=[N+]([O-])c1cc([N+](=O)[O-])c(O)c([N+](=O)[O-])c1,0.8,chembl26.sdf.gz
Oc1c(Cl)cc(Cl)cc1Cl,6.2,chembl26.sdf.gz
Oc1c(Cl)cc(Cl)c(Cl)c1Cl,5.7,chembl26.sdf.gz
CCCCCCCC(=O)O,4.9,chembl26.sdf.gz
CCCCCCC(=O)O,4.9,chembl26.sdf.gz
C[C@](Cc1c[nH]c2ccccc12)(NC(=O)OC1C2CC3CC(C2)CC1C3)C(=O)NC[C@@H](NC(=O)CCP(C)(=O)O)c1ccccc1,3.7,chembl26.sdf.gz
C[C@](Cc1c[nH]c2ccccc12)(NC(=O)OC1C2CC3CC(C2)CC1C3)C(=O)NC[C@@H](NC(=O)CP(C)(=O)O)c1ccccc1,3.8,chembl26.sdf.gz
C[C@](Cc1c[nH]c2ccccc12)(NC(=O)OC1C2CC3CC(C2)CC1C3)C(=O)NC[C@@H](NC(=O)CCC(=O)O)c1ccccc1,5.6,chembl26.sdf.gz
C[C@@](Cc1c[nH]c2ccccc12)(NC(=O)OC1C2CC3CC(C2)CC1C3)C(=O)NC[C@@H](NC(=O)Cc1cc(O)no1)c1ccccc1,6.5,chembl26.sdf.gz
C[C@@](Cc1c[nH]c2ccccc12)(NC(=O)OC1C2CC3CC(C2)CC1C3)C(=O)NC[C@@H](NC(=O)CSc1n[nH]c(=O)[nH]1)c1ccccc1,7.7,chembl26.sdf.gz
C[C@@](Cc1c[nH]c2ccccc12)(NC(=O)OC1C2CC3CC(C2)CC1C3)C(=O)NC[C@@H](NC(=O)C[S+]([O-])c1nc[nH]n1)c1ccccc1,7.0,chembl26.sdf.gz
CCOP(=O)(O)CC(=O)N[C@H](CNC(=O)[C@@](C)(Cc1c[nH]c2ccccc12)NC(=O)OC1C2CC3CC(C2)CC1C3)c1ccccc1,6.5,chembl26.sdf.gz
C[C@](Cc1c[nH]c2ccccc12)(NC(=O)OC1C2CC3CC(C2)CC1C3)C(=O)NC[C@@H](NC(=O)CCC(=O)NC1N=NN=N1)c1ccccc1,5.2,chembl26.sdf.gz
C[C@](Cc1c[nH]c2ccccc12)(NC(=O)OC1C2CC3CC(C2)CC1C3)C(=O)NC[C@@H](NC(=O)CCP(=O)(O)O)c1ccccc1,3.4,chembl26.sdf.gz
C[C@](Cc1c[nH]c2ccccc12)(NC(=O)OC1C2CC3CC(C2)CC1C3)C(=O)NC[C@@H](NC(=O)CP(=O)(O)O)c1ccccc1,3.4,chembl26.sdf.gz
C[C@@](Cc1c[nH]c2ccccc12)(NC(=O)OC1C2CC3CC(C2)CC1C3)C(=O)NC[C@@H](NC(=O)CCn1nn[nH]c1=S)c1ccccc1,4.3,chembl26.sdf.gz
C[C@](Cc1c[nH]c2ccccc12)(NC(=O)OC1C2CC3CC(C2)CC1C3)C(=O)NC[C@@H](NC(=O)CCc1nnn[nH]1)c1ccccc1,5.4,chembl26.sdf.gz
CC(C)C[C@H](N)C(=O)NCCCS(=O)(=O)Oc1ccc(S(N)(=O)=O)cc1,8.3,chembl26.sdf.gz
CC(C)C[C@H](N)C(=O)NCCCS(=O)(=O)Oc1ccc(C(F)(F)F)cc1,8.9,chembl26.sdf.gz
CC(C)C[C@H](N)C(=O)NCCCS(=O)(=O)Oc1ccc(Cl)cc1,9.6,chembl26.sdf.gz
Cc1ccc2cccc(OS(=O)(=O)CCCNC(=O)[C@@H](N)CC(C)C)c2n1,10.9,chembl26.sdf.gz
O=C(O)c1ccccc1C(=O)O,2.95,chembl26.sdf.gz
O=C(O)c1cccc(C(=O)O)c1,3.53,chembl26.sdf.gz
O=C(O)c1ccc(C(=O)O)cc1,3.49,chembl26.sdf.gz
O=C(O)c1cc(C(=O)O)cc(C(=O)O)c1,2.98,chembl26.sdf.gz
O=C(O)c1ccc(C(=O)O)c(C(=O)O)c1,2.84,chembl26.sdf.gz
O=C(O)c1cc(C(=O)O)c(C(=O)O)cc1C(=O)O,1.87,chembl26.sdf.gz
O=C(O)c1cc(C(=O)O)c(C(=O)O)c(C(=O)O)c1C(=O)O,1.93,chembl26.sdf.gz
O=C(O)c1c(C(=O)O)c(C(=O)O)c(C(=O)O)c(C(=O)O)c1C(=O)O,1.15,chembl26.sdf.gz
O=C(O)c1ccc(O)cc1,4.57,chembl26.sdf.gz
O=C(O)c1ccccc1[N+](=O)[O-],2.19,chembl26.sdf.gz
Cc1nn(C)c(C)c1NS(=O)(=O)c1ccc(NCCC2CCN(C)CC2)nc1,9.6,chembl26.sdf.gz
Cc1nn(C)c(C)c1NS(=O)(=O)c1ccc(NCCCn2ccnc2)nc1,7.1,chembl26.sdf.gz
Cc1nn(C)c(C)c1NS(=O)(=O)c1ccc(NCCN2CCN(C)CC2)nc1,7.9,chembl26.sdf.gz
Cc1nn(C)c(C)c1NS(=O)(=O)c1ccc(NCCN2CCNCC2)nc1,9.3,chembl26.sdf.gz
CCNCc1cccnc1,8.96,chembl26.sdf.gz
CCCNCc1cccnc1,8.38,chembl26.sdf.gz
CC(C)NCc1cccnc1,8.46,chembl26.sdf.gz
CCCCNCc1cccnc1,8.66,chembl26.sdf.gz
CNCc1cccnc1,8.3,chembl26.sdf.gz
c1cncc(C2=NCCC2)c1,5.23,chembl26.sdf.gz
C1=C(c2cccnc2)NCC1,7.21,chembl26.sdf.gz
c1cncc([C@@H]2CCCCN2)c1,8.48,chembl26.sdf.gz
c1cncc(C2CCCN2)c1,8.76,chembl26.sdf.gz
CCN(CC)Cc1ccncc1,7.96,chembl26.sdf.gz
CCN(CC)Cc1ccccn1,8.42,chembl26.sdf.gz
c1cncc(CN2CCOCC2)c1,5.76,chembl26.sdf.gz
c1cncc(CN2CCCCC2)c1,8.16,chembl26.sdf.gz
c1cncc(CN2CCCC2)c1,8.11,chembl26.sdf.gz
CCCCN(CCCC)Cc1cccnc1,8.08,chembl26.sdf.gz
CCCN(CCC)Cc1cccnc1,8.13,chembl26.sdf.gz
CCN(CC)Cc1cccnc1,8.12,chembl26.sdf.gz
CN(C)Cc1cccnc1,7.76,chembl26.sdf.gz
COc1ccc(CCNCC(O)COc2ccc(-c3nccn3C)cc2)cc1OC.Cl.Cl,6.7,chembl26.sdf.gz
COc1ccc(CCNCC(O)COc2ccc(-c3nc(C(N)=O)c[nH]3)cc2)cc1OC,3.6,chembl26.sdf.gz
OC(CNCCc1ccncc1)COc1ccc(-c2nc(-c3cccs3)c[nH]2)cc1,3.8,chembl26.sdf.gz
COc1ccc(CCNC[C@H](O)COc2ccc(Cc3nc(C(C)=O)c[nH]3)cc2)cc1OC,3.95,chembl26.sdf.gz
CC(C)NCC(O)COc1ccc(-c2ncc[nH]2)cc1,5.65,chembl26.sdf.gz
COc1ccc(CCNCC(O)COc2ccc(-c3nc(C(C)(C)C)c[nH]3)cc2)cc1OC,6.2,chembl26.sdf.gz
COCCc1c[nH]c(-c2ccc(OCC(O)CNCCc3ccc(OC)c(OC)c3)cc2)n1,5.9,chembl26.sdf.gz
COc1ccc(CCNCC(O)COc2ccc(-c3nc(-c4cccs4)c[nH]3)cc2C)cc1OC,4.55,chembl26.sdf.gz
COc1ccc(CCNCC(O)COc2ccc(OCc3ncc[nH]3)cc2)cc1OC,5.2,chembl26.sdf.gz
COc1ccc(CCNCC(O)COc2ccc(-c3nc(Br)c[nH]3)cc2)cc1OC,3.65,chembl26.sdf.gz
COc1ccc(CCNCC(O)COc2ccc(-c3nc(-c4cccs4)c[nH]3)cc2Cl)cc1OC,4.02,chembl26.sdf.gz
COc1ccc(CCNCC(O)COc2ccc(CCc3nc(-c4cccs4)c[nH]3)cc2)cc1OC,5.45,chembl26.sdf.gz
COc1ccc(CCNCC(O)COc2ccc(COCc3ncc[nH]3)cc2)cc1OC,5.5,chembl26.sdf.gz
COc1ccc(CCNCC(O)COc2ccc(-c3nc(C)c[nH]3)cc2OC)cc1OC,6.35,chembl26.sdf.gz
CC(C)NCC(O)COc1ccc(-c2nc(C(C)C)c[nH]2)cc1,6.32,chembl26.sdf.gz
COc1ccc(CCNCC(O)COc2ccc(-c3nc(C(C)=O)c(C)[nH]3)cc2)cc1OC,4.0,chembl26.sdf.gz
COc1ccc(CCNC[C@H](O)COc2ccc(-c3nc(C(C)(C)C)c[nH]3)cc2)cc1OC,6.42,chembl26.sdf.gz
CC(C)NCC(O)COc1ccc(Cc2nc(Br)c[nH]2)cc1,3.75,chembl26.sdf.gz
COc1ccc(CCNC[C@H](O)COc2ccc(-c3nc(C(C)=O)c[nH]3)cc2)cc1OC,3.6,chembl26.sdf.gz
CCOC(=O)c1c[nH]c(-c2ccc(OCC(O)CNCCc3ccc(OC)c(OC)c3)cc2)n1,3.8,chembl26.sdf.gz
CCCNCC(O)COc1ccc(-c2nc(-c3cccs3)c[nH]2)cc1,4.79,chembl26.sdf.gz
COc1ccc(CCNCC(O)COc2ccc(Cc3nc(-c4cccs4)c[nH]3)cc2)cc1OC,4.99,chembl26.sdf.gz
COc1ccc(CCNCC(O)COc2ccc(-c3nc(Cl)c[nH]3)cc2)cc1OC,3.48,chembl26.sdf.gz
COc1ccc(CCNCC(O)COc2ccc(-c3nc(C)c(Cl)[nH]3)cc2)cc1OC,3.62,chembl26.sdf.gz
COc1ccc(CCNCC(O)COc2ccc(-c3nc(CN4CCOCC4)c[nH]3)cc2)cc1OC,3.54,chembl26.sdf.gz
COCc1[nH]c(-c2ccc(OCC(O)CNCCc3ccc(OC)c(OC)c3)cc2)nc1C,4.92,chembl26.sdf.gz
CCCCNC(=O)NCCNCC(O)COc1ccc(-c2nc(C)c[nH]2)cc1,3.6,chembl26.sdf.gz
CC(C)(C)NCC(O)COc1ccc(Cc2nc(-c3cccs3)c[nH]2)cc1,6.65,chembl26.sdf.gz
COc1ccc(CCNCC(O)COc2ccc(Cc3nc(C)c[nH]3)cc2)cc1OC,7.01,chembl26.sdf.gz
COc1ccc(CCNCC(O)COc2ccc(CCc3nc(Br)c[nH]3)cc2)cc1OC,3.65,chembl26.sdf.gz
Cc1c[nH]c(Cc2ccc(OCC(O)CNC(C)(C)C)cc2)n1,6.93,chembl26.sdf.gz
COc1ccc(CCNCC(O)COc2ccc(-c3nc(C)c[nH]3)cc2Br)cc1OC,5.7,chembl26.sdf.gz
CCOCc1c[nH]c(-c2ccc(OCC(O)CNCCc3ccc(OC)c(OC)c3)cc2)n1,5.25,chembl26.sdf.gz
COc1ccc(CCNCC(O)COc2ccc(-c3nc(C)c(C)[nH]3)cc2)cc1OC,6.72,chembl26.sdf.gz
COc1ccc(CCNCC(O)COc2ccc(-c3nc(Br)c(C)[nH]3)cc2)cc1OC,5.8,chembl26.sdf.gz
O=C(NCCNCC(O)COc1ccc(-c2ncc[nH]2)cc1)Nc1ccccc1,5.75,chembl26.sdf.gz
CC(C)NCC(O)COc1ccc(-c2nc(-c3cccs3)c[nH]2)cc1,4.9,chembl26.sdf.gz
CCOCCNCC(O)COc1ccc(-c2nc(-c3cccs3)c[nH]2)cc1,4.5,chembl26.sdf.gz
CCOCCNC[C@H](O)COc1ccc(-c2nc(-c3cccs3)c[nH]2)cc1,4.6,chembl26.sdf.gz
COc1ccc(CCNCC(O)COc2ccc(-c3nc(C(C)C)c[nH]3)cc2)cc1OC,6.78,chembl26.sdf.gz
COc1ccc(CCNCC(O)COc2ccc(-c3ncco3)cc2)cc1OC,8.4,chembl26.sdf.gz
COCc1c[nH]c(-c2ccc(OCC(O)CNCCc3ccc(OC)c(OC)c3)cc2)n1,5.64,chembl26.sdf.gz
COc1ccc(CCNCC(O)COc2ccc(-c3nc(Br)c[nH]3)cc2Cl)cc1OC,3.3,chembl26.sdf.gz
COc1ccc(CCNCC(O)COc2ccc(-c3nc(CO)c[nH]3)cc2)cc1OC,5.55,chembl26.sdf.gz
CNS(=O)(=O)c1nnc(NC(C)=O)s1,7.52,chembl26.sdf.gz
O=C(c1ccc(F)c(O)c1)c1cccc(-c2ccc(O)c(F)c2)n1,7.8,chembl26.sdf.gz
O=C(c1cccc(O)c1)c1cccc(-c2ccc(O)c(F)c2)n1,8.8,chembl26.sdf.gz
CCN(CC)Cc1cc(Nc2ccnc3cc(Cl)ccc23)cc(F)c1O,3.96,chembl26.sdf.gz
CCN(CC)Cc1c(O)cc(F)c(Nc2ccnc3cc(Cl)ccc23)c1F,2.59,chembl26.sdf.gz
CCN(CC)Cc1cc(Nc2ccnc3cc(Cl)ccc23)c(F)c(F)c1O,3.42,chembl26.sdf.gz
CCN(CC)Cc1c(O)c(F)c(F)c(Nc2ccnc3cc(Cl)ccc23)c1F,2.17,chembl26.sdf.gz
CCN(CC)Cc1cc(Nc2ccnc3cc(Cl)ccc23)ccc1F,4.39,chembl26.sdf.gz
Cc1nnc(/C=N/O)s1,8.4,chembl26.sdf.gz
Cc1nsc(/C=N/O)n1,6.97,chembl26.sdf.gz
O/N=C/c1cnns1,7.64,chembl26.sdf.gz
CC(C)C[C@H](O)[C@H](O)[C@@H](N)CC1CCCCC1,9.3,chembl26.sdf.gz
CC(C)C[C@H](O)[C@H](O)[C@H](CC1CCCCC1)NC(=O)[C@H](Cc1csc(N)n1)NC(=O)[C@H](Cc1ccccc1)NS(=O)(=O)N1CCOCC1,6.3,chembl26.sdf.gz
NC(/C=C\F)CCC(=O)O,9.35,chembl26.sdf.gz
C=C(F)C(N)CCC(=O)O,8.32,chembl26.sdf.gz
C#CC(N)CCC(=O)O,8.2,chembl26.sdf.gz
NC(CCC(=O)O)C(F)=C(F)F,7.87,chembl26.sdf.gz
NC(C=C(F)F)CCC(=O)O,9.32,chembl26.sdf.gz
C=CC(N)CCC(=O)O,9.5,chembl26.sdf.gz
COc1ccc(Nc2nc(Cl)cn([C@H](C)C3CC3)c2=O)c(C)n1,3.2,chembl26.sdf.gz
CCOC(=O)c1c(C)n(Cc2ccccc2)c2ccc(OCCCNCc3ccc(Oc4nnnn4-c4ccccc4)c(OC)c3)cc12,7.21,chembl26.sdf.gz
CCOC(=O)c1c(C)n(Cc2ccccc2)c2ccc(OCCCCNCc3ccc(Oc4nnnn4-c4ccccc4)c(OC)c3)cc12,8.2,chembl26.sdf.gz
CN(C)c1ccc2c(c1)Sc1cc(N(C)C)ccc1N2,4.5,chembl26.sdf.gz
Nc1ncnc2c1ncn2[C@@H]1O[C@H](COP(=O)(O)OP(=O)(O)CP(=O)(O)O)[C@@H](O)[C@H]1O,8.4,chembl26.sdf.gz
Nc1ncnc2c1ncn2[C@@H]1O[C@H](COP(=O)(O)OP(=O)(O)C(F)(F)P(=O)(O)O)[C@@H](O)[C@H]1O,6.7,chembl26.sdf.gz
Nc1ncnc2c1ncn2[C@@H]1O[C@H](COP(=O)(O)OP(=O)(O)NP(=O)(O)O)[C@@H](O)[C@H]1O,7.7,chembl26.sdf.gz
Nc1ncnc2c1ncn2C1O[C@H](COP(=O)(O)OP(=O)(O)C[As](=O)(O)O)[C@@H](O)[C@H]1O,9.0,chembl26.sdf.gz
Nc1ncnc2c1ncn2[C@@H]1O[C@H](COP(=O)(O)OP(=O)(O)OP(=O)(O)O)[C@@H](O)[C@H]1O,7.1,chembl26.sdf.gz
CO[C@@]12CC[C@@]3(C[C@@H]1[C@](C)(O)C(C)(C)C)[C@H]1Cc4ccc(O)c5c4[C@@]3(CCN1CC1CC1)[C@H]2O5,9.62,chembl26.sdf.gz
CCn1cc(C(=O)O)c(=O)c2cc(F)c(N3CCN(CC(O)Cn4c([N+](=O)[O-])cnc4C)CC3)cc21,6.565,chembl26.sdf.gz
CCn1cc(C(=O)O)c(=O)c2cc(F)c(N3CCN(CC(O)Cn4c(C)nc(N5CCCC5)c4[N+](=O)[O-])CC3)cc21,6.679,chembl26.sdf.gz
CCn1cc(C(=O)O)c(=O)c2cc(F)c(N3CCN(CC(O)Cn4c(C)nc(N5CCCCC5)c4[N+](=O)[O-])CC3)cc21,6.754,chembl26.sdf.gz
CCn1cc(C(=O)O)c(=O)c2cc(F)c(N3CCN(CC(O)Cn4c(C)nc(N5CCOCC5)c4[N+](=O)[O-])CC3)cc21,6.643,chembl26.sdf.gz
Cc1ncc([N+](=O)[O-])n1CC(O)CN1CCN(c2cc3c(cc2F)c(=O)c(C(=O)O)cn3C2CC2)CC1,6.675,chembl26.sdf.gz
Cc1nc(N2CCCC2)c([N+](=O)[O-])n1CC(O)CN1CCN(c2cc3c(cc2F)c(=O)c(C(=O)O)cn3C2CC2)CC1,6.725,chembl26.sdf.gz
Cc1nc(N2CCCCC2)c([N+](=O)[O-])n1CC(O)CN1CCN(c2cc3c(cc2F)c(=O)c(C(=O)O)cn3C2CC2)CC1,6.898,chembl26.sdf.gz
Cc1nc(N2CCOCC2)c([N+](=O)[O-])n1CC(O)CN1CCN(c2cc3c(cc2F)c(=O)c(C(=O)O)cn3C2CC2)CC1,6.767,chembl26.sdf.gz
Cc1ncc([N+](=O)[O-])n1CC(O)CNC1CCN(c2c(F)cc3c(=O)c(C(=O)O)cn(C4CC4)c3c2Cl)C1,6.478,chembl26.sdf.gz
Cc1nc(N2CCCC2)c([N+](=O)[O-])n1CC(O)CNC1CCN(c2c(F)cc3c(=O)c(C(=O)O)cn(C4CC4)c3c2Cl)C1,6.541,chembl26.sdf.gz
Cc1nc(N2CCCCC2)c([N+](=O)[O-])n1CC(O)CNC1CCN(c2c(F)cc3c(=O)c(C(=O)O)cn(C4CC4)c3c2Cl)C1,6.687,chembl26.sdf.gz
Cc1nc(N2CCOCC2)c([N+](=O)[O-])n1CC(O)CNC1CCN(c2c(F)cc3c(=O)c(C(=O)O)cn(C4CC4)c3c2Cl)C1,6.565,chembl26.sdf.gz
CCON1CCN/C1=N\c1ccc(NC(=O)Nc2ccc(/N=C3\NCCN3OCC)cc2)cc1,8.27,chembl26.sdf.gz
CON1CCN/C1=N\c1ccc(NC(=O)Nc2ccc(/N=C3\NCCN3OC)cc2)cc1,7.95,chembl26.sdf.gz
O=C(Nc1ccc(NC2=NCCN2)cc1)Nc1ccc(NC2=NCCN2)cc1,10.34,chembl26.sdf.gz
CCON1CCN/C1=N/c1ccc(CCc2ccc(/N=C3\NCCN3OCC)cc2)cc1,8.01,chembl26.sdf.gz
CON1CCN/C1=N/c1ccc(CCc2ccc(/N=C3\NCCN3OC)cc2)cc1,8.01,chembl26.sdf.gz
ON1CCN/C1=N/c1ccc(CCc2ccc(/N=C3\NCCN3O)cc2)cc1,7.97,chembl26.sdf.gz
c1cc(NC2=NCCN2)ccc1CCc1ccc(NC2=NCCN2)cc1,10.71,chembl26.sdf.gz
CCON1CCN/C1=N/c1ccc(C(=O)Nc2ccc(/N=C3\NCCN3OCC)cc2)cc1,7.34,chembl26.sdf.gz
CON1CCN/C1=N/c1ccc(C(=O)Nc2ccc(/N=C3\NCCN3OC)cc2)cc1,7.27,chembl26.sdf.gz
O=C(Nc1ccc(/N=C2\NCCN2O)cc1)c1ccc(/N=C2/NCCN2O)cc1,7.43,chembl26.sdf.gz
O=C(Nc1ccc(NC2=NCCN2)cc1)c1ccc(NC2=NCCN2)cc1,9.29,chembl26.sdf.gz
Nc1ccc(CON[C@@H](CCC(=O)O)C(=O)O)cc1,3.76,chembl26.sdf.gz
NCC(=O)O,2.3,chembl26.sdf.gz
N[C@H](CCC(=O)O)C(=O)O,4.25,chembl26.sdf.gz
CC(=O)NCC(=O)O,3.6,chembl26.sdf.gz
O=C(NCc1ccccn1)C1=CCCC1C(=O)N1CCCC1,4.4,chembl26.sdf.gz
CC(C)Oc1ncc(-c2nc(-c3ccc4c(c3)CCNCC4)no2)cc1C#N,9.69,chembl26.sdf.gz
CC(C)Oc1ccc(-c2nc(-c3ccc4c(c3)CCN(C(CO)CO)C4)no2)cc1C#N,7.28,chembl26.sdf.gz
Cc1c(-c2noc(-c3ccc(OC(C)C)c(C#N)c3)n2)ccc2c1CCN(CC(=O)N[C@@H](C)CO)C2,6.07,chembl26.sdf.gz
CC(C)Oc1ccc(-c2nc(-c3cccc4c3OCCN(C(CO)CO)C4)no2)cc1C#N,6.03,chembl26.sdf.gz
c1ccc(CSc2nc[nH]n2)cc1,9.5,chembl26.sdf.gz
O=S(=O)(Cc1ccccc1)c1nc[nH]n1,6.23,chembl26.sdf.gz
[O-][S+](Cc1ccccc1)c1c[nH]nn1,6.09,chembl26.sdf.gz
[O-][S+](Cc1ccccc1)c1nc[nH]n1,7.38,chembl26.sdf.gz
NC(CCCCCS(=O)(=O)c1ccccc1O)C(=O)O,7.38,chembl26.sdf.gz
c1ccc(CSc2ncc[nH]2)cc1,11.6,chembl26.sdf.gz
NC(CCCCCSc1cc(Cl)ccc1O)C(=O)O,8.55,chembl26.sdf.gz
[O-][S+](Cc1ccccc1)c1ncc[nH]1,9.8,chembl26.sdf.gz
c1ccc(CSc2c[nH]nn2)cc1,8.2,chembl26.sdf.gz
NC(CCCCCSc1ccccc1O)C(=O)O,9.35,chembl26.sdf.gz
[O-][S+](Cc1ccccc1)c1nc(O)n[nH]1,5.2,chembl26.sdf.gz
O=S(=O)(Cc1ccccc1)c1nc(O)n[nH]1,4.79,chembl26.sdf.gz
O=S(=O)(Cc1ccccc1)c1c[nH]nn1,5.15,chembl26.sdf.gz
Cc1cc(C(=O)Nc2ccc(N3CC[C@H](N4CCC[C@@H]4C)C3)cc2C)n[nH]1,12.1,chembl26.sdf.gz
Cc1cc(N2CC[C@H](N3CCC[C@@H]3C)C2)ccc1NC(=O)c1c(C)noc1C,10.1,chembl26.sdf.gz
Cc1nc(C(=O)Nc2ccc(N3CC[C@H](N4CCC[C@@H]4C)C3)cc2C)co1,10.1,chembl26.sdf.gz
Cc1cc(C(=O)Nc2ccc(N3CC[C@H](N4CCC[C@@H]4C)C3)cc2C)on1,10.1,chembl26.sdf.gz
Cc1cc(N2CC[C@H](N3CCC[C@@H]3C)C2)ccc1NC(=O)c1cc(C)n(C)n1,10.1,chembl26.sdf.gz
Cc1cc(N2CC[C@H](N3CCC[C@@H]3C)C2)ccc1NC(=O)c1ccco1,10.1,chembl26.sdf.gz
Cc1cc(N2CC[C@H](N3CCC[C@@H]3C)C2)ccc1NC(=O)c1ccoc1,10.1,chembl26.sdf.gz
Cc1cccc(C(=O)Nc2ccc(N3CC[C@H](N4CCC[C@@H]4C)C3)cc2C)n1,10.1,chembl26.sdf.gz
Cc1cc(N2CC[C@H](N3CCC[C@@H]3C)C2)ccc1NC(=O)c1cc(F)ccc1C,10.1,chembl26.sdf.gz
Cc1nc(N2CC[C@H](N3CCC[C@@H]3C)C2)ccc1NS(=O)(=O)c1ccc(F)c(F)c1,10.0,chembl26.sdf.gz
Cc1nc(N2CC[C@H](N3CCC[C@@H]3C)C2)ccc1NC(=O)c1cccc2ccccc12,9.9,chembl26.sdf.gz
Cc1nc(N2CC[C@H](N3CCC[C@@H]3C)C2)ccc1NC(=O)Cc1ccccc1,9.9,chembl26.sdf.gz
Cc1nc(N2CC[C@H](N3CCC[C@@H]3C)C2)ccc1NC(=O)c1ccccc1,9.9,chembl26.sdf.gz
Nc1ncnc2c1ncn2[C@@H]1O[C@H](COP(=O)(O)OP(=O)(O)O)[C@@H](O)[C@H]1O,6.4,chembl26.sdf.gz
Nc1ncnc2c1ncn2[C@@H]1O[C@H](COP(O)(O)=S)[C@@H](O)[C@H]1O,7.7,chembl26.sdf.gz
Nc1ncnc2c1ncn2[C@@H]1O[C@H](COP(=O)(O)OP(=O)(O)S)[C@@H](O)[C@H]1O,5.8,chembl26.sdf.gz
Nc1ncnc2c1ncn2[C@@H]1O[C@H](COP(=O)(O)O)[C@@H](O)[C@H]1O,8.1,chembl26.sdf.gz
CCc1nc(N)nc(N)c1-c1ccc2c(c1)N(CCCOC)CCC2,8.0,chembl26.sdf.gz
COCCCOc1cc(C[C@@H](C[C@H](N)[C@@H](O)C[C@H](C(=O)NCC(C)(C)C(N)=O)C(C)C)C(C)C)ccc1OC,9.8,chembl26.sdf.gz
CCc1nc(N)nc(N)c1-c1ccc2c(c1)N(CCNC(C)=O)CCC2,8.0,chembl26.sdf.gz
CCc1nc(N)nc(N)c1-c1ccc2c(c1)N(CCCC(F)(F)F)C(=O)C(C)(c1cc(F)cc(F)c1)O2,8.0,chembl26.sdf.gz
CCc1nc(N)nc(N)c1-c1ccc(NCc2cc(F)cc(F)c2)cc1,8.0,chembl26.sdf.gz
CNCCc1nc(-c2cn(C)c3ccccc23)no1,8.8,chembl26.sdf.gz
Cn1cc(-c2noc(C3=CCCNC3)n2)c2ccccc21,7.9,chembl26.sdf.gz
CN(C)Cc1nc(-c2cn(C)c3ccccc23)no1,5.6,chembl26.sdf.gz
Cn1cc(-c2noc(CN)n2)c2ccccc21,6.4,chembl26.sdf.gz
CNCc1nc(-c2cn(C)c3ccccc23)no1,6.5,chembl26.sdf.gz
CN(C)CCc1nc(-c2cn(C)c3ccccc23)no1,7.7,chembl26.sdf.gz
CN1CC(C)(c2cccc(NC(=O)c3ccc(Cl)cn3)c2)N=C(N)C1=O,7.6,chembl26.sdf.gz
CN1CC(N)=NC(C)(c2cccc(NC(=O)c3ccc(Cl)cn3)c2)C1=O,7.8,chembl26.sdf.gz
COc1cccc(CC2CCCNC2)c1,9.9,chembl26.sdf.gz
c1cc(CC2CCCNC2)c2ccoc2c1,9.8,chembl26.sdf.gz
Nc1ncc2n1CC(Cc1cccc3c1OCO3)CC2,9.2,chembl26.sdf.gz
OCc1c(C(F)(F)F)nc2c(OCc3ccccc3)cccn12,2.0,chembl26.sdf.gz
N#CCc1c(C(F)(F)F)nc2c(OCc3ccccc3)cccn12,2.0,chembl26.sdf.gz
Cc1c(C(F)(F)F)nc2c(OCc3ccccc3)cccn12,2.0,chembl26.sdf.gz
CCc1nc2c(C)cc(C)nc2n1Cc1ccc(O)c(Cl)c1,8.7,chembl26.sdf.gz
CNCc1cn(S(=O)(=O)c2cccnc2)c(-c2cccnc2F)c1F,8.54,chembl26.sdf.gz
CNCc1cn(S(=O)(=O)c2cc(C)ccn2)c(-c2cccnc2F)c1F,8.73,chembl26.sdf.gz
Cc1ccc(NS(=O)(=O)Cc2ccccc2)c(=O)n1CC(=O)NCc1ccc2c(N)[nH]nc2c1,3.8,chembl26.sdf.gz
Cc1cnc(NC[C@@H](C)c2ccccc2)c(=O)n1CC(=O)NCc1ccc2[nH]cnc2c1,5.8,chembl26.sdf.gz
Cc1cnc(NCCc2ccccc2)c(=O)n1CC(=O)NCc1ccc2[nH]nc(O)c2c1,6.3,chembl26.sdf.gz
Cc1ccc(NS(=O)(=O)c2ccc3c(c2)CCO3)c(=O)n1CC(=O)NCc1ccc2[nH]nc(N)c2c1,3.6,chembl26.sdf.gz
Cc1cnc(NCC2(c3ccccn3)CC2)c(=O)n1CC(=O)NCc1ccc2c(N)noc2c1,8.6,chembl26.sdf.gz
Cc1cnc(NCCc2ccccc2)c(=O)n1CC(=O)NCc1ccc2nc(N)sc2c1,7.5,chembl26.sdf.gz
Cc1cnc(NCCc2ccc3c(c2)CCC3)c(=O)n1CC(=O)NCc1ccc2c(ccn2N)c1,7.4,chembl26.sdf.gz
Cc1cc2cn[nH]c2cc1CNC(=O)Cn1c(C)ccc(NS(=O)(=O)Cc2ccccc2)c1=O,4.0,chembl26.sdf.gz
COc1ccc(C2(CNc3ncc(C)n(CC(=O)NCc4ccc5[nH]nc(N)c5c4)c3=O)CC2)cc1,3.6,chembl26.sdf.gz
Cc1cnc(NCC2(c3ccc(F)cc3)CC2)c(=O)n1CC(=O)NCc1ccc2[nH]nc(N)c2c1,3.6,chembl26.sdf.gz
Cc1cnc(NCC(F)(F)c2ccccc2)c(=O)n1CC(=O)NCc1ccc2c(N)noc2c1,8.6,chembl26.sdf.gz
Cc1cnc(NCCc2ccccc2)c(=O)n1CC(=O)NCc1ccc2[nH]cnc2c1,5.8,chembl26.sdf.gz
Cc1cnc(NCC(F)(F)c2ccccc2)c(=O)n1CC(=O)NCc1ccc2[nH]nc(N)c2c1,3.6,chembl26.sdf.gz
Cc1cnc(NCC2(c3ccccc3)CCC2)c(=O)n1CC(=O)NCc1ccc2[nH]nc(O)c2c1,6.3,chembl26.sdf.gz
Cc1ccc(NS(=O)(=O)Cc2ccccc2)c(=O)n1CC(=O)NCc1ccc2[nH]nc(N)c2c1,3.6,chembl26.sdf.gz
COc1ccc(CCNc2ncc(C)n(CC(=O)NCc3ccc4[nH]cnc4c3)c2=O)cc1,5.8,chembl26.sdf.gz
COc1cccc(S(=O)(=O)Nc2cccn(CC(=O)NCc3ccc4[nH]nc(N)c4c3)c2=O)c1,3.6,chembl26.sdf.gz
Cc1nc2cc(CNC(=O)Cn3c(C)cnc(NCCc4ccccc4)c3=O)ccc2[nH]1,6.4,chembl26.sdf.gz
COc1cccc(S(=O)(=O)Nc2cccn(CC(=O)NCc3ccc4c(N)[nH]nc4c3)c2=O)c1,3.8,chembl26.sdf.gz
Cc1ccc(NS(=O)(=O)Cc2ccccc2)c(=O)n1CC(=O)NCc1ccc2c(N)noc2n1,4.7,chembl26.sdf.gz
Cc1ccc(NS(=O)(=O)Cc2ccc(Cl)cc2)c(=O)n1CC(=O)NCc1ccc2[nH]cnc2c1,5.8,chembl26.sdf.gz
Cc1cnc(NCCc2ccccc2)c(=O)n1CC(=O)NCc1ccc2[nH]nc(N)c2c1,3.6,chembl26.sdf.gz
COCCNCc1cc2cc(S(N)(=O)=O)sc2s1.Cl,7.0,chembl26.sdf.gz
COCCN(CCOC)Cc1cc2cc(S(N)(=O)=O)sc2s1.Cl,5.34,chembl26.sdf.gz
CC(C)CNCc1cc2sc(S(N)(=O)=O)cc2s1.Cl,7.6,chembl26.sdf.gz
Cl.NS(=O)(=O)c1cc2cc(CN3CCOCC3)sc2s1,5.25,chembl26.sdf.gz
COCCOCCNC(C)c1cc2cc(S(N)(=O)=O)sc2s1.Cl,7.13,chembl26.sdf.gz
CNCc1cc2cc(S(N)(=O)=O)sc2s1.Cl,8.02,chembl26.sdf.gz
Cl.NS(=O)(=O)c1cc2cc(CN(CCO)CCO)sc2s1,5.5,chembl26.sdf.gz
CNCc1cc2sc(S(N)(=O)=O)cc2s1.Cl,7.65,chembl26.sdf.gz
Cl.NS(=O)(=O)c1cc2cc(CNCCO)sc2s1,7.18,chembl26.sdf.gz
COCCOCCCNCc1cc2cc(S(N)(=O)=O)sc2s1.Cl,7.4,chembl26.sdf.gz
Cl.NS(=O)(=O)c1cc2cc(CNC(CO)CO)sc2s1,6.95,chembl26.sdf.gz
COCCNCc1cc2sc(S(N)(=O)=O)cc2s1.Cl,6.65,chembl26.sdf.gz
CC(C)CNCc1cc2cc(S(N)(=O)=O)sc2s1.Cl,7.9,chembl26.sdf.gz
COCCCNCc1cc2cc(S(N)(=O)=O)sc2s1.Cl,7.52,chembl26.sdf.gz
Cl.NS(=O)(=O)c1cc2cc(CN3CCSCC3)sc2s1,5.05,chembl26.sdf.gz
Cl.NS(=O)(=O)c1cc2cc(C(=O)NCCN3CCSCC3)sc2s1,6.03,chembl26.sdf.gz
CC(C=O)N(Cc1cc2cc(S(N)(=O)=O)sc2s1)C(C)C=O.Cl,5.75,chembl26.sdf.gz
COCCN(CCOC)Cc1cc2sc(S(N)(=O)=O)cc2s1.Cl,5.48,chembl26.sdf.gz
Cl.NS(=O)(=O)c1cc2cc(C(=O)NCCN3CCOCC3)sc2s1,5.8,chembl26.sdf.gz
NS(=O)(=O)c1cc2cc(CN3CC[S+]([O-])CC3)sc2s1,4.23,chembl26.sdf.gz
C[S+]([O-])CCNCc1cc2cc(S(N)(=O)=O)sc2s1.Cl,5.58,chembl26.sdf.gz
Cl.NS(=O)(=O)c1cc2cc(CNCC3CC3)sc2s1,7.72,chembl26.sdf.gz
CN(C)CCNC(=O)c1cc2cc(S(N)(=O)=O)sc2s1.Cl,7.48,chembl26.sdf.gz
Cl.NS(=O)(=O)c1cc2cc(CNCCCCO)sc2s1,7.7,chembl26.sdf.gz
CC(C)(C)NCc1cc2cc(S(N)(=O)=O)sc2s1.Cl,8.28,chembl26.sdf.gz
COCCOCCN(CCOC)Cc1cc2cc(S(N)(=O)=O)sc2s1.Cl,5.55,chembl26.sdf.gz
COCCOCCN(CCOCCOC)Cc1cc2cc(S(N)(=O)=O)sc2s1.Cl,5.72,chembl26.sdf.gz
CSCCNCc1cc2cc(S(N)(=O)=O)sc2s1.Cl,6.85,chembl26.sdf.gz
NCc1cc2cc(S(N)(=O)=O)sc2s1,7.3,chembl26.sdf.gz
Cl.NS(=O)(=O)c1cc2cc(CNCCF)sc2s1,6.4,chembl26.sdf.gz
CS(=O)(=O)CCNCc1cc2cc(S(N)(=O)=O)sc2s1.Cl,5.2,chembl26.sdf.gz
Cl.NS(=O)(=O)c1cc2cc(CNCC(F)(F)F)sc2s1,3.75,chembl26.sdf.gz
CO[C@@H]1[C@@H](O[C@@H]2O[C@H](C)[C@@H](O[C@H]3C[C@@](C)(O)[C@@H](OC(=O)CC(C)C)[C@H](C)O3)[C@H](N(C)C)[C@H]2O)[C@@H](CC=O)C[C@@H](C)C(=O)/C=C\[C@@H]2O[C@H]2C[C@@H](C)OC(=O)C[C@H]1OC(C)=O,7.61,chembl26.sdf.gz
CCC1OC(=O)CC(O)C(C)C(O[C@@H]2O[C@H](C)C[C@H](N(C)C)[C@H]2O)C(CC=O)CC(C)C(=O)/C=C\C(C)=C/C1C,8.83,chembl26.sdf.gz
CC[C@H]1OC(=O)C[C@@H](O)[C@H](C)[C@@H](O[C@@H]2O[C@H](C)[C@@H](O[C@H]3C[C@@](C)(O)[C@@H](O)[C@H](C)O3)[C@H](N(C)C)[C@H]2O)[C@@H](CC=O)C[C@@H](C)C(=O)/C=C\C(C)=C/[C@@H]1CO[C@@H]1O[C@H](C)[C@@H](O)[C@@H](OC)[C@H]1OC,7.73,chembl26.sdf.gz
CC[C@H]1OC(=O)C[C@@H](O)[C@H](C)[C@@H](O[C@@H]2O[C@H](C)C[C@H](N(C)C)[C@H]2O)[C@@H](CC=O)C[C@@H](C)C(=O)/C=C\[C@]2(C)O[C@H]2[C@@H]1C,8.79,chembl26.sdf.gz
CO[C@H]1C[C@H](O[C@H]2[C@H](C)[C@@H](O[C@@H]3O[C@H](C)C[C@H](N(C)C)[C@H]3O)[C@@H](C)C[C@@]3(CO3)C(=O)[C@H](C)[C@@H](O)[C@@H](C)[C@@H](C)OC(=O)[C@@H]2C)O[C@@H](C)[C@@H]1O,8.84,chembl26.sdf.gz
CC[C@H]1OC(=O)C[C@@H](O)[C@H](C)[C@@H](O[C@@H]2O[C@H](C)[C@@H](O)[C@@H](N(C)C)[C@H]2O)[C@@H](CC=O)C[C@@H](C)C(=O)/C=C\C(C)=C/[C@@H]1CO[C@@H]1O[C@H](C)[C@@H](O)[C@@H](OC)[C@H]1OC,8.36,chembl26.sdf.gz
CO[C@@H]1[C@@H](O[C@@H]2O[C@H](C)[C@@H](O[C@H]3C[C@@](C)(O)[C@@H](OC(=O)CC(C)C)[C@@H](C)O3)[C@@H](N(C)C)[C@H]2O)[C@@H](CC=O)C[C@@H](C)C(=O)/C=C\C=C/C[C@@H](C)OC(=O)C[C@H]1OC(C)=O,7.55,chembl26.sdf.gz
COc1ccc(-c2nccn2-c2cc(OC)c(OC)c(OC)c2)cc1F.Cl,6.63,chembl26.sdf.gz
COc1ccc(-c2cncn2-c2cc(OC)c(OC)c(OC)c2)cc1.Cl,6.82,chembl26.sdf.gz
COc1cc(-n2cncc2-c2ccc3ccccc3c2)cc(OC)c1OC.Cl,5.58,chembl26.sdf.gz
CN(C)CCCCc1cc2[nH]c3cc(-c4ccccc4Cl)c4c(c3c2cc1O)C(=O)NC4=O,9.5,chembl26.sdf.gz
CN(C)CCCOc1cc2c(cc1O)c1c3c(c(-c4ccccc4Cl)cc1n2CCO)C(=O)NC3=O,9.5,chembl26.sdf.gz
CN(C)CCCOc1cc2c(cc1O)c1c3c(c(-c4ccccc4Cl)cc1n2C)C(=O)NC3=O,9.5,chembl26.sdf.gz
CN(C)CCCOc1cc2[nH]c3cc(-c4ccccc4Cl)c4c(c3c2cc1O)C(=O)NC4=O,9.5,chembl26.sdf.gz
CN(C)CCCCc1cc2c(cc1O)c1c3c(c(-c4ccccc4Cl)cc1n2C)C(=O)NC3=O,9.5,chembl26.sdf.gz
O=C1NC(=O)c2c1c(-c1ccccc1Cl)cc1[nH]c3cc(CCCCN4CCOCC4)c(O)cc3c21,7.8,chembl26.sdf.gz
O=C1NC(=O)c2c1c(-c1ccccc1Cl)cc1[nH]c3cc(CCCCN4CCCC4)c(O)cc3c21,10.5,chembl26.sdf.gz
Cn1c2cc(C(=O)NCCN3CCCC3)c(O)cc2c2c3c(c(-c4ccccc4Cl)cc21)C(=O)NC3=O,10.5,chembl26.sdf.gz
Cn1c2cc(S(=O)(=O)NCCN3CCCC3)c(O)cc2c2c3c(c(-c4ccccc4Cl)cc21)C(=O)NC3=O,10.5,chembl26.sdf.gz
Cn1c2cc(S(=O)(=O)CCCN3CCCC3)c(O)cc2c2c3c(c(-c4ccccc4Cl)cc21)C(=O)NC3=O,10.5,chembl26.sdf.gz
Cn1c2cc([S+]([O-])CCCN3CCCC3)c(O)cc2c2c3c(c(-c4ccccc4Cl)cc21)C(=O)NC3=O,10.5,chembl26.sdf.gz
Cn1c2cc(SCCCN3CCCC3)c(O)cc2c2c3c(c(-c4ccccc4Cl)cc21)C(=O)NC3=O,10.5,chembl26.sdf.gz
O=C1NC(=O)c2c1c(-c1ccccc1Cl)cc1c2c2cc(O)c(OCCCN3CCCC3)cc2n1CCO,10.5,chembl26.sdf.gz
Cn1c2cc(OCCCN3CCCC3)c(O)cc2c2c3c(c(-c4ccccc4Cl)cc21)C(=O)NC3=O,10.5,chembl26.sdf.gz
O=C1NC(=O)c2c1c(-c1ccccc1Cl)cc1[nH]c3cc(OCCCN4CCCC4)c(O)cc3c21,10.5,chembl26.sdf.gz
O=C1NC(=O)c2c1c(-c1ccccc1Cl)cc1c2c2cc(O)c(CCCCN3CCCC3)cc2n1CCO,10.5,chembl26.sdf.gz
Cn1c2cc(CCCCN3CCCC3)c(O)cc2c2c3c(c(-c4ccccc4Cl)cc21)C(=O)NC3=O,10.5,chembl26.sdf.gz
O=C1NC(=O)c2c1c(-c1ccccc1Cl)cc1c2c2cc(O)c(OCCCN3CCOCC3)cc2n1CCO,7.8,chembl26.sdf.gz
Cn1c2cc(OCCCN3CCOCC3)c(O)cc2c2c3c(c(-c4ccccc4Cl)cc21)C(=O)NC3=O,7.8,chembl26.sdf.gz
O=C1NC(=O)c2c1c(-c1ccccc1Cl)cc1[nH]c3cc(OCCCN4CCOCC4)c(O)cc3c21,7.8,chembl26.sdf.gz
O=C1NC(=O)c2c1c(-c1ccccc1Cl)cc1c2c2cc(O)c(CCCCN3CCOCC3)cc2n1CCO,7.8,chembl26.sdf.gz
Cn1c2cc(CCCCN3CCOCC3)c(O)cc2c2c3c(c(-c4ccccc4Cl)cc21)C(=O)NC3=O,7.8,chembl26.sdf.gz
OCCCCCNCc1c2ccccc2c(CNCCCCCO)c2ccccc12,8.0,chembl26.sdf.gz
COc1ccc2c3c1O[C@H]1C[C@@H](O)C=C[C@@]31CCN(C)C2,8.32,chembl26.sdf.gz
COc1ccc([C@@H]2Sc3ccccc3N(CCN(C)C)C(=O)[C@@H]2OC(C)=O)cc1.Cl,8.06,chembl26.sdf.gz
CCC(=O)N(c1ccccc1)C1(COC)CCN(CCc2cccs2)CC1,7.85,chembl26.sdf.gz
CCN(C)C(=O)Oc1cccc([C@H](C)N(C)C)c1,8.99,chembl26.sdf.gz
CCC(=O)N(c1ccccc1)C1(COC)CCN(CCn2nnn(CC)c2=O)CC1,6.5,chembl26.sdf.gz
CC(C)NCC(O)c1ccc(NS(C)(=O)=O)cc1,9.76,chembl26.sdf.gz
CCN1CCC[C@H]1CNC(=O)c1c(OC)ccc(Br)c1OC,8.9,chembl26.sdf.gz
Oc1ccc2c(c1)[C@@]13CCCC[C@@]1(O)[C@@H](C2)N(CC1CCC1)CC3,8.19,chembl26.sdf.gz
OC(CNCC(O)C1CCc2cc(F)ccc2O1)C1CCc2cc(F)ccc2O1,8.22,chembl26.sdf.gz
Cc1ccccc1OCC(O)CNCCOc1ccc(C(N)=O)cc1,7.9,chembl26.sdf.gz
Cc1ccc(NC(=O)N[C@@H]2N=C(c3ccccc3)c3ccccc3N(C)C2=O)cc1Nc1nn[nH]n1,1.37,chembl26.sdf.gz
CN1C(=O)[C@H](NC(=O)Nc2cccc(Nc3nn[nH]n3)c2)N=C(c2ccccc2)c2ccccc21,5.1,chembl26.sdf.gz
CN1C(=O)[C@H](NC(=O)Nc2cccc(CNc3nn[nH]n3)c2)N=C(c2ccccc2)c2ccccc21,5.9,chembl26.sdf.gz
CN1C(=O)[C@H](NC(=O)Nc2ccc3c(c2)N(c2nn[nH]n2)CC3)N=C(c2ccccc2)c2ccccc21,4.8,chembl26.sdf.gz
Cc1ccc(NC(=O)N[C@@H]2N=C(c3ccccc3)c3ccccc3N(C)C2=O)cc1N(C)c1nn[nH]n1,5.7,chembl26.sdf.gz
CNCCN(C)C(=O)Oc1ccc(OC)cc1.Cl,8.88,chembl26.sdf.gz
COc1ccc(OC(=O)NCCCN)cc1.Cl,9.6,chembl26.sdf.gz
COc1ccc(OC(=O)NCCN)cc1.Cl,8.65,chembl26.sdf.gz
COc1ccc(OC(=O)N(C)CCN)cc1.Cl,8.9,chembl26.sdf.gz
COc1cc(NC(=O)C2(NC(=O)c3ccc4c(C5CCCC5)c(-c5ccccn5)n(C)c4c3)CCC2)ccc1/C=C/C(=O)O,6.5,chembl26.sdf.gz
CCOc1cc(NC(=O)C2(NC(=O)c3ccc4c(C5CCCC5)c(-c5ncc(Cl)cn5)n(C)c4c3)CCC2)ccc1/C=C/C(=O)O,6.5,chembl26.sdf.gz
Cn1c(-c2ccccn2)c(C2CCCC2)c2ccc(C(=O)NC3(C(=O)Nc4ccc(/C=C/C(=O)O)cc4)CCC3)cc21,4.5,chembl26.sdf.gz
Clc1cccc(Cl)c1CO/N=C/C1CCN(CCCc2ccccc2)CC1,7.1,chembl26.sdf.gz
Clc1cccc(Cl)c1/C=N/N=c1ccn(CCCc2ccccc2)cc1,8.7,chembl26.sdf.gz
Clc1cccc(Cl)c1CON=C1CCN(CCCc2ccccc2)CC1,5.7,chembl26.sdf.gz
CNCc1cc(-c2ccccc2F)n(S(=O)(=O)c2cccnc2)c1,9.3,chembl26.sdf.gz
CNCc1cc(-c2ccccc2)n(S(=O)(=O)c2ccc(C)cc2)c1,9.49,chembl26.sdf.gz
CNCc1cc(-c2ccccc2)n(S(=O)(=O)c2ccc(OC)cc2)c1,9.48,chembl26.sdf.gz
CNCc1cc(-c2ccccc2F)n(S(=O)(=O)c2ccc(C)cc2)c1,9.48,chembl26.sdf.gz
CNCc1cc(-c2cccc(F)c2)n(S(=O)(=O)c2ccc(C)cc2)c1,9.31,chembl26.sdf.gz
CNCc1cc(-c2ccc(F)cc2)n(S(=O)(=O)c2ccc(C)cc2)c1,9.4,chembl26.sdf.gz
CC(C)c1cc(C(=O)N2Cc3ccc(CN4CCN(C)CC4)cc3C2)c(O)cc1O,7.7,chembl26.sdf.gz
CC(C)c1cc(C(=O)N2Cc3ccc(CN(C)C)cc3C2)c(O)cc1O,9.2,chembl26.sdf.gz
CC(C)c1cc(C(=O)N2Cc3ccc(N4CCNCC4)cc3C2)c(O)cc1O,8.4,chembl26.sdf.gz
CC(C)c1cc(C(=O)N2Cc3ccc(NC4CCNCC4)cc3C2)c(O)cc1O,10.2,chembl26.sdf.gz
CC(C)c1cc(C(=O)N2Cc3ccc(NC4CCN(C)CC4)cc3C2)c(O)cc1O,9.05,chembl26.sdf.gz
CC(C)c1cc(C(=O)N2Cc3ccc(C4(O)CCN(C)CC4)cc3C2)c(O)cc1O,9.4,chembl26.sdf.gz
CC(C)c1cc(C(=O)N2Cc3ccc(C(=O)N4CCN(C)CC4)cc3C2)c(O)cc1O,6.8,chembl26.sdf.gz
CC(C)c1cc(C(=O)N2Cc3ccc(OCCCN)cc3C2)c(O)cc1O,10.2,chembl26.sdf.gz
CC(C)c1cc(C(=O)N2Cc3cccc(OCCCN4CCOCC4)c3C2)c(O)cc1O,7.0,chembl26.sdf.gz
CC(C)c1cc(C(=O)N2Cc3ccc(OCCCN4CCOCC4)cc3C2)c(O)cc1O,6.9,chembl26.sdf.gz
CC(C)c1cc(C(=O)N2Cc3ccc(CN4CCOCC4)cc3C2)c(O)cc1O.Cl,6.9,chembl26.sdf.gz
CC(C)c1cc(C(=O)N2Cc3ccc(OCCN(C)C)cc3C2)c(O)cc1O,7.85,chembl26.sdf.gz
CC(C)c1cc(C(=O)N2Cc3ccc(N4CCN(C)CC4)cc3C2)c(O)cc1O,7.3,chembl26.sdf.gz
CC(C)c1cc(C(=O)N2Cc3ccc(N4CCOCC4)cc3C2)c(O)cc1O,4.3,chembl26.sdf.gz
COc1cccc(CN(C(=O)C2=C(c3ccc(CCCOc4c(F)ccc(F)c4Cl)cc3)C[C@H]3COC[C@H]2N3)C2CC2)c1C,6.5,chembl26.sdf.gz
O=C(C1=C(c2ccc(CCCOc3c(F)ccc(F)c3Cl)cc2)C[C@H]2CNC[C@H]1N2)N(Cc1cccc(Cl)c1Cl)C1CC1,8.2,chembl26.sdf.gz
O=C(C1=C(c2ccc(CCCOc3c(F)ccc(F)c3Cl)cc2)C[C@H]2COC[C@H]1N2)N(Cc1cccc(Cl)c1Cl)C1CC1,6.5,chembl26.sdf.gz
COc1cccc(CN(C(=O)C2=C(c3ccc(CCCOc4c(F)ccc(F)c4Cl)cc3)C[C@H]3CNC[C@H]2N3)C2CC2)c1C,3.6,chembl26.sdf.gz
Cc1cc(C(=O)Nc2ccc(-c3ccccc3S(N)(=O)=O)cc2)n(-c2ccc3ccnc(N)c3c2)n1,6.7,chembl26.sdf.gz
Cc1cc(C(=O)Nc2ccc(-c3ccccc3S(N)(=O)=O)cc2)n(-c2cccc(CN)c2)n1,8.8,chembl26.sdf.gz
Cc1cc(C(=O)Nc2ccc(-c3ccccc3S(N)(=O)=O)cc2)n(-c2ccccc2N)n1,4.7,chembl26.sdf.gz
Cc1cc(C(=O)Nc2ccc(-c3ccccc3S(N)(=O)=O)cc2)n(-c2cccc(C(=N)N)c2)n1,10.7,chembl26.sdf.gz
Cc1cc(C(=O)Nc2ccc(-c3ccccc3S(N)(=O)=O)cc2)n(-c2cccc(C(=N)NO)c2)n1,7.0,chembl26.sdf.gz
Cc1cc(C(=O)Nc2ccc(-c3ccccc3S(N)(=O)=O)cc2)n(-c2ccc(N)nc2)n1,7.0,chembl26.sdf.gz
Cc1cc(C(=O)Nc2ccc(-c3ccccc3S(N)(=O)=O)cc2)n(-c2ccc3ncnc(N)c3c2)n1,5.7,chembl26.sdf.gz
Cc1cc(C(=O)Nc2ccc(-c3ccccc3S(N)(=O)=O)cc2)n(-c2ccc3nc(N)nc(N)c3c2)n1,8.1,chembl26.sdf.gz
Cc1cc(C(=O)Nc2ccc(-c3ccccc3S(N)(=O)=O)cc2)n(-c2ccc3ccncc3c2)n1,5.4,chembl26.sdf.gz
Cc1cc(C(=O)Nc2ccc(-c3ccccc3S(N)(=O)=O)cc2)n(C2CCCNC2)n1,10.0,chembl26.sdf.gz
Cc1cc(C(=O)Nc2ccc(-c3ccccc3S(N)(=O)=O)cc2)n(CCCCN)n1,10.0,chembl26.sdf.gz
Cc1cc(C(=O)Nc2ccc(-c3ccccc3S(N)(=O)=O)cc2)n(-c2cccc(N)c2)n1,4.7,chembl26.sdf.gz
Cc1cc(C(=O)Nc2ccc(-c3ccccc3S(N)(=O)=O)cc2)n(-c2ccc(N)cc2)n1,4.7,chembl26.sdf.gz
CC(=O)NCc1cccc(Cn2nc(NS(=O)(=O)c3ccc(Cl)s3)c3c(C(F)F)cccc32)c1,5.6,chembl26.sdf.gz
CC(=O)NCc1cccc(Cn2nc(NS(=O)(=O)c3ccc(Cl)s3)c3c(O)cccc32)c1,6.12,chembl26.sdf.gz
CN1CC(C(=O)NCCCc2ccc(Cl)c(Cl)c2)=C(O)C1=O,4.8,chembl26.sdf.gz
Cn1ccc(C(=O)NCCCc2ccc(Cl)c(Cl)c2)c(O)c1=O,6.5,chembl26.sdf.gz
N=C(Nc1nsc2ccccc12)c1ccccc1,5.4,chembl26.sdf.gz
CC(=N)Nc1nsc2ccccc12,6.99,chembl26.sdf.gz
N=C(Nc1nsc2ccccc12)c1ccc(Cl)cc1,4.84,chembl26.sdf.gz
N#C/C(=N\O)C(=O)Nc1ccc(C(F)(F)F)cc1,4.87,chembl26.sdf.gz
N#C/C(=N\O)C(=O)Nc1cccc(C(F)(F)F)c1,4.88,chembl26.sdf.gz
N#C/C(=N\O)C(=O)Nc1cc(C(F)(F)F)cc(C(F)(F)F)c1,4.73,chembl26.sdf.gz
N#C/C(=N\O)C(=O)Nc1ccc(F)cc1,5.01,chembl26.sdf.gz
N#C/C(=N\O)C(=O)Nc1cccc(F)c1,4.92,chembl26.sdf.gz
N#C/C(=N\O)C(=O)Nc1ccccc1F,4.87,chembl26.sdf.gz
N#C/C(=N\O)C(=O)Nc1cc(F)cc(F)c1,4.81,chembl26.sdf.gz
N#C/C(=N\O)C(=O)Nc1ccc([N+](=O)[O-])cc1,4.61,chembl26.sdf.gz
N#C/C(=N\O)C(=O)Nc1ccccc1,5.12,chembl26.sdf.gz
Cc1ccc(NC(=O)/C(C#N)=N/O)cc1,5.07,chembl26.sdf.gz
COc1ccc(NC(=O)/C(C#N)=N/O)cc1,5.08,chembl26.sdf.gz
N#C/C(=N\O)C(=O)Nc1ccc(-c2ccccc2)cc1,5.03,chembl26.sdf.gz
O=S(=O)(Nc1ccn(Cc2cccc3ccccc23)n1)c1ccc(Br)s1,1.93,chembl26.sdf.gz
O=S(=O)(Nc1cc(Sc2cccc3cccnc23)c(O)c2ccccc12)c1ccc(F)cc1,3.48,chembl26.sdf.gz
O=S(=O)(Nc1cc(Sc2cccc3cccnc23)c(O)c2ccccc12)c1ccccc1,3.48,chembl26.sdf.gz
O=S(=O)(Nc1cc2c(c3ccccc13)OC1(N3CCOCC3)CCCCC21)c1ccccc1,5.56,chembl26.sdf.gz
Brc1ccc2c(c1)c1c3n2CCN(Cc2ccccc2)C3CCC1,6.95,chembl26.sdf.gz
O=S(=O)(Nc1ccccc1-c1nccc2ccccc12)c1ccc(Cl)cc1,5.3,chembl26.sdf.gz
NC(=O)C1CCN(c2c(S(=O)(=O)c3ccccc3)cnc3ccc(Cl)cc23)CC1,3.05,chembl26.sdf.gz
CC(C)(N)c1nc(-c2ccc(OC(F)(F)F)cc2)c[nH]1,7.9,chembl26.sdf.gz
C[C@](N)(CF)c1nc(-c2ccc(OC(F)(F)F)cc2)c[nH]1,6.4,chembl26.sdf.gz
NC(CF)(CF)c1nc(-c2ccc(OC(F)(F)F)cc2)c[nH]1,5.9,chembl26.sdf.gz
COC[C@@](C)(N)c1nc(-c2ccc(OC(F)(F)F)cc2)c[nH]1,7.1,chembl26.sdf.gz
NC1(Cc2nc(-c3ccc(OC(F)(F)F)cc3)c[nH]2)COC1,6.4,chembl26.sdf.gz
CCCCc1nc(Cl)c(CC(=O)OC)n1Cc1ccc(NC(=O)c2cc(Br)ccc2NS(=O)(=O)C(F)(F)F)cc1,4.5,chembl26.sdf.gz
CCCCc1nc(Cl)c(Cc2nnn[nH]2)n1Cc1ccc(-c2nnn[nH]2)cc1,4.0,chembl26.sdf.gz
CCCCc1nc(Cl)c(CC(=O)OC)n1Cc1ccc(NC(=O)c2cc(C)ccc2NS(=O)(=O)C(F)(F)F)cc1,4.5,chembl26.sdf.gz
CCCCc1nc(Cl)c(CC(=O)OC)n1Cc1ccc(NC(=O)C(F)(F)F)cc1,9.5,chembl26.sdf.gz
CCCCc1nc(Cl)c(CC(=O)OC)n1Cc1ccc(NC(=O)c2cc(Cl)ccc2NS(=O)(=O)C(F)(F)F)cc1,4.5,chembl26.sdf.gz
CCCCc1nc(Cl)c(CC(=O)OC)n1Cc1ccc(NS(=O)(=O)C(F)(F)F)cc1,4.5,chembl26.sdf.gz
CCCCc1nc(Cl)c(CC(=O)OC)n1Cc1ccc(N(Cc2ccccc2)C(=O)c2ccccc2NS(=O)(=O)C(F)(F)F)cc1,4.5,chembl26.sdf.gz
CCCCc1nc(Cl)c(CC(=O)OC)n1Cc1ccc(NC(=O)c2cc(I)ccc2NS(=O)(=O)C(F)(F)F)cc1,4.5,chembl26.sdf.gz
CCCCc1nc(Cl)c(CC(=O)OC)n1Cc1ccc(NC(=O)c2ccccc2NS(C)(=O)=O)cc1,8.9,chembl26.sdf.gz
CCCCc1nc(Cl)c(CC(=O)OC)n1Cc1ccc(NC(=O)c2cccc(C)c2NS(=O)(=O)C(F)(F)F)cc1,4.5,chembl26.sdf.gz
CCCCc1nc(Cl)c(CC(=O)OC)n1Cc1ccc(NC(=O)c2cc([N+](=O)[O-])cc([N+](=O)[O-])c2O)cc1,4.3,chembl26.sdf.gz
CCCCc1nc(Cl)c(CC(=O)OC)n1Cc1ccc(NC(=O)c2ccccc2NS(=O)(=O)C(F)(F)F)cc1,4.5,chembl26.sdf.gz
CCCCc1nc(Cl)c(CC(=O)OC)n1Cc1ccc(NC(=O)c2ccc([N+](=O)[O-])cc2)cc1,4.5,chembl26.sdf.gz
N#Cc1coc2ccccc2c1=O,5.85,chembl26.sdf.gz
COC[C@@H](Oc1cc(C[C@@H]2C[S@@+]([O-])C[C@H](NCc3cc(CC(C)(C)C)on3)[C@H]2O)cc(F)c1N)C(F)(F)F,4.9,chembl26.sdf.gz
CC(C)(C)c1cccc(CN[C@H]2C[S@+]([O-])C[C@@H](Cc3cc(F)c(N)c(OC(C(F)(F)F)C(F)(F)F)c3)[C@@H]2O)c1,6.7,chembl26.sdf.gz
CC1CCN(CC[C@H]2CCCN2S(=O)(=O)c2cccc(O)c2)CC1,10.4,chembl26.sdf.gz
CC1CCN(CC[C@H]2CCCN2S(=O)(=O)c2cccc3ccccc23)CC1,10.4,chembl26.sdf.gz
CSc1ccc2c(c1)[C@@H](N1CCN(C)CC1)Cc1ccccc1S2,8.1,chembl26.sdf.gz
CC1=CC=CC(C#N)[C@H]1c1cccc2c1-c1cccc3c1[C@@H](C2)N(C)CC3,7.3,chembl26.sdf.gz
CC1C=CC=C(C#N)[C@@H]1c1cccc2c1-c1cccc3c1[C@@H](C2)N(C)CC3,7.3,chembl26.sdf.gz
COc1ccccc1N1CCN(CCNS(=O)(=O)c2ccc(C)cc2)CC1,7.4,chembl26.sdf.gz
COc1ccccc1N1CCN(CCCNS(=O)(=O)c2ccc(C)cc2)CC1,7.5,chembl26.sdf.gz
COc1ccc(S(=O)(=O)NCCCN2CCN(c3ccccc3OC)CC2)cc1,7.5,chembl26.sdf.gz
COc1ccc2c(c1)CCN(CCCNS(=O)(=O)c1ccccc1)C2,7.0,chembl26.sdf.gz
CCN(CCCN1CCc2cc(OC)ccc2C1)S(=O)(=O)c1ccccc1,7.4,chembl26.sdf.gz
COc1ccc2c(c1)CCN(CCCNS(=O)(=O)c1ccc(C)cc1)C2,7.0,chembl26.sdf.gz
CCN(CCCN1CCc2cc(OC)ccc2C1)S(=O)(=O)c1ccc(C)cc1,7.4,chembl26.sdf.gz
COc1ccc(S(=O)(=O)NCCCN2CCc3cc(OC)ccc3C2)cc1,7.0,chembl26.sdf.gz
CCN(CCCN1CCc2cc(OC)ccc2C1)S(=O)(=O)c1ccc(OC)cc1,7.4,chembl26.sdf.gz
COc1ccc2c(c1)CCN(CCCNS(=O)(=O)c1cccc3ccccc13)C2,7.0,chembl26.sdf.gz
CCN(CCCN1CCc2cc(OC)ccc2C1)S(=O)(=O)c1cccc2ccccc12,7.4,chembl26.sdf.gz
COc1ccc2c(c1)c(CCN(C)C)cn2C,9.2,chembl26.sdf.gz
COc1ccc2[nH]cc(C3=CCN(Cc4ccccc4)CC3)c2c1,7.7,chembl26.sdf.gz
Cc1cccc(S(=O)(=O)N2CCC[C@@H]2CCN2CCC(C)CC2)c1,10.4,chembl26.sdf.gz
COc1ccc2c(c1)N(CCN(C)C)CCO2,8.6,chembl26.sdf.gz
O=C1OC(c2ccccc2)CC(O)=C1Sc1ccccc1Cl,2.4,chembl26.sdf.gz
O=C1CC(c2ccccc2)CC(O)=C1Sc1ccccc1Cl,3.0,chembl26.sdf.gz
O=C1NC(c2ccccc2)CC(O)=C1Sc1ccccc1Cl,4.1,chembl26.sdf.gz
O=C1OC(c2ccccc2)CC(O)=C1Oc1ccccc1Cl,3.4,chembl26.sdf.gz
O=C1CC(c2ccccc2)CC(O)=C1Oc1ccccc1Cl,3.7,chembl26.sdf.gz
O=C1NC(c2ccccc2)CC(O)=C1Oc1ccccc1Cl,5.3,chembl26.sdf.gz
O=C1OC(c2ccccc2)CC(O)=C1Nc1ccccc1Cl,4.2,chembl26.sdf.gz
O=C1CC(c2ccccc2)CC(O)=C1Nc1ccccc1Cl,4.6,chembl26.sdf.gz
O=C1NC(c2ccccc2)CC(O)=C1Nc1ccccc1Cl,6.0,chembl26.sdf.gz
Cl.Cl.O=C1Nc2cc(Br)ccc2/C1=C1/Nc2ccccc2/C1=N\OCCN1CCN(CCOCCO)CC1,7.58,chembl26.sdf.gz
COCCN1CCN(CCO/N=C2/C(=C3/C(=O)Nc4cc(Br)ccc43)Nc3ccccc32)CC1.Cl.Cl,7.47,chembl26.sdf.gz
Cl.Cl.O=C1Nc2cc(Br)ccc2/C1=C1/Nc2ccccc2/C1=N\OCCN1CCN(CCO)CC1,7.65,chembl26.sdf.gz
CN1CCN(CCO/N=C2/C(=C3/C(=O)Nc4cc(Br)ccc43)Nc3ccccc32)CC1.Cl.Cl,7.65,chembl26.sdf.gz
Cl.Cl.O=C1Nc2cc(Br)ccc2/C1=C1/Nc2ccccc2/C1=N\OCCN1CCNCC1,8.85,chembl26.sdf.gz
Cl.OC[C@H]1OC(OC[C@H]2OC(O[C@]3(CO)O[C@H](CO)[C@@H](O)[C@@H]3O)[C@H](O)[C@@H](O)[C@@H]2O)[C@H](O)[C@@H](O)[C@H]1O,7.48,chembl26.sdf.gz
Cl.O=C1Nc2cc(Br)ccc2/C1=C1/Nc2ccccc2/C1=N\OCCN1CCCC1,9.18,chembl26.sdf.gz
CCN(CC)CCO/N=C1/C(=C2/C(=O)Nc3cc(Br)ccc32)Nc2ccccc21.Cl,9.38,chembl26.sdf.gz
CN(C)CCO/N=C1/C(=C2/C(=O)Nc3cc(Br)ccc32)Nc2ccccc21.Cl,8.59,chembl26.sdf.gz
CCOP(=O)(OCC)C(C)(CCC[P+](c1ccccc1)(c1ccccc1)c1ccccc1)NCC(C)C.[Br-],5.39,chembl26.sdf.gz
CCOP(=O)(OCC)C(C)(N)CCC[P+](c1ccccc1)(c1ccccc1)c1ccccc1.[Br-],5.13,chembl26.sdf.gz
CCOP(=O)(OCC)C(NCCCCCC[P+](c1ccccc1)(c1ccccc1)c1ccccc1)C(C)(C)C.[Br-],5.63,chembl26.sdf.gz
CCOP(=O)(OCC)C(C)(C)NCCCCCCCCCCCC[P+](c1ccccc1)(c1ccccc1)c1ccccc1.[Br-],6.85,chembl26.sdf.gz
CCOP(=O)(OCC)C(C)(C)NCCCCCCCC[P+](c1ccccc1)(c1ccccc1)c1ccccc1.[Br-],6.94,chembl26.sdf.gz
CCOP(=O)(OCC)C(C)(C)NCCCCCC[P+](c1ccccc1)(c1ccccc1)c1ccccc1.[Br-],6.53,chembl26.sdf.gz
CCOP(=O)(OCC)C(C)(C)NCCCC[P+](c1ccccc1)(c1ccccc1)c1ccccc1.[Br-],5.9,chembl26.sdf.gz
CCOP(=O)(OCC)C(NCCCCCCCCCCCC[P+](c1ccccc1)(c1ccccc1)c1ccccc1)C(C)C.[Br-],6.38,chembl26.sdf.gz
CCOP(=O)(OCC)C(NCCCCCCCC[P+](c1ccccc1)(c1ccccc1)c1ccccc1)C(C)C.[Br-],6.23,chembl26.sdf.gz
CCOP(=O)(OCC)C(NCCCCCC[P+](c1ccccc1)(c1ccccc1)c1ccccc1)C(C)C.[Br-],5.99,chembl26.sdf.gz
CCCNC(C)(C)P(=O)(OCC)OCC,6.99,chembl26.sdf.gz
CCOP(=O)(OCC)C1(C)CCCN1,7.01,chembl26.sdf.gz
CCOP(=O)(OCC)C(NCCCC[P+](c1ccccc1)(c1ccccc1)c1ccccc1)C(C)C.[Br-],5.47,chembl26.sdf.gz
Cc1cc(C)nc(NS(=O)(=O)c2ccc(N)cc2)n1,7.7,chembl26.sdf.gz
Nc1ccc(S(=O)(=O)Nc2nccs2)cc1,7.25,chembl26.sdf.gz
C=CCC1(CC=C)C(=O)NC(=O)NC1=O,7.62,chembl26.sdf.gz
CCC1(CC)C(=O)NC(=O)NC1=O,7.75,chembl26.sdf.gz
COc1ccc(NS(=O)(=O)c2ccc(N)cc2)nn1,7.2,chembl26.sdf.gz
NC(N)=NS(=O)(=O)c1ccc(N)cc1,12.0,chembl26.sdf.gz
C=CCC1(C(C)C)C(=O)NC(=O)NC1=O,7.73,chembl26.sdf.gz
Cc1ccnc(NS(=O)(=O)c2ccc(N)cc2)n1,6.98,chembl26.sdf.gz
C=CCC1(CC(C)C)C(=O)NC(=O)NC1=O,7.54,chembl26.sdf.gz
CCC1(C2=CCCCC2)C(=O)NC(=O)NC1=O,7.36,chembl26.sdf.gz
c1ccc2nccnc2c1,0.6,chembl26.sdf.gz
c1cnc2ncccc2c1,3.39,chembl26.sdf.gz
Cc1cc([N+](=O)[O-])ccc1Nc1nn[nH]n1,4.46,chembl26.sdf.gz
CN(c1ccc([N+](=O)[O-])cc1)c1nn[nH]n1,4.46,chembl26.sdf.gz
O=[N+]([O-])c1ccc2c(c1)CCN2c1nn[nH]n1,4.02,chembl26.sdf.gz
O=[N+]([O-])c1ccc(CNc2nn[nH]n2)cc1,5.53,chembl26.sdf.gz
O=[N+]([O-])c1ccc(Nc2nn[nH]n2)cc1,4.23,chembl26.sdf.gz
Cc1cc([N+](=O)[O-])ccc1N(C)c1nn[nH]n1,5.02,chembl26.sdf.gz
COc1ccc2c(c1OC)CO/C(=C\c1cc[n+](Cc3ccccc3)cc1)C2=O.[Br-],8.68,chembl26.sdf.gz
COc1ccc2c(c1OC)CO/C(=C\c1cc[n+](Cc3ccc(F)cc3)cc1)C2=O.[Br-],8.79,chembl26.sdf.gz
COc1ccc2c(c1OC)CO/C(=C\c1cc[n+](Cc3ccccc3Cl)cc1)C2=O.[Br-],8.62,chembl26.sdf.gz
OB(O)c1cc2ccccc2o1,7.3,chembl26.sdf.gz
OB(O)c1ccc2ccccc2c1,8.88,chembl26.sdf.gz
CCB(O)O,10.0,chembl26.sdf.gz
OB(O)c1ccc(O)cc1,10.0,chembl26.sdf.gz
OB(O)O,10.0,chembl26.sdf.gz
CN1CCN(c2nc(-c3ccc(C(=O)NC4(C(=O)NCC#N)CCCCC4)cc3)cs2)CC1,7.01,chembl26.sdf.gz
CN1CCN(c2nc(-c3ccc(C(=O)NC4(C(=O)NCC(F)(F)F)CCCCC4)cc3)cs2)CC1,6.84,chembl26.sdf.gz
CCCN1CCN(c2ccc(C(=O)NC3(C(=O)NCC#N)CCCCC3)cc2)CC1,7.76,chembl26.sdf.gz
CC(C)C[C@@H](C(=O)NCC#N)c1cccc(-c2ccc(N3CCNCC3)cc2)c1,8.77,chembl26.sdf.gz
CNCCc1ccc(O)c(O)c1,10.5,chembl26.sdf.gz
CC(CN)c1ccc(O)c(O)c1.Cl,10.0,chembl26.sdf.gz
CC(N)Cc1ccc(O)c(O)c1,10.0,chembl26.sdf.gz
CNCC(OC)c1ccc(O)c(O)c1.Cl,9.5,chembl26.sdf.gz
CNCC(C)c1ccc(O)c(O)c1,10.5,chembl26.sdf.gz
NCC(O)c1ccc(O)c(O)c1,9.0,chembl26.sdf.gz
CNC,10.78,chembl26.sdf.gz
CN,10.63,chembl26.sdf.gz
CN(C)C,9.8,chembl26.sdf.gz
N,9.24,chembl26.sdf.gz
O=c1cc(-c2ccccc2)oc2cc(O)c([N+](=O)[O-])cc12,5.3,chembl26.sdf.gz
CCCN1C[C@H](CSC)C[C@@H]2c3cccc4[nH]cc(c34)C[C@H]21,8.78,chembl26.sdf.gz
CN1CCCCC1CCN1c2ccccc2Sc2ccc([S+](C)[O-])cc21,9.61,chembl26.sdf.gz
CN(C)c1ccc(C(=O)N/N=C/c2ccc(C(=O)NO)cc2)cc1,8.1,chembl26.sdf.gz
CN(/N=C/c1ccc(C(=O)NO)cc1)C(=O)c1ccc(N(C)C)cc1,8.1,chembl26.sdf.gz
COC(=O)N1CCc2c(O)noc2C1,5.3,chembl26.sdf.gz
Oc1nsc2c1CNCC2,6.1,chembl26.sdf.gz
COC(=O)N1CCc2snc(O)c2C1,7.4,chembl26.sdf.gz
Oc1nsc2c1CCNC2,6.1,chembl26.sdf.gz
COc1noc2c1CCNC2.Cl,7.1,chembl26.sdf.gz
Oc1nsc2c1CCNCC2,2.6,chembl26.sdf.gz
COC(=O)N1CCc2c(O)nsc2C1,7.3,chembl26.sdf.gz
COC(=O)N1CCc2snc(O)c2CC1,7.6,chembl26.sdf.gz
O=C(O)N1CCc2onc(O)c2CC1,5.6,chembl26.sdf.gz
CN1CCOCC1,7.4,chembl26.sdf.gz
CCCCCCCCCCCCN1CCOCC1,7.6,chembl26.sdf.gz
CCCCCCCCCCCCN,10.6,chembl26.sdf.gz
O=C(O)C[C@@H]1c2ccccc2C[C@H]1NC(=O)c1cc2cc(F)ccc2[nH]1,3.95,chembl26.sdf.gz
O=C(O)CCC[C@@H]1c2ccccc2C[C@H]1NC(=O)c1cc2cc(F)ccc2[nH]1,4.24,chembl26.sdf.gz
CC(=O)Nc1nc(C)c(-c2cnc(F)c(NS(=O)(=O)c3sc(C)nc3C)c2)s1,4.71,chembl26.sdf.gz
O=S(=O)(c1ccccc1)C1CCN(CCc2ccc(F)cc2F)CC1,7.3,chembl26.sdf.gz
O=S(=O)(c1ccc(F)cc1)C1(F)CCN(CCc2ccc(F)cc2F)CC1,6.3,chembl26.sdf.gz
O=S(=O)(c1ccc(F)cc1)C1CCN(CCc2ccc(F)cc2F)CC1,7.2,chembl26.sdf.gz
N#Cc1ccc(S(=O)(=O)C2(F)CCN(CCc3ccc(F)cc3F)CC2)cc1,6.4,chembl26.sdf.gz
O=C(CN1CCC(S(=O)(=O)c2ccccc2)CC1)c1ccc(F)cc1F,6.3,chembl26.sdf.gz
C/C(=N\N=C(/S)N/N=C(\S)Nc1cccc(I)c1)c1ccccn1,3.8,chembl26.sdf.gz
C/C(=N\N=C(/S)N/N=C(\S)Nc1ccc(C(F)(F)F)cc1)c1ccccn1,3.87,chembl26.sdf.gz
C/C(=N\N=C(/S)N/N=C(\S)Nc1ccccc1Cl)c1ccccn1,3.94,chembl26.sdf.gz
C/C(=N\N=C(/S)N/N=C(\S)Nc1cccc(C(F)(F)F)c1)c1ccccn1,3.89,chembl26.sdf.gz
C/C(=N\N/C(S)=N/N=C(\S)N(C)C)c1ccccn1,4.1,chembl26.sdf.gz
C/C(=N\N=C(/S)N/N=C(\S)Nc1cccc(Cl)c1Cl)c1ccccn1,3.86,chembl26.sdf.gz
C/C(=N\N=C(/S)N/N=C(\S)Nc1ccccn1)c1ccccn1,2.09,chembl26.sdf.gz
O=C(O)c1ccncc1,4.84,chembl26.sdf.gz
Fc1ccccn1,0.44,chembl26.sdf.gz
Clc1ccccn1,0.72,chembl26.sdf.gz
Brc1ccccn1,0.9,chembl26.sdf.gz
Ic1ccccn1,1.82,chembl26.sdf.gz
COc1ccc2nc3cc(Cl)ccc3c(NCCN)c2c1.Cl,7.94,chembl26.sdf.gz
COc1ccc2nc3cc(Cl)ccc3c(NCCCCN)c2c1.Cl,9.1,chembl26.sdf.gz
COc1ccc2nc3cc(Cl)ccc3c(NCCCCCCN)c2c1.Cl.Cl.Cl,9.2,chembl26.sdf.gz
CCCCCCCNc1c2ccc(Cl)cc2nc2ccc(OC)cc12,7.5,chembl26.sdf.gz
COc1ccc2nc3cc(Cl)ccc3c(NCCCCCCNc3c4ccc(Cl)cc4nc4ccc(OC)cc34)c2c1,8.23,chembl26.sdf.gz
Cl.Cl.NCCCCCCNc1c2ccccc2nc2ccccc12,9.86,chembl26.sdf.gz
Cl.NCCCCCCCC(=O)Nc1c2ccccc2nc2ccccc12,4.59,chembl26.sdf.gz
Cl.NCCC(=O)NCCC(=O)Nc1c2ccccc2nc2ccccc12,4.53,chembl26.sdf.gz
O/N=C/c1cc[n+](COC[n+]2ccc(/C=N/O)cc2)cc1,7.85,chembl26.sdf.gz
Cc1ccc(COC[n+]2cccc(/C=N/O)c2)cc1.[Cl-],9.14,chembl26.sdf.gz
O/N=C/c1ccc[n+](COCc2ccccc2)c1.[Cl-],9.25,chembl26.sdf.gz
CCCCCCOC[n+]1cccc(/C=N/O)c1.[Cl-],9.27,chembl26.sdf.gz
CCCCCCCOC[n+]1cccc(/C=N/O)c1.[Cl-],9.24,chembl26.sdf.gz
CCCCCCCCOC[n+]1cccc(/C=N/O)c1.[Cl-],9.25,chembl26.sdf.gz
CCCCCCCCCOC[n+]1cccc(/C=N/O)c1.[Cl-],9.41,chembl26.sdf.gz
CCCCCCCCCCOC[n+]1cccc(/C=N/O)c1.[Cl-],9.25,chembl26.sdf.gz
CCCCCCCCCCCOC[n+]1cccc(/C=N/O)c1.[Cl-],9.23,chembl26.sdf.gz
CCCCCCCCCCCCOC[n+]1cccc(/C=N/O)c1.[Cl-],9.17,chembl26.sdf.gz
Cc1ccc(COC[n+]2ccc(/C=N/O)cc2)cc1.[Cl-],8.23,chembl26.sdf.gz
O/N=C/c1cc[n+](COCc2ccccc2)cc1.[Cl-],8.25,chembl26.sdf.gz
CCCCCCOC[n+]1ccc(/C=N/O)cc1.[Cl-],8.2,chembl26.sdf.gz
CCCCCCCOC[n+]1ccc(/C=N/O)cc1.[Cl-],8.22,chembl26.sdf.gz
CCCCCCCCOC[n+]1ccc(/C=N/O)cc1.[Cl-],8.21,chembl26.sdf.gz
CCCCCCCCCOC[n+]1ccc(/C=N/O)cc1.[Cl-],8.15,chembl26.sdf.gz
CCCCCCCCCCOC[n+]1ccc(/C=N/O)cc1.[Cl-],8.17,chembl26.sdf.gz
CCCCCCCCCCCOC[n+]1ccc(/C=N/O)cc1.[Cl-],8.2,chembl26.sdf.gz
CCCCCCCCCCCCOC[n+]1ccc(/C=N/O)cc1.[Cl-],8.23,chembl26.sdf.gz
CC(C)(NS(=O)(=O)c1ccc2c(Cl)cnc(N=C(N)N)c2c1)C(=O)O,3.4,chembl26.sdf.gz
NC(N)=Nc1nccc2c(Cl)cc(-c3cccc(C(=O)O)c3)cc12,2.35,chembl26.sdf.gz
O=S(=O)(Nc1ncns1)c1ccc2c(-c3ccc(C(F)(F)F)cc3C3=CCNCC3)cccc2c1,3.6,chembl26.sdf.gz
O=S(=O)(Nc1ncns1)c1ccc2c(-c3ccc(C(F)(F)F)cc3O)cccc2c1,3.6,chembl26.sdf.gz
O=S(=O)(Nc1ncns1)c1ccc2c(-c3ccc(C(F)(F)F)cc3Br)cccc2c1,3.6,chembl26.sdf.gz
Cc1[nH]c2ccccc2c1C1CCCN(Cc2ccc(/C=C/C(=O)NO)cc2)C1,7.8,chembl26.sdf.gz
O=C(/C=C/c1ccc(CN2CCCC(c3c[nH]c4ccccc34)C2)cc1)NO,7.3,chembl26.sdf.gz
O=C(/C=C/c1ccc(CN2CCCC(c3c(-c4ccccc4)[nH]c4ccccc34)C2)cc1)NO,7.7,chembl26.sdf.gz
CC(C)(C)c1[nH]c2ccccc2c1C1CCCN(Cc2ccc(/C=C/C(=O)NO)cc2)C1,7.8,chembl26.sdf.gz
O=C(/C=C/c1ccc(CN2CCCC(c3c(-c4ccccc4)[nH]c4ccccc34)C2)c(F)c1)NO,7.4,chembl26.sdf.gz
CC(C)(C)c1[nH]c2ccccc2c1C1CCCN(Cc2ccc(/C=C/C(=O)NO)cc2F)C1,7.3,chembl26.sdf.gz
CC(C)(C)c1[nH]c2ccccc2c1C1CCCN(Cc2ccc(/C=C/C(=O)NO)cc2Cl)C1,7.4,chembl26.sdf.gz
O=C(C1CCC1)N1CCCC1c1cnc(-c2cccc(Cl)c2)cc1O,2.8,chembl26.sdf.gz
CCc1oc2ccccc2c1C(O)c1cc(Br)c(O)c(Br)c1,8.8,chembl26.sdf.gz
Cc1oc2ccccc2c1C(=O)c1cc(I)c(O)c(I)c1,5.2,chembl26.sdf.gz
CCc1oc2ccccc2c1C(=O)Cc1cc(Br)c(O)c(Br)c1,8.6,chembl26.sdf.gz
CCc1oc2ccccc2c1C(=O)c1cc(Br)c(O)c(Br)c1,4.5,chembl26.sdf.gz
CN(C)C(=O)N1CC(c2cc(F)ccc2F)=C[C@@]1(CCCN)c1ccccc1,10.3,chembl26.sdf.gz
CN(C)C(=O)N1CC(c2cc(F)ccc2F)=C[C@@]1(CCCNCCF)c1ccccc1,8.8,chembl26.sdf.gz
CCNCCC[C@@]1(c2ccccc2)C=C(c2cc(F)ccc2F)CN1C(=O)N(C)C,10.7,chembl26.sdf.gz
CN(C)C(=O)N1N=C(c2cc(F)ccc2F)C[C@@]1(CCCN)c1ccccc1,10.3,chembl26.sdf.gz
CCC12CC3CC(CC(N)(C3)C1)C2,10.61,chembl26.sdf.gz
CC12CC3(C)CC(C)(C1)CC(N)(C2)C3,10.58,chembl26.sdf.gz
CC12CC3CC(C1)CC(N)(C3)C2,10.56,chembl26.sdf.gz
CC(C)(S)[C@@H](N)C(=O)O,8.53,chembl26.sdf.gz
CCOC(=O)[C@@H](N)CS,6.5,chembl26.sdf.gz
CC(=O)N[C@@H](CS)C(=O)O,9.52,chembl26.sdf.gz
CC(=O)NC(C(=O)O)C(C)(C)S,9.9,chembl26.sdf.gz
O=C(O)c1cn2c(c1O)C(=O)N(Cc1cccc(Cl)c1)CC2,3.8,chembl26.sdf.gz
O=C(O)c1cn2c(c1O)C(=O)N(Cc1ccccc1)CC2,3.8,chembl26.sdf.gz
CC(C)CN(C)Cc1cc(C(=O)c2csc(S(N)(=O)=O)c2)ccc1O.Cl,10.4,chembl26.sdf.gz
CN(C)Cc1cc(C(=O)c2csc(S(N)(=O)=O)c2)ccc1O.Cl,10.38,chembl26.sdf.gz
Cl.NS(=O)(=O)c1cc(S(=O)(=O)c2ccc(CN3CCOCC3)cc2)cs1,8.84,chembl26.sdf.gz
CC(C)CN(C)Cc1cc(S(=O)(=O)c2csc(S(N)(=O)=O)c2)ccc1O.Cl,10.45,chembl26.sdf.gz
CC(C)CCNCc1cccc(C(=O)c2csc(S(N)(=O)=O)c2)c1.Cl,9.45,chembl26.sdf.gz
CN1CCN(Cc2ccc(S(=O)(=O)c3csc(S(N)(=O)=O)c3)cc2)CC1.Cl,9.25,chembl26.sdf.gz
CN1CCN(Cc2ccccc2S(=O)(=O)c2csc(S(N)(=O)=O)c2)CC1.Cl,8.8,chembl26.sdf.gz
CN(C)Cc1cc(S(=O)(=O)c2coc(S(N)(=O)=O)c2)ccc1O.Cl,8.12,chembl26.sdf.gz
CCN(CC)Cc1cc(S(=O)(=O)c2csc(S(N)(=O)=O)c2)ccc1O.Cl,10.47,chembl26.sdf.gz
CC(C)CNCc1ccc(C(=O)c2csc(S(N)(=O)=O)c2)cc1.Cl,9.55,chembl26.sdf.gz
CNCc1ccc(C(=O)c2csc(S(N)(=O)=O)c2)cc1.Cl,9.57,chembl26.sdf.gz
CCCCNCc1ccc(C(=O)c2csc(S(N)(=O)=O)c2)cc1.Cl,9.32,chembl26.sdf.gz
NS(=O)(=O)c1cc(S(=O)(=O)c2cccc(O)c2)cs1,9.35,chembl26.sdf.gz
CN1CCN(Cc2ccc(C(=O)c3csc(S(N)(=O)=O)c3)cc2)CC1.Cl,9.32,chembl26.sdf.gz
CC(C)CNCc1ccc(S(=O)(=O)c2csc(S(N)(=O)=O)c2)cc1O.Cl,5.89,chembl26.sdf.gz
CC(C)CNCc1cccc(C(=O)c2csc(S(N)(=O)=O)c2)c1.Cl,9.5,chembl26.sdf.gz
Cl.NS(=O)(=O)c1cc(S(=O)(=O)c2ccccc2CNCc2ccccn2)cs1,8.7,chembl26.sdf.gz
NS(=O)(=O)c1cc(S(=O)(=O)c2ccc(O)cc2)co1,8.5,chembl26.sdf.gz
NS(=O)(=O)c1cc(S(=O)(=O)c2ccc(O)cc2)cs1,9.2,chembl26.sdf.gz
CCCCNCc1ccc(S(=O)(=O)c2csc(S(N)(=O)=O)c2)cc1.Cl,9.35,chembl26.sdf.gz
CCN(CC)Cc1cc(S(=O)(=O)c2coc(S(N)(=O)=O)c2)ccc1O.Cl,10.62,chembl26.sdf.gz
Cl.NS(=O)(=O)c1cc(C(=O)c2cccc(CN3CCOCC3)c2)cs1,9.03,chembl26.sdf.gz
CC(C)CNCc1ccc(S(=O)(=O)c2csc(S(N)(=O)=O)c2)cc1.Cl,9.22,chembl26.sdf.gz
CC(C)(C)NCc1ccc(S(=O)(=O)c2csc(S(N)(=O)=O)c2)cc1.Cl,9.3,chembl26.sdf.gz
Cl.NS(=O)(=O)c1cc(C(=O)c2ccc(CN3CCOCC3)cc2)cs1,9.28,chembl26.sdf.gz
CC(C)CNCc1cccc(S(=O)(=O)c2csc(S(N)(=O)=O)c2)c1.Cl,9.1,chembl26.sdf.gz
Cl.NS(=O)(=O)c1cc(C(=O)c2ccc(CNCc3ccccc3)cc2)cs1,9.35,chembl26.sdf.gz
CCN(CC)Cc1cc(C(=O)c2csc(S(N)(=O)=O)c2)ccc1O.Cl,10.55,chembl26.sdf.gz
CN(C)Cc1cc(S(=O)(=O)c2csc(S(N)(=O)=O)c2)ccc1O.Cl,10.32,chembl26.sdf.gz
NS(=O)(=O)c1cc(C(=O)c2ccc(O)cc2)cs1,9.68,chembl26.sdf.gz
CC(C)CNCc1ccccc1S(=O)(=O)c1csc(S(N)(=O)=O)c1.Cl,8.98,chembl26.sdf.gz
CCN(CC)Cc1ccc(S(=O)(=O)c2csc(S(N)(=O)=O)c2)cc1O.Cl,6.02,chembl26.sdf.gz
CCC(C)NCc1cccc(S(=O)(=O)c2csc(S(N)(=O)=O)c2)c1.Cl,9.05,chembl26.sdf.gz
Cl.NS(=O)(=O)c1cc(S(=O)(=O)c2ccc(CNCc3ccccn3)cc2)cs1,8.92,chembl26.sdf.gz
CC(C)NCc1cccc(S(=O)(=O)c2csc(S(N)(=O)=O)c2)c1.Cl,9.2,chembl26.sdf.gz
CCOC(=O)COC(=O)NCCCC(C)Nc1cc(OC)cc2cccnc12,12.9,chembl26.sdf.gz
COc1cc(NC(C)CCCNC(=O)Oc2ccc([N+](=O)[O-])cc2)c2ncccc2c1,7.14,chembl26.sdf.gz
COc1cc(NC(C)CCCNC(=O)Oc2ccc(Cl)cc2)c2ncccc2c1,9.38,chembl26.sdf.gz
COc1cc(NC(C)CCCNC(=O)Oc2ccccc2)c2ncccc2c1,9.95,chembl26.sdf.gz
COc1ccc(OC(=O)NCCCC(C)Nc2cc(OC)cc3cccnc23)cc1,10.2,chembl26.sdf.gz
COc1cc(NC(C)CCCNC(=O)OCC(F)(F)F)c2ncccc2c1,12.37,chembl26.sdf.gz
CN1[C@@H]2CC[C@H]1C[C@@H](OC(=O)c1c[nH]c3ccccc13)C2,8.4,chembl26.sdf.gz
CN1C2CC(OC(=O)c3c[nH]c4ccccc34)CC1C1OC12,6.64,chembl26.sdf.gz
C[C@]12CCOC[C@@H]1[C@]1(COC(N)=N1)c1cc(-c3cc(F)cc(Cl)c3)ccc1O2,6.7,chembl26.sdf.gz
C[C@@]12COCC[C@H]1Oc1ccc(-c3cccnc3F)cc1[C@@]21COC(N)=N1,6.4,chembl26.sdf.gz
C[C@H]1OCC[C@H]2Oc3ccc(-c4cccnc4F)cc3[C@@]3(COC(N)=N3)[C@H]12,6.4,chembl26.sdf.gz
CN1C(=O)[C@]2(N=C1N)c1cc(-c3cccnc3F)ccc1O[C@H]1CCOC[C@@H]12,5.8,chembl26.sdf.gz
Brc1cccc(Br)c1N(Cc1ccco1)C1=NCCN1,10.5,chembl26.sdf.gz
Cc1cccc(Cl)c1N(CC1CC1)C1=NCCN1,11.3,chembl26.sdf.gz
C#CCN(C1=NCCN1)c1c(Br)cccc1Br,10.1,chembl26.sdf.gz
CCCCN(C1=NCCN1)c1c(Br)cccc1Br,10.97,chembl26.sdf.gz
Brc1cccc(Br)c1N(CC1CCCCC1)C1=NCCN1,11.2,chembl26.sdf.gz
N=C(N)N(CC1CC1)c1c(Br)cccc1Br,11.9,chembl26.sdf.gz
Brc1cccc(Br)c1N(C1=NCCN1)C1CCCC1,11.2,chembl26.sdf.gz
Brc1cccc(Br)c1N(CC1CC1)C1=NCCCN1,12.4,chembl26.sdf.gz
CC(C)CN(C1=NCCN1)c1c(Br)cccc1Br,11.02,chembl26.sdf.gz
C=CCN(C1=NCCN1)c1c(Br)cccc1Br,10.7,chembl26.sdf.gz
Brc1ccc(Br)c(N(CC2CC2)C2=NCCN2)c1,11.0,chembl26.sdf.gz
CCCN(C1=NCCN1)c1c(Br)cccc1Br,11.0,chembl26.sdf.gz
C=CCN(C1=NCCN1)c1c(Cl)cccc1Cl,10.42,chembl26.sdf.gz
C=C(C)CCN(C1=NCCN1)c1c(Br)cccc1Br,10.9,chembl26.sdf.gz
Brc1cccc(Br)c1N(C1=NCCN1)C1CCCCC1,11.3,chembl26.sdf.gz
CCCCCN(C1=NCCN1)c1c(Br)cccc1Br,11.0,chembl26.sdf.gz
Brc1cccc(Br)c1N(Cc1ccccc1)C1=NCCN1,10.4,chembl26.sdf.gz
Brc1cccc(Br)c1N(Cc1cccs1)C1=NCCN1,10.51,chembl26.sdf.gz
CN(C1=NCCN1)c1c(Br)cccc1Br,10.7,chembl26.sdf.gz
Fc1cccc(C(F)(F)F)c1N(CC1CC1)C1=NCCN1,10.7,chembl26.sdf.gz
CC(C)N(C1=NCCN1)c1c(Br)cccc1Br,11.2,chembl26.sdf.gz
CC(C)CCN(C1=NCCN1)c1c(Br)cccc1Br,10.9,chembl26.sdf.gz
Brc1cccc(Br)c1N(CC1CCCC1)C1=NCCN1,10.9,chembl26.sdf.gz
C=C(C)CN(C1=NCCN1)c1c(Br)cccc1Br,10.71,chembl26.sdf.gz
Brc1ccc(N(CC2CC2)C2=NCCN2)c(Br)c1,11.2,chembl26.sdf.gz
Fc1cccc(Br)c1N(CC1CC1)C1=NCCN1,10.7,chembl26.sdf.gz
Fc1cccc(Cl)c1N(CC1CC1)C1=NCCN1,10.8,chembl26.sdf.gz
Brc1cccc(N(CC2CC2)C2=NCCN2)c1Br,11.1,chembl26.sdf.gz
Fc1cccc(F)c1N(CC1CC1)C1=NCCN1,10.3,chembl26.sdf.gz
C/C=C/CN(C1=NCCN1)c1c(Br)cccc1Br,11.0,chembl26.sdf.gz
Clc1cccc(Cl)c1N(CC1CC1)C1=NCCN1,10.9,chembl26.sdf.gz
Brc1cccc(Br)c1N(CC1CC1)C1=NCCN1,10.88,chembl26.sdf.gz
Brc1cccc(Br)c1N(CC1CCC1)C1=NCCN1,10.9,chembl26.sdf.gz
Clc1cccc(Br)c1N(CC1CC1)C1=NCCN1,10.8,chembl26.sdf.gz
Brc1ccccc1N(CC1CC1)C1=NCCN1,11.2,chembl26.sdf.gz
C=CCCN(C1=NCCN1)c1c(Br)cccc1Br,11.2,chembl26.sdf.gz
CC(C)=CCN(C1=NCCN1)c1c(Br)cccc1Br,10.75,chembl26.sdf.gz
CCN(C1=NCCN1)c1c(Br)cccc1Br,11.1,chembl26.sdf.gz
CCOc1cc(CN2CCC(Nc3nc4cc(S(N)(=O)=O)ccc4o3)CC2)cc(OCC)c1N,8.28,chembl26.sdf.gz
CCOc1cc(CN2CCC(Nc3nc4ccccc4o3)CC2)ccc1OC,8.3,chembl26.sdf.gz
CCOc1cc(CN2CCC(Nc3nc4cc(S(=O)(=O)CC)ccc4o3)CC2)ccc1OC,8.1,chembl26.sdf.gz
CCOc1cc(CN2CCC(Nc3nc4cc(S(N)(=O)=O)ccc4o3)CC2)ccc1OC,8.05,chembl26.sdf.gz
CCOc1cc(CN2CCC(Nc3nc4cc(Cl)c(S(N)(=O)=O)cc4o3)CC2)ccc1OC,7.92,chembl26.sdf.gz
CCOc1cc(CN2CCC(Nc3nc4ccccc4o3)CC2)ccc1Cl,7.63,chembl26.sdf.gz
CCOc1cc(CN2CCC(Nc3nc4ccccc4o3)CC2)ccc1F,7.79,chembl26.sdf.gz
CCOc1cc(CN2CCC(Nc3nc4ccccc4o3)CC2)cc(OC2CCOCC2)c1,7.76,chembl26.sdf.gz
CCOc1cc(CN2CCC(Nc3nc4cc(Cl)c(S(N)(=O)=O)cc4o3)CC2)ccc1F,7.61,chembl26.sdf.gz
CCOc1cc(CN2CCC(Nc3nc4cc(NS(=O)(=O)c5ccccc5)ccc4o3)CC2)ccc1OC,7.72,chembl26.sdf.gz
CCOc1cc(CN2CCC(Nc3nc4cc(S(=O)(=O)CC)ccc4o3)CC2)cc(OC2CCOCC2)c1,7.55,chembl26.sdf.gz
CCOc1cc(CN2CCC(Nc3nc4cc(Cl)c(S(N)(=O)=O)cc4o3)CC2)cc(OCC)c1F,7.61,chembl26.sdf.gz
CCOc1cc(CN2CCC(Nc3nc4cc(NS(=O)(=O)c5cn(C)cn5)ccc4o3)CC2)ccc1OC,7.91,chembl26.sdf.gz
CCOc1cc(CN2CCC(Nc3nc4cc(C(N)=O)ccc4o3)CC2)cc(OCC)c1F,7.72,chembl26.sdf.gz
Cc1c(C(=O)c2cccc3ccccc23)c2cccc3c2n1[C@H](CN1CCOCC1)CO3,4.14,chembl26.sdf.gz
O=C(C[C@@H](CCCC1CCCCC1)c1nc(C(=O)NS(=O)(=O)c2ccccc2)no1)NO,3.2,chembl26.sdf.gz
CS(=O)(=O)NCc1noc([C@H](CCCC2CCCCC2)CC(=O)NO)n1,10.2,chembl26.sdf.gz
CC(C)(CO)NCc1noc([C@H](CCCC2CCCCC2)CC(=O)NO)n1,6.4,chembl26.sdf.gz
O=C(C[C@@H](CCCC1CCCCC1)c1nc(-c2c[nH]c(=O)[nH]c2=O)no1)NO,7.6,chembl26.sdf.gz
O=C(C[C@@H](CCCC1CCCCC1)c1nc(-c2ccc(C(=O)O)cc2)no1)NO,3.7,chembl26.sdf.gz
CC(C)OC1=NS(=O)(=O)c2cc(Cl)ccc2N1,8.0,chembl26.sdf.gz
CC(C)SC1=NS(=O)(=O)c2cc(Cl)ccc2N1,7.01,chembl26.sdf.gz
CC(C)CC1=NS(=O)(=O)c2cc(Cl)ccc2N1,8.52,chembl26.sdf.gz
[11CH3]NC(=O)C(CCN1CCC(O)(c2ccc(Cl)cc2)CC1)(c1ccccc1)c1ccccc1,7.96,chembl26.sdf.gz
CNC(=O)C(CCN1CCC(O)(c2ccc(Cl)cc2)CC1)(c1ccccc1)c1ccccc1,7.2,chembl26.sdf.gz
c1ccc(CN2CCN(Cc3nc(-c4ccccc4)no3)CC2)cc1,6.7,chembl26.sdf.gz
c1ccc(CN2CCN(Cc3nnc(-c4ccccc4)o3)CC2)cc1,6.7,chembl26.sdf.gz
CN(Cc1nc2ccccc2c(=O)[nH]1)Cc1nc(-c2ccccc2)no1,2.1,chembl26.sdf.gz
CN(Cc1nc2ccccc2c(=O)[nH]1)Cc1nnc(-c2ccccc2)o1,2.3,chembl26.sdf.gz
c1ccc(-c2noc(CN3CCN(Cc4nc5ccccc5s4)CC3)n2)cc1,4.4,chembl26.sdf.gz
c1ccc(-c2nnc(CN3CCN(Cc4nc5ccccc5s4)CC3)o2)cc1,4.4,chembl26.sdf.gz
c1cncc(-c2ccc(-c3noc(C4CN5CCC4CC5)n3)o2)c1,8.8,chembl26.sdf.gz
c1cncc(-c2ccc(-c3nnc(C4CN5CCC4CC5)o3)o2)c1,9.1,chembl26.sdf.gz
CCOC(=O)N1CCN(Cc2noc(-c3cc(Cl)ccc3F)n2)CC1,4.0,chembl26.sdf.gz
CCOC(=O)N1CCN(Cc2nnc(-c3cc(Cl)ccc3F)o2)CC1,3.5,chembl26.sdf.gz
CCOC(=O)N1CCN(Cc2nc(-c3cccc(Cl)c3)no2)CC1,3.4,chembl26.sdf.gz
CCOC(=O)N1CCN(Cc2nnc(-c3cccc(Cl)c3)o2)CC1,3.5,chembl26.sdf.gz
CC(C)N1CCC[C@@H](CN2CCN(C(=O)Nc3ccc(Cl)c(Cl)c3)CC2)C1,10.0,chembl26.sdf.gz
CC(C)N1CCN[C@@H](C(=O)N2CCN(C(=O)Nc3ccc(Cl)c(Cl)c3)CC2)C1,7.8,chembl26.sdf.gz
CCN(CC)CCS/C(=N/O)C(=O)c1ccc(Br)cc1.Cl,7.44,chembl26.sdf.gz
Cc1nonc1/C=N/O,9.15,chembl26.sdf.gz
CCN(CC)CCS/C(=N/O)c1cnsn1,7.69,chembl26.sdf.gz
CCN(CC)CCS/C(=N/O)c1nsnc1C.Cl,8.65,chembl26.sdf.gz
CCN(CC)CCS/C(=N/O)c1nonc1C.Cl,7.59,chembl26.sdf.gz
CCN(CC)CCS/C(=N\O)c1nnc(-c2ccccc2)o1.Cl,6.35,chembl26.sdf.gz
O/N=C\c1cnsn1,9.45,chembl26.sdf.gz
O/N=C/c1nnc(-c2ccccc2)o1,8.41,chembl26.sdf.gz
Cc1nsnc1/C=N\O,9.61,chembl26.sdf.gz
Cc1nc(N2CCN(C)CC2)c2nc(-c3ccccc3Cl)n(C3CCOCC3)c2n1,7.2,chembl26.sdf.gz
Cc1nc(N2CCN(C)CC2)c2nc(-c3ccccc3Cl)n([C@H](C)CO)c2n1,7.5,chembl26.sdf.gz
CNc1ncnc2c1nnn2Cc1ccccc1F,2.49,chembl26.sdf.gz
O=c1[nH]c(=O)n([C@@H]2O[C@H](CO)[C@@H](O)[C@@H]2O)cc1[N+](=O)[O-],5.7,chembl26.sdf.gz
O=c1[nH]c(=O)n([C@@H]2O[C@H](CO)[C@@H](O)[C@@H]2O)cc1O,7.8,chembl26.sdf.gz
CN(C)CC1C2c3ccccc3C(c3ccccc32)C1CN(C)C,9.19,chembl26.sdf.gz
CC1C2c3ccccc3C(c3ccccc32)C1CN(C)C,8.99,chembl26.sdf.gz
CNCC1CC2c3ccccc3C1c1ccccc12,10.18,chembl26.sdf.gz
CN(C)CC1C2c3ccccc3C(c3ccccc32)C1COC(=O)N(C)C,8.99,chembl26.sdf.gz
c1ccc2c(c1)C1c3ccccc3C2C2CNCC12,10.18,chembl26.sdf.gz
CN(C)C1CC2c3ccccc3C1c1ccccc12,8.67,chembl26.sdf.gz
CN(C)CC1=C(CN(C)C)C2c3ccccc3C1c1ccccc12,8.66,chembl26.sdf.gz
CN(C)CC1C2c3ccccc3C(c3ccccc32)C1CO,8.86,chembl26.sdf.gz
CN(C)C1C2c3ccccc3C(c3ccccc32)C1C(=O)O,8.3,chembl26.sdf.gz
CN(C)CC1=CC2c3ccccc3C1c1ccccc12,8.04,chembl26.sdf.gz
CN(C)CCNC1CC2c3ccccc3C1c1ccccc12,9.48,chembl26.sdf.gz
CCOC(=O)C1C2c3ccccc3C(c3ccccc32)C1N(C)C,7.48,chembl26.sdf.gz
NS(=O)(=O)c1cc2c(s1)C(O)CC[S+]2[O-],8.82,chembl26.sdf.gz
NS(=O)(=O)c1cc2c(s1)[S+]([O-])CCC2O,8.68,chembl26.sdf.gz
CC(=O)Oc1ccc2c3c1O[C@H]1[C@@H](OC(C)=O)C=C[C@H]4[C@@H](C2)N(C)CC[C@@]341,7.95,chembl26.sdf.gz
COc1ccc2c3c1O[C@H]1[C@@H](O)C=C[C@H]4[C@@H](C2)NCC[C@@]341,9.23,chembl26.sdf.gz
CN(C)CCCNc1ccnc2ccc([N+](=O)[O-])cc12,6.99,chembl26.sdf.gz
CN(C)CCCNc1c([N+](=O)[O-])cnc2ccccc12,4.43,chembl26.sdf.gz
CN(C)CCCNc1ccnc2ccccc12,8.85,chembl26.sdf.gz
CN(C)CCCNc1ccnc2cc([N+](=O)[O-])ccc12,6.77,chembl26.sdf.gz
CO[C@@H]1[C@@H](OC(=O)c2ccc(C)[nH]2)[C@@H](O)[C@H](Oc2ccc3c(N4CCN(C)CC4)cc(=O)oc3c2C)OC1(C)C,7.3,chembl26.sdf.gz
CO[C@@H]1[C@@H](OC(=O)c2ccc(C)[nH]2)[C@@H](O)[C@H](Oc2ccc3c(N4CCN(C)CC4)c(Cl)c(=O)oc3c2C)OC1(C)C,7.4,chembl26.sdf.gz
CO[C@@H]1[C@@H](OC(=O)c2ccc(C)[nH]2)[C@@H](O)[C@H](Oc2ccc3c(N4CCNCC4)cc(=O)oc3c2C)OC1(C)C,8.3,chembl26.sdf.gz
CO[C@@H]1[C@@H](OC(N)=O)[C@@H](O)[C@H](Oc2ccc3c(O)c(NC(=O)c4ccc(O)c(CC=C(C)C)c4)c(=O)oc3c2C)OC1(C)C,3.6,chembl26.sdf.gz
CO[C@@H]1[C@@H](OC(=O)c2ccc(C)[nH]2)[C@@H](O)[C@H](Oc2ccc3c(N4CCN(c5ccccn5)CC4)cc(=O)oc3c2C)OC1(C)C,5.5,chembl26.sdf.gz
CO[C@@H]1[C@@H](OC(=O)c2ccc(C)[nH]2)[C@@H](O)[C@H](Oc2ccc3c(N4CCC(N(C)C)CC4)cc(=O)oc3c2C)OC1(C)C,9.0,chembl26.sdf.gz
CO[C@@H]1[C@@H](OC(=O)c2ccc(C)[nH]2)[C@@H](O)[C@H](Oc2ccc3c(N4CC(C)NC(C)C4)cc(=O)oc3c2C)OC1(C)C,8.0,chembl26.sdf.gz
CCN1CCN(c2cc(=O)oc3c(C)c(O[C@@H]4OC(C)(C)[C@H](OC)[C@@H](OC(=O)c5ccc(C)[nH]5)[C@H]4O)ccc23)CC1,7.5,chembl26.sdf.gz
CO[C@@H]1[C@@H](OC(=O)c2ccc(C)[nH]2)[C@@H](O)[C@H](Oc2ccc3c(N(C)CCN(C)C)cc(=O)oc3c2C)OC1(C)C,8.2,chembl26.sdf.gz
CO[C@@H]1[C@@H](OC(=O)c2ccc(C)[nH]2)[C@@H](O)[C@H](Oc2ccc3c(N4CCNC(C)C4)cc(=O)oc3c2C)OC1(C)C,8.3,chembl26.sdf.gz
Nc1nc(O)cc(NCc2ccccc2)n1,3.22,chembl26.sdf.gz
Nc1nc(S)cc(NCc2ccccc2)n1,3.33,chembl26.sdf.gz
COc1cccc2c1C(=O)c1c(O)c3c(c(O)c1C2=O)C[C@@](O)(C(C)=O)C[C@@H]3O[C@H]1C[C@H](N)[C@H](O)[C@H](C)O1.Cl,8.99,chembl26.sdf.gz
COc1cccc2c1C(=O)c1c(O)c3c(c(O)c1C2=O)C[C@@](O)(C(C)=O)C[C@@H]3O[C@H]1C[C@H](NC(=O)CN(C)C)[C@H](O)[C@H](C)O1.Cl,7.35,chembl26.sdf.gz
COc1cccc2c1C(=O)c1c(O)c3c(c(O)c1C2=O)C[C@@](O)(C(C)=O)C[C@@H]3O[C@H]1C[C@H](NC(=O)CNC(=O)CN(C)C)[C@H](O)[C@H](C)O1.Cl,7.39,chembl26.sdf.gz
Nc1ccc(S(=O)(=O)NC(=O)c2ccccc2)cc1,4.57,chembl26.sdf.gz
Nc1ccc(S(=O)(=O)Nc2ccccn2)cc1,8.56,chembl26.sdf.gz
CNS(=O)(=O)c1ccc(N)cc1,10.77,chembl26.sdf.gz
Nc1ccc(S(N)(=O)=O)cc1,10.43,chembl26.sdf.gz
NC(=O)NS(=O)(=O)c1ccc(N)cc1,5.42,chembl26.sdf.gz
CNC(=O)c1ccc2c(c1)[C@@H](NC)CC[C@H]2c1ccc(Cl)c(Cl)c1,8.8,chembl26.sdf.gz
CN[C@H]1CC[C@@H](c2ccc(Cl)c(Cl)c2)c2ccc(C(N)=O)cc21,8.5,chembl26.sdf.gz
C[C@]12C=CC(=O)C=C1[C@@H](F)C[C@H]1[C@@H]3C[C@H]4CN(Cc5ccc(Cl)cc5)C[C@@]4(C(=O)CO)[C@@]3(C)C[C@H](O)[C@@]12F,6.72,chembl26.sdf.gz
C[C@]12C=CC(=O)C=C1[C@@H](F)C[C@H]1[C@@H]3C[C@H]4CN(Cc5cccc(Cl)c5)C[C@@]4(C(=O)CO)[C@@]3(C)C[C@H](O)[C@@]12F,6.64,chembl26.sdf.gz
C[C@]12C=CC(=O)C=C1[C@@H](F)C[C@H]1[C@@H]3C[C@H]4CN(Cc5ccc(C(F)(F)F)cc5)C[C@@]4(C(=O)CO)[C@@]3(C)C[C@H](O)[C@@]12F,6.43,chembl26.sdf.gz
Cc1cccc(CN2C[C@@H]3C[C@H]4[C@@H]5C[C@H](F)C6=CC(=O)C=C[C@]6(C)[C@@]5(F)[C@@H](O)C[C@]4(C)[C@]3(C(=O)CO)C2)c1,7.27,chembl26.sdf.gz
Cc1ccc(CN2C[C@@H]3C[C@H]4[C@@H]5C[C@H](F)C6=CC(=O)C=C[C@]6(C)[C@@]5(F)[C@@H](O)C[C@]4(C)[C@]3(C(=O)CO)C2)cc1,7.11,chembl26.sdf.gz
C[C@]12C=CC(=O)C=C1[C@@H](F)C[C@H]1[C@@H]3C[C@H]4CN(Cc5cccnc5)C[C@@]4(C(=O)CO)[C@@]3(C)C[C@H](O)[C@@]12F,4.11,chembl26.sdf.gz
C[C@]12C=CC(=O)C=C1[C@@H](F)C[C@H]1[C@@H]3C[C@H]4CNC[C@@]4(C(=O)CO)[C@@]3(C)C[C@H](O)[C@@]12F,8.82,chembl26.sdf.gz
C[C@]12C=CC(=O)C=C1[C@@H](F)C[C@H]1[C@@H]3C[C@H]4CN(Cc5ccccc5)C[C@@]4(C(=O)CO)[C@@]3(C)C[C@H](O)[C@@]12F,6.96,chembl26.sdf.gz
CN1C[C@@H]2C[C@H]3[C@@H]4C[C@H](F)C5=CC(=O)C=C[C@]5(C)[C@@]4(F)[C@@H](O)C[C@]3(C)[C@]2(C(=O)CO)C1,7.91,chembl26.sdf.gz
C[C@]12C=CC(=O)C=C1[C@@H](F)C[C@H]1[C@@H]3C[C@H]4CN(CC5CC5)C[C@@]4(C(=O)CO)[C@@]3(C)C[C@H](O)[C@@]12F,7.83,chembl26.sdf.gz
CC(C)CCN1C[C@@H]2C[C@H]3[C@@H]4C[C@H](F)C5=CC(=O)C=C[C@]5(C)[C@@]4(F)[C@@H](O)C[C@]3(C)[C@]2(C(=O)CO)C1,7.98,chembl26.sdf.gz
C[C@]12C=CC(=O)C=C1[C@@H](F)C[C@H]1[C@@H]3C[C@H]4CN(Cc5cc6ccccc6s5)C[C@@]4(C(=O)CO)[C@@]3(C)C[C@H](O)[C@@]12F,6.4,chembl26.sdf.gz
C[C@]12C=CC(=O)C=C1[C@@H](F)C[C@H]1[C@@H]3C[C@H]4CN(Cc5ccc6ccccc6n5)C[C@@]4(C(=O)CO)[C@@]3(C)C[C@H](O)[C@@]12F,3.42,chembl26.sdf.gz
C[C@]12C=CC(=O)C=C1[C@@H](F)C[C@H]1[C@@H]3C[C@H]4CN(Cc5ccc(CSc6ccc(O)cc6)cc5)C[C@@]4(C(=O)CO)[C@@]3(C)C[C@H](O)[C@@]12F,6.95,chembl26.sdf.gz
C[C@]12C=CC(=O)C=C1[C@@H](F)C[C@H]1[C@@H]3C[C@H]4CN(c5ccccc5)C[C@@]4(C(=O)CO)[C@@]3(C)C[C@H](O)[C@@]12F,8.82,chembl26.sdf.gz
C[C@]12C=CC(=O)C=C1[C@@H](F)C[C@H]1[C@@H]3C[C@H]4CN(c5cccc(Cl)c5)C[C@@]4(C(=O)CO)[C@@]3(C)C[C@H](O)[C@@]12F,4.06,chembl26.sdf.gz
C[C@]12C=CC(=O)C=C1[C@@H](F)C[C@H]1[C@@H]3C[C@H]4CN(c5ccc(Cl)cc5)C[C@@]4(C(=O)CO)[C@@]3(C)C[C@H](O)[C@@]12F,4.42,chembl26.sdf.gz
C[C@]12C=CC(=O)C=C1[C@@H](F)C[C@H]1[C@@H]3C[C@H]4CN(Cc5ccccc5)C[C@@]4(C(=O)CF)[C@@]3(C)C[C@H](O)[C@@]12F,6.87,chembl26.sdf.gz
C[C@]12C=CC(=O)C=C1[C@@H](F)C[C@H]1[C@@H]3C[C@H]4CN(c5ccccc5)C[C@@]4(C(=O)CF)[C@@]3(C)C[C@H](O)[C@@]12F,8.74,chembl26.sdf.gz
COC(=O)[C@@]12CN(Cc3ccccc3)C[C@@H]1C[C@H]1[C@@H]3C[C@H](F)C4=CC(=O)C=C[C@]4(C)[C@@]3(F)[C@@H](O)C[C@@]12C,7.12,chembl26.sdf.gz
CC(=O)[C@@]12CN(Cc3cccc(Cl)c3)C[C@@H]1C[C@H]1[C@@H]3C[C@H](F)C4=CC(=O)C=C[C@]4(C)[C@@]3(F)[C@@H](O)C[C@@]12C,6.9,chembl26.sdf.gz
C[C@]12C=CC(=O)C=C1[C@@H](F)C[C@H]1[C@@H]3C[C@H]4CN(Cc5cccc(Cl)c5)C[C@@]4(C(=O)OCF)[C@@]3(C)C[C@H](O)[C@@]12F,6.58,chembl26.sdf.gz
CN(C)C(=O)[C@@]12CN(Cc3ccccc3)C[C@@H]1C[C@H]1[C@@H]3C[C@H](F)C4=CC(=O)C=C[C@]4(C)[C@@]3(F)[C@@H](O)C[C@@]12C,7.3,chembl26.sdf.gz
C[C@]12C=CC(=O)C=C1[C@@H](F)C[C@H]1[C@@H]3C[C@H]4CN(Cc5ccccc5)C[C@@]4(C(=O)NCc4ccccc4)[C@@]3(C)C[C@H](O)[C@@]12F,7.05,chembl26.sdf.gz
Cc1ccc(Cn2c(C3CNCCO3)nc3ccccc32)cc1C,7.4,chembl26.sdf.gz
Cc1ccc(Cn2c([C@@H]3CNCCS3)nc3ccccc32)cc1C,7.5,chembl26.sdf.gz
c1ccc(-c2cnc3[nH]cc(-c4ccc(-c5nnn[nH]5)cc4)c3c2)cc1,4.9,chembl26.sdf.gz
O=C(O)c1ccc(-c2c[nH]c3ncc(-c4ccccc4)cc23)cc1,4.2,chembl26.sdf.gz
CCN(CC)C(C)CC(=O)Nc1c(C)cccc1C,9.03,chembl26.sdf.gz
CCN(CC)C(C)CCCC(=O)Nc1c(C)cccc1C,10.1,chembl26.sdf.gz
CCN(CC)CCC(=O)Nc1c(C)cccc1C,8.83,chembl26.sdf.gz
Cc1cccc(C)c1NC(=O)CCCCCN,10.05,chembl26.sdf.gz
Cc1cccc(C)c1NC(=O)CN,7.42,chembl26.sdf.gz
Cc1cccc(C)c1NC(=O)CCN,8.75,chembl26.sdf.gz
Cc1cccc(C)c1NC(=O)CCCCN,9.81,chembl26.sdf.gz
Cc1cccc(C)c1NC(=O)CC(C)N,8.71,chembl26.sdf.gz
CCN(CC)CCCC(=O)Nc1c(C)cccc1C,9.52,chembl26.sdf.gz
Cc1cccc(C)c1NC(=O)CCC(C)N,9.36,chembl26.sdf.gz
CCN(CC)C(C)CCC(=O)Nc1c(C)cccc1C,9.87,chembl26.sdf.gz
Cc1cccc(C)c1NC(=O)C(C)N(C)C,7.33,chembl26.sdf.gz
CCN(CC)CCCCC(=O)Nc1c(C)cccc1C,9.96,chembl26.sdf.gz
CCN(CC)CCCCCC(=O)Nc1c(C)cccc1C,10.24,chembl26.sdf.gz
Cc1cccc(C)c1NC(=O)CCCN,9.35,chembl26.sdf.gz
CCN(CC)CCCCCCC(=O)Nc1c(C)cccc1C,10.24,chembl26.sdf.gz
Cc1cccc(C)c1NC(=O)CCCC(C)N,9.79,chembl26.sdf.gz
Cl.O=C(O)c1cccn(C[C@@H]2CNCCO[C@H]2c2ccc(Cl)c(F)c2)c1=O,2.58,chembl26.sdf.gz
Cl.O=c1c(-c2nnn[nH]2)cccn1C[C@@H]1CNCCO[C@H]1c1ccc(Cl)c(F)c1,3.88,chembl26.sdf.gz
Cl.O=c1[nH]c(-c2cccn(C[C@@H]3CNCCO[C@H]3c3ccc(Cl)c(F)c3)c2=O)no1,5.45,chembl26.sdf.gz
Cc1nnc(-c2cccn(C[C@@H]3CNCCO[C@H]3c3ccc(Cl)c(F)c3)c2=O)[nH]1.Cl,9.68,chembl26.sdf.gz
Cl.O=c1[nH]c(-c2ccn(C[C@@H]3CNCCO[C@H]3c3ccc(Cl)c(F)c3)c(=O)c2)no1,5.89,chembl26.sdf.gz
Cl.O=c1[nH]c(-c2ccc(=O)n(C[C@@H]3CNCCO[C@H]3c3ccc(Cl)c(F)c3)c2)no1,5.72,chembl26.sdf.gz
Cl.O=c1[nH]c(-c2cccc(=O)n2C[C@@H]2CNCCO[C@H]2c2ccc(Cl)c(F)c2)no1,6.35,chembl26.sdf.gz
O=C(Nc1cccnc1)N1CCN(Cc2cccc(Oc3ccc(Cl)cc3)c2)CC1,5.25,chembl26.sdf.gz
O=C(Nc1cnccc1Cl)N1CCN(Cc2cccc(Oc3ccc(Cl)cc3)c2)CC1,3.85,chembl26.sdf.gz
N#Cc1ccncc1NC(=O)N1CCN(Cc2cccc(Oc3ccc(Cl)cc3)c2)CC1,1.9,chembl26.sdf.gz
O=C(Nc1cnccn1)N1CCN(Cc2cccc(Oc3ccc(Cl)cc3)c2)CC1,0.6,chembl26.sdf.gz
O=C(Nc1cc[nH]n1)N1CCN(Cc2cccc(Oc3ccc(Cl)cc3)c2)CC1,2.5,chembl26.sdf.gz
NC(=O)COCCN1CCN(C(COCc2cc(C(F)(F)F)cc(C(F)(F)F)c2)c2ccccc2)CC1,7.4,chembl26.sdf.gz
NC(=O)CN1CCN([C@H](COCc2cc(C(F)(F)F)cc(C(F)(F)F)c2)c2ccccc2)CC1,6.2,chembl26.sdf.gz
NC(=O)CN1CCN([C@@H](COCc2cc(C(F)(F)F)cc(C(F)(F)F)c2)c2ccccc2)CC1,6.2,chembl26.sdf.gz
O=c1c(O)c(Nc2ccccc2)/c1=N/c1ccccc1O,8.6,chembl26.sdf.gz
N#Cc1ccc(Nc2c(O)c(=O)/c2=N\c2ccccc2)c(O)c1,7.09,chembl26.sdf.gz
O[C@@H]1c2cc(OCc3cccc(Cl)n3)ccc2OC[C@@H]1Cc1cccnc1,0.72,chembl26.sdf.gz
Cc1nc(COc2ccc3c(c2)[C@@H](O)[C@@H](Cc2cccnc2)CO3)ccc1Br,3.55,chembl26.sdf.gz
Cc1cccc(COc2ccc3c(c2)[C@@H](O)[C@@H](Cc2cccnc2)CO3)n1,5.96,chembl26.sdf.gz
Cc1nc(COc2ccc3c(c2)[C@@H](O)[C@@H](Cc2cccnc2)CO3)ccc1[N+](=O)[O-],1.52,chembl26.sdf.gz
O[C@@H]1c2cc(OCc3ccccn3)ccc2OC[C@@H]1Cc1cccnc1,5.25,chembl26.sdf.gz
O[C@@H]1c2cc(OCc3ccc4ccccc4n3)ccc2OC[C@@H]1Cc1cccnc1,4.81,chembl26.sdf.gz
CN1CCN(c2cccc(C3=C(c4c[nH]c5ccccc45)C(=O)NC3=O)c2)CC1,7.4,chembl26.sdf.gz
CN1CCN(c2nc(C3=C(c4c[nH]c5ccccc45)C(=O)NC3=O)c3ccccc3n2)CC1,7.4,chembl26.sdf.gz
CC1(C)OB(O)c2ccccc21,8.32,chembl26.sdf.gz
OB(O)c1ccccc1,8.8,chembl26.sdf.gz
CC(C)[C@H](N)C(=O)OCCOCn1cnc2c(=O)nc(N)[nH]c21,7.4,chembl26.sdf.gz
O=c1c(O[C@@H]2O[C@H](CO)[C@@H](O)[C@H](O)[C@H]2O)c(-c2ccc(O[C@@H]3O[C@H](CO)[C@@H](O)[C@H](O)[C@H]3O)c(O)c2)oc2cc(O)cc(O)c12,6.9,chembl26.sdf.gz
NC(CO)C(=O)NNCc1ccc(O)c(O)c1O,6.19,chembl26.sdf.gz
CC(C)(C(=O)O)c1ccc(C(O)CCCN2CCC(C(O)(c3ccccc3)c3ccccc3)CC2)cc1,4.2,chembl26.sdf.gz
CCCCc1nc(Cl)c(CO)n1Cc1ccc(-c2ccccc2-c2nnn[nH]2)cc1,2.95,chembl26.sdf.gz
CC1=C(C(=O)O)N2C(=O)[C@@H](NC(=O)[C@H](N)c3ccccc3)[C@H]2SC1,2.55,chembl26.sdf.gz
N[C@@H](Cc1ccccc1)C(=O)O,2.2,chembl26.sdf.gz
N=C(N)NCCCNC(=O)[C@@H]1CCCCN1C(=O)[C@@H](CC1CCCCC1)NCC(=O)O,1.6,chembl26.sdf.gz
COc1cc2ncnc(Nc3cccc(Cl)c3F)c2cc1OC1CCN(C)CC1,8.8,chembl26.sdf.gz
COCCN1CCC(Oc2cc3c(Nc4cccc(Cl)c4F)ncnc3cc2OC)CC1,8.1,chembl26.sdf.gz
COc1cc2ncnc(Nc3cccc(Cl)c3F)c2cc1OC1CCN(CC(N)=O)CC1,6.7,chembl26.sdf.gz
COc1cc2c(Nc3ccc(Br)cc3F)ncnc2cc1OCC1CCN(C)CC1,9.3,chembl26.sdf.gz
COCCN1CCC(Oc2cc3c(Nc4cc(Cl)ccc4F)ncnc3cc2OC)CC1,8.1,chembl26.sdf.gz
COc1cc2ncnc(Nc3cc(Cl)ccc3F)c2cc1OC1CCN(CC(N)=O)CC1,6.7,chembl26.sdf.gz
COc1cc2ncnc(Nc3cccc(Cl)c3F)c2cc1OCC1CCN(C)CC1,9.3,chembl26.sdf.gz
COc1cc2ncnc(Nc3cc(Cl)ccc3F)c2cc1OC1CCN(C)CC1,8.8,chembl26.sdf.gz
COc1cc2ncnc(Nc3cc(Cl)ccc3F)c2cc1OCC1CCN(C)CC1,9.3,chembl26.sdf.gz
COc1cc2ncnc(Nc3ccc(F)c(Cl)c3)c2cc1OC1CCN(C)CC1,8.8,chembl26.sdf.gz
COc1cc2ncnc(Nc3ccc(F)c(Cl)c3)c2cc1OCC1CCN(C)CC1,9.3,chembl26.sdf.gz
Cl.NC1=NC23CCC(NC(=O)c4cccc(Cl)c4)CC2(COC3)CS1,8.2,chembl26.sdf.gz
Cl.NC1=N[C@]23CC[C@H](NC(=O)c4cccc(Cl)c4)C[C@@H]2[C@@H](COC3)S1,9.0,chembl26.sdf.gz
Cl.NC1=NC2CCC(NC(=O)c3cccc(Cl)c3)CC2CS1,9.7,chembl26.sdf.gz
Cc1nnc(C(C)C)n1C1CCN(CC[C@H](NC(=O)C2CCC(F)(F)CC2)c2ccccc2)CC1,7.2,chembl26.sdf.gz
Cc1nnc(C(C)C)n1[C@@H]1C[C@H]2CC[C@@H](C1)N2CC[C@H](NC(=O)C1CCC(F)(F)CC1)c1ccccc1,7.7,chembl26.sdf.gz
CCN(C(=O)Cc1ccc(OC)cc1)C1CCN(C(C)C[C@H](NC(=O)C2CCC2)c2ccccc2)CC1,7.8,chembl26.sdf.gz
COc1ccc(CC(=O)NC2CCN(CC[C@H](NC(=O)C3CCC3)c3ccccc3)CC2)cc1,8.2,chembl26.sdf.gz
CCN(C(=O)Cc1ccc(OC)cc1)[C@H]1C[C@H]2CC[C@@H](C1)N2CC[C@H](NC(=O)C1CCC1)c1ccccc1,8.7,chembl26.sdf.gz
CC1(C)CCc2c(Cl)c(O)c(Cl)c(Cl)c2O1,7.1,chembl26.sdf.gz
CC1(C)CCc2c(cc(Cl)c(O)c2Cl)O1,7.7,chembl26.sdf.gz
CN(C)CCNC(=O)c1cccc2c1ncc1ccccc12.Cl.Cl,2.95,chembl26.sdf.gz
CN(C)CCNC(=O)c1cccc2c1nc(-c1ccccc1)c1ccccc12,2.75,chembl26.sdf.gz
CN(C)CCNC(=O)c1cccc2c1nc(-c1ccc(Cl)cc1)c1ccccc12,2.52,chembl26.sdf.gz
CCOC(=O)COc1ccc(Oc2ccc(O)c(CN)c2)c(Cl)c1Cl.Cl,8.55,chembl26.sdf.gz
CCOC(=O)COc1ccc(S(=O)(=O)c2ccc(O)c(CN)c2)c(Cl)c1Cl.Cl,6.67,chembl26.sdf.gz
CCOC(=O)COc1ccc(C(=O)c2ccc(O)c(CN)c2)cc1.Cl,7.34,chembl26.sdf.gz
CCOC(=O)COc1ccc(Cc2ccc(O)c(CN)c2)c(Cl)c1Cl.Cl,8.73,chembl26.sdf.gz
CCOC(=O)COc1ccc(C(=O)c2ccc(O)c(CN)c2)c(Cl)c1Cl.Cl,6.38,chembl26.sdf.gz
O=C1OC(C(O)CO)C(O)=C1OCCCOc1no[n+]([O-])c1-c1ccccc1,3.44,chembl26.sdf.gz
O=C1OC(C(O)CO)C(O)=C1OCCCCCCO[N+](=O)[O-],3.56,chembl26.sdf.gz
O=C1OC(C(O)CO)C(O)=C1OCCCO[N+](=O)[O-],3.19,chembl26.sdf.gz
NC(=O)c1c(COC2=C(O)C(=O)OC2C(O)CO)no[n+]1[O-],7.07,chembl26.sdf.gz
COC1=C(O)[C@@H]([C@@H](O)CO)OC1=O,3.23,chembl26.sdf.gz
O=C(c1ccccc1)n1c(-c2ccccc2[N+](=O)[O-])nc2ccccc21,4.9,chembl26.sdf.gz
O=C(c1ccc(Cl)cc1)n1c(-c2ccccc2[N+](=O)[O-])nc2ccccc21,4.69,chembl26.sdf.gz
COc1ccc(C(=O)n2c(-c3ccccc3[N+](=O)[O-])nc3ccccc32)cc1,4.71,chembl26.sdf.gz
O=C(c1ccc([N+](=O)[O-])cc1)n1c(-c2ccccc2[N+](=O)[O-])nc2ccccc21,4.79,chembl26.sdf.gz
Nc1ccc(CC(=O)O)cc1,3.6,chembl26.sdf.gz
Cc1c(Cc2ccccc2S(=O)(=O)c2ccccc2)c2c(n1CC(=O)O)CCNC2=O,3.0,chembl26.sdf.gz
Cc1c(Cc2ccccc2S(=O)(=O)c2cccc(Cl)c2)c2c(n1CC(=O)O)CCNC2=O,3.1,chembl26.sdf.gz
COc1ccc(S(=O)(=O)c2ccc(F)cc2)c(Cc2c3c(n(CC(=O)O)c2C)CCNC3=O)c1,3.1,chembl26.sdf.gz
Cc1c(Cc2ccccc2C(O)c2ccccc2)c2c(n1CC(=O)O)CCNC2=O,3.1,chembl26.sdf.gz
Cc1c(Cc2ccccc2S(=O)(=O)c2ccccc2)c2c(n1CC(=O)O)CCN(C)C2=O,2.9,chembl26.sdf.gz
Cc1c(Cc2ccccc2S(=O)(=O)c2ccccc2)c2c(n1CC(=O)O)CCN(Cc1ccccc1)C2=O,3.3,chembl26.sdf.gz
Cc1c(Cc2ccccc2S(=O)(=O)c2ccccc2)c2c(n1CC(=O)O)CCN(C(C)C)C2=O,2.9,chembl26.sdf.gz
Cc1c(Cc2ccccc2S(=O)(=O)c2ccccc2)c2c(n1CC(=O)O)CC(C)(C)NC2=O,3.0,chembl26.sdf.gz
COc1cc(/C=C2\CCCN3C2=NO[C@@]3(CO)c2ccc(F)cc2)ccc1-n1cnc(C)c1,5.8,chembl26.sdf.gz
COc1cc(/C=C2\CCCN3C2=NOC3(C)c2ccc(F)cc2)ccc1-n1cnc(C)c1,6.7,chembl26.sdf.gz
COc1cc(/C=C2\CCCN3C2=NOC[C@@H]3c2cc(F)c(F)c(F)c2)ccc1-n1cnc(C)c1,2.7,chembl26.sdf.gz
O=S(=O)(Nc1cncc(C(F)(F)F)c1)c1ccccc1C(F)(F)F,5.2,chembl26.sdf.gz
CCN,10.7,chembl26.sdf.gz
FC(F)(F)c1nnn[nH]1,1.7,chembl26.sdf.gz
Cc1nnn[nH]1,4.9,chembl26.sdf.gz
O=C(O)c1cccc(C(F)(F)F)c1,3.79,chembl26.sdf.gz
O=C(O)c1ccc(F)cc1,4.14,chembl26.sdf.gz
O=C(O)c1cccc(F)c1,3.87,chembl26.sdf.gz
O=C(O)c1ccccc1F,3.27,chembl26.sdf.gz
O=C(O)CC(F)(F)F,3.06,chembl26.sdf.gz
CCC(=O)O,4.87,chembl26.sdf.gz
O=C(O)C(F)F,1.24,chembl26.sdf.gz
O=C(O)CF,2.66,chembl26.sdf.gz
Fc1cccc2cccnc12,3.1,chembl26.sdf.gz
Fc1cnc2ccccc2c1,2.36,chembl26.sdf.gz
FC1(F)CCNCC1,8.5,chembl26.sdf.gz
FC1CCNCC1,9.4,chembl26.sdf.gz
FC1CCCNC1,9.3,chembl26.sdf.gz
NCCCC(F)(F)F,9.7,chembl26.sdf.gz
NCCCF,9.9,chembl26.sdf.gz
CCCN,10.7,chembl26.sdf.gz
CCN(C)C,10.2,chembl26.sdf.gz
NCCF,9.0,chembl26.sdf.gz
OCC(F)(F)F,12.37,chembl26.sdf.gz
O=C(c1cc2cc(OCCCN3CCCCC3)ccc2[nH]1)N1CCOCC1,10.0,chembl26.sdf.gz
O=C(c1cc2cc(OC3CCN(C4CC4)CC3)ccc2[nH]1)N1CCOCC1,7.7,chembl26.sdf.gz
CC(C)(C)N1CCC(Oc2ccc3[nH]c(C(=O)N4CCOCC4)cc3c2)CC1,10.0,chembl26.sdf.gz
CC(C)N1CCC(Oc2ccc3[nH]c(C(=O)N4CCOCC4)cc3c2)CC1,10.0,chembl26.sdf.gz
CC(C)N1CCC(Oc2ccc3[nH]c(C(=O)N4CCCCCC4)cc3c2)CC1,9.7,chembl26.sdf.gz
COC1CCN(C(=O)c2cc3cc(OC4CCN(C(C)C)CC4)ccc3[nH]2)CC1,9.9,chembl26.sdf.gz
CC(C)N1CCC(Oc2ccc3[nH]c(C(=O)N4CCC(O)C4)cc3c2)CC1,9.8,chembl26.sdf.gz
CC(C)N1CCC(Oc2ccc3[nH]c(C(=O)N4CCCC(F)(F)C4)cc3c2)CC1,10.0,chembl26.sdf.gz
CC(C)N1CCC(Oc2ccc3[nH]c(C(=O)N4CCC(F)(F)CC4)cc3c2)CC1,9.7,chembl26.sdf.gz
CC(C)N1CCC(Oc2ccc3cc(C(=O)N4CCOCC4)[nH]c3c2)CC1,9.7,chembl26.sdf.gz
CC(C)N1CCC(Oc2ccc3c(c2)cc(C(=O)N2CCOCC2)n3CC(F)(F)F)CC1,9.7,chembl26.sdf.gz
CC(C)N1CCC(Oc2ccc3c(c2)cc(C(=O)N2CCC(F)(F)CC2)n3CC(F)(F)F)CC1,9.7,chembl26.sdf.gz
CC(C)N1CCC(Oc2ccc3c(c2)cc(C(=O)N2CCC(F)(F)CC2)n3C(C)C)CC1,9.9,chembl26.sdf.gz
CC(C)N1CCC(Oc2ccc3c(c2)cc(C(=O)N2CCC(F)(F)CC2)n3S(C)(=O)=O)CC1,9.6,chembl26.sdf.gz
CC(C)N1CCC(Oc2ccc3c(c2)cc(C(=O)N2CCC(F)(F)CC2)n3CC#N)CC1,9.8,chembl26.sdf.gz
CC(C)N1CCC(Oc2ccc3c(c2)cc(C(=O)N2CCS(=O)(=O)CC2)n3CC(F)(F)F)CC1,9.6,chembl26.sdf.gz
O=C(c1cc2cc(OC3CCN(C4CCC4)CC3)ccc2n1CC(F)(F)F)N1CCOCC1,9.1,chembl26.sdf.gz
O=C(c1cc2cc(OC3CCN(C4COC4)CC3)ccc2n1CC(F)(F)F)N1CCOCC1,6.4,chembl26.sdf.gz
O=C(c1cc2cc(OC3CCN(C4CC4)CC3)ccc2n1CC(F)(F)F)N1CCOCC1,7.5,chembl26.sdf.gz
CC(C)N1CCC(Nc2ccc3[nH]c(C(=O)N4CCOCC4)cc3c2)CC1,9.9,chembl26.sdf.gz
O=C(c1ccc2c(c1)cc(C(=O)N1CCOCC1)n2CC(F)(F)F)N1CCN(C2CCC2)CC1,6.8,chembl26.sdf.gz
Cc1[nH]c2ccc(OC3CCN(C(C)C)CC3)cc2c1C(=O)N1CCOCC1,9.8,chembl26.sdf.gz
CC(C)N1CCC(Oc2cc3[nH]c(C(=O)N4CCOCC4)cc3cc2F)CC1,9.5,chembl26.sdf.gz
O=C1NC2(CCCc3ccccc32)C(=O)N1CCCN1CCc2ccccc2C1,10.9,chembl26.sdf.gz
O=C1NC2(CCCc3ccccc32)C(=O)N1CCCN1CCN(c2cccc(C(F)(F)F)c2)CC1,11.08,chembl26.sdf.gz
O=C1NC2(CCCc3ccccc32)C(=O)N1CCCN1CCN(c2cccc(Cl)c2)CC1,10.8,chembl26.sdf.gz
COc1ccccc1N1CCN(CCCN2C(=O)NC3(CCCc4ccccc43)C2=O)CC1,10.32,chembl26.sdf.gz
O=C1NC2(CCCc3ccccc32)C(=O)N1CCCN1CCN(c2ccccc2)CC1,10.55,chembl26.sdf.gz
O=C1NC2(CCc3ccccc32)C(=O)N1CCCN1CCc2ccccc2C1,10.93,chembl26.sdf.gz
O=C1NC2(CCc3ccccc32)C(=O)N1CCCN1CCN(c2cccc(C(F)(F)F)c2)CC1,9.96,chembl26.sdf.gz
O=C1NC2(CCc3ccccc32)C(=O)N1CCCN1CCN(c2cccc(Cl)c2)CC1,10.31,chembl26.sdf.gz
COc1ccccc1N1CCN(CCCN2C(=O)NC3(CCc4ccccc43)C2=O)CC1,9.6,chembl26.sdf.gz
O=C1NC2(CCc3ccccc32)C(=O)N1CCCN1CCN(c2ccccc2)CC1,10.48,chembl26.sdf.gz
Cn1c(=O)c2c(nc3n(CCCN4CCc5ccccc5C4)c(-c4ccccc4)cn23)n(C)c1=O,10.41,chembl26.sdf.gz
Cn1c(=O)c2c(nc3n(CCCN4CCN(c5cccc(Cl)c5)CC4)c(-c4ccccc4)cn23)n(C)c1=O,10.61,chembl26.sdf.gz
COc1ccccc1N1CCN(CCCn2c(-c3ccccc3)cn3c4c(=O)n(C)c(=O)n(C)c4nc23)CC1,8.44,chembl26.sdf.gz
Cn1c(=O)c2c(nc3n(CCCN4CCN(c5ccccc5)CC4)c(-c4ccccc4)cn23)n(C)c1=O,8.79,chembl26.sdf.gz
Cc1cn2c3c(=O)n(C)c(=O)n(C)c3nc2n1CCCN1CCc2ccccc2C1,8.66,chembl26.sdf.gz
Cc1cn2c3c(=O)n(C)c(=O)n(C)c3nc2n1CCCN1CCN(c2cccc(Cl)c2Cl)CC1,7.61,chembl26.sdf.gz
Cc1cn2c3c(=O)n(C)c(=O)n(C)c3nc2n1CCCN1CCN(c2cccc(Cl)c2)CC1,8.12,chembl26.sdf.gz
COc1ccccc1N1CCN(CCCn2c(C)cn3c4c(=O)n(C)c(=O)n(C)c4nc23)CC1,7.61,chembl26.sdf.gz
Cc1cn2c3c(=O)n(C)c(=O)n(C)c3nc2n1CCCN1CCN(c2ccccc2)CC1,7.55,chembl26.sdf.gz
Cn1c(=O)c2c(nc3n(CCCN4CCN(c5cccc(Cl)c5)CC4)ccn23)n(C)c1=O,8.35,chembl26.sdf.gz
COc1ccccc1N1CCN(CCCn2ccn3c4c(=O)n(C)c(=O)n(C)c4nc23)CC1,8.19,chembl26.sdf.gz
Cn1c(=O)c2c(nc3n(CCCN4CCN(c5ccccc5)CC4)ccn23)n(C)c1=O,8.09,chembl26.sdf.gz
COc1c(OCCCCn2cncn2)cc2oc3cc(OCCCCn4cncn4)c(CC=C(C)C)c(O)c3c(=O)c2c1CC=C(C)C,2.2,chembl26.sdf.gz
COc1c(OCCCCn2cccn2)cc2oc3cc(OCCCCn4cccn4)c(CC=C(C)C)c(O)c3c(=O)c2c1CC=C(C)C,2.25,chembl26.sdf.gz
COc1c(OCCCCN2CCOCC2)cc2oc3cc(OCCCCN4CCOCC4)c(CC=C(C)C)c(O)c3c(=O)c2c1CC=C(C)C,8.36,chembl26.sdf.gz
COc1c(OCCCCN2CCCCC2)cc2oc3cc(OCCCCN4CCCCC4)c(CC=C(C)C)c(O)c3c(=O)c2c1CC=C(C)C,11.22,chembl26.sdf.gz
COc1c(OCCCCN2CCCC2)cc2oc3cc(OCCCCN4CCCC4)c(CC=C(C)C)c(O)c3c(=O)c2c1CC=C(C)C,11.27,chembl26.sdf.gz
CCN(CC)CCCCCCOc1cc2oc3cc(OCCCCCCN(CC)CC)c(OC)c(CC=C(C)C)c3c(=O)c2c(O)c1CC=C(C)C,10.98,chembl26.sdf.gz
CCN(CC)CCCCCOc1cc2oc3cc(OCCCCCN(CC)CC)c(OC)c(CC=C(C)C)c3c(=O)c2c(O)c1CC=C(C)C,10.98,chembl26.sdf.gz
CCN(CC)CCCCOc1cc2oc3cc(OCCCCN(CC)CC)c(OC)c(CC=C(C)C)c3c(=O)c2c(O)c1CC=C(C)C,10.98,chembl26.sdf.gz
CCN(CC)CCCOc1cc2oc3cc(OCCCN(CC)CC)c(OC)c(CC=C(C)C)c3c(=O)c2c(O)c1CC=C(C)C,10.98,chembl26.sdf.gz
Cc1ncc(-c2nc(Nc3ccc(C(=O)NC4CCN(C)CC4)c(F)c3)ncc2F)n1C(C)C,8.8,chembl26.sdf.gz
Cc1ncc(-c2nc(Nc3ccc(C(=O)NCCN(C)C)c(F)c3)ncc2F)n1C(C)C,8.6,chembl26.sdf.gz
Cc1ncc(-c2nc(Nc3ccc(C(=O)N4CC[C@H](N(C)C)C4)cc3)ncc2F)n1C(C)C,7.4,chembl26.sdf.gz
Cc1ncc(-c2nc(Nc3ccc(C(=O)N4CCCN(C)CC4)cc3)ncc2F)n1C(C)C,8.1,chembl26.sdf.gz
Cc1ncc(-c2ccnc(Nc3ccc(C(=O)N4CCN(C)CC4)cc3)n2)n1C(C)C,7.0,chembl26.sdf.gz
Cc1ncc(-c2nc(Nc3ccc(C(=O)N4CCN(C)CC4)cc3)ncc2F)n1C(C)C,6.9,chembl26.sdf.gz
Nc1nc(=O)c2ncn(COCCO)c2[nH]1,2.2,hunt_et_al.sdf.gz
CCC(=O)OC1(c2ccccc2)CCN(C)CC1C,8.7,hunt_et_al.sdf.gz
C=CCc1ccccc1OCC(O)CNC(C)C.[Cl-].[H+],9.6,hunt_et_al.sdf.gz
CNCCc1ccccn1,10.0,hunt_et_al.sdf.gz
CC1=C(C(=O)O)N2C(=O)[C@@H](NC(=O)[C@H](N)c3ccc(O)cc3)[C@H]2SC1,7.0,hunt_et_al.sdf.gz
CN=C(NC#N)NCCSCc1nc[nH]c1C,6.8,hunt_et_al.sdf.gz
Clc1ccccc1C(c1ccccc1)(c1ccccc1)n1ccnc1,5.8,hunt_et_al.sdf.gz
CN1CCN(C2=c3ccccc3=Nc3ccc(Cl)cc3N2)CC1,7.5,hunt_et_al.sdf.gz
NC(N)=NCCN1CCCCCCC1,11.4,hunt_et_al.sdf.gz
CC[C@H]1CN2CC[C@H]1C[C@H]2[C@H](O)c1ccnc2ccc(OC)cc12,9.1,hunt_et_al.sdf.gz
Clc1ccc(COC(Cn2ccnc2)c2ccc(Cl)cc2Cl)c(Cl)c1,6.4,hunt_et_al.sdf.gz
CCN(CC)CCOC(=O)C(Cc1cccc2ccccc12)CC1CCCO1,9.1,hunt_et_al.sdf.gz
O=C([O-])c1cccnc1,4.8,hunt_et_al.sdf.gz
CN1CCCC1c1cccnc1,8.1,hunt_et_al.sdf.gz
CCN(CC)C(=O)c1cccnc1,3.5,hunt_et_al.sdf.gz
CC(N)Cc1ccc(Cl)cc1,9.9,hunt_et_al.sdf.gz
CCOc1ccc(N=C(C)Nc2ccc(OCC)cc2)cc1,9.3,hunt_et_al.sdf.gz
CN1/C(=C(/O)Nc2ccccn2)C(=O)c2ccccc2S1(=O)=O,5.3,hunt_et_al.sdf.gz
CC(C)NCC(O)COc1cccc2ccccc12.[Cl],9.6,hunt_et_al.sdf.gz
C=C[C@H]1CN2CC[C@@H]1C[C@H]2[C@H](O)c1ccnc2ccc(OC)cc12,8.5,hunt_et_al.sdf.gz
C1CCN2C[C@@H]3C[C@@H](CN4CCCC[C@@H]34)[C@H]2C1,12.0,hunt_et_al.sdf.gz
CN(C)CCN(Cc1ccsc1)c1ccccn1,8.9,hunt_et_al.sdf.gz
N[C@@H](Cc1c[nH]c2ccccc12)C(=O)O,9.1,hunt_et_al.sdf.gz
CC(O)(C(F)(F)F)C(F)(F)F,9.6,hunt_et_al.sdf.gz
CC(C)(O)C(F)(F)F,11.6,hunt_et_al.sdf.gz
C[C@@H](O)C(F)(F)F,11.8,hunt_et_al.sdf.gz
O=C(NCCS)NCCS,9.26,hunt_et_al.sdf.gz
SCCCCS,9.88,hunt_et_al.sdf.gz
FC(F)(F)CS,7.3,hunt_et_al.sdf.gz
C[C@H](Oc1cc(Cl)c(Cl)cc1Cl)C(=O)O,2.84,hunt_et_al.sdf.gz
OCC(Cl)Cl,12.89,hunt_et_al.sdf.gz
Oc1cc(Cl)c(Cl)c(Cl)c1Cl,6.35,hunt_et_al.sdf.gz
Oc1c(Cl)c(Cl)cc(Cl)c1Cl,5.14,hunt_et_al.sdf.gz
O=C(O)Cc1c(Cl)ccc(Cl)c1Cl,3.7,hunt_et_al.sdf.gz
Oc1c(Cl)ccc(Cl)c1Cl,5.8,hunt_et_al.sdf.gz
O=C(O)CCCOc1ccc(Cl)cc1Cl,4.1,hunt_et_al.sdf.gz
NCCS,8.3,hunt_et_al.sdf.gz
Nc1ccccc1S,6.59,hunt_et_al.sdf.gz
N#Cc1ccccc1O,6.98,hunt_et_al.sdf.gz
O=[N+]([O-])c1cc(C2CCCCC2)c(O)c([N+](=O)[O-])c1,4.52,hunt_et_al.sdf.gz
CCOCCS,9.38,hunt_et_al.sdf.gz
CC(C)(S)CO,9.85,hunt_et_al.sdf.gz
O=S(=O)(O)CCS,9.2,hunt_et_al.sdf.gz
O=c1[nH]cc(S)c(=O)[nH]1,5.3,hunt_et_al.sdf.gz
CCC(C)(C)S,11.22,hunt_et_al.sdf.gz
SCc1ccccn1,8.82,hunt_et_al.sdf.gz
CC(C)S,10.86,hunt_et_al.sdf.gz
CC(C)c1cccc(O)c1,10.1,hunt_et_al.sdf.gz
CC[C@@](C)(S)[C@H](N)C(=O)O,8.1,hunt_et_al.sdf.gz
OC[C@H](O)CS,9.46,hunt_et_al.sdf.gz
OCCCS,10.19,hunt_et_al.sdf.gz
O=C(O)CCS,10.27,hunt_et_al.sdf.gz
O=[N+]([O-])c1cccc(S)c1,5.24,hunt_et_al.sdf.gz
OCC#Cc1ccccc1,13.87,hunt_et_al.sdf.gz
O=C(O)c1cccc(S)c1,6.2,hunt_et_al.sdf.gz
N#CCCS,8.6,hunt_et_al.sdf.gz
O=C(O)COc1ccc(Cl)cc1,3.18,hunt_et_al.sdf.gz
Sc1ccc(Cl)cc1,7.7,hunt_et_al.sdf.gz
COc1ccc(S)cc1,6.77,hunt_et_al.sdf.gz
Cc1ccc(S)cc1,6.82,hunt_et_al.sdf.gz
CC[C@H](C)c1ccc(O)c([N+](=O)[O-])c1,7.59,hunt_et_al.sdf.gz
C=CCS,9.96,hunt_et_al.sdf.gz
COc1cc(OC)nc(NC(=O)NS(=O)(=O)c2c(-c3nnn(C)n3)cnn2C)n1,3.6,hunt_et_al.sdf.gz
O=C(O)Cn1c(=O)sc2cccc(Cl)c21,3.04,hunt_et_al.sdf.gz
C[C@H](O)CC(=O)O,4.7,hunt_et_al.sdf.gz
COc1cc(OC)nc(Oc2cccc(Oc3nc(OC)cc(OC)n3)c2C(=O)O)n1,3.55,hunt_et_al.sdf.gz
O=[N+]([O-])c1ccc(O/N=C/c2cc(Br)c(O)c(Br)c2)c([N+](=O)[O-])c1,5.46,hunt_et_al.sdf.gz
O=C(O)COCCN1CCN([C@H](c2ccccc2)c2ccc(Cl)cc2)CC1,3.0,hunt_et_al.sdf.gz
[H]/N=C(/N)SCCc1cccc(CCS/C(N)=N\[H])c1,11.0,hunt_et_al.sdf.gz
CCN(CC)CCNC(=O)c1ccc(NC(C)=O)cc1,9.14,hunt_et_al.sdf.gz
COc1ccnc(NC2CCN(C(=O)c3ccc(C#N)cc3)CC2)c1,7.1,hunt_et_al.sdf.gz
c1ccc(SCc2ccccn2)cc1,3.8,hunt_et_al.sdf.gz
CCN(CC)[C@H](C)C(=O)c1ccccc1,8.8,hunt_et_al.sdf.gz
CO[C@@]1(NC(=O)CSCC#N)C(=O)N2C(C(=O)O)=C(CSc3nnnn3C)CS[C@@H]21,3.37,hunt_et_al.sdf.gz
Cc1nn(-c2ccccc2)c(NC(=O)NS(=O)(=O)c2ccc(Cl)cc2)c1C#N,2.3,hunt_et_al.sdf.gz
NC1=N[C@H](c2cccs2)Nc2cccc(F)c21,8.73,hunt_et_al.sdf.gz
Cc1cc(N)nc(CCNC(=O)c2ccc(C#N)cc2)c1,7.1,hunt_et_al.sdf.gz
CCOC(=O)N1CCC(Nc2cc(Cl)ccn2)CC1,5.3,hunt_et_al.sdf.gz
O=C(O)CCCCCCCC(=O)O,3.49,hunt_et_al.sdf.gz
c1ccc2c(c1)CCC[C@H]2C1=NCCN1,10.6,hunt_et_al.sdf.gz
COCCc1ccc(OC[C@H](O)CNC(C)C)cc1,9.7,hunt_et_al.sdf.gz
Clc1cccc(Cl)c1NC1=NCCN1,8.05,hunt_et_al.sdf.gz
CCC(=O)N[C@@H](c1cccs1)c1cc(Cl)c2cccnc2c1O,8.19,hunt_et_al.sdf.gz
CC(=O)C[C@H](c1ccccc1)c1c(O)c2ccccc2oc1=O,5.1,hunt_et_al.sdf.gz
CN(C)[C@@H]1CCc2c(ccc(O)c2O)C1,8.85,hunt_et_al.sdf.gz
CCCSc1ccc2nc(NC(=O)OC)[nH]c2c1,10.5,hunt_et_al.sdf.gz
COC(=O)C1=C(C)NC(C)=C(C(=O)OCCN(C)Cc2ccccc2)[C@H]1c1cccc([N+](=O)[O-])c1,7.26,hunt_et_al.sdf.gz
c1ccc(CSc2nc3ccccc3[nH]2)cc1,4.2,hunt_et_al.sdf.gz
CC1(C)S[C@@H]2[C@H](NC(=O)[C@H](NC(=O)N3CCNC3=O)c3ccccc3)C(=O)N2[C@H]1C(=O)O,2.41,hunt_et_al.sdf.gz
CC1=C(CC(=O)O)c2cc(F)ccc2/C1=C\c1ccc([S@](C)=O)cc1,3.9,hunt_et_al.sdf.gz
CO/N=C(/C(=O)N[C@@H]1C(=O)N2C(C(=O)O)=C(COC(C)=O)CS[C@H]12)c1csc(N)n1,3.35,hunt_et_al.sdf.gz
CN(C)CC/C=C1\c2ccccc2COc2ccccc21,8.0,hunt_et_al.sdf.gz
O=C(O)COc1ccc(C(F)(F)F)cc1CN1CCN(C(=O)c2ccccc2)CC1,6.9,hunt_et_al.sdf.gz
O=C(O)COc1ccc(Cl)cc1CN1CCC(S(=O)(=O)c2ccccc2)CC1,7.8,hunt_et_al.sdf.gz
CC(C)(C)c1ccc([C@@H](O)CCCN2CCC(C(O)(c3ccccc3)c3ccccc3)CC2)cc1,8.8,hunt_et_al.sdf.gz
N#Cc1ccc(Cl)cc1O[C@H](CCN)c1ccccc1,10.3,hunt_et_al.sdf.gz
CN(C)CCn1cnc2c1c(=O)n(C)c(=O)n2C,7.5,hunt_et_al.sdf.gz
CC1(C)S[C@@H]2[C@H](NC(=O)[C@H](N)c3ccccc3)C(=O)N2[C@H]1C(=O)O,2.51,hunt_et_al.sdf.gz
CCOC(=O)N1CCC2(CC1)N=C(N)c1c(F)cccc1N2,9.1,hunt_et_al.sdf.gz
NC[C@H](Oc1cc(Cl)ccc1Cl)c1ccccc1,8.5,hunt_et_al.sdf.gz
O=C(O)/C=C/c1cccnc1,4.4,hunt_et_al.sdf.gz
CCS(=O)(=O)c1ccc(-c2cc(Cl)ccc2OCC(=O)O)c(Cl)c1,3.4,hunt_et_al.sdf.gz
CC[C@@H](Oc1ccc(C(F)(F)F)cc1-c1ccc(S(=O)(=O)CC)cc1C)C(=O)O,3.4,hunt_et_al.sdf.gz
CC[C@H](CCNC)Oc1cc(Cl)ccc1C#N,10.1,hunt_et_al.sdf.gz
CNCC[C@@H](Oc1cc(Cl)ccc1C#N)c1ccccc1,9.9,hunt_et_al.sdf.gz
N#Cc1cc(F)c(Cl)cc1O[C@H](CCN)c1ccccc1,9.6,hunt_et_al.sdf.gz
N#Cc1ccc(C(F)(F)F)nc1O[C@H](CCN)c1ccno1,9.5,hunt_et_al.sdf.gz
CNCC[C@@H](Oc1cc(C(F)(F)F)ccc1C#N)c1ccccc1,10.4,hunt_et_al.sdf.gz
CNCC[C@@H](Oc1cc(OC)ccc1C#N)c1ccccc1,10.2,hunt_et_al.sdf.gz
CN/C(=C\[N+](=O)[O-])NCCSCc1ccc(CN(C)C)o1,8.47,hunt_et_al.sdf.gz
CN(C(=O)Cc1ccc(S(=O)(=O)N(C)C)cc1)C1CCN(CCC(c2ccccc2)c2ccccc2)CC1,8.1,hunt_et_al.sdf.gz
Cc1cc(-c2ccc(Cl)c(C(=O)NCC3(O)CCCCCC3)c2)nn1C[C@H](O)CN,8.6,hunt_et_al.sdf.gz
N#Cc1cn(Cc2ccco2)c(=O)[nH]c1=O,6.1,hunt_et_al.sdf.gz
CC(C)Cc1ccc([C@@H](C)C(=O)NS(C)(=O)=O)cc1,4.7,hunt_et_al.sdf.gz
CCC(CC)NC(=O)c1cnn(-c2ccccc2)c1NS(=O)(=O)C1CCCC1,4.5,hunt_et_al.sdf.gz
CCC(CC)NC(=O)c1c(C)nn(-c2ccccc2)c1NS(=O)(=O)c1ccc(C)cc1,4.2,hunt_et_al.sdf.gz
Cc1ccc(S(=O)(=O)Nc2c(C(=O)N[C@@H](C)C(C)(C)C)c(C(F)(F)F)nn2-c2ccccc2)cc1,3.8,hunt_et_al.sdf.gz
Cc1nn(-c2ccc(F)cc2)c(NS(=O)(=O)c2ccc(C(F)(F)F)cc2)c1C(=O)N[C@@H](C)C(C)(C)C,3.4,hunt_et_al.sdf.gz
CCC(CC)NC(=O)c1c(C)nn(C(C)C)c1NS(=O)(=O)c1ccc(C)cc1,4.7,hunt_et_al.sdf.gz
Cc1ccc(S(=O)(=O)Nc2c(C(=O)N[C@@H](C)C(C)(C)C)c(C)nn2C(C)C)cc1,4.5,hunt_et_al.sdf.gz
Cc1ccc(S(=O)(=O)Nc2c(C(=O)N[C@@H](C)C(C)(C)C)c(C)nn2C(C)(C)C)cc1,5.5,hunt_et_al.sdf.gz
O=C([C@H]1CCCCN1)N1CCN(c2nc(NCc3ccc(Cl)cc3Cl)c3cccnc3n2)CC1,9.0,hunt_et_al.sdf.gz
O=C(Nc1ccc(N2CCOCC2)c(F)c1)c1nnc(Nc2ccccc2F)o1,8.61,hunt_et_al.sdf.gz
O=C(CN1C2=NCCN2c2ccccc21)c1ccc(Cl)cc1,9.1,hunt_et_al.sdf.gz
COC(=O)c1cc2nc([S@@](=O)Cc3ncccc3C)[nH]c2cc1C,8.1,hunt_et_al.sdf.gz
COc1cc2ncnc(Nc3ccc(F)c(Cl)c3)c2cc1NC(=O)/C=C/CN1CCCCC1,9.36,hunt_et_al.sdf.gz
N#Cc1ccc(C[C@@H](C(=O)O)N2CCC(CN3CCC(Oc4ccc(Cl)c(Cl)c4)CC3)CC2)cc1,8.9,hunt_et_al.sdf.gz
Cc1ccccc1C[C@@H](C(=O)O)N1CCC(CN2CCC(Oc3ccc(Cl)c(Cl)c3)CC2)CC1,9.2,hunt_et_al.sdf.gz
O=C(O)[C@H](c1ccccc1)N1CCC(N2CCC(Oc3ccc(Cl)c(Cl)c3)CC2)CC1,9.1,hunt_et_al.sdf.gz
O=C(O)[C@H](c1ccccc1)N1CCC(CN2CCC(Oc3ccc(Cl)c(Cl)c3)CC2)CC1,3.0,hunt_et_al.sdf.gz
O=C(NS(=O)(=O)N1CCC(N2CCC(Oc3ccc(Cl)c(Cl)c3)CC2)CC1)c1ccccc1,4.3,hunt_et_al.sdf.gz
COc1cccc(C(=O)NCCN2CCC(Oc3ccc(Cl)c(Cl)c3)CC2)c1,7.4,hunt_et_al.sdf.gz
O=C(NS(=O)(=O)c1ccc(F)cc1)N1CCC(N2CCC(Oc3ccc(Cl)c(Cl)c3)CC2)CC1,3.0,hunt_et_al.sdf.gz
COc1ccc(S(=O)(=O)NC(=O)N2CCC(N3CCC(Oc4ccc(Cl)c(Cl)c4)CC3)CC2)cc1,3.6,hunt_et_al.sdf.gz
CN(C)c1ccc(S(=O)(=O)NC(=O)N2CCC(N3CCC(Oc4ccc(Cl)c(Cl)c4)CC3)CC2)cc1,6.1,hunt_et_al.sdf.gz
Cc1ccccc1S(=O)(=O)NC(=O)N1CCC(N2CCC(Oc3ccc(Cl)c(Cl)c3)CC2)CC1,3.4,hunt_et_al.sdf.gz
CN(C)c1ccccc1S(=O)(=O)NC(=O)N1CCC(N2CCC(Oc3ccc(Cl)c(Cl)c3)CC2)CC1,6.6,hunt_et_al.sdf.gz
Cc1ccc(S(=O)(=O)NC(=O)N2CCC(N3CCC(Oc4ccc(Cl)c(C)c4Cl)CC3)CC2)cc1,3.2,hunt_et_al.sdf.gz
O=C(Nc1ccc(Cl)c(S(=O)(=O)N2CCNCC2)c1O)Nc1cccc(F)c1Cl,5.9,hunt_et_al.sdf.gz
COc1ccc([C@@]2(c3cccc(-c4cncnc4)c3)N=C(C)C(N)=N2)cc1C,5.83,hunt_et_al.sdf.gz
CC1=N[C@](c2cccc(-c3cncc(Cl)c3)c2)(C2CC2)N=C1N,6.04,hunt_et_al.sdf.gz
CCOC(=O)C1=C(C)NC(C)=C(C(C)=O)[C@H]1c1cccc2c(=O)cc(C)oc12,2.22,hunt_et_al.sdf.gz
CCOc1ncc(C)c2c1[C@H](c1ccc(C#N)cc1OC)C(C(N)=O)=C(C)N2,4.68,hunt_et_al.sdf.gz
O=C(NC[C@@H](O)CN1CCC(Oc2ccc(Cl)c(Cl)c2)CC1)c1c[nH]nc1C(F)(F)F,7.6,hunt_et_al.sdf.gz
Cn1cc(C(=O)NC[C@@H](O)CN2CCC(Oc3ccc(Cl)c(Cl)c3)CC2)c(C(F)(F)F)cc1=O,7.8,hunt_et_al.sdf.gz
O=C(NC[C@@H](O)CN1CCC(Oc2ccc(Cl)c(Cl)c2)CC1)c1c[nH]c(=O)c2ccccc12,10.9,hunt_et_al.sdf.gz
Cc1onc(-c2c(F)cccc2Cl)c1C(=O)N[C@@H]1C(=O)N2[C@@H]1SC(C)(C)[C@@H]2C(=O)O,2.46,hunt_et_al.sdf.gz
O=C(NCC12CC3CC(CC(C3)C1)C2)c1cc(CN2C[C@H]3CNC[C@@H](C2)O3)ccc1Cl,10.0,hunt_et_al.sdf.gz
O=C(NCC12CC3CC(CC(C3)C1)C2)c1cc(CN2CCNCC2)ccc1Cl,8.85,hunt_et_al.sdf.gz
O=C(Nc1ccc([N+](=O)[O-])cc1O)Nc1ccccc1Br,7.7,hunt_et_al.sdf.gz
CC(C)NC[C@@H](O)COc1ccc(CC(N)=O)cc1,9.6,hunt_et_al.sdf.gz
CC(C)c1nc2ccc(-c3ccc(F)cc3)cc2c(=O)n1C[C@H]1CCCN(C(C)C)C1,9.91,hunt_et_al.sdf.gz
Cc1nc2ccc(-c3ccc(Cl)cc3)cc2c(=O)n1C[C@H]1CCCN(C(C)C)C1,10.09,hunt_et_al.sdf.gz
CCN1CCC[C@H]1CNC(=O)c1cc(S(N)(=O)=O)ccc1OC,9.0,hunt_et_al.sdf.gz
N[C@@H]1CCc2cc(O)c(O)cc2C1,9.1,hunt_et_al.sdf.gz
O=S(=O)(c1ccccc1)N1CCN(Cc2ccccc2)CC1,5.6,hunt_et_al.sdf.gz
CCCN(CCC)[C@@H]1CCc2c(O)cccc2C1,9.25,hunt_et_al.sdf.gz
CN(C)CCNc1cc(-c2ccc(N3CCN(C)CC3)cc2)nc2ccccc12,8.94,hunt_et_al.sdf.gz
O=C(O)c1cc(=O)c2ccccc2[nH]1,2.5,hunt_et_al.sdf.gz
CC1=NN(C(=O)CCS)[C@H](C(=O)O)S1,2.4,hunt_et_al.sdf.gz
NC1=N[C@H](c2ccc(F)cc2)Nc2cccc(F)c21,9.0,hunt_et_al.sdf.gz
Cc1cn(Cc2ccccc2)c(=O)[nH]c1=O,9.4,hunt_et_al.sdf.gz
CCOC(=O)N1CCC2(CC1)N=C(N)c1c(Cl)cccc1N2,9.0,hunt_et_al.sdf.gz
CCCN(CCC)CCc1ccc(O)c(NC(C)=O)c1,8.75,hunt_et_al.sdf.gz
CON(C)C(=O)c1c(Cn2c(C)nc(Cl)c2Cl)sc2c1c(=O)n(C)c(=O)n2CC(C)C,2.7,hunt_et_al.sdf.gz
O=C(NCC12CC3CC(CC(C3)C1)C2)c1cc(OC2CCNCC2)ccc1Cl,9.0,hunt_et_al.sdf.gz
C(=C\c1nn[nH]n1)/c1ccccc1,4.5,hunt_et_al.sdf.gz
CNCC[C@H](Oc1ccc(C(F)(F)F)cc1)c1ccccc1,9.9,hunt_et_al.sdf.gz
C[C@@]12CC[C@H]3c4ccc(O)cc4CC[C@@H]3[C@@H]1CC[C@@H]2O,10.0,hunt_et_al.sdf.gz
CC(C)NC[C@@H](O)COc1ccc(CCOCC2CC2)cc1,9.53,hunt_et_al.sdf.gz
CS(=O)(=O)NC(=O)CCCc1c(-c2ccc(F)cc2)[nH]c2ccc(C#N)cc12,5.2,hunt_et_al.sdf.gz
O=C(O)[C@@H]1Cc2c([nH]c3ccccc23)[C@H](c2ccccc2)N1,8.0,hunt_et_al.sdf.gz
N#Cc1ccc(C(=O)N2CCC3(CC2)N=C(N)c2c(F)ccc(F)c2N3)cn1,8.4,hunt_et_al.sdf.gz
[H]/N=c1/[nH]c(C)c(C)s1,6.3,hunt_et_al.sdf.gz
Cc1nccn1C[C@H]1CCc2c(c3ccccc3n2C)C1=O,7.73,hunt_et_al.sdf.gz
CC(C)NC[C@@H](O)COc1cccc2[nH]ccc12,9.62,hunt_et_al.sdf.gz
COc1ccnc(CSc2nc3ccccc3[nH]2)c1,5.3,hunt_et_al.sdf.gz
O=C(NCC12CC3CC(CC(C3)C1)C2)c1cc(OCCCNCCCO)ccc1Cl,9.5,hunt_et_al.sdf.gz
Cc1ccc(C(=O)N2C[C@H]3CNC[C@@H](C2)O3)cc1NC(=O)CC12CC3CC(CC(C3)C1)C2,7.18,hunt_et_al.sdf.gz
O=C(NCC12CC3CC(CC(C3)C1)C2)c1cc(-n2ncc(=O)[nH]c2=O)ccc1Cl,6.2,hunt_et_al.sdf.gz
Cc1cccc(C)c1OC[C@H](C)N,9.13,hunt_et_al.sdf.gz
O=C(NCCc1ccccc1Cl)c1cc(-n2ncc(=O)[nH]c2=O)ccc1Cl,6.1,hunt_et_al.sdf.gz
O=C(NCC12CC3CC(CC(C3)C1)C2)c1cc(OC2CCNCC2)ncc1Cl,9.1,hunt_et_al.sdf.gz
C[C@H](C(=O)O)c1ccc(-c2ccccc2)c(F)c1,4.2,hunt_et_al.sdf.gz
N#Cc1c(O)nc(N)nc1-c1ccccc1,6.52,hunt_et_al.sdf.gz
O=C(NCC12CC3CC(CC(C3)C1)C2)c1cc(N2CCNCC2)ncc1Cl,8.5,hunt_et_al.sdf.gz
CCCN(CCC)CCc1ccc(O)c2c1CC(=O)N2,8.35,hunt_et_al.sdf.gz
CCCNC[C@@H](O)COc1ccccc1C(=O)CCc1ccccc1,9.27,hunt_et_al.sdf.gz
CCCC(=O)Nc1ccc(OC[C@H](O)CNC(C)C)c(C(C)=O)c1,9.45,hunt_et_al.sdf.gz
CC(C)NC[C@@H](O)COc1ccc(COCCOC(C)C)cc1,9.87,hunt_et_al.sdf.gz
COc1ccc(CCN(C)CCC[C@](C#N)(c2ccc(OC)c(OC)c2)C(C)C)cc1OC,8.6,hunt_et_al.sdf.gz
CC(C)(C)NC[C@H](O)c1ccc(O)c(CO)c1,9.3,hunt_et_al.sdf.gz
CC(C)(O)c1ccccc1CC[C@@H](SCC1(CC(=O)O)CC1)c1cccc(/C=C/c2ccc3ccc(Cl)cc3n2)c1,5.6,hunt_et_al.sdf.gz
C[C@]12CC3CC(N)(C1)C[C@@](C)(C3)C2,10.66,hunt_et_al.sdf.gz
Cc1ccc(S(=O)(=O)NC(=O)NN2CCCCCC2)cc1,5.8,hunt_et_al.sdf.gz
C[C@@H](NC(C)(C)C)C(=O)c1cccc(Cl)c1,8.4,hunt_et_al.sdf.gz
CC(C)(C(=O)O)c1ccc([C@@H](O)CCCN2CCC(C(O)(c3ccccc3)c3ccccc3)CC2)cc1,2.26,hunt_et_al.sdf.gz
CCN(CC)CCNC(=O)c1ccc(NS(C)(=O)=O)cc1,7.52,hunt_et_al.sdf.gz
Cn1c([S@@](=O)Cc2ccccn2)nc2ccccc21,2.6,hunt_et_al.sdf.gz
O=[S@@](Cc1ccccn1)c1nc2ccccc2[nH]1,8.8,hunt_et_al.sdf.gz
CCOC(=O)c1ccccc1S(=O)(=O)NC(=O)Nc1nc(Cl)cc(OC)n1,4.2,hunt_et_al.sdf.gz
O=C(/C=C/c1ccc(O)c(O)c1)O[C@@H]1C[C@](O)(C(=O)O)C[C@@H](O)[C@H]1O,3.33,hunt_et_al.sdf.gz
COc1nc(C)nc(NC(=O)NS(=O)(=O)c2ccccc2Cl)n1,3.4,hunt_et_al.sdf.gz
COCCOc1ccccc1S(=O)(=O)NC(=O)Nc1nc(OC)nc(OC)n1,4.72,hunt_et_al.sdf.gz
CCOc1nc(F)cc2nc(S(=O)(=O)Nc3c(Cl)cccc3C(=O)OC)nn12,4.81,hunt_et_al.sdf.gz
O=C(O)C1(C(=O)Nc2ccc(Cl)cc2Cl)CC1,3.5,hunt_et_al.sdf.gz
CN1CCN(c2cc3c(cc2F)c(=O)c(C(=O)O)cn3-c2ccc(F)cc2)CC1,5.81,hunt_et_al.sdf.gz
N[C@@H](CCS)C(=O)O,8.7,hunt_et_al.sdf.gz
CCS,10.61,hunt_et_al.sdf.gz
CCOc1ccccc1OS(=O)(=O)NC(=O)Nc1nc(OC)cc(OC)n1,5.28,hunt_et_al.sdf.gz
CCOC(=O)CS,7.95,hunt_et_al.sdf.gz
C[C@@H](Cc1ccc(C(C)(C)C)cc1)CN1CCCCC1,10.13,hunt_et_al.sdf.gz
C[C@@H](Cc1ccc(C(C)(C)C)cc1)CN1C[C@@H](C)O[C@@H](C)C1,6.98,hunt_et_al.sdf.gz
COc1cc(OC)nc(NC(=O)NS(=O)(=O)c2ncccc2C(F)(F)F)n1,4.37,hunt_et_al.sdf.gz
CN1CCN(c2c(F)cc3c(=O)c(C(=O)O)cn(CCF)c3c2F)CC1,5.6,hunt_et_al.sdf.gz
COc1nn(C(=O)NS(=O)(=O)c2ccccc2OC(F)(F)F)c(=O)n1C,1.9,hunt_et_al.sdf.gz
O[C@@H](C(F)(F)C(F)(F)F)C(F)(F)C(F)(F)C(F)(F)F,10.48,hunt_et_al.sdf.gz
OC(C(F)(F)C(F)(F)C(F)(F)F)C(F)(F)C(F)(F)C(F)(F)F,10.52,hunt_et_al.sdf.gz
OC(C(F)(F)F)(C(F)(F)F)C(F)(F)Cl,5.3,hunt_et_al.sdf.gz
O=C(O)C1(O)c2ccccc2-c2ccccc21,1.09,hunt_et_al.sdf.gz
O=[N+]([O-])c1ccc(NS(=O)(=O)c2ccc(Cl)c(C(F)(F)F)c2)c(Cl)c1,4.89,hunt_et_al.sdf.gz
NCc1ccco1,8.89,hunt_et_al.sdf.gz
COc1c(N2CCN[C@H](C)C2)c(F)cc2c(=O)c(C(=O)O)cn(C3CC3)c12,6.05,hunt_et_al.sdf.gz
CO/N=C1\CN(c2nc3c(cc2F)c(=O)c(C(=O)O)cn3C2CC2)C[C@@H]1CN,6.36,hunt_et_al.sdf.gz
C=C1C[C@]23C[C@@]1(O)CC[C@H]2[C@@]12C=C[C@H](O)[C@@](C)(C(=O)O1)[C@H]2[C@@H]3C(=O)O,4.0,hunt_et_al.sdf.gz
COC(=O)c1c(Cl)nn(C)c1S(=O)(=O)NC(=O)Nc1nc(OC)cc(OC)n1,3.44,hunt_et_al.sdf.gz
C[C@H](Oc1ccc(Oc2ncc(C(F)(F)F)cc2Cl)cc1)C(=O)O,2.9,hunt_et_al.sdf.gz
OC(C(F)(F)F)C(F)(F)F,9.3,hunt_et_al.sdf.gz
O=C(CNC(=O)c1ccccc1)NO,8.8,hunt_et_al.sdf.gz
Cc1cc(O)no1,5.92,hunt_et_al.sdf.gz
COC(=O)c1ccc(I)cc1S(=O)(=O)NC(=O)Nc1nc(C)nc(OC)n1,3.22,hunt_et_al.sdf.gz
O=[N+]([O-])c1ccc(O)cc1C(F)(F)F,6.07,hunt_et_al.sdf.gz
CCn1cc(C(=O)O)c(=O)c2cc(F)c(N3CCN[C@H](C)C3)c(F)c21,5.82,hunt_et_al.sdf.gz
Cc1cc(Cl)ccc1O[C@@H](C)C(=O)O,3.78,hunt_et_al.sdf.gz
CC(=O)CS,7.86,hunt_et_al.sdf.gz
O=C1C[C@H](S)C(=O)N1,6.7,hunt_et_al.sdf.gz
COc1cc(CCN)cc(OC)c1OC,9.56,hunt_et_al.sdf.gz
COC(=O)c1ccc(CNS(C)(=O)=O)cc1S(=O)(=O)NC(=O)Nc1nc(OC)cc(OC)n1,4.35,hunt_et_al.sdf.gz
CS,10.33,hunt_et_al.sdf.gz
COC(=O)c1ccccc1S(=O)(=O)NC(=O)Nc1nc(C)nc(OC)n1,3.8,hunt_et_al.sdf.gz
O=C(NO)c1cccc([N+](=O)[O-])c1,8.07,hunt_et_al.sdf.gz
CC(=O)N[C@H](C(=O)O)C(C)(C)S,9.9,hunt_et_al.sdf.gz
O=C(O)c1ccccc1C(=O)Nc1cccc2ccccc12,4.6,hunt_et_al.sdf.gz
COc1cc(OC)nc(NC(=O)NS(=O)(=O)c2ncccc2C(=O)N(C)C)n1,4.6,hunt_et_al.sdf.gz
O=C(O)c1ccccc1C(=O)Nc1ccccc1,2.5,hunt_et_al.sdf.gz
Cc1ccccc1S,6.64,hunt_et_al.sdf.gz
Cc1cc(C)nc(NC(=O)NS(=O)(=O)c2ccccc2C(=O)OC2COC2)n1,5.1,hunt_et_al.sdf.gz
O=C(COc1ccc(Cl)cc1)NO,8.75,hunt_et_al.sdf.gz
Oc1c(Br)c(Br)c(Br)c(Br)c1Br,4.62,hunt_et_al.sdf.gz
CC1(C)S[C@@H]2[C@H](NC(=O)COc3ccccc3)C(=O)N2[C@H]1C(=O)O,2.79,hunt_et_al.sdf.gz
COc1nc(C)nc(NC(=O)NS(=O)(=O)c2ccccc2CCC(F)(F)F)n1,3.76,hunt_et_al.sdf.gz
CCOC(=O)c1cnn(C)c1S(=O)(=O)NC(=O)Nc1nc(OC)cc(OC)n1,3.7,hunt_et_al.sdf.gz
COc1cc(OC)nc(Sc2cccc(Cl)c2C(=O)O)n1,2.34,hunt_et_al.sdf.gz
CCS(=O)(=O)c1cccnc1S(=O)(=O)NC(=O)Nc1nc(OC)cc(OC)n1,4.0,hunt_et_al.sdf.gz
O=C(Nc1ccccc1)c1ccccc1O,7.4,hunt_et_al.sdf.gz
O=CO,3.742,hunt_et_al.sdf.gz
CCCC(=O)O,4.82,hunt_et_al.sdf.gz
Oc1c(F)c(F)c(F)c(F)c1F,5.6,hunt_et_al.sdf.gz
Oc1c(Br)cccc1Br,6.67,hunt_et_al.sdf.gz
O=[N+]([O-])c1cccc(O)c1[N+](=O)[O-],4.96,hunt_et_al.sdf.gz
O=[N+]([O-])c1cc(O)cc([N+](=O)[O-])c1,6.69,hunt_et_al.sdf.gz
O=[N+]([O-])c1cc(Cl)c(O)c(Cl)c1,3.6,hunt_et_al.sdf.gz
O=[N+]([O-])c1cc(Br)c(O)c(Br)c1,3.39,hunt_et_al.sdf.gz
O=[N+]([O-])c1cc(Cl)c(O)c([N+](=O)[O-])c1,2.2,hunt_et_al.sdf.gz
O=[N+]([O-])c1ccc(O)c(Cl)c1,5.6,hunt_et_al.sdf.gz
O=[N+]([O-])c1ccc(F)cc1O,6.07,hunt_et_al.sdf.gz
CCC/C=C(/C)C(=O)O,4.74,hunt_et_al.sdf.gz
Cc1cc([N+](=O)[O-])cc([N+](=O)[O-])c1O,4.31,hunt_et_al.sdf.gz
Cc1cc([N+](=O)[O-])c(O)c([N+](=O)[O-])c1,4.23,hunt_et_al.sdf.gz
Cc1ccc([N+](=O)[O-])cc1O,8.64,hunt_et_al.sdf.gz
Cc1ccc(O)c([N+](=O)[O-])c1,7.55,hunt_et_al.sdf.gz
O=C(O)[C@H](O)[C@@H](O)[C@@H](O)[C@@H](O)CO,3.62,hunt_et_al.sdf.gz
O=C(O)Cc1ccc(O)c(O)c1,4.25,hunt_et_al.sdf.gz
CNCC(=O)O,2.35,hunt_et_al.sdf.gz
Cc1c(F)c(F)c(C(=O)O)c(F)c1F,2.0,hunt_et_al.sdf.gz
O=C(O)CCCC(=O)O,4.34,hunt_et_al.sdf.gz
NC(=O)NCC(=O)O,3.89,hunt_et_al.sdf.gz
C[C@H](N)C(=O)O,2.35,hunt_et_al.sdf.gz
O=C(O)CCCCC(=O)O,4.43,hunt_et_al.sdf.gz
COc1cc(CC(=O)O)ccc1O,4.41,hunt_et_al.sdf.gz
C[C@H](Oc1ccc(Cl)cc1Cl)C(=O)O,3.1,hunt_et_al.sdf.gz
CC(C)[C@H](N)C(=O)O,2.29,hunt_et_al.sdf.gz
CC(C)(C(=O)O)C(=O)O,3.15,hunt_et_al.sdf.gz
O=C(O)COc1ccccc1F,3.08,hunt_et_al.sdf.gz
O=C(O)COc1cccc(F)c1,3.07,hunt_et_al.sdf.gz
O=C(O)COc1ccc(F)cc1,3.56,hunt_et_al.sdf.gz
Cc1ccc(O)c(C(C)(C)C)c1,11.5,hunt_et_al.sdf.gz
O=C(O)COc1ccc(Cl)cc1Cl,2.64,hunt_et_al.sdf.gz
COC(=O)[C@H](CC(=O)O)c1ccc([N+](=O)[O-])cc1,4.07,hunt_et_al.sdf.gz
CC(=O)[C@H](N)C(=O)OCc1ccccc1,5.2,hunt_et_al.sdf.gz
C[S@](=O)c1cccc(C(C)(C)C)c1O,9.5,hunt_et_al.sdf.gz
CCCCP(=O)(CCCC)[C@@](C)(O)C(=O)O,2.94,hunt_et_al.sdf.gz
C[N+](C)(C)c1ccc(CC(=O)O)cc1,3.75,hunt_et_al.sdf.gz
COC(=O)c1cc(O)c2ccccc2c1,8.75,hunt_et_al.sdf.gz
COc1ccc(C(=O)O)c2ccccc12,4.31,hunt_et_al.sdf.gz
C/C(=C\C(=O)O)c1cc(C)cc(C)c1O,4.54,hunt_et_al.sdf.gz
COC(=O)[C@](C)(CC(=O)O)c1ccccc1,4.46,hunt_et_al.sdf.gz
C[C@@H](CCCC(=O)O)c1ccccc1,4.8,hunt_et_al.sdf.gz
Cc1cc(C)c(O)c(C(C)(C)C)c1,12.04,hunt_et_al.sdf.gz
CCCc1cccc(CCC)c1O,11.25,hunt_et_al.sdf.gz
CCc1cc(C(C)C)c(C)cc1O,10.85,hunt_et_al.sdf.gz
CCCCCCc1ccccc1O,10.66,hunt_et_al.sdf.gz
O=[N+]([O-])c1cc(-c2ccccc2)c(O)c([N+](=O)[O-])c1,3.848,hunt_et_al.sdf.gz
Oc1ccccc1-c1ccc(Br)cc1,10.96,hunt_et_al.sdf.gz
Oc1ccccc1-c1ccc(I)cc1,10.92,hunt_et_al.sdf.gz
O=[N+]([O-])c1ccc(-c2ccccc2O)cc1,10.42,hunt_et_al.sdf.gz
O=[N+]([O-])c1ccc(-c2ccccc2)cc1O,6.74,hunt_et_al.sdf.gz
O=[N+]([O-])c1cc(-c2ccccc2)ccc1O,6.73,hunt_et_al.sdf.gz
Oc1ccccc1/N=N/c1ccccc1O,7.8,hunt_et_al.sdf.gz
CCc1cc2c(O)ccc(CC)c2s1,9.56,hunt_et_al.sdf.gz
CC(C)(C)c1ccc(SCC(=O)O)cc1,3.758,hunt_et_al.sdf.gz
CC(C)(C)c1ccc([S@@](=O)CC(=O)O)cc1,2.773,hunt_et_al.sdf.gz
O=[N+]([O-])c1cccc([N+](=O)[O-])c1Nc1ccc(Cl)cc1Cl,12.53,hunt_et_al.sdf.gz
O=[N+]([O-])c1ccc(NS(=O)(=O)c2ccccc2)cc1,6.2,hunt_et_al.sdf.gz
COc1ccc(-c2ccccc2O)cc1,11.38,hunt_et_al.sdf.gz
Oc1ccccc1Cc1ccccc1O,7.5,hunt_et_al.sdf.gz
Oc1ccc(Cc2ccc(O)cc2)cc1,7.55,hunt_et_al.sdf.gz
CCOC(=O)c1cc(O)cc2ccccc12,8.89,hunt_et_al.sdf.gz
O=C(O)c1ccc([C@@]23CCC[C@@H]2C3)cc1,4.02,hunt_et_al.sdf.gz
CCc1ccc(O)c2c(CC)c(C)oc12,9.94,hunt_et_al.sdf.gz
O=C(O)c1ccc(C2CCCCC2)cc1,4.39,hunt_et_al.sdf.gz
COC(=O)C[C@](C)(Cc1ccccc1)C(=O)O,4.65,hunt_et_al.sdf.gz
CC[C@](CC(=O)OC)(C(=O)O)c1ccccc1,4.18,hunt_et_al.sdf.gz
CC[C@@](CC(=O)O)(C(=O)OC)c1ccccc1,4.46,hunt_et_al.sdf.gz
COC(=O)[C@@H]([C@H](C(=O)O)C(C)(C)C)C(C)(C)C,5.57,hunt_et_al.sdf.gz
O=C(O)c1c(F)c(F)c(-c2c(F)c(F)c(F)c(F)c2F)c(F)c1F,1.42,hunt_et_al.sdf.gz
O=C(O)c1cc(/N=N/c2ccccc2)ccc1O,2.3,hunt_et_al.sdf.gz
O=C(O)c1ccccc1/N=N/c1ccc(O)c(O)c1,3.12,hunt_et_al.sdf.gz
CC[C@@](CC(=O)OC)(Cc1ccc([N+](=O)[O-])cc1)C(=O)O,3.7,hunt_et_al.sdf.gz
COC(=O)C[C@](C)(Cc1ccc([N+](=O)[O-])cc1)C(=O)O,4.4,hunt_et_al.sdf.gz
CC[C@@](CC(=O)O)(C(=O)OC)c1ccc([N+](=O)[O-])cc1,4.29,hunt_et_al.sdf.gz
O=C(O)c1cc(/N=N/c2ccc(Cl)cc2)ccc1O,2.5,hunt_et_al.sdf.gz
O=C1c2ccccc2C(=O)c2c(O)ccc(O)c21,9.9,hunt_et_al.sdf.gz
O=C1c2cccc(O)c2C(=O)c2cccc(O)c21,9.49,hunt_et_al.sdf.gz
O=C1c2cccc(O)c2C(=O)c2c(O)cccc21,8.3,hunt_et_al.sdf.gz
O=C1c2ccc(O)cc2C(=O)c2ccc(O)cc21,6.22,hunt_et_al.sdf.gz
O=C(O)c1ccccc1C(=O)c1ccccc1,3.536,hunt_et_al.sdf.gz
CC(=O)c1cccc(-c2ccccc2O)c1,10.91,hunt_et_al.sdf.gz
CCOc1ccc(-c2ccccc2O)cc1,11.39,hunt_et_al.sdf.gz
O=C(O)c1ccc([C@@]23CCCC[C@@H]2C3)cc1,4.16,hunt_et_al.sdf.gz
CC(C)(C)c1cc(O)cc(C(C)(C)C)c1,10.29,hunt_et_al.sdf.gz
Cc1ccccc1/N=N/c1ccc(O)c(C(=O)O)c1,2.12,hunt_et_al.sdf.gz
O=C(O)CP(=O)(c1ccccc1)c1ccccc1,3.62,hunt_et_al.sdf.gz
Cc1ccc(OP(=O)(O)Oc2ccc(C)cc2)cc1,0.4,hunt_et_al.sdf.gz
O=C(c1cccc(C(F)(F)F)c1)N(O)c1ccccc1,8.15,hunt_et_al.sdf.gz
Cc1ccc(C(=O)c2ccccc2C(=O)O)cc1,3.644,hunt_et_al.sdf.gz
CC(C)(C)c1cc(C=O)cc(C(C)(C)C)c1O,8.05,hunt_et_al.sdf.gz
Cc1cc(C(C)(C)C)c(O)c(C(C)(C)C)c1,12.23,hunt_et_al.sdf.gz
CCCc1cc(CCC)c(O)c(CCC)c1,11.59,hunt_et_al.sdf.gz
Oc1ccc(/N=N/c2ccccn2)c2ccccc12,9.1,hunt_et_al.sdf.gz
Cc1ccccc1N(O)C(=O)Cc1ccccc1,8.46,hunt_et_al.sdf.gz
COc1ccc(C(=O)N(O)c2ccccc2C)cc1,8.44,hunt_et_al.sdf.gz
CCCC[C@@H](CC)COP(=O)(O)OC[C@H](CC)CCCC,2.85,hunt_et_al.sdf.gz
CCOC(=O)c1cc(C(C)(C)C)c(O)c(C(C)(C)C)c1,9.5,hunt_et_al.sdf.gz
CCN(CC)C(=O)[C@@H]1CCCN(Cc2ccc([N+](=O)[O-])cc2)C1,6.9,hunt_et_al.sdf.gz
CCO[Si](C)(C)CN,10.18,hunt_et_al.sdf.gz
CCO[Si](CN)(OCC)OCC,8.34,hunt_et_al.sdf.gz
C[Si](C)(C)CN,10.96,hunt_et_al.sdf.gz
CN(C)Cl,0.46,hunt_et_al.sdf.gz
CCN(CC)CCC(C)=O,9.04,hunt_et_al.sdf.gz
CC(=O)CCN(C)C,8.4,hunt_et_al.sdf.gz
NCCBr,8.49,hunt_et_al.sdf.gz
CSCCN,9.49,hunt_et_al.sdf.gz
C[Si](C)(C)CCN,10.97,hunt_et_al.sdf.gz
CCN(CC)CCC(=O)Cc1ccccc1,9.4,hunt_et_al.sdf.gz
CN(C)CCC(=O)Cc1ccccc1,8.3,hunt_et_al.sdf.gz
CCN(CCCl)CCCl,6.55,hunt_et_al.sdf.gz
CCN(CC)CCN(CC)CC,9.55,hunt_et_al.sdf.gz
CC(=O)OCCN,9.1,hunt_et_al.sdf.gz
CN(C)CCN(C)C,9.1,hunt_et_al.sdf.gz
CN(C)CCO[C@@H](c1ccccc1)c1ccc(Br)cc1,8.64,hunt_et_al.sdf.gz
ClCCN(CCCl)CCCl,4.37,hunt_et_al.sdf.gz
CCN(CC)CCCl,8.8,hunt_et_al.sdf.gz
CN(CCO)CCCl,7.48,hunt_et_al.sdf.gz
CCNCCC(=O)C(c1ccccc1)c1ccccc1,9.55,hunt_et_al.sdf.gz
CN(C)CCO,9.0,hunt_et_al.sdf.gz
CCNCC,10.98,hunt_et_al.sdf.gz
OCCNCCO,8.883,hunt_et_al.sdf.gz
CN(CCO)CCO,8.52,hunt_et_al.sdf.gz
CC(C)N,10.63,hunt_et_al.sdf.gz
NCCCBr,8.93,hunt_et_al.sdf.gz
CC(N)(CO)CO,8.801,hunt_et_al.sdf.gz
CC(C)(C)CN,10.15,hunt_et_al.sdf.gz
NCCCO,9.96,hunt_et_al.sdf.gz
N#Cc1ccccc1C(=O)O,3.14,hunt_et_al.sdf.gz
C[C@H](N)CO,9.43,hunt_et_al.sdf.gz
NCCC(Cl)(Cl)Cl,9.65,hunt_et_al.sdf.gz
N#Cc1cccc(C(=O)O)c1,3.598,hunt_et_al.sdf.gz
CCCN(CCCl)CCCl,6.68,hunt_et_al.sdf.gz
CCN(CC)CCCN(CC)CC,10.18,hunt_et_al.sdf.gz
C[C@@H](O)CN(C[C@@H](C)O)C(C)(C)C,9.4,hunt_et_al.sdf.gz
C[C@H](CCC(C(=O)O)(c1ccccc1)c1ccccc1)N(C)C,10.88,hunt_et_al.sdf.gz
CCN(CC)CCC(C#N)(c1ccccc1)c1ccccc1,9.08,hunt_et_al.sdf.gz
O=C(O)c1cc(O)c(O)c(O)c1,4.21,hunt_et_al.sdf.gz
CC(C)(CN)CN,10.22,hunt_et_al.sdf.gz
CC(C)CN(CC(C)C)CC(C)C,10.32,hunt_et_al.sdf.gz
CCCN(C)C,10.2,hunt_et_al.sdf.gz
CC(C)N(C)C,10.47,hunt_et_al.sdf.gz
CN(C)CCC(c1ccccc1)c1ccccc1,9.35,hunt_et_al.sdf.gz
CCOC(=O)C(CCN(C)C)(c1ccccc1)c1ccccc1,9.87,hunt_et_al.sdf.gz
CCOC(=O)C(C[C@H](C)N(C)C)(c1ccccc1)c1ccccc1,10.12,hunt_et_al.sdf.gz
CCC(=O)C(CCN(C)C)(c1ccccc1)c1ccccc1,9.18,hunt_et_al.sdf.gz
CCCN(CCC)CCC,10.26,hunt_et_al.sdf.gz
C[C@@H](O)CNCCO,9.4,hunt_et_al.sdf.gz
CC(C)NC[C@@H](C)O,10.0,hunt_et_al.sdf.gz
CC(C)NC(C)C,10.96,hunt_et_al.sdf.gz
CCCNCCC,11.0,hunt_et_al.sdf.gz
C=CCNCC=C,9.29,hunt_et_al.sdf.gz
C=CCN(C)CC=C,8.79,hunt_et_al.sdf.gz
C=CCNC,10.11,hunt_et_al.sdf.gz
C#CCN,8.15,hunt_et_al.sdf.gz
CC(=O)CCCCN(C)C,9.6,hunt_et_al.sdf.gz
CC[C@@H](C)N,10.56,hunt_et_al.sdf.gz
CC[C@H](C)CN,10.64,hunt_et_al.sdf.gz
CC(C)CCN,10.6,hunt_et_al.sdf.gz
O=C(O)c1c([N+](=O)[O-])cccc1[N+](=O)[O-],1.14,hunt_et_al.sdf.gz
CCC(C)(C)N,10.72,hunt_et_al.sdf.gz
CCCCN(CCCl)CCCl,6.61,hunt_et_al.sdf.gz
CCCCN(C[C@@H](C)O)C[C@@H](C)O,9.3,hunt_et_al.sdf.gz
CCCCNCCCC,11.25,hunt_et_al.sdf.gz
CCN(CC)CCCCC#N,10.08,hunt_et_al.sdf.gz
O=C(O)c1ccc([N+](=O)[O-])c([N+](=O)[O-])c1,2.82,hunt_et_al.sdf.gz
CCCCN(C)C,10.2,hunt_et_al.sdf.gz
CCC[C@@H](C)N(C)C,10.57,hunt_et_al.sdf.gz
CC(C)CCNCCC(C)C,10.94,hunt_et_al.sdf.gz
O=C(O)c1cc([N+](=O)[O-])cc([N+](=O)[O-])c1,2.82,hunt_et_al.sdf.gz
C[C@@H](C=C(c1cccs1)c1cccs1)N(C)C,8.9,hunt_et_al.sdf.gz
NCCC=C(Cl)Cl,10.12,hunt_et_al.sdf.gz
CCCCCN,10.63,hunt_et_al.sdf.gz
NCCCCCBr,9.62,hunt_et_al.sdf.gz
Cc1c([N+](=O)[O-])cc(C(=O)O)cc1[N+](=O)[O-],2.97,hunt_et_al.sdf.gz
NCCCCCO,10.46,hunt_et_al.sdf.gz
CCC(C)(N)CC,10.63,hunt_et_al.sdf.gz
NCCCCC(Cl)(Cl)Cl,10.12,hunt_et_al.sdf.gz
CCCCCNCCCCC,11.16,hunt_et_al.sdf.gz
CCCCCN(C[C@@H](C)O)C[C@@H](C)O,9.0,hunt_et_al.sdf.gz
O=C(O)c1c([N+](=O)[O-])cc([N+](=O)[O-])cc1[N+](=O)[O-],0.65,hunt_et_al.sdf.gz
CCN(CC)CCCCCC#N,10.46,hunt_et_al.sdf.gz
CC(C)C(C(C)C)N(C)C,9.96,hunt_et_al.sdf.gz
CCCCCCN,10.64,hunt_et_al.sdf.gz
NCCCCCCBr,10.6,hunt_et_al.sdf.gz
C/C(=N\O)C(C)(C)CCCN,9.14,hunt_et_al.sdf.gz
CCCCCCN(C[C@@H](C)O)C[C@@H](C)O,8.5,hunt_et_al.sdf.gz
CCCCCCNCCCCCC,11.01,hunt_et_al.sdf.gz
CCCCC[C@@H](C)N,10.67,hunt_et_al.sdf.gz
CCCCCC(C)(C)N,10.56,hunt_et_al.sdf.gz
CC(C)CCC[C@H](C)N,10.28,hunt_et_al.sdf.gz
CCCC[C@@H](CC)CON(C[C@@H](C)O)C[C@@H](C)O,7.7,hunt_et_al.sdf.gz
CCCCC[C@@H](C)NC,10.82,hunt_et_al.sdf.gz
CCCCCCCCN,10.65,hunt_et_al.sdf.gz
CCCCCC[C@@H](C)N,10.49,hunt_et_al.sdf.gz
C/C(=N\O)C(C)(C)CCCCCN,9.12,hunt_et_al.sdf.gz
CCCCC[C@H](O)C(C)(C)N,9.85,hunt_et_al.sdf.gz
CCCCCCCCN(C[C@@H](C)O)C[C@@H](C)O,8.3,hunt_et_al.sdf.gz
CCCCCCCCNCCCCCCCC,11.01,hunt_et_al.sdf.gz
CCCCCCCCCN,10.64,hunt_et_al.sdf.gz
CCCCCCCCCCN,10.64,hunt_et_al.sdf.gz
CCCCCCCCCCCN,10.63,hunt_et_al.sdf.gz
NC1CCCCC1,10.68,hunt_et_al.sdf.gz
N[C@H]1CCCC[C@@H]1Cl,9.49,hunt_et_al.sdf.gz
N[C@@H]1CCCC[C@H]1O,9.53,hunt_et_al.sdf.gz
C[C@H]1CCC[C@@H](O)[C@@H]1N,9.39,hunt_et_al.sdf.gz
CC1CCC(N)CC1,10.48,hunt_et_al.sdf.gz
CCCOc1ccc(C(=O)O)cc1,4.78,hunt_et_al.sdf.gz
C[C@@H](N)CC1CCCCC1,10.14,hunt_et_al.sdf.gz
CN[C@H]1CCCC[C@@H]1Cl,9.85,hunt_et_al.sdf.gz
c1ccc(C(NCC2CCCCC2)c2ccccc2)cc1,6.95,hunt_et_al.sdf.gz
CN(C)[C@@H]1CCCC[C@H]1O,10.32,hunt_et_al.sdf.gz
CN[C@H](C)CC1CCCCC1,10.52,hunt_et_al.sdf.gz
CC[C@H](C)CNC1CCCCC1,11.09,hunt_et_al.sdf.gz
C[Si](C)(C)CNC1CCCCC1,10.96,hunt_et_al.sdf.gz
N[C@@H]1C=CCCC1,10.42,hunt_et_al.sdf.gz
CC1=CCCC[C@@H]1N,10.37,hunt_et_al.sdf.gz
CC(C)Oc1cccc(C(=O)O)c1,4.15,hunt_et_al.sdf.gz
CC(C)Oc1ccc(C(=O)O)cc1,4.68,hunt_et_al.sdf.gz
CC(C)(C)Nc1ccc(Br)cc1,5.93,hunt_et_al.sdf.gz
CN(C)c1ccccc1Br,4.31,hunt_et_al.sdf.gz
O=C(O)c1ccccc1Oc1ccccc1,3.53,hunt_et_al.sdf.gz
CC(C)(C)c1cccc(N)c1,4.66,hunt_et_al.sdf.gz
O=C(O)c1ccc(Oc2ccccc2)cc1,4.52,hunt_et_al.sdf.gz
CNc1ccc(Cl)cc1,3.9,hunt_et_al.sdf.gz
Nc1ccc(Cl)c([N+](=O)[O-])c1,1.9,hunt_et_al.sdf.gz
N#Cc1ccccc1N,0.95,hunt_et_al.sdf.gz
N#Cc1ccc(N)cc1,1.739,hunt_et_al.sdf.gz
O=C(O)c1cccc(Cl)c1CO,3.27,hunt_et_al.sdf.gz
O=C(O)c1c(Cl)cccc1CO,2.26,hunt_et_al.sdf.gz
Nc1c(Br)cccc1Br,0.35,hunt_et_al.sdf.gz
COc1c(Br)cc(N)cc1Br,2.98,hunt_et_al.sdf.gz
Cc1cc(Br)c(N)c(Br)c1,0.69,hunt_et_al.sdf.gz
O=C(O)c1cccc([N+](=O)[O-])c1Cl,2.02,hunt_et_al.sdf.gz
CC(C)(C)c1cc(N)cc(C(C)(C)C)c1[N+](=O)[O-],2.93,hunt_et_al.sdf.gz
Nc1cc(Cl)ccc1Cl,1.57,hunt_et_al.sdf.gz
CCN(CC)c1ccc([N+](=O)[O-])cc1[N+](=O)[O-],0.18,hunt_et_al.sdf.gz
O=C(O)c1cc([N+](=O)[O-])ccc1Cl,2.17,hunt_et_al.sdf.gz
O=C(O)c1c(Cl)cccc1[N+](=O)[O-],1.34,hunt_et_al.sdf.gz
CN(C)c1cccc([N+](=O)[O-])c1,2.626,hunt_et_al.sdf.gz
CN(C)c1ccc([N+](=O)[O-])cc1,0.607,hunt_et_al.sdf.gz
Cc1cc([N+](=O)[O-])cc(C)c1N,0.98,hunt_et_al.sdf.gz
Cc1cc(N)cc(C)c1[N+](=O)[O-],2.59,hunt_et_al.sdf.gz
O=C(O)c1c(Br)cccc1CO,2.25,hunt_et_al.sdf.gz
CN(C)c1cccc(C(F)(F)F)c1,3.27,hunt_et_al.sdf.gz
CCOC(=O)c1ccccc1N,2.18,hunt_et_al.sdf.gz
O=C(O)c1c(Br)cccc1[N+](=O)[O-],1.37,hunt_et_al.sdf.gz
Nc1ccc(C=O)cc1,1.76,hunt_et_al.sdf.gz
CC(C)C(C)(C)Nc1ccccc1,6.3,hunt_et_al.sdf.gz
COc1cccc(C(=O)O)c1CO,3.58,hunt_et_al.sdf.gz
COC(=O)c1ccccc1N,2.23,hunt_et_al.sdf.gz
COC(=O)c1ccccc1N(C)C,3.78,hunt_et_al.sdf.gz
COC(=O)c1cccc(N(C)C)c1,3.86,hunt_et_al.sdf.gz
CNc1ccccc1C(=O)OC,3.53,hunt_et_al.sdf.gz
CNc1ccc(C(=O)OC)cc1,2.32,hunt_et_al.sdf.gz
COc1cc(N)cc([N+](=O)[O-])c1,2.11,hunt_et_al.sdf.gz
Cc1ccc(N)cc1[N+](=O)[O-],2.96,hunt_et_al.sdf.gz
CS(=O)(=O)c1cccc(N)c1,2.561,hunt_et_al.sdf.gz
CS(=O)(=O)c1ccc(N)cc1,1.35,hunt_et_al.sdf.gz
c1ccc(Nc2ccccc2)cc1,0.79,hunt_et_al.sdf.gz
Nc1cccc(S(N)(=O)=O)c1,2.9,hunt_et_al.sdf.gz
Cc1c(C)c([N+](=O)[O-])c(C)c(C)c1N,2.36,hunt_et_al.sdf.gz
CS(=O)(=O)c1cccc(C(=O)O)c1,3.52,hunt_et_al.sdf.gz
C[Si](C)(C)c1cccc(N)c1,4.64,hunt_et_al.sdf.gz
C[Si](C)(C)c1ccc(N)cc1,4.36,hunt_et_al.sdf.gz
C[N+](C)(C)c1cccc(N)c1,2.22,hunt_et_al.sdf.gz
CS(=O)(=O)c1ccc(C(=O)O)cc1,3.64,hunt_et_al.sdf.gz
C[N+](C)(C)c1ccc(N)cc1,2.44,hunt_et_al.sdf.gz
Nc1cccc2cc3ccccc3cc12,4.1,hunt_et_al.sdf.gz
O=C(O)c1cccc2c1C(=O)c1ccccc1C2=O,3.37,hunt_et_al.sdf.gz
O=C(O)c1ccc2c(c1)C(=O)c1ccccc1C2=O,3.42,hunt_et_al.sdf.gz
NCCCCc1ccccc1,10.5,hunt_et_al.sdf.gz
CC[C@H](N)[C@@H](O)c1ccc(O)c(O)c1,8.42,hunt_et_al.sdf.gz
Cc1ccccc1CC(=O)O,4.35,hunt_et_al.sdf.gz
NC[C@H](O)c1ccc(O)cc1,9.53,hunt_et_al.sdf.gz
C[C@@H](N)[C@@H](O)c1ccccc1,9.05,hunt_et_al.sdf.gz
C[C@@H](N)[C@@H](O)c1ccc(O)cc1,8.7,hunt_et_al.sdf.gz
CC(C)(N)c1ccccc1,10.27,hunt_et_al.sdf.gz
C[Si](C)(CN)c1ccccc1,10.36,hunt_et_al.sdf.gz
CC(C)(CN)c1ccccc1,10.03,hunt_et_al.sdf.gz
NC(CCc1ccccc1)CCc1ccccc1,8.8,hunt_et_al.sdf.gz
NC(Cc1ccccc1)Cc1ccccc1,8.0,hunt_et_al.sdf.gz
COc1ccc(C[C@@H](C)N)cc1OC,9.6,hunt_et_al.sdf.gz
CC(C)c1ccc(CC(=O)O)cc1,4.39,hunt_et_al.sdf.gz
C[C@@H](N)Cc1ccc(O)cc1,9.7,hunt_et_al.sdf.gz
COc1ccc(C[C@@H](C)N)cc1,9.99,hunt_et_al.sdf.gz
c1ccc(CCCNC(CC2CCCCC2)CC2CCCCC2)cc1,7.8,hunt_et_al.sdf.gz
CCN(CC)CCOC(=O)c1ccc(Br)cc1,8.12,hunt_et_al.sdf.gz
CCN(CC)CCOC(=O)c1ccc(Cl)cc1,8.08,hunt_et_al.sdf.gz
[H]/N=C(\c1ccccc1)c1ccccc1Cl,5.59,hunt_et_al.sdf.gz
[H]/N=C(\c1ccccc1)c1cccc(Cl)c1,5.69,hunt_et_al.sdf.gz
C[C@H](Cc1ccccc1)NCCC#N,7.23,hunt_et_al.sdf.gz
c1ccc(CCCNC(Cc2ccccc2)Cc2ccccc2)cc1,7.2,hunt_et_al.sdf.gz
CC(C)N[C@H](C(C)C)[C@H](O)c1ccc(O)c(O)c1,8.85,hunt_et_al.sdf.gz
O=C(O)C(c1ccccc1)c1ccccc1,3.94,hunt_et_al.sdf.gz
Oc1ccc([C@@H](O)CNc2ccccc2)cc1O,8.85,hunt_et_al.sdf.gz
CCCNC[C@H](O)c1ccc(O)c(O)c1,8.57,hunt_et_al.sdf.gz
CN[C@H](C)Cc1ccc(OC)c(OC)c1,9.81,hunt_et_al.sdf.gz
CN(C)C[C@H](O)c1ccc(O)cc1,9.56,hunt_et_al.sdf.gz
C[C@H](Cc1ccccc1)N(C)C,9.4,hunt_et_al.sdf.gz
O=C(O)C(c1ccccc1)(c1ccccc1)c1ccccc1,3.96,hunt_et_al.sdf.gz
[H]/N=C(\c1ccccc1)c1ccccc1O,5.0,hunt_et_al.sdf.gz
[H]/N=C(\c1ccccc1)c1cccc(O)c1,5.08,hunt_et_al.sdf.gz
CC(C)NCC(=O)c1ccc(O)cc1,7.53,hunt_et_al.sdf.gz
CN[C@H](C)[C@@H](O)c1ccccc1,9.61,hunt_et_al.sdf.gz
[H]/N=C(\c1ccccc1)c1ccc(OC)cc1OC,8.3,hunt_et_al.sdf.gz
[H]/N=C(\c1ccccc1)c1ccc(C)cc1C,6.79,hunt_et_al.sdf.gz
[H]/N=C(\c1ccccc1)c1cc(C)ccc1C,6.79,hunt_et_al.sdf.gz
[H]/N=C(\c1ccccc1)c1c(C)cccc1C,6.29,hunt_et_al.sdf.gz
[H]/N=C(\c1ccccc1)c1cc(C)cc(C)c1,7.18,hunt_et_al.sdf.gz
[H]/N=C(\c1ccccc1)c1cccc(OC)c1,6.59,hunt_et_al.sdf.gz
CC(C)NCCc1ccccc1,10.02,hunt_et_al.sdf.gz
CNCCCCc1ccccc1,10.8,hunt_et_al.sdf.gz
CNC[C@H](C)c1ccccc1,10.07,hunt_et_al.sdf.gz
c1ccc(CNC(CC2CCCCC2)CC2CCCCC2)cc1,7.7,hunt_et_al.sdf.gz
COc1ccc(CNC(CC2CCCCC2)CC2CCCCC2)cc1,7.8,hunt_et_al.sdf.gz
O=C(O)CCCc1ccccc1,4.76,hunt_et_al.sdf.gz
Clc1ccc(CNC(Cc2ccccc2)Cc2ccccc2)cc1,6.1,hunt_et_al.sdf.gz
CCOc1cccc(CNC(Cc2ccccc2)Cc2ccccc2)c1,6.4,hunt_et_al.sdf.gz
CCN(CC)Cc1ccccc1,9.44,hunt_et_al.sdf.gz
COc1cccc(CN)c1OC,9.41,hunt_et_al.sdf.gz
COc1ccc(CN)cc1OC,9.39,hunt_et_al.sdf.gz
c1ccc(CNCC(c2ccccc2)c2ccccc2)cc1,7.6,hunt_et_al.sdf.gz
COc1ccccc1CN,9.7,hunt_et_al.sdf.gz
NCc1ccc2c(c1)OCO2,9.37,hunt_et_al.sdf.gz
NCc1c(F)c(F)c(F)c(F)c1F,7.67,hunt_et_al.sdf.gz
NCc1ccccc1S(N)(=O)=O,8.53,hunt_et_al.sdf.gz
Cc1ccccc1/C=C/C(=O)O,4.49,hunt_et_al.sdf.gz
NCc1ccc(S(N)(=O)=O)cc1,8.52,hunt_et_al.sdf.gz
Nc1cccc2c1Cc1ccccc1-2,3.87,hunt_et_al.sdf.gz
Nc1ccc2c(c1)Cc1ccccc1-2,4.64,hunt_et_al.sdf.gz
Nc1cccc2c1-c1ccccc1C2,3.39,hunt_et_al.sdf.gz
Cc1ccc(/C=C/C(=O)O)cc1,4.56,hunt_et_al.sdf.gz
NC1Cc2ccccc2C1,9.57,hunt_et_al.sdf.gz
N[C@@H]1Cc2ccccc2[C@H]1O,8.13,hunt_et_al.sdf.gz
c1ccc2c(c1)CC[C@@H]2N[C@H]1CCc2ccccc21,6.46,hunt_et_al.sdf.gz
C[C@H](N[C@H]1CCc2ccccc21)c1ccccc1,6.87,hunt_et_al.sdf.gz
c1ccc(N[C@H]2CCc3ccccc32)cc1,1.8,hunt_et_al.sdf.gz
Cc1ccccc1N[C@H]1CCc2ccccc21,0.83,hunt_et_al.sdf.gz
Cc1cccc(N[C@H]2CCc3ccccc32)c1,2.49,hunt_et_al.sdf.gz
Cc1ccc(N[C@H]2CCc3ccccc32)cc1,1.8,hunt_et_al.sdf.gz
Nc1ccc2ccccc2c1,4.16,hunt_et_al.sdf.gz
Nc1cc(Cl)cc2ccccc12,2.69,hunt_et_al.sdf.gz
Nc1cccc2cc(Cl)ccc12,3.48,hunt_et_al.sdf.gz
Nc1cccc2ccc(Cl)cc12,3.48,hunt_et_al.sdf.gz
Nc1cc(Cl)c2ccccc2c1,3.38,hunt_et_al.sdf.gz
Nc1ccc2ccc(Cl)cc2c1,3.71,hunt_et_al.sdf.gz
Nc1cc(I)cc2ccccc12,2.82,hunt_et_al.sdf.gz
COc1cc(N)c2ccccc2c1,3.26,hunt_et_al.sdf.gz
COc1ccc2c(N)cccc2c1,3.9,hunt_et_al.sdf.gz
COc1ccc2cccc(N)c2c1,4.07,hunt_et_al.sdf.gz
COc1cc(N)cc2ccccc12,4.05,hunt_et_al.sdf.gz
COc1ccc2cc(N)ccc2c1,4.64,hunt_et_al.sdf.gz
COC(=O)c1cc(N)c2ccccc2c1,3.12,hunt_et_al.sdf.gz
Nc1ccc([N+](=O)[O-])c2ccccc12,0.54,hunt_et_al.sdf.gz
Nc1cccc2c([N+](=O)[O-])cccc12,2.73,hunt_et_al.sdf.gz
Nc1cccc2cc([N+](=O)[O-])ccc12,2.89,hunt_et_al.sdf.gz
Nc1cccc2ccc([N+](=O)[O-])cc12,2.55,hunt_et_al.sdf.gz
Nc1cc2ccccc2cc1[N+](=O)[O-],1.48,hunt_et_al.sdf.gz
Nc1cc([N+](=O)[O-])c2ccccc2c1,2.43,hunt_et_al.sdf.gz
Nc1ccc2c([N+](=O)[O-])cccc2c1,3.01,hunt_et_al.sdf.gz
Nc1ccc2cc([N+](=O)[O-])ccc2c1,2.62,hunt_et_al.sdf.gz
Nc1ccc2cccc([N+](=O)[O-])c2c1,2.73,hunt_et_al.sdf.gz
N[C@@H]1CCCc2ccccc21,9.63,hunt_et_al.sdf.gz
N[C@@H]1CCc2ccccc2C1,9.93,hunt_et_al.sdf.gz
CCCCN(C)[C@@H]1CCc2ccccc2C1,9.71,hunt_et_al.sdf.gz
CN(C)[C@@H]1CCc2ccccc2C1,9.5,hunt_et_al.sdf.gz
CCCN(C)[C@@H]1CCc2ccccc2C1,9.83,hunt_et_al.sdf.gz
CN1CCCCC(=O)[C@H](O)CCCC1,9.1,hunt_et_al.sdf.gz
C1CN1,8.0,hunt_et_al.sdf.gz
O=C(O)Cc1ccccc1Cl,4.07,hunt_et_al.sdf.gz
CC[C@@H]1C[N@]1CC,8.18,hunt_et_al.sdf.gz
CC1(C)CN1,8.64,hunt_et_al.sdf.gz
C[C@@H]1N[C@H]1C,8.7,hunt_et_al.sdf.gz
CCN1CC1,7.93,hunt_et_al.sdf.gz
CCN1[C@H](C)[C@@H]1C,8.56,hunt_et_al.sdf.gz
CN1CC1,7.9,hunt_et_al.sdf.gz
CC(C)(C)N1CCCC(=O)[C@H](O)CCC1,7.6,hunt_et_al.sdf.gz
O=C(O)Cc1cccc(Cl)c1,4.14,hunt_et_al.sdf.gz
CCN1CCCC(=O)[C@H](O)CCC1,9.2,hunt_et_al.sdf.gz
CN1CCCC(=O)[C@H](O)CCC1,9.2,hunt_et_al.sdf.gz
C=CCN1CCCCC1,9.65,hunt_et_al.sdf.gz
O=C(O)Cc1ccc(Cl)cc1,4.19,hunt_et_al.sdf.gz
C[C@@H]1C[C@H](Oc2ccccc2)CC(C)(C)N1,9.54,hunt_et_al.sdf.gz
CCCCN1CCCCC1,10.43,hunt_et_al.sdf.gz
CCCCN1CCCC[C@H]1C,10.7,hunt_et_al.sdf.gz
C[C@@H]1CCCCN1C,10.22,hunt_et_al.sdf.gz
O=C(O)Cc1ccccc1Br,4.05,hunt_et_al.sdf.gz
CCN1CCCC[C@H]1C,10.66,hunt_et_al.sdf.gz
C[C@@H]1CCC[C@H](C)N1CC(C)(C)O,10.5,hunt_et_al.sdf.gz
O=C(O)Cc1ccc(Br)cc1,4.19,hunt_et_al.sdf.gz
C[C@@H]1CCCCN1,11.08,hunt_et_al.sdf.gz
C[C@H]1CCCNC1,11.07,hunt_et_al.sdf.gz
CN1CCC(c2ccccc2)(c2ccccc2)CC1,8.65,hunt_et_al.sdf.gz
C[C@@H](C=C(c1cccs1)c1cccs1)N1CCCCC1,8.41,hunt_et_al.sdf.gz
C[C@@H]1CCCCN1[C@@H](C)C=C(c1cccs1)c1cccs1,7.41,hunt_et_al.sdf.gz
C[C@@H]1CCCN([C@@H](C)C=C(c2cccs2)c2cccs2)C1,8.23,hunt_et_al.sdf.gz
CC1CCN([C@@H](C)C=C(c2cccs2)c2cccs2)CC1,8.15,hunt_et_al.sdf.gz
CC[C@@H](C)N1CCC(c2ccccc2)(c2ccccc2)CC1,9.67,hunt_et_al.sdf.gz
O=C(O)Cc1ccccc1I,4.04,hunt_et_al.sdf.gz
CN1C(C)(C)CCCC1(C)C,11.19,hunt_et_al.sdf.gz
CCC[C@@H]1CCCCN1,10.9,hunt_et_al.sdf.gz
C[C@H]1CCN(C)C(C)(C)C1,10.18,hunt_et_al.sdf.gz
O=C(O)Cc1cccc(I)c1,4.16,hunt_et_al.sdf.gz
O=C(O)Cc1ccc(I)cc1,4.18,hunt_et_al.sdf.gz
CN(C)CCN(Cc1ccccc1)c1ccccn1,8.96,hunt_et_al.sdf.gz
O=C(O)CCc1cccc(Cl)c1,4.59,hunt_et_al.sdf.gz
O=C(O)/C=C/c1ccccc1Cl,4.41,hunt_et_al.sdf.gz
CN(C)CCc1ccccn1,8.75,hunt_et_al.sdf.gz
CN(C)CCc1ccncc1,8.7,hunt_et_al.sdf.gz
CN(C)Cc1ccccn1,8.12,hunt_et_al.sdf.gz
C[C@](O)(C(=O)O)c1ccccc1,3.53,hunt_et_al.sdf.gz
O=C(O)C[C@H](O)c1ccccc1,4.398,hunt_et_al.sdf.gz
O=Cc1ccncc1O,6.77,hunt_et_al.sdf.gz
O=C(O)C(O)(c1ccccc1)c1ccccc1,3.05,hunt_et_al.sdf.gz
O=C(O)/C=C/c1ccccc1O,4.61,hunt_et_al.sdf.gz
O=C(O)/C=C/c1cccc(O)c1,4.396,hunt_et_al.sdf.gz
CNCc1ccccn1,8.82,hunt_et_al.sdf.gz
O=C(O)Cc1ccccc1[N+](=O)[O-],4.004,hunt_et_al.sdf.gz
CN(C(=O)c1ccccc1)c1ccccn1,1.44,hunt_et_al.sdf.gz
CNc1cccc(C)n1,8.84,hunt_et_al.sdf.gz
O=C(O)CCc1ccccc1[N+](=O)[O-],4.504,hunt_et_al.sdf.gz
O=C(O)/C=C/c1ccccc1[N+](=O)[O-],4.15,hunt_et_al.sdf.gz
c1ccc(CCN2CCCCC2)nc1,9.29,hunt_et_al.sdf.gz
c1cc(CCN2CCCCC2)ccn1,9.06,hunt_et_al.sdf.gz
c1cc(CN2CCCCC2)ccn1,7.88,hunt_et_al.sdf.gz
c1ccc([C@H]2CCCCN2)nc1,9.1,hunt_et_al.sdf.gz
c1ccc(CCN2CCCC2)nc1,9.39,hunt_et_al.sdf.gz
c1cncc(CCN2CCCC2)c1,9.28,hunt_et_al.sdf.gz
c1cc(CCN2CCCC2)ccn1,9.27,hunt_et_al.sdf.gz
c1ccc(CN2CCCC2)nc1,8.56,hunt_et_al.sdf.gz
c1cc(CN2CCCC2)ccn1,8.16,hunt_et_al.sdf.gz
CC1=CCCCN1,9.53,hunt_et_al.sdf.gz
COc1ccc(CC(=O)O)cc1OC,4.33,hunt_et_al.sdf.gz
O=C(O)c1cc[n+]([O-])cc1,2.86,hunt_et_al.sdf.gz
COc1ccccc1/C=C/C(=O)O,4.46,hunt_et_al.sdf.gz
c1ccc(CN2CCCC2)cc1,9.51,hunt_et_al.sdf.gz
c1ccc(C[C@@H]2CCCN2)cc1,10.31,hunt_et_al.sdf.gz
CCCCN1CCCC1,10.36,hunt_et_al.sdf.gz
COc1cccc(/C=C/C(=O)O)c1,4.38,hunt_et_al.sdf.gz
C[C@@H]1CCCN1C,10.2,hunt_et_al.sdf.gz
CC[C@@H]1CCCN1,10.43,hunt_et_al.sdf.gz
COc1ccc(/C=C/C(=O)O)cc1,4.54,hunt_et_al.sdf.gz
COc1ccc([C@@H]2CCCN2C)cc1,8.9,hunt_et_al.sdf.gz
CN1CCCC1,10.3,hunt_et_al.sdf.gz
CN1CCC[C@H]1c1ccccc1,8.8,hunt_et_al.sdf.gz
CCC[C@@H]1CCCN1C,9.78,hunt_et_al.sdf.gz
O=C(O)CCSCc1ccccc1,4.46,hunt_et_al.sdf.gz
c1csc([C@@H]2CCCN2)c1,9.35,hunt_et_al.sdf.gz
C1=C(Cc2ccccc2)NCC1,7.06,hunt_et_al.sdf.gz
CCCCC1=CCCN1C,11.84,hunt_et_al.sdf.gz
CCC1=CCCN1,7.87,hunt_et_al.sdf.gz
Cc1ccc(C2=CCCN2)cc1,7.55,hunt_et_al.sdf.gz
CN1CC=CC1,9.88,hunt_et_al.sdf.gz
O=C(O)[C@H](O)c1cccc(F)c1,4.24,hunt_et_al.sdf.gz
O=C(O)[C@H](O)c1cccc(Br)c1,3.23,hunt_et_al.sdf.gz
O=C(O)[C@H](O)c1cccc(I)c1,3.26,hunt_et_al.sdf.gz
CC(=O)C(CCN1CCOCC1)(c1ccccc1)c1ccccc1,6.83,hunt_et_al.sdf.gz
CC(=O)[C@H](CN1CCOCC1)c1ccccc1,6.23,hunt_et_al.sdf.gz
C=CCN1CCOCC1,7.02,hunt_et_al.sdf.gz
O=C(c1ccccc1)[C@@H](CN1CCOCC1)c1ccccc1,6.17,hunt_et_al.sdf.gz
N#CC(CCN1CCOCC1)(c1ccccc1)c1ccccc1,6.04,hunt_et_al.sdf.gz
C[C@H](CC(C#N)(c1ccccc1)c1ccccc1)N1CCOCC1,6.05,hunt_et_al.sdf.gz
CCCC(=O)C(CCN1CCOCC1)(c1ccccc1)c1ccccc1,7.17,hunt_et_al.sdf.gz
CCC(=O)C(CCN1CCOCC1)(c1ccccc1)c1ccccc1,6.95,hunt_et_al.sdf.gz
CCC(=O)C(C[C@H](C)N1CCOCC1)(c1ccccc1)c1ccccc1,6.68,hunt_et_al.sdf.gz
CCC(=O)C(c1ccccc1)(c1ccccc1)[C@H](C)CN1CCOCC1,7.12,hunt_et_al.sdf.gz
C[C@@H](CC(c1ccccc1)c1ccccc1)N1CCOCC1,6.85,hunt_et_al.sdf.gz
CC(=O)N1CCNCC1,7.9,hunt_et_al.sdf.gz
O=C(c1ccccc1)N1CCNCC1,7.75,hunt_et_al.sdf.gz
CN1CCN(C(=O)c2ccccc2)CC1,6.78,hunt_et_al.sdf.gz
CCOC(=O)N1CCNCC1,8.2,hunt_et_al.sdf.gz
CCOC(=O)N1CCN(C)CC1,7.31,hunt_et_al.sdf.gz
O=C(O)CCC(=O)c1ccc2ccccc2c1,4.96,hunt_et_al.sdf.gz
Oc1ccnnc1,8.72,hunt_et_al.sdf.gz
COC(=O)CC(C(=O)O)(c1ccccc1)c1ccccc1,3.899,hunt_et_al.sdf.gz
COC(=O)CCC(C(=O)O)(c1ccccc1)c1ccccc1,4.0,hunt_et_al.sdf.gz
Nc1nc(-c2ccccc2)cc(-c2ccccc2)n1,3.74,hunt_et_al.sdf.gz
Cn1cc(Br)c(O)nc1=O,7.84,hunt_et_al.sdf.gz
CNc1ncc(Br)cn1,2.09,hunt_et_al.sdf.gz
CCCCNc1ncccn1,4.14,hunt_et_al.sdf.gz
O=C(O)c1ncccn1,2.85,hunt_et_al.sdf.gz
CNc1nccc(Cl)n1,2.59,hunt_et_al.sdf.gz
Cn1ccc(O)nc1=O,9.71,hunt_et_al.sdf.gz
COC(=O)[C@H](CC(=O)O)c1ccccc1,4.36,hunt_et_al.sdf.gz
CN(C)c1cc(O)ncn1,10.49,hunt_et_al.sdf.gz
COC(=O)C[C@@H](C(=O)O)c1ccccc1,4.05,hunt_et_al.sdf.gz
CNc1nc(C)cc(C)n1,5.23,hunt_et_al.sdf.gz
CCOc1ccnc(O)n1,10.7,hunt_et_al.sdf.gz
CCNc1ncccn1,3.89,hunt_et_al.sdf.gz
COc1cncnc1O,8.64,hunt_et_al.sdf.gz
COc1nc(C)cc(O)n1,8.5,hunt_et_al.sdf.gz
Cc1cc(O)ncn1,9.1,hunt_et_al.sdf.gz
CNc1nccc(OC)n1,5.74,hunt_et_al.sdf.gz
CCCCCNc1ncccn1,4.03,hunt_et_al.sdf.gz
C1CSCCN1,9.0,hunt_et_al.sdf.gz
NCCc1cscn1,9.48,hunt_et_al.sdf.gz
O=C(O)/C=C\C(=O)O,2.0,hunt_et_al.sdf.gz
Oc1cncc2ccccc12,8.7,hunt_et_al.sdf.gz
Oc1ccc2cnccc2c1,9.17,hunt_et_al.sdf.gz
Oc1cccc2ccncc12,8.42,hunt_et_al.sdf.gz
c1ccc2c(c1)CCNC2,9.41,hunt_et_al.sdf.gz
CC(C)(C)C(=O)O,5.03,hunt_et_al.sdf.gz
O=C(O)c1ccc(O)c2ncccc12,4.8,hunt_et_al.sdf.gz
Oc1c(Cl)ccc2cccnc12,8.7,hunt_et_al.sdf.gz
Oc1c(Cl)cc(Cl)c2cccnc12,7.62,hunt_et_al.sdf.gz
CCN(CC)Cc1ccc2cccnc2c1O,11.3,hunt_et_al.sdf.gz
Oc1ccccn1,11.62,hunt_et_al.sdf.gz
CN(C)Cc1ccc2cccnc2c1O,11.0,hunt_et_al.sdf.gz
Cc1ccnc2c(O)cccc12,10.0,hunt_et_al.sdf.gz
Oc1ccc2ccccc2n1,11.76,hunt_et_al.sdf.gz
Oc1ccnc2ccccc12,11.28,hunt_et_al.sdf.gz
Oc1cccc2ncccc12,8.56,hunt_et_al.sdf.gz
Oc1ccc2ncccc2c1,8.9,hunt_et_al.sdf.gz
Oc1ccc2cccnc2c1,8.87,hunt_et_al.sdf.gz
Cc1cc2cccc(O)c2nc1C,10.2,hunt_et_al.sdf.gz
CCCc1ccc(O)c2ncccc12,9.7,hunt_et_al.sdf.gz
Oc1ccc(O)cc1,9.91,hunt_et_al.sdf.gz
C[n+]1cccc2cc(O)ccc21,7.12,hunt_et_al.sdf.gz
C[n+]1cccc2cccc(O)c21,6.78,hunt_et_al.sdf.gz
C1CN2CCC1CC2,10.95,hunt_et_al.sdf.gz
c1ccc([C@@H]2CN3CCC2CC3)cc1,10.23,hunt_et_al.sdf.gz
C1=C(c2ccccc2)C2CCN1CC2,9.1,hunt_et_al.sdf.gz
Oc1cc2ccccc2nn1,8.63,hunt_et_al.sdf.gz
Oc1cnnc2ccccc12,9.3,hunt_et_al.sdf.gz
Oc1ccc2nnccc2c1,7.55,hunt_et_al.sdf.gz
Oc1ccc2ccnnc2c1,7.59,hunt_et_al.sdf.gz
Oc1cccc2ccnnc12,8.22,hunt_et_al.sdf.gz
Cc1cnnc2c(O)cccc12,8.36,hunt_et_al.sdf.gz
Oc1cncc2cccnc12,8.35,hunt_et_al.sdf.gz
Oc1nccc2cccnc12,12.04,hunt_et_al.sdf.gz
N#Cc1ccc(O)cc1,7.95,hunt_et_al.sdf.gz
Cc1cc(O)cc(C)c1C#N,8.21,hunt_et_al.sdf.gz
Oc1ncc2ccccc2n1,10.73,hunt_et_al.sdf.gz
Oc1ncnc2ccccc12,9.87,hunt_et_al.sdf.gz
Oc1cccc2ncncc12,7.41,hunt_et_al.sdf.gz
Oc1ccc2ncncc2c1,8.21,hunt_et_al.sdf.gz
Cc1nc(C)c2cccc(O)c2n1,9.41,hunt_et_al.sdf.gz
Cc1ncnc2c(O)cccc12,8.77,hunt_et_al.sdf.gz
Cc1cc(O)cc(C)c1[N+](=O)[O-],8.25,hunt_et_al.sdf.gz
Oc1cnc2ccccc2n1,9.14,hunt_et_al.sdf.gz
Oc1cccc2nccnc12,8.68,hunt_et_al.sdf.gz
Cc1nc2ccccc2nc1O,9.9,hunt_et_al.sdf.gz
Cc1cc(C)c([N+](=O)[O-])c(C)c1O,8.86,hunt_et_al.sdf.gz
Oc1ncc2cccnc2n1,8.98,hunt_et_al.sdf.gz
O=S(=O)(O)c1cccc2ccccc12,0.16,hunt_et_al.sdf.gz
CCOP(=O)(CN(CC)CC)OCC,6.4,hunt_et_al.sdf.gz
CCOP(=O)(OCC)OCCN(CC)CC,8.4,hunt_et_al.sdf.gz
CCOP(=O)(OCC)OCCN(C)C,8.0,hunt_et_al.sdf.gz
CC(C)OP(=O)(OCCN(C)C)OC(C)C,8.06,hunt_et_al.sdf.gz
CC(C)OP(=O)(OC(C)C)SCCN(C)C,7.7,hunt_et_al.sdf.gz
CCO[P@](C)(=O)SCCN(C)C,7.77,hunt_et_al.sdf.gz
CNCCCCO,9.55,hunt_et_al.sdf.gz
CC[C@H](O)CN(CC)CCO,9.1,hunt_et_al.sdf.gz
Cc1ccc([C@@H]2C[C@H]2N)cc1,8.33,hunt_et_al.sdf.gz
C1CCC(NC2CCCC2)C1,10.93,hunt_et_al.sdf.gz
Nc1ccc2c3c(cccc13)CC2,4.58,hunt_et_al.sdf.gz
COCCCN(C)C,9.4,hunt_et_al.sdf.gz
C=CC(C)(C)NC(C)(C)CC,10.8,hunt_et_al.sdf.gz
C#CC(C)(C)NC(C)(C)CC,9.0,hunt_et_al.sdf.gz
CC[C@@H](C)C[C@@H](C)N,10.55,hunt_et_al.sdf.gz
CCCCCCN(CCO)C[C@@H](O)CC,9.0,hunt_et_al.sdf.gz
CC(C)(C)Sc1ccc(N)cc1,3.44,hunt_et_al.sdf.gz
Nc1cccc(C(=O)OC(F)(F)C(F)(F)F)c1,3.24,hunt_et_al.sdf.gz
Nc1ccc(C(=O)OC(F)(F)C(F)(F)F)cc1,3.78,hunt_et_al.sdf.gz
Nc1ccc2c(c1)Cc1c-2ccc2ccccc12,4.67,hunt_et_al.sdf.gz
CC(C)(C)N1CCCC1,11.13,hunt_et_al.sdf.gz
C[C@@H]1[C@@H](C)C(C)(C)NC1(C)C,11.4,hunt_et_al.sdf.gz
CC(=O)OCCN(C)C,8.4,hunt_et_al.sdf.gz
NCCCl,8.56,hunt_et_al.sdf.gz
CCCC(=O)OCCN(C)C,8.31,hunt_et_al.sdf.gz
CCCC(=O)SCCN(C)C,8.32,hunt_et_al.sdf.gz
CCC(=O)OCCN(C)C,8.29,hunt_et_al.sdf.gz
CCC(=O)SCCN(C)C,8.28,hunt_et_al.sdf.gz
CCNC[Si](C)(C)C,11.12,hunt_et_al.sdf.gz
CC(=O)OCCCN(C)C,9.0,hunt_et_al.sdf.gz
NCC(Cl)(Cl)C(Cl)(Cl)Cl,6.58,hunt_et_al.sdf.gz
C=CC(C)(C)NC(C)(C)C=C,10.1,hunt_et_al.sdf.gz
CCC[C@H](N)c1ccccc1,9.45,hunt_et_al.sdf.gz
C[C@H](N)c1cccc(Br)c1,9.88,hunt_et_al.sdf.gz
C[C@H](N)c1ccccc1Cl,8.8,hunt_et_al.sdf.gz
C[C@H](N)c1ccc(Cl)cc1,9.1,hunt_et_al.sdf.gz
C[C@H](N)c1ccc(F)cc1,9.22,hunt_et_al.sdf.gz
COc1ccc([C@H](C)N)cc1,9.47,hunt_et_al.sdf.gz
Cc1cccc([C@H](C)N)c1,9.41,hunt_et_al.sdf.gz
C[C@H](N)c1cccc([N+](=O)[O-])c1,8.56,hunt_et_al.sdf.gz
C[C@H](N)c1ccc([N+](=O)[O-])cc1,8.5,hunt_et_al.sdf.gz
C[C@H](N)c1cccc(C(F)(F)F)c1,8.77,hunt_et_al.sdf.gz
CCCCC[C@@H](N)c1ccccc1,8.87,hunt_et_al.sdf.gz
NC[C@H](O)c1ccc(Cl)c(Cl)c1,8.78,hunt_et_al.sdf.gz
COc1ccc(OC)c(C[C@@H](N)CO)c1,9.18,hunt_et_al.sdf.gz
CC(C)C[C@H](N)c1ccccc1,9.47,hunt_et_al.sdf.gz
CC(C)C[C@H](N)c1ccc(Cl)cc1,8.47,hunt_et_al.sdf.gz
CC(C)C[C@H](N)c1ccc(F)cc1,9.25,hunt_et_al.sdf.gz
CC(C)CC[C@H](N)c1ccccc1,9.02,hunt_et_al.sdf.gz
CCCC[C@H](N)c1ccccc1,9.45,hunt_et_al.sdf.gz
CCCC[C@H](N)c1ccc(Cl)cc1,8.85,hunt_et_al.sdf.gz
CCCC[C@H](N)c1ccc(F)cc1,9.15,hunt_et_al.sdf.gz
CC[C@@H](N)c1ccccc1,9.3,hunt_et_al.sdf.gz
CC[C@@H](C)C(=O)O,4.81,hunt_et_al.sdf.gz
CC[C@@H](N)c1ccc(Br)cc1,9.08,hunt_et_al.sdf.gz
CC[C@@H](N)c1ccc(Cl)cc1,9.1,hunt_et_al.sdf.gz
OCCN(CCO)CCc1ccccc1,7.6,hunt_et_al.sdf.gz
CC(C)NC[C@H](O)c1ccccc1Br,9.4,hunt_et_al.sdf.gz
CC(C)NC[C@H](O)c1cccc(Br)c1,9.37,hunt_et_al.sdf.gz
CC(C)NC[C@H](O)c1ccc(Br)cc1,9.26,hunt_et_al.sdf.gz
CCCCOc1ccc([C@@H](O)CNC)cc1OC,9.51,hunt_et_al.sdf.gz
CC(C)(C)NC[C@H](O)c1ccc(F)c(F)c1,9.51,hunt_et_al.sdf.gz
CCCCNC[C@H](O)c1ccc(OC)c(OC)c1,9.56,hunt_et_al.sdf.gz
CC[C@@H](C)NC[C@H](O)c1ccc(OC)c(OC)c1,9.48,hunt_et_al.sdf.gz
COc1ccc([C@@H](O)CNC(C)(C)C)cc1OC,9.73,hunt_et_al.sdf.gz
CC(C)NC[C@H](O)c1ccccc1Cl,9.43,hunt_et_al.sdf.gz
CC(C)NC[C@H](O)c1cccc(Cl)c1,9.42,hunt_et_al.sdf.gz
CC(C)NC[C@H](O)c1ccc(Cl)cc1,9.21,hunt_et_al.sdf.gz
CC(C)NC[C@H](O)c1cccc(C#N)c1,9.33,hunt_et_al.sdf.gz
CNC[C@H](O)c1ccc(C2CCCCC2)cc1,9.01,hunt_et_al.sdf.gz
CC(C)NC[C@H](O)c1ccc(Br)c(Br)c1,9.29,hunt_et_al.sdf.gz
CCN(CC)CCCCC(O)(c1ccccc1)c1ccccc1,10.08,hunt_et_al.sdf.gz
CCN(CC)CCCCC(c1ccccc1)c1ccccc1,10.1,hunt_et_al.sdf.gz
CCN(CC)CCC(c1ccccc1)c1ccccc1,10.1,hunt_et_al.sdf.gz
CC(C)NC[C@H](O)c1ccc(F)c(F)c1,9.36,hunt_et_al.sdf.gz
CC(C)NC[C@H](O)c1cc(O)cc(O)c1,9.92,hunt_et_al.sdf.gz
CN(C)C[C@H](O)c1ccc(O)c(O)c1,9.257,hunt_et_al.sdf.gz
COc1cc([C@@H](O)CN(C)C)ccc1O,9.52,hunt_et_al.sdf.gz
CCNC[C@H](O)c1ccc(OC)c(OC)c1,9.61,hunt_et_al.sdf.gz
CCNC[C@H](O)c1cccc(O)c1,8.983,hunt_et_al.sdf.gz
CC(C)NC[C@H](O)c1ccc(F)cc1,9.35,hunt_et_al.sdf.gz
CNC[C@H](O)c1ccc(O)c(OC)c1,9.52,hunt_et_al.sdf.gz
COc1ccc([C@@H](O)CNCC(C)C)cc1OC,9.28,hunt_et_al.sdf.gz
CC(C)NC[C@H](O)c1ccccc1,9.5,hunt_et_al.sdf.gz
COc1ccc([C@@H](O)CNC(C)C)cc1OC,9.58,hunt_et_al.sdf.gz
Cc1ccc([C@@H](O)CNC(C)C)cc1C,9.38,hunt_et_al.sdf.gz
CC(C)NC[C@H](O)c1ccccc1I,9.32,hunt_et_al.sdf.gz
COc1ccccc1[C@@H](O)CNC(C)C,9.69,hunt_et_al.sdf.gz
COc1cccc([C@@H](O)CNC(C)C)c1,9.54,hunt_et_al.sdf.gz
COc1ccc([C@@H](O)CNC(C)C)cc1,9.26,hunt_et_al.sdf.gz
Cc1ccc([C@@H](O)CNC(C)C)cc1,9.35,hunt_et_al.sdf.gz
CC(C)NC[C@H](O)c1ccc(S(C)(=O)=O)cc1,9.25,hunt_et_al.sdf.gz
CSc1ccccc1[C@@H](O)CNC(C)C,9.41,hunt_et_al.sdf.gz
CSc1ccc([C@@H](O)CNC(C)C)cc1,9.06,hunt_et_al.sdf.gz
CC(C)NC[C@H](O)c1ccccc1[N+](=O)[O-],9.35,hunt_et_al.sdf.gz
CC(C)NC[C@H](O)c1cccc([N+](=O)[O-])c1,9.21,hunt_et_al.sdf.gz
CC(C)NC[C@H](O)c1ccc([N+](=O)[O-])cc1,9.27,hunt_et_al.sdf.gz
CC(C)NC[C@H](O)c1cccc(-c2ccccc2)c1,9.49,hunt_et_al.sdf.gz
CC(C)NC[C@H](O)c1ccccc1C(F)(F)F,9.31,hunt_et_al.sdf.gz
CC(C)NC[C@H](O)c1cccc(C(F)(F)F)c1,9.3,hunt_et_al.sdf.gz
CNCC[C@H](O)c1ccccc1,9.565,hunt_et_al.sdf.gz
CNC(C)(C)Cc1ccccc1,10.37,hunt_et_al.sdf.gz
OCCN(CCO)Cc1ccccc1,7.68,hunt_et_al.sdf.gz
Cc1ccccc1CN(CCO)CCO,7.1,hunt_et_al.sdf.gz
Cc1cccc(CN(CCO)CCO)c1,7.0,hunt_et_al.sdf.gz
Cc1ccc(CN(CCO)CCO)cc1,7.2,hunt_et_al.sdf.gz
Cc1cc(C)c(CN(CCO)CCO)c(C)c1,7.45,hunt_et_al.sdf.gz
NCc1cccc(Br)c1,8.98,hunt_et_al.sdf.gz
NCc1ccc(Br)cc1,9.13,hunt_et_al.sdf.gz
N#Cc1ccc(CN)cc1,8.52,hunt_et_al.sdf.gz
CN(C)Cc1cccc([N+](=O)[O-])c1,8.2,hunt_et_al.sdf.gz
CN(C)Cc1ccc([N+](=O)[O-])cc1,8.14,hunt_et_al.sdf.gz
NCc1cccc(F)c1,9.04,hunt_et_al.sdf.gz
OCCN(CCO)Cc1cccc(F)c1,6.5,hunt_et_al.sdf.gz
OCCN(CCO)Cc1ccc(F)cc1,6.8,hunt_et_al.sdf.gz
CN(C)Cc1ccc(F)cc1,8.94,hunt_et_al.sdf.gz
COc1cccc(CN(C)C)c1,9.04,hunt_et_al.sdf.gz
CNCc1ccc(OC)cc1,9.97,hunt_et_al.sdf.gz
CNCc1cccc([N+](=O)[O-])c1,8.77,hunt_et_al.sdf.gz
CNCc1ccc([N+](=O)[O-])cc1,8.63,hunt_et_al.sdf.gz
NCc1ccc([N+](=O)[O-])cc1,8.5,hunt_et_al.sdf.gz
Cc1ccc(CN(C)C)cc1,9.22,hunt_et_al.sdf.gz
CC(=O)c1ccc(-c2ccc(N)cc2)cc1,3.98,hunt_et_al.sdf.gz
CN1CCCCCC1,10.3,hunt_et_al.sdf.gz
C[C@@H]1CCCN(C)C1,10.02,hunt_et_al.sdf.gz
C[C@@H]1CCN[C@H](C)C1,10.73,hunt_et_al.sdf.gz
CC1(C)CCCNC1,10.38,hunt_et_al.sdf.gz
C=C1CCN(C)[C@@H](C)C1,9.25,hunt_et_al.sdf.gz
C=C1CCN(C)C[C@H]1C,9.09,hunt_et_al.sdf.gz
CCN1CCC[C@@H](C)C1,10.33,hunt_et_al.sdf.gz
CCN1CCC(C)CC1,10.28,hunt_et_al.sdf.gz
O[C@H](c1ccccc1)[C@@H]1CCCCN1,9.57,hunt_et_al.sdf.gz
CC1(C)CC(O)CC(C)(C)N1,10.05,hunt_et_al.sdf.gz
CC(C)CN1CCCCC1,10.44,hunt_et_al.sdf.gz
CC(C)[C@H]1CCCNC1,10.75,hunt_et_al.sdf.gz
CC(C)=C1CCCNC1,10.47,hunt_et_al.sdf.gz
C=C(C)CC(=O)O[C@@H](C)N1CCCCC1,8.37,hunt_et_al.sdf.gz
C=C1CCCN(C)C1,9.31,hunt_et_al.sdf.gz
C=C1CCN(C)CC1,9.03,hunt_et_al.sdf.gz
C/C=C(\C)N1CCCCC1,8.35,hunt_et_al.sdf.gz
CN1CC(C)(C)CC(C)(C)C1,9.43,hunt_et_al.sdf.gz
CC1(C)CNCC(C)(C)C1,10.1,hunt_et_al.sdf.gz
CC1(C)CC(=O)CC(C)(C)N1,7.9,hunt_et_al.sdf.gz
C[C@H]1CCN(C)[C@@H](C)C1,10.09,hunt_et_al.sdf.gz
C[C@@H]1C[C@H](C)CN(C)C1,10.0,hunt_et_al.sdf.gz
Nc1cccc(Br)n1,2.6,hunt_et_al.sdf.gz
Nc1cc(Cl)ccn1,5.7,hunt_et_al.sdf.gz
N#Cc1ccc(N)nc1,3.41,hunt_et_al.sdf.gz
CCOC(=O)c1cccnc1N,4.73,hunt_et_al.sdf.gz
CCOC(=O)c1ccnc(N)c1,5.25,hunt_et_al.sdf.gz
Nc1cnccc1O,11.38,hunt_et_al.sdf.gz
COc1cccc(N)n1,4.64,hunt_et_al.sdf.gz
COC(=O)c1cccnc1N,4.78,hunt_et_al.sdf.gz
COC(=O)c1ccnc(N)c1,5.21,hunt_et_al.sdf.gz
Cc1cc([N+](=O)[O-])cnc1N,3.58,hunt_et_al.sdf.gz
Cc1cnc(N)c([N+](=O)[O-])c1,2.98,hunt_et_al.sdf.gz
Nc1ncccc1[N+](=O)[O-],2.33,hunt_et_al.sdf.gz
CC(C)CN1CCOCC1,7.82,hunt_et_al.sdf.gz
CCCCCN1CCOCC1,7.69,hunt_et_al.sdf.gz
O=C(O)c1ncc(-c2ccc(Cl)cc2)o1,1.68,hunt_et_al.sdf.gz
Cc1nc(C)c(C(=O)O)o1,3.08,hunt_et_al.sdf.gz
O=C(O)c1nc(-c2ccccc2)oc1-c1ccccc1,3.4,hunt_et_al.sdf.gz
O=C(O)c1ncc(-c2ccccc2)o1,1.78,hunt_et_al.sdf.gz
C=CCc1c(C)nc(N)nc1C,5.1,hunt_et_al.sdf.gz
CC(C)(C)c1nc(N)ncc1Br,2.88,hunt_et_al.sdf.gz
Cc1nc(N)nc(C)c1Br,3.3,hunt_et_al.sdf.gz
Nc1ncc(-c2ccc(Br)cc2)cn1,3.06,hunt_et_al.sdf.gz
CC(C)(C)c1ccnc(N)n1,4.58,hunt_et_al.sdf.gz
NC(=O)c1cnc(N)nc1,2.06,hunt_et_al.sdf.gz
CCCc1c(C)nc(N)nc1C,5.42,hunt_et_al.sdf.gz
CC[C@@H](C)Nc1nc(C)cc(C)n1,5.12,hunt_et_al.sdf.gz
COc1ncc(-c2ccc(N(C)C)cc2)cn1,4.31,hunt_et_al.sdf.gz
Cc1cc(C)nc(O)n1,10.5,hunt_et_al.sdf.gz
Cc1cc(O)nc(C)n1,9.82,hunt_et_al.sdf.gz
CCCc1c(C)nc(O)nc1C,10.89,hunt_et_al.sdf.gz
CC#Cc1c(C)nc(O)nc1C,9.49,hunt_et_al.sdf.gz
C#CCc1c(C)nc(O)nc1C,10.25,hunt_et_al.sdf.gz
COc1cc(O)ncn1,8.47,hunt_et_al.sdf.gz
Cc1cncnc1O,9.17,hunt_et_al.sdf.gz
CSc1cc(O)ncn1,8.52,hunt_et_al.sdf.gz
O=[N+]([O-])c1ccc(-c2cnc(O)nc2)cc1,8.17,hunt_et_al.sdf.gz
Cc1nc(O)nc(C)c1C,10.85,hunt_et_al.sdf.gz
C[C@H]1CN=C(C(C)(C)C)S1,5.027,hunt_et_al.sdf.gz
Cc1csc(C(=O)O)n1,3.18,hunt_et_al.sdf.gz
CCC1=N[C@@H](CC)CS1,5.36,hunt_et_al.sdf.gz
CC1=NC[C@H](C)S1,5.256,hunt_et_al.sdf.gz
CC(C)C1=NC[C@H](C)S1,5.164,hunt_et_al.sdf.gz
CC(C)c1cccc(=O)c(O)c1Br,4.68,hunt_et_al.sdf.gz
CC(C)c1cc(O)c(=O)ccc1Br,4.54,hunt_et_al.sdf.gz
CC(C)c1ccc(Br)c(=O)c(O)c1,4.28,hunt_et_al.sdf.gz
CC(C)c1ccc(Br)c(=O)c(O)c1Br,4.44,hunt_et_al.sdf.gz
C1CC2CCC1CNC2,10.57,hunt_et_al.sdf.gz
CN1CC2CCC(CC2)C1,10.24,hunt_et_al.sdf.gz
C1CC[C@@H]2CNCC[C@H]2C1,11.32,hunt_et_al.sdf.gz
C1CC[C@H]2NCCC[C@H]2C1,11.29,hunt_et_al.sdf.gz
C[C@@H]1C[C@H](Cl)[C@@H]2CCCC[C@@H]2N1,9.67,hunt_et_al.sdf.gz
C[C@H]1C[C@H](O[N+](=O)[O-])[C@@H]2CCCC[C@H]2N1,9.36,hunt_et_al.sdf.gz
ClCCN(CCCl)c1cc(Cl)cc2c1OCOC2,6.9,hunt_et_al.sdf.gz
Nc1cccc(-c2cc(=O)c3c(ccc4ccccc43)o2)c1,3.23,hunt_et_al.sdf.gz
Nc1ccc(-c2cc(=O)c3c(ccc4ccccc43)o2)cc1,2.97,hunt_et_al.sdf.gz
c1ccc(CNc2ccccc2)cc1,4.04,hunt_et_al.sdf.gz
Nc1ccc(Cc2ccccc2)cc1,4.78,hunt_et_al.sdf.gz
CCN(CC)c1ccc(Br)cc1,5.81,hunt_et_al.sdf.gz
Cc1cc(N)ccc1Br,4.05,hunt_et_al.sdf.gz
Nc1cc([N+](=O)[O-])ccc1Br,0.52,hunt_et_al.sdf.gz
Nc1ccc(Br)c([N+](=O)[O-])c1,1.8,hunt_et_al.sdf.gz
CCCCOc1ccc(N)c([N+](=O)[O-])c1,0.74,hunt_et_al.sdf.gz
Nc1ccc(F)c(Cl)c1,3.66,hunt_et_al.sdf.gz
COc1ccc(Cl)cc1N,3.56,hunt_et_al.sdf.gz
Cc1cc(Cl)ccc1N,3.848,hunt_et_al.sdf.gz
CS(=O)(=O)c1ccc(N)cc1Cl,0.47,hunt_et_al.sdf.gz
Nc1cc([N+](=O)[O-])ccc1Cl,0.64,hunt_et_al.sdf.gz
N#Cc1cc(N)cc([N+](=O)[O-])c1,0.45,hunt_et_al.sdf.gz
Nc1ccc(C2CCC2)cc1,4.8,hunt_et_al.sdf.gz
Nc1ccc(C2CCCC2)cc1,5.1,hunt_et_al.sdf.gz
Nc1ccccc1C1CC1,4.3,hunt_et_al.sdf.gz
Nc1ccc(C2CC2)cc1,4.9,hunt_et_al.sdf.gz
Nc1cc(Br)ccc1Br,1.44,hunt_et_al.sdf.gz
CCCCOc1ccc(OCCCC)c(N)c1,3.96,hunt_et_al.sdf.gz
Nc1c(Cl)cccc1Cl,0.422,hunt_et_al.sdf.gz
Nc1cc(Cl)cc(Cl)c1,2.371,hunt_et_al.sdf.gz
CSc1cc(Cl)c(N)cc1Cl,1.7,hunt_et_al.sdf.gz
CSc1c(Cl)cc(N)cc1Cl,1.67,hunt_et_al.sdf.gz
CCOc1ccc(OCC)c(N)c1,3.94,hunt_et_al.sdf.gz
CCN(CC)c1ccc([N+](=O)[O-])cc1,1.75,hunt_et_al.sdf.gz
CSc1c(I)cc(N)cc1I,1.15,hunt_et_al.sdf.gz
Nc1cc([N+](=O)[O-])cc([N+](=O)[O-])c1,0.229,hunt_et_al.sdf.gz
CCOC(=O)c1cc(N)cc([N+](=O)[O-])c1,0.98,hunt_et_al.sdf.gz
CCC(CC)CN(CC[N+]1(C)CCCCC1)c1ccccc1,3.79,hunt_et_al.sdf.gz
Nc1ccc(F)c([N+](=O)[O-])c1,2.44,hunt_et_al.sdf.gz
CCCCCCCN(CC[N+]1(C)CCCCC1)c1ccccc1,3.21,hunt_et_al.sdf.gz
CCCCCCN(CC[N+]1(C)CCCCC1)c1ccccc1,3.13,hunt_et_al.sdf.gz
Nc1cc(I)cc([N+](=O)[O-])c1,1.44,hunt_et_al.sdf.gz
CC(C)CN(CC[N+]1(C)CCCCC1)c1ccccc1,3.02,hunt_et_al.sdf.gz
CC(C)CCN(CC[N+]1(C)CCCCC1)c1ccccc1,3.06,hunt_et_al.sdf.gz
CC(C)c1ccc(N)cc1,4.85,hunt_et_al.sdf.gz
CC(C)N(CC[N+]1(C)CCCCC1)c1ccccc1,3.26,hunt_et_al.sdf.gz
CC(C)Nc1ccc([N+](=O)[O-])cc1,1.32,hunt_et_al.sdf.gz
CC(C)S(=O)(=O)c1ccc(N)cc1,1.4,hunt_et_al.sdf.gz
CC(C)Sc1ccc(N)cc1,3.89,hunt_et_al.sdf.gz
COC(=O)c1ccc(N)cc1C,2.73,hunt_et_al.sdf.gz
COc1ccc([N+](=O)[O-])cc1N,2.49,hunt_et_al.sdf.gz
COc1ccc(N)c([N+](=O)[O-])c1,0.77,hunt_et_al.sdf.gz
COc1ccc(N)cc1[N+](=O)[O-],3.36,hunt_et_al.sdf.gz
COc1ccc(Sc2ccc(N)cc2)cc1,3.94,hunt_et_al.sdf.gz
CN(CC[N+]1(C)CCCCC1)c1ccccc1,2.61,hunt_et_al.sdf.gz
CNc1ccccc1SC,3.71,hunt_et_al.sdf.gz
CNc1ccc([N+](=O)[O-])cc1,0.55,hunt_et_al.sdf.gz
Cc1ccc([N+](=O)[O-])cc1N,2.345,hunt_et_al.sdf.gz
Cc1cc(N)cc([N+](=O)[O-])c1,2.38,hunt_et_al.sdf.gz
CCCCCCCCN(CC[N+]1(C)CCCCC1)c1ccccc1,3.32,hunt_et_al.sdf.gz
CCCCCN(CC[N+]1(C)CCCCC1)c1ccccc1,2.96,hunt_et_al.sdf.gz
CCC[C@@H](C)N(CC[N+]1(C)CCCCC1)c1ccccc1,3.42,hunt_et_al.sdf.gz
CCCN(CC[N+]1(C)CCCCC1)c1ccccc1,2.82,hunt_et_al.sdf.gz
CSc1ccccc1N,3.45,hunt_et_al.sdf.gz
CSc1ccc(N)cc1[N+](=O)[O-],2.47,hunt_et_al.sdf.gz
Nc1cc([N+](=O)[O-])cc(C(F)(F)F)c1,0.82,hunt_et_al.sdf.gz
Cc1cc(C)c(N(C)C)c(C)c1,4.84,hunt_et_al.sdf.gz
C=C(c1ccccc1)c1ccc(N)cc1,4.18,hunt_et_al.sdf.gz
Nc1ccccc1Sc1ccccc1,2.5,hunt_et_al.sdf.gz
Nc1cccc(OC(F)(F)C(F)F)c1,3.38,hunt_et_al.sdf.gz
Nc1ccc(OC(F)(F)C(F)F)cc1,3.98,hunt_et_al.sdf.gz
Nc1cccc(SC(F)(F)C(F)F)c1,3.39,hunt_et_al.sdf.gz
Nc1ccc(SC(F)(F)C(F)F)cc1,2.87,hunt_et_al.sdf.gz
CNc1c(C)cc(C)cc1C,5.47,hunt_et_al.sdf.gz
Nc1cc(Cl)c(Cl)cc1Cl,1.09,hunt_et_al.sdf.gz
Nc1cccc(OC(F)(F)F)c1,3.25,hunt_et_al.sdf.gz
Nc1ccccc1OC(F)(F)F,2.44,hunt_et_al.sdf.gz
Nc1ccc(OC(F)(F)F)cc1,3.82,hunt_et_al.sdf.gz
Nc1cccc(S(=O)(=O)C(F)(F)F)c1,1.79,hunt_et_al.sdf.gz
Nc1cccc(SC(F)(F)F)c1,3.3,hunt_et_al.sdf.gz
Nc1ccc(SC(F)(F)F)cc1,2.78,hunt_et_al.sdf.gz
CNc1ccc(C)cc1C,4.56,hunt_et_al.sdf.gz
O=C1C(O)=C(Oc2ccccc2)C(=O)C(O)=C1Oc1ccccc1,2.0,hunt_et_al.sdf.gz
C[C@@]12CC[C@H]3c4ccc(O)cc4CC[C@@H]3[C@@H]1CCC2=O,10.91,hunt_et_al.sdf.gz
CC(C)(C)c1cc(C(C)(C)C)c(O)c(C(C)(C)C)c1,12.19,hunt_et_al.sdf.gz
O=P(O)(Oc1ccc2ccccc2c1)Oc1ccc2ccccc2c1,0.74,hunt_et_al.sdf.gz
CC(=O)Oc1cccc(C(=O)O)c1,4.0,hunt_et_al.sdf.gz
CC(=O)c1ccccc1C(=O)O,4.13,hunt_et_al.sdf.gz
CC(=O)c1cccc(C(=O)O)c1,3.83,hunt_et_al.sdf.gz
CC(=O)c1ccc(C(=O)O)cc1,3.7,hunt_et_al.sdf.gz
C=CC[C@@H](C)C(=O)O,4.72,hunt_et_al.sdf.gz
CC[C@@H](N)C(=O)OC,7.64,hunt_et_al.sdf.gz
Cc1ccc(CN)cn1,8.7,hunt_et_al.sdf.gz
C1CCCNCCC1,11.1,hunt_et_al.sdf.gz
C/C=C/C(=O)O,4.44,hunt_et_al.sdf.gz
CCCC[P@@H](=O)O,3.41,hunt_et_al.sdf.gz
CC[C@H](Cl)C(=O)O,2.86,hunt_et_al.sdf.gz
C[C@@H](Cl)CC(=O)O,4.05,hunt_et_al.sdf.gz
O=C(O)CCCCl,4.5,hunt_et_al.sdf.gz
C/C=C(\Cl)C(=O)O,2.8,hunt_et_al.sdf.gz
O=C(O)[C@H](O)CCl,3.12,hunt_et_al.sdf.gz
C[C@H](Oc1ccc(Cl)cc1)C(=O)O,3.26,hunt_et_al.sdf.gz
Cc1c(N)cccc1Cl,2.49,hunt_et_al.sdf.gz
Cc1ccc(Cl)cc1N,3.85,hunt_et_al.sdf.gz
Cc1cccc(Cl)c1N,3.62,hunt_et_al.sdf.gz
O=C(O)C(Br)Br,1.39,hunt_et_al.sdf.gz
CC(Br)(Br)C(=O)O,1.48,hunt_et_al.sdf.gz
O=C(O)[C@@H](Br)CBr,2.33,hunt_et_al.sdf.gz
O=C(O)CC(=O)C(Cl)Cl,2.11,hunt_et_al.sdf.gz
O=C(O)[C@@H](Cl)CCl,2.85,hunt_et_al.sdf.gz
C1CCC(NC2CCCCC2)CC1,11.25,hunt_et_al.sdf.gz
CCOCCNCCOCC,8.47,hunt_et_al.sdf.gz
CCN(CC)CCOC(=O)c1ccccc1,8.85,hunt_et_al.sdf.gz
Cc1c(O)cccc1O,10.05,hunt_et_al.sdf.gz
O=C(O)C(CO)(CO)CO,4.46,hunt_et_al.sdf.gz
COCCNCCOC,9.51,hunt_et_al.sdf.gz
COc1cc(O)cc(OC)c1,9.345,hunt_et_al.sdf.gz
O=CC(=O)O,3.18,hunt_et_al.sdf.gz
CCOC(=O)CCN,9.1,hunt_et_al.sdf.gz
CC[P@@H](=O)O,3.29,hunt_et_al.sdf.gz
CCN1CCCC1,10.43,hunt_et_al.sdf.gz
CCN1C[C@@H](C)C[C@@H](O)[C@@H]1[C@H](C)c1ccc2c(c1C)C[C@@H]1[C@H]2CC=C2C[C@H](O)CC[C@@]21C,7.4,hunt_et_al.sdf.gz
C[Si](C)(C)N[Si](C)(C)C,7.55,hunt_et_al.sdf.gz
CCCCCC(=O)O,4.849,hunt_et_al.sdf.gz
CC/C=C(/CC)C(=O)O,4.58,hunt_et_al.sdf.gz
COc1cc(C(=O)O)ccc1O,4.355,hunt_et_al.sdf.gz
O=C(O)Cc1ccccc1CO,4.12,hunt_et_al.sdf.gz
Cc1cccc(C(=O)O)c1O,2.99,hunt_et_al.sdf.gz
Cc1ccc(C(=O)O)c(O)c1,3.17,hunt_et_al.sdf.gz
Cc1ccc(O)c(C(=O)O)c1,4.08,hunt_et_al.sdf.gz
Cc1cccc(O)c1C(=O)O,3.32,hunt_et_al.sdf.gz
O=C(O)c1c(O)ccc2ccccc12,3.29,hunt_et_al.sdf.gz
O=C(O)c1cccc([N+](=O)[O-])c1O,1.87,hunt_et_al.sdf.gz
O=C(O)c1c(O)cccc1[N+](=O)[O-],2.24,hunt_et_al.sdf.gz
Oc1ccc(C(F)(F)F)cc1,8.675,hunt_et_al.sdf.gz
CC(C)(C)CC(=O)O,4.79,hunt_et_al.sdf.gz
CC(C)[P@@H](=O)O,3.56,hunt_et_al.sdf.gz
CCOC(=O)[C@@H](N)CC(C)C,7.57,hunt_et_al.sdf.gz
COCC(=O)O,3.57,hunt_et_al.sdf.gz
COC(=O)CN,7.66,hunt_et_al.sdf.gz
Cc1c(C(=O)O)cc([N+](=O)[O-])cc1[N+](=O)[O-],2.97,hunt_et_al.sdf.gz
CC1CCNCC1,11.23,hunt_et_al.sdf.gz
C[C@@H](C(=O)O)[N+](=O)[O-],3.79,hunt_et_al.sdf.gz
O=C(O)[C@H](CO)c1ccccc1,3.53,hunt_et_al.sdf.gz
O=C(O)[C@H]1CCCNC1,3.35,hunt_et_al.sdf.gz
O=C(O)[C@H]1CCCN1,1.99,hunt_et_al.sdf.gz
C[C@H]1CN1,8.18,hunt_et_al.sdf.gz
O=C(O)n1cccc1,4.45,hunt_et_al.sdf.gz
O=C(O)c1c(Br)cc(Br)cc1Br,1.41,hunt_et_al.sdf.gz
O=C(O)CC(Cl)(Cl)Cl,0.52,hunt_et_al.sdf.gz
O=C(O)[C@H](O)C(Cl)(Cl)Cl,2.34,hunt_et_al.sdf.gz
Cc1ccc(O)c(C)c1C,10.59,hunt_et_al.sdf.gz
Cc1cc(O)cc(C)c1C,10.25,hunt_et_al.sdf.gz
O=[N+]([O-])c1ccc(O)cc1[N+](=O)[O-],5.42,hunt_et_al.sdf.gz
O=C(O)COc1ccc([N+](=O)[O-])cc1,2.893,hunt_et_al.sdf.gz
CNCCc1ccc(O)cc1,9.36,hunt_et_al.sdf.gz
CC(C)c1ccccc1C(=O)O,3.63,hunt_et_al.sdf.gz
O=C(O)CCCC[C@@H]1CCSS1,5.4,hunt_et_al.sdf.gz
O=C(O)CCc1ccc(Cl)cc1,4.61,hunt_et_al.sdf.gz
CCN(CC)CCO,9.87,hunt_et_al.sdf.gz
N#Cc1ccc(OCC(=O)O)cc1,2.93,hunt_et_al.sdf.gz
NCCCCO,10.35,hunt_et_al.sdf.gz
O=C(O)COc1cccc([N+](=O)[O-])c1,2.95,hunt_et_al.sdf.gz
CC(C)(O)C(=O)O,4.04,hunt_et_al.sdf.gz
COc1cccc(CN)c1O,10.52,hunt_et_al.sdf.gz
C[C@@H]1CCC[C@H](C)N1C,10.15,hunt_et_al.sdf.gz
C[C@@H](O)CN(C)CCO,8.7,hunt_et_al.sdf.gz
O=C(O)COc1cccc(Br)c1,3.095,hunt_et_al.sdf.gz
CCOP(=O)(OCC)c1cccc(C(=O)O)c1,3.65,hunt_et_al.sdf.gz
CN1[C@@H]2CC[C@H]1CC(O)C2,10.06,hunt_et_al.sdf.gz
Oc1cnc2ncccc2n1,7.88,hunt_et_al.sdf.gz
NCCc1ccc(O)cc1,10.9,hunt_et_al.sdf.gz
CC[C@@](C)(CN(C)C)OC(=O)c1ccccc1,8.09,hunt_et_al.sdf.gz
Cc1cc([N+](=O)[O-])cc(C)c1O,7.19,hunt_et_al.sdf.gz
CC(C)c1cccc(=O)c(O)c1,7.21,hunt_et_al.sdf.gz
C[N+](C)(C)c1ccc(O)cc1,8.35,hunt_et_al.sdf.gz
COC(=O)[C@](C)(CC(=O)O)c1ccc([N+](=O)[O-])cc1,4.07,hunt_et_al.sdf.gz
Oc1ccncc1,11.12,hunt_et_al.sdf.gz
Cc1ccc(CC(=O)O)cc1,4.37,hunt_et_al.sdf.gz
O=C(O)c1ccc2cccccc1-2,5.5,hunt_et_al.sdf.gz
CCc1cccc(O)c1,9.9,hunt_et_al.sdf.gz
Nc1ncc2nccnc2n1,4.26,hunt_et_al.sdf.gz
CC(C)NC[C@H](O)c1cccc(F)c1,9.48,hunt_et_al.sdf.gz
CC[C@@H](C)CC(=O)O,4.766,hunt_et_al.sdf.gz
C[C@H](CC(C#N)(c1ccccc1)c1ccccc1)N1CCCCC1,7.68,hunt_et_al.sdf.gz
O=C(O)[C@H](O)c1ccccc1,3.19,hunt_et_al.sdf.gz
CC[C@@H](N)CO,9.52,hunt_et_al.sdf.gz
O=C(O)CI,3.18,hunt_et_al.sdf.gz
C=CCN(C[C@@H](C)O)C[C@@H](C)O,8.2,hunt_et_al.sdf.gz
CC(=O)CCC(=O)O,4.64,hunt_et_al.sdf.gz
C=C[C@@H](Cl)C(=O)O,2.54,hunt_et_al.sdf.gz
C[C@H](O)C(=O)O,3.861,hunt_et_al.sdf.gz
O=[N+]([O-])c1cc(Cl)cc([N+](=O)[O-])c1O,2.97,hunt_et_al.sdf.gz
CCN(CCO)C[C@@H](C)O,8.9,hunt_et_al.sdf.gz
CC(=O)C(=O)O,2.49,hunt_et_al.sdf.gz
Cc1ccc(CCC(=O)O)cc1,4.68,hunt_et_al.sdf.gz
CC#CC(=O)O,2.65,hunt_et_al.sdf.gz
CC(=O)OCCCCN(C)C,9.4,hunt_et_al.sdf.gz
O=C(O)Cc1ccc(F)cc1,4.25,hunt_et_al.sdf.gz
O=C(O)/C=C/Cl,3.79,hunt_et_al.sdf.gz
CNCCCc1ccccc1,10.43,hunt_et_al.sdf.gz
N#CCC(=O)O,2.45,hunt_et_al.sdf.gz
C[S@](=O)O,1.65,hunt_et_al.sdf.gz
CN[C@H](C)Cc1ccccc1,9.99,hunt_et_al.sdf.gz
Cc1ccc2cccc(O)c2n1,10.31,hunt_et_al.sdf.gz
NCC(Cl)(Cl)CCl,6.0,hunt_et_al.sdf.gz
NC1CCCC1,10.65,hunt_et_al.sdf.gz
CCCCC(=O)O,4.85,hunt_et_al.sdf.gz
COc1ccc(CC(=O)O)cc1,4.36,hunt_et_al.sdf.gz
O=[S@](O)Cc1ccccc1,1.45,hunt_et_al.sdf.gz
CC[C@@H](C)N[C@H](C)CC,10.91,hunt_et_al.sdf.gz
CCOP(=O)(CCCN(CC)CC)OCC,9.35,hunt_et_al.sdf.gz
O=C(O)CC(=O)O,2.85,hunt_et_al.sdf.gz
O=C(O)/C=C/c1ccccc1Br,4.33,hunt_et_al.sdf.gz
CCC[C@H](C)C(=O)O,4.782,hunt_et_al.sdf.gz
CN(C)C(C)(C)C,10.29,hunt_et_al.sdf.gz
O=C(O)Cc1cccc2ccccc12,4.23,hunt_et_al.sdf.gz
CC(C)(C)c1cccc(C(=O)O)c1,4.204,hunt_et_al.sdf.gz
O=C(O)c1ccc([N+](=O)[O-])cc1Cl,1.96,hunt_et_al.sdf.gz
Cc1cc2ccccc2c(C(=O)O)c1C,3.28,hunt_et_al.sdf.gz
Cc1cccc(CN)c1,9.45,hunt_et_al.sdf.gz
CNCc1ccccc1,9.59,hunt_et_al.sdf.gz
CCOP(=O)(OCC)c1ccc(C(=O)O)cc1,3.6,hunt_et_al.sdf.gz
CN1[C@@H]2CC[C@H]1CC(OC(=O)[C@H](CO)c1ccccc1)C2,9.84,hunt_et_al.sdf.gz
C[C@H](N)c1ccccc1,9.35,hunt_et_al.sdf.gz
Nc1ccc(S(=O)(=O)c2ccc(Cl)cc2)cc1,1.38,hunt_et_al.sdf.gz
O=C(O)Cc1c[nH]c2ccccc12,4.75,hunt_et_al.sdf.gz
O=C(O)[C@H]1CCCC[C@@H]1O,4.34,hunt_et_al.sdf.gz
NC[C@H](O)c1ccccc1,8.79,hunt_et_al.sdf.gz
CC(=O)O[C@H](C)CN(C)C,8.32,hunt_et_al.sdf.gz
O=C(O)Cc1ccc2ccccc2c1,4.3,hunt_et_al.sdf.gz
O=C(O)CCc1ccc([N+](=O)[O-])cc1,4.54,hunt_et_al.sdf.gz
Cc1cc(C#N)cc(C)c1O,8.27,hunt_et_al.sdf.gz
Cc1cc(Cl)ccc1OCC(=O)O,3.28,hunt_et_al.sdf.gz
COc1cc(CN)ccc1O,8.94,hunt_et_al.sdf.gz
Nc1ccc([C@@]23CCCC[C@@H]2C3)cc1,4.78,hunt_et_al.sdf.gz
CNc1nc(C)c(Br)c(C)n1,3.52,hunt_et_al.sdf.gz
Cc1cc([N+](=O)[O-])ccc1C(=O)O,2.95,hunt_et_al.sdf.gz
O=C(O)Cc1ccc([N+](=O)[O-])cc1,3.85,hunt_et_al.sdf.gz
CNC[C@H](O)c1ccc(O)cc1,9.6,hunt_et_al.sdf.gz
COC(=O)[C@@H]1[C@@H](OC(=O)c2ccccc2)C[C@@H]2CC[C@H]1N2C,8.7,hunt_et_al.sdf.gz
Cc1ccc2ccccc2c1C(=O)O,3.107,hunt_et_al.sdf.gz
O=C(O)CCl,2.87,hunt_et_al.sdf.gz
O=C(O)C(Cl)Cl,1.26,hunt_et_al.sdf.gz
O=C(O)C(Cl)(Cl)Cl,0.51,hunt_et_al.sdf.gz
O=C(O)CCCl,3.99,hunt_et_al.sdf.gz
O=C(O)CCI,4.09,hunt_et_al.sdf.gz
C/C=C/C=C/C(=O)O,4.5,hunt_et_al.sdf.gz
COC(=O)c1ccccc1S(=O)(=O)NC(=O)Nc1nc(C)cc(C)n1,5.2,hunt_et_al.sdf.gz
COC(=O)c1sccc1S(=O)(=O)NC(=O)Nc1nc(C)nc(OC)n1,4.0,hunt_et_al.sdf.gz
O=C(O)CS,10.4,hunt_et_al.sdf.gz
COc1nc(C)nc(NC(=O)NS(=O)(=O)c2ccccc2OCCCl)n1,4.64,hunt_et_al.sdf.gz
COC(=O)c1ccccc1S(=O)(=O)NC(=O)N(C)c1nc(C)nc(OC)n1,4.7,hunt_et_al.sdf.gz
O=C(O)COc1nc(Cl)c(Cl)cc1Cl,3.97,hunt_et_al.sdf.gz
COC(=O)c1cccc(C)c1S(=O)(=O)NC(=O)Nc1nc(OCC(F)(F)F)nc(N(C)C)n1,4.4,hunt_et_al.sdf.gz
CC(=O)c1ccc(S)cc1,5.33,hunt_et_al.sdf.gz
OC[C@@H](O)[C@@H](O)[C@H](O)[C@@H](O)CS,9.35,hunt_et_al.sdf.gz
OCC(F)F,13.11,hunt_et_al.sdf.gz
CS(=O)(=O)CCS,7.9,hunt_et_al.sdf.gz
Sc1cccc(Cl)c1,5.78,hunt_et_al.sdf.gz
COc1cccc(S)c1,6.39,hunt_et_al.sdf.gz
Cc1cccc(S)c1,6.66,hunt_et_al.sdf.gz
Sc1ccc(Br)cc1,6.02,hunt_et_al.sdf.gz
CCCc1ccc(O)cc1,10.34,hunt_et_al.sdf.gz
COC(=O)c1ccccc1CS(=O)(=O)NC(=O)Nc1nc(OC)cc(OC)n1,5.2,hunt_et_al.sdf.gz
CC(C)N1C(=O)c2ccccc2NS1(=O)=O,3.3,hunt_et_al.sdf.gz
Cc1ccc(-n2nc(C(C)(C)C)cc2NC(=O)Nc2ccc(OCCN3CCOCC3)c3ccccc23)cc1,6.41,hunt_et_al.sdf.gz
Cc1cc(CN(CC(=O)Nc2ccc(Cl)cc2Cl)C2CCCCC2)ccc1OCC(=O)O,6.7,hunt_et_al.sdf.gz
CCCCN1CCCC[C@@H]1C(=O)Nc1c(C)cccc1C,8.16,hunt_et_al.sdf.gz
COc1ccc(OC)c([C@@H](O)CNC(=O)CN)c1,7.59,hunt_et_al.sdf.gz
CCN(CC)CC#CCOC(=O)[C@](O)(c1ccccc1)C1CCCCC1,7.5,hunt_et_al.sdf.gz
COc1cccc([C@@]2(O)CCCC[C@@H]2CN(C)C)c1,8.3,hunt_et_al.sdf.gz
CC(=O)NC[C@H]1CN(c2ccc(N3CCOCC3)c(F)c2)C(=O)O1,6.81,hunt_et_al.sdf.gz
Cc1ncc([N+](=O)[O-])n1CCO,2.51,hunt_et_al.sdf.gz
CCOC(=O)C1=C(COCCN)NC(C)=C(C(=O)OC)[C@@H]1c1ccccc1Cl,8.6,hunt_et_al.sdf.gz
Cc1cc(CN2Cc3ccccc3[C@@H]2C(=O)Nc2ccc(Cl)cc2Cl)ccc1OCC(=O)O,5.6,hunt_et_al.sdf.gz
O=C(O)/C=C(/c1ccccc1)C(F)(F)F,2.41,hunt_et_al.sdf.gz
CCC(CC)NC(=O)c1nnn(-c2ccccc2)c1NS(=O)(=O)c1ccc(C)cc1,3.3,hunt_et_al.sdf.gz
CCC(CC)n1nc(C)c(C(=O)N[C@@H](C)C(C)(C)C)c1NS(=O)(=O)c1ccc(C)cc1,4.6,hunt_et_al.sdf.gz
Cc1nn(C2CCOCC2)c(NS(=O)(=O)c2ccc(C3CC3)cc2)c1C(=O)N[C@@H](C)C(C)(C)C,5.0,hunt_et_al.sdf.gz
O=C(c1ccc(-c2nn[nH]n2)cc1)N1CCC(N2CCC(Oc3ccc(Cl)c(Cl)c3)CC2)CC1,3.6,hunt_et_al.sdf.gz
O=C(NS(=O)(=O)c1ccccc1)N1CCC(N2CCC(Oc3ccc(Cl)c(Cl)c3)CC2)CC1,8.1,hunt_et_al.sdf.gz
CC(C)N1CCN(Cc2cnc(-c3cc(-c4cccc5[nH]ccc45)cc4[nH]ncc34)o2)CC1,8.26,hunt_et_al.sdf.gz
NC1=Nc2cccc3cccc(c23)N1,7.6,hunt_et_al.sdf.gz
NC[C@@H]1Cc2c1ccc(O)c2O,8.5,hunt_et_al.sdf.gz
c1ccc(CSc2nc3ccccc3o2)nc1,4.3,hunt_et_al.sdf.gz
NC1=N[C@H](c2ccco2)Nc2ccccc21,9.13,hunt_et_al.sdf.gz
Cc1n[nH]c(C)c1Cc1sc2c(c1C(=O)N1C[C@H](O)CO1)c(=O)n(C)c(=O)n2CC(C)C,3.4,hunt_et_al.sdf.gz
O=C(NCC12CC3CC(CC(C3)C1)C2)c1ccnc(N2CCNCC2)c1Cl,8.7,hunt_et_al.sdf.gz
Cc1ccnc(N)c1N,7.2,hunt_et_al.sdf.gz
c1ccc2c(CC3=NCCN3)cccc2c1,10.3,hunt_et_al.sdf.gz
COC(=O)CCc1ccc(OC[C@H](O)CNC(C)C)cc1,9.5,hunt_et_al.sdf.gz
O=C(CCl)NO,8.4,hunt_et_al.sdf.gz
C[C@H](CCC(=O)O)[C@H]1CC[C@H]2[C@@H]3[C@H](O)C[C@@H]4C[C@H](O)CC[C@]4(C)[C@H]3C[C@H](O)[C@]12C,4.98,hunt_et_al.sdf.gz
N[C@H]1CCN(c2c(F)cc3c(=O)c(C(=O)O)cn(C4CC4)c3c2Cl)C1,9.1,hunt_et_al.sdf.gz
O=C(O)c1nc(Cl)ccc1Cl,2.32,hunt_et_al.sdf.gz
C/C(=N\NC(=O)Nc1cc(F)cc(F)c1)c1ncccc1C(=O)O,3.18,hunt_et_al.sdf.gz
CC[C@H](C)c1cc([N+](=O)[O-])cc([N+](=O)[O-])c1O,4.62,hunt_et_al.sdf.gz
CCOc1nc(NC)nc(NC(=O)NS(=O)(=O)c2ccccc2C(=O)OC)n1,4.2,hunt_et_al.sdf.gz
COC(=O)c1ccc(C(F)(F)F)nc1S(=O)(=O)NC(=O)Nc1nc(OC)cc(OC)n1,4.9,hunt_et_al.sdf.gz
C/C=C\c1ccc(O)c(OC)c1,9.88,hunt_et_al.sdf.gz
CCCCNC,10.9,hunt_et_al.sdf.gz
O=C(O)c1c(Cl)ccc2cc(Cl)cnc12,4.34,hunt_et_al.sdf.gz
Cc1cnc2c(C(=O)O)c(Cl)ccc2c1,3.96,hunt_et_al.sdf.gz
Oc1cc(Cl)ccc1Cl,7.51,hunt_et_al.sdf.gz
Oc1c(Cl)cc(Br)cc1Cl,6.21,hunt_et_al.sdf.gz
O=C(O)c1cc(Cl)cc(Cl)c1,3.54,hunt_et_al.sdf.gz
Cc1ccc([N+](=O)[O-])c(O)c1,7.25,hunt_et_al.sdf.gz
O=C(O)C(=O)O,1.27,hunt_et_al.sdf.gz
Cc1cc(O)cc(C)c1Cl,9.7,hunt_et_al.sdf.gz
NC1CCC(C(=O)O)CC1,10.5,hunt_et_al.sdf.gz
CC(C)C(=O)O,4.84,hunt_et_al.sdf.gz
O=C(O)CCCCc1ccccc1,4.56,hunt_et_al.sdf.gz
C[N+](C)(C)c1cccc(CC(=O)O)c1,3.66,hunt_et_al.sdf.gz
COc1cc2ccccc2cc1C(=O)O,3.8,hunt_et_al.sdf.gz
COC(=O)C[C@@](C)(C(=O)O)c1ccccc1,4.15,hunt_et_al.sdf.gz
CCCCc1ccc([C@@H](O)C(=O)O)cc1,3.58,hunt_et_al.sdf.gz
CCCc1ccc(O)c(CCC)c1,10.91,hunt_et_al.sdf.gz
C[N+](C)(C)c1cccc(CCC(=O)O)c1,4.17,hunt_et_al.sdf.gz
C[N+](C)(C)c1ccc(CCC(=O)O)cc1,4.22,hunt_et_al.sdf.gz
COC(=O)[C@@](C)(CC(=O)O)Cc1ccc([N+](=O)[O-])cc1,4.45,hunt_et_al.sdf.gz
Oc1c(/N=N/c2nccs2)ccc2ccccc12,9.1,hunt_et_al.sdf.gz
CC(C)(C)c1ccc(O)c(C(C)(C)C)c1,11.72,hunt_et_al.sdf.gz
CC(C)(C)c1cccc(C(C)(C)C)c1O,11.7,hunt_et_al.sdf.gz
Oc1c(/N=N/c2ccccn2)ccc2ccccc12,7.9,hunt_et_al.sdf.gz
O=C(c1cc([N+](=O)[O-])cc(C(F)(F)F)c1)N(O)c1ccccc1,7.85,hunt_et_al.sdf.gz
O=C(c1ccccc1C(F)(F)F)N(O)c1ccccc1,7.88,hunt_et_al.sdf.gz
Oc1ccc2ccccc2c1/N=N/c1ccccn1,11.2,hunt_et_al.sdf.gz
CC(=O)c1cc(C(C)(C)C)c(O)c(C(C)(C)C)c1,8.68,hunt_et_al.sdf.gz
CC1(C)S[C@H]2[C@H](NC(=O)Cc3ccccc3)C(=O)N2[C@@H]1C(=O)O,2.72,hunt_et_al.sdf.gz
[H]/N=C(/C)N,12.4,hunt_et_al.sdf.gz
CCO[Si](C)(CN)OCC,9.2,hunt_et_al.sdf.gz
CC(C)(O)CN,9.25,hunt_et_al.sdf.gz
CC(C)(N)CO,9.71,hunt_et_al.sdf.gz
C[Si](C)(C)CCCN,10.73,hunt_et_al.sdf.gz
CC(C)N(CCCl)CCCl,6.98,hunt_et_al.sdf.gz
N#Cc1ccc(C(=O)O)cc1,3.55,hunt_et_al.sdf.gz
O=C(O)c1cccc([N+](=O)[O-])c1[N+](=O)[O-],1.85,hunt_et_al.sdf.gz
CC(C)N(CCO)C(C)C,10.08,hunt_et_al.sdf.gz
CC(C)CNCC(C)C,10.91,hunt_et_al.sdf.gz
CC(C)NC[Si](C)(C)C,10.8,hunt_et_al.sdf.gz
CCCCN(CCCC)CCCC,9.93,hunt_et_al.sdf.gz
CCC(=O)C(C[C@H](C)N(C)C)(c1ccccc1)c1ccccc1,8.94,hunt_et_al.sdf.gz
C[C@@H](C=C(c1ccccc1)c1ccccc1)N(C)C,9.21,hunt_et_al.sdf.gz
CCCCCCCCCCN(C[C@@H](C)O)C[C@@H](C)O,7.6,hunt_et_al.sdf.gz
CCCOc1ccccc1C(=O)O,4.24,hunt_et_al.sdf.gz
CNC1CCCC1,10.85,hunt_et_al.sdf.gz
NCC1CCCCC1,10.49,hunt_et_al.sdf.gz
CC1(N)CCCCC1,10.36,hunt_et_al.sdf.gz
C[C@@H]1CCCC[C@@H]1N,10.5,hunt_et_al.sdf.gz
CNC1CCCCC1,11.04,hunt_et_al.sdf.gz
CCCCOc1cccc(C(=O)O)c1,4.25,hunt_et_al.sdf.gz
O=C(O)c1cccc(Oc2ccccc2)c1,3.95,hunt_et_al.sdf.gz
Clc1ccc(/C=N/c2ccccc2)cc1,2.8,hunt_et_al.sdf.gz
COc1cc(N)cc(Cl)c1,3.1,hunt_et_al.sdf.gz
Nc1ccc(Cl)cc1Cl,2.0,hunt_et_al.sdf.gz
O=C(O)c1cccc(Br)c1CO,3.28,hunt_et_al.sdf.gz
Cc1c(N)ccc([N+](=O)[O-])c1C,1.96,hunt_et_al.sdf.gz
CCOC(=O)c1ccccc1N(C)C,5.48,hunt_et_al.sdf.gz
CCc1cccc(N)c1,4.7,hunt_et_al.sdf.gz
O=C(O)c1cccc(I)c1CO,3.18,hunt_et_al.sdf.gz
Cc1cc(N)ccc1[N+](=O)[O-],1.5,hunt_et_al.sdf.gz
C[C@@H](N)CCCc1ccccc1,9.99,hunt_et_al.sdf.gz
NCCCCCc1ccccc1,10.44,hunt_et_al.sdf.gz
C[C@@H](N)CCCc1ccc(O)cc1,9.4,hunt_et_al.sdf.gz
C[C@@H](N)Cc1ccccc1,9.94,hunt_et_al.sdf.gz
NCCCc1ccccc1,10.16,hunt_et_al.sdf.gz
C[C@@H](N)Cc1ccc2c(c1)OCO2,9.67,hunt_et_al.sdf.gz
CC(C)(C)c1ccc(CC(=O)O)cc1,4.42,hunt_et_al.sdf.gz
C[C@H]([C@@H](O)c1ccccc1)N(C)C,9.2,hunt_et_al.sdf.gz
Cc1ccccc1CCC(=O)O,4.66,hunt_et_al.sdf.gz
[H]/N=C(\c1ccccc1)c1ccccc1OC,7.29,hunt_et_al.sdf.gz
Cc1cccc(CCC(=O)O)c1,4.68,hunt_et_al.sdf.gz
CNCCc1ccccc1,10.08,hunt_et_al.sdf.gz
CN(Cc1ccccc1)CC(c1ccccc1)c1ccccc1,7.5,hunt_et_al.sdf.gz
CCNCc1ccccc1,9.64,hunt_et_al.sdf.gz
Cc1ccccc1CN,9.19,hunt_et_al.sdf.gz
NCc1cccc(S(N)(=O)=O)c1,8.55,hunt_et_al.sdf.gz
Cc1cccc(/C=C/C(=O)O)c1,4.44,hunt_et_al.sdf.gz
Cc1cc(C)cc(N[C@H]2CCc3ccccc32)c1,1.3,hunt_et_al.sdf.gz
Nc1cc(Br)c2ccccc2c1,3.4,hunt_et_al.sdf.gz
Nc1cccc2c(Cl)cccc12,3.34,hunt_et_al.sdf.gz
N#Cc1cc(N)c2ccccc2c1,2.26,hunt_et_al.sdf.gz
COc1ccc2ccc(N)cc2c1,4.19,hunt_et_al.sdf.gz
Cc1cc(N)c2ccccc2c1,3.96,hunt_et_al.sdf.gz
Nc1cc([N+](=O)[O-])cc2ccccc12,2.07,hunt_et_al.sdf.gz
Nc1ccc2ccc([N+](=O)[O-])cc2c1,3.1,hunt_et_al.sdf.gz
O=C(O)[C@@H](Br)c1ccccc1,2.21,hunt_et_al.sdf.gz
CN1CCC1,10.4,hunt_et_al.sdf.gz
CCCCN1CC1,7.86,hunt_et_al.sdf.gz
CC[C@H]1CN1,8.31,hunt_et_al.sdf.gz
CN1CCCC(=O)CCC1,8.75,hunt_et_al.sdf.gz
CC(C)(C#N)N1CCCCC1,9.22,hunt_et_al.sdf.gz
O=C(CCN1CCCCC1)C(c1ccccc1)c1ccccc1,9.45,hunt_et_al.sdf.gz
c1ccc(C(CCN2CCCCC2)c2ccccc2)cc1,8.91,hunt_et_al.sdf.gz
CCC(=O)C(CCN1CCCCC1)(c1ccccc1)c1ccccc1,8.81,hunt_et_al.sdf.gz
CCC(=O)C(C[C@H](C)N1CCCCC1)(c1ccccc1)c1ccccc1,8.53,hunt_et_al.sdf.gz
CCCN1CCCCC1,10.5,hunt_et_al.sdf.gz
c1cncc([C@H]2CCCCN2)c1,11.0,hunt_et_al.sdf.gz
C[C@H]1CCNC(C)(C)C1,11.04,hunt_et_al.sdf.gz
C[C@H]1CCCC(C)(C)N1,11.21,hunt_et_al.sdf.gz
O=C(O)CCc1ccccc1Cl,4.58,hunt_et_al.sdf.gz
CN(C)CC[C@@H](c1ccc(Cl)cc1)c1ccccn1,9.26,hunt_et_al.sdf.gz
Nc1ccc(N)nc1,6.48,hunt_et_al.sdf.gz
O=C(O)/C=C/c1ccc(Cl)cc1,4.41,hunt_et_al.sdf.gz
CN(C)CCc1cccnc1,8.86,hunt_et_al.sdf.gz
O=C(O)Cc1ccc([N+](=O)[O-])cc1[N+](=O)[O-],3.502,hunt_et_al.sdf.gz
c1cncc(CCN2CCCCC2)c1,8.81,hunt_et_al.sdf.gz
CC1=CCCCN1C,11.38,hunt_et_al.sdf.gz
O=C(O)c1ccc[n+]([O-])c1,2.79,hunt_et_al.sdf.gz
COc1ccccc1CCC(=O)O,4.804,hunt_et_al.sdf.gz
COc1cccc(CCC(=O)O)c1,4.65,hunt_et_al.sdf.gz
CCCC[C@@H]1CCCN1C,10.2,hunt_et_al.sdf.gz
CCN1CCC[C@H]1C,10.56,hunt_et_al.sdf.gz
Cc1ccc([C@@H]2CCCN2)cc1,9.95,hunt_et_al.sdf.gz
O=C(O)CSCCc1ccccc1,3.79,hunt_et_al.sdf.gz
NC[C@H]1C=CCS1,8.92,hunt_et_al.sdf.gz
O=C(O)[C@H](O)c1cccc(Cl)c1,3.24,hunt_et_al.sdf.gz
c1ccc(C(CCN2CCOCC2)c2ccccc2)cc1,7.2,hunt_et_al.sdf.gz
Oc1cnccn1,8.25,hunt_et_al.sdf.gz
O=C(O)CCC(=O)c1cccc2ccccc12,4.48,hunt_et_al.sdf.gz
CCc1cnc(NC)nc1,4.29,hunt_et_al.sdf.gz
Cc1ccnc(O)n1,9.9,hunt_et_al.sdf.gz
Oc1cccc2cnccc12,8.47,hunt_et_al.sdf.gz
Oc1cnc2ccccc2c1,8.08,hunt_et_al.sdf.gz
Cc1cnc2c(O)cccc2c1,9.75,hunt_et_al.sdf.gz
Oc1c(C(F)(F)F)ccc2cccnc12,9.08,hunt_et_al.sdf.gz
Oc1nncc2ccccc12,11.99,hunt_et_al.sdf.gz
Oc1ccc2cncnc2c1,7.39,hunt_et_al.sdf.gz
O=C1c2ccccc2C(=O)c2c1cccc2S(=O)(=O)O,0.268,hunt_et_al.sdf.gz
CCO[P@@](C)(=O)OCCN(C)C,8.14,hunt_et_al.sdf.gz
N[C@@H]1C[C@H]1c1ccc(Cl)cc1,8.11,hunt_et_al.sdf.gz
COc1ccc([C@@H]2C[C@H]2N)cc1,8.32,hunt_et_al.sdf.gz
Nc1cc2c3c(cccc3c1)CC2,4.5,hunt_et_al.sdf.gz
Nc1ccc(/C=C/c2ccccc2)cc1,4.18,hunt_et_al.sdf.gz
CN(C)CCCO,9.3,hunt_et_al.sdf.gz
C#CC(C)(C)NC(C)(C)C=C,8.2,hunt_et_al.sdf.gz
NCC(Cl)=C(Cl)Cl,7.28,hunt_et_al.sdf.gz
CC1=C(C)C(C)(C)N(C)C1(C)C,10.8,hunt_et_al.sdf.gz
CC1=C(C)C(C)(C)NC1(C)C,10.5,hunt_et_al.sdf.gz
CC(=O)SCCN(C)C,8.27,hunt_et_al.sdf.gz
NCC(Cl)Cl,7.25,hunt_et_al.sdf.gz
CC(C)c1ccc([C@H](C)N)cc1,9.42,hunt_et_al.sdf.gz
CCCc1ccc([C@H](C)N)cc1,9.45,hunt_et_al.sdf.gz
COc1ccc([C@@H](O)CN)cc1OC,9.18,hunt_et_al.sdf.gz
CCCCNC[C@H](O)c1ccc(O)cc1,9.034,hunt_et_al.sdf.gz
CCOC(=O)c1ccc([C@@H](O)CNC(C)C)cc1,9.43,hunt_et_al.sdf.gz
CC(C)NC[C@H](O)c1ccccc1F,9.41,hunt_et_al.sdf.gz
CC(C)NC[C@H](O)c1cccc(I)c1,9.36,hunt_et_al.sdf.gz
CC(C)NC[C@H](O)c1ccc(C(F)(F)F)cc1,9.34,hunt_et_al.sdf.gz
CNC[C@H](O)c1ccc(OC)c(OC)c1,9.51,hunt_et_al.sdf.gz
c1ccc(CNCc2ccccc2)cc1,8.52,hunt_et_al.sdf.gz
CCOc1ccc(CN(CCO)CCO)cc1,7.6,hunt_et_al.sdf.gz
NCc1cccc([N+](=O)[O-])c1,8.65,hunt_et_al.sdf.gz
COc1ccnc(N)c1,7.62,hunt_et_al.sdf.gz
Cc1nc(C(=O)O)c(C)o1,4.17,hunt_et_al.sdf.gz
Cc1nc(C(=O)O)co1,3.59,hunt_et_al.sdf.gz
Cc1ncoc1C(=O)O,2.88,hunt_et_al.sdf.gz
C=CCc1c(C)nc(O)nc1C,10.74,hunt_et_al.sdf.gz
Cc1nc(N)ncc1Br,2.61,hunt_et_al.sdf.gz
Nc1ncc(-c2ccc(F)cc2)cn1,3.25,hunt_et_al.sdf.gz
CSc1ncnc(O)c1C,9.12,hunt_et_al.sdf.gz
Cc1ccc(-c2cnc(O)nc2)cc1,8.74,hunt_et_al.sdf.gz
CCC1=NC[C@H](C)S1,5.231,hunt_et_al.sdf.gz
CC1=NC(C)(C)CS1,5.39,hunt_et_al.sdf.gz
CC(C)c1cc(O)c(=O)c(Br)cc1Br,4.28,hunt_et_al.sdf.gz
CC(C)c1c(Br)cc(Br)c(=O)c(O)c1Br,6.0,hunt_et_al.sdf.gz
COC(=O)[C@H]1C[C@H](C)N[C@@H]2CCCC[C@H]12,9.9,hunt_et_al.sdf.gz
C[C@H]1CC[C@@H]2CCCC[C@H]2N1,10.91,hunt_et_al.sdf.gz
C[C@H](CN1c2ccccc2Sc2ccccc21)N(C)C,9.1,hunt_et_al.sdf.gz
Nc1ccc([N+](=O)[O-])c(Cl)c1,0.26,hunt_et_al.sdf.gz
Nc1cc(I)cc(I)c1,2.368,hunt_et_al.sdf.gz
CCOC(=O)COc1ccc(N)cc1,5.09,hunt_et_al.sdf.gz
CCNc1cccc(C)c1,5.25,hunt_et_al.sdf.gz
CCN(CC[N+]1(C)CCCCC1)c1ccccc1,2.77,hunt_et_al.sdf.gz
CCNc1ccc([N+](=O)[O-])cc1,0.94,hunt_et_al.sdf.gz
CCSc1ccc(N)cc1,4.0,hunt_et_al.sdf.gz
Nc1cc([N+](=O)[O-])ccc1F,1.09,hunt_et_al.sdf.gz
Nc1ccccc1C=O,1.36,hunt_et_al.sdf.gz
CC(C)Nc1ccccc1[N+](=O)[O-],0.09,hunt_et_al.sdf.gz
CS(=O)(=O)c1ccccc1N,0.33,hunt_et_al.sdf.gz
Nc1cccc(OC(F)(F)C(F)(F)F)c1,3.24,hunt_et_al.sdf.gz
Nc1ccc(Sc2ccccc2)cc1,3.8,hunt_et_al.sdf.gz
Cc1ccc(N(C)C)c(C)c1,5.28,hunt_et_al.sdf.gz
CC(C)(C)[P@@H](=O)O,4.24,hunt_et_al.sdf.gz
N#CC(=O)O,2.46,hunt_et_al.sdf.gz
O=C(O)c1ccc(O)c(O)c1,4.48,hunt_et_al.sdf.gz
CCOCCN,8.0,hunt_et_al.sdf.gz
CCOc1ccccc1O,10.11,hunt_et_al.sdf.gz
OC(=S)CCCCC(O)=S,3.382,hunt_et_al.sdf.gz
O=[N+]([O-])c1cc([N+](=O)[O-])c(Nc2c([N+](=O)[O-])cc([N+](=O)[O-])cc2[N+](=O)[O-])c([N+](=O)[O-])c1,5.42,hunt_et_al.sdf.gz
CC[C@@H](O)C(=O)O,3.68,hunt_et_al.sdf.gz
CCCc1ccccc1O,10.5,hunt_et_al.sdf.gz
CC[C@H](S)C(=O)O,3.53,hunt_et_al.sdf.gz
O=C(O)[C@@H](O)CO,3.52,hunt_et_al.sdf.gz
COc1ccc([P@@H](=O)O)cc1,2.35,hunt_et_al.sdf.gz
CNCc1cccc(C)n1,9.15,hunt_et_al.sdf.gz
CCC[P@@H](=O)O,3.46,hunt_et_al.sdf.gz
O=C(O)CO,3.83,hunt_et_al.sdf.gz
COCCN,9.61,hunt_et_al.sdf.gz
Oc1ccncn1,8.63,hunt_et_al.sdf.gz
NCC(Cl)(Cl)Cl,5.47,hunt_et_al.sdf.gz
CCC(=O)O[C@H](C)CN(C)C,8.26,hunt_et_al.sdf.gz
Cc1nc2ccncc2nc1O,8.33,hunt_et_al.sdf.gz
Oc1cccnc1,8.72,hunt_et_al.sdf.gz
Oc1cccc2cc3ccccc3nc12,9.75,hunt_et_al.sdf.gz
COc1ccc(CN)cc1,9.47,hunt_et_al.sdf.gz
NC(CO)(CO)CO,8.08,hunt_et_al.sdf.gz
CC(C)NC[C@H](O)c1ccc(O)cc1,9.57,hunt_et_al.sdf.gz
OCCNC(CO)(CO)CO,7.83,hunt_et_al.sdf.gz
COC(=O)C(CCC(=O)O)(c1ccccc1)c1ccccc1,4.66,hunt_et_al.sdf.gz
O=C(O)Cc1ccccc1,4.31,hunt_et_al.sdf.gz
CCOCC(=O)O,3.84,hunt_et_al.sdf.gz
OCC(Cl)(Cl)Cl,12.24,hunt_et_al.sdf.gz
O=C(O)c1c(Cl)ccc(Cl)c1Cl,1.5,hunt_et_al.sdf.gz
O=C(O)COc1cc(Cl)c(Cl)cc1Cl,2.85,hunt_et_al.sdf.gz
OCCC(F)F,12.74,hunt_et_al.sdf.gz
O=[N+]([O-])c1ccc(S)cc1,4.6,hunt_et_al.sdf.gz
CCCN[C@@H](C)C(=O)Nc1ccccc1C,7.9,hunt_et_al.sdf.gz
CCCc1nc(C(C)(C)O)c(C(=O)OCc2oc(=O)oc2C)n1Cc1ccc(-c2ccccc2-c2nnn[nH]2)cc1,4.29,hunt_et_al.sdf.gz
Cc1nnc(C(C)C)n1C1C[C@H]2CC[C@@H](C1)N2CC[C@H](NC(=O)C1CCC(F)(F)CC1)c1ccccc1,9.66,hunt_et_al.sdf.gz
C[C@H]1CN=C(N)c2sccc2O1,11.0,hunt_et_al.sdf.gz
CCc1cc(C(N)=S)ccn1,4.4,hunt_et_al.sdf.gz
N[C@@H]1CCc2c(ccc(O)c2O)C1,10.5,hunt_et_al.sdf.gz
Cc1cc(CN2Cc3ccccc3C[C@H]2C(=O)Nc2ccc(Cl)cc2Cl)ccc1OCC(=O)O,3.1,hunt_et_al.sdf.gz
CCOC(=O)N1CCC2(CC1)N=C(N)c1sccc1N2,10.47,hunt_et_al.sdf.gz
NC1=N[C@H](c2ccccc2)Nc2ccccc21,9.83,hunt_et_al.sdf.gz
CCC(CC)NC(=O)c1cn(-c2ccccc2)nc1NS(=O)(=O)c1ccc(C)cc1,5.3,hunt_et_al.sdf.gz
CC[C@H](N)C(=O)N[C@H](C#N)Cc1ccc(-c2ccccc2)cc1,7.3,hunt_et_al.sdf.gz
COc1cc2nc(-c3ccc(N4CCN(C)CC4)cc3)nc(NCCN3CCOCC3)c2cc1OC,7.93,hunt_et_al.sdf.gz
O=C(O)[C@H](Cc1ccccc1)N1CCC(CN2CCC(Oc3ccc(Cl)c(Cl)c3)CC2)CC1,9.25,hunt_et_al.sdf.gz
O=C(NS(=O)(=O)c1ccc(Cl)cc1)N1CCC(N2CCC(Oc3ccc(Cl)c(Cl)c3)CC2)CC1,8.2,hunt_et_al.sdf.gz
O=C(NC[C@@H](O)CN1CCC(Oc2ccc(Cl)c(Cl)c2)CC1)c1c[nH]c(=O)cc1C(F)(F)F,7.7,hunt_et_al.sdf.gz
CCc1nc2c(C)cc(C)nc2[nH]1,5.5,hunt_et_al.sdf.gz
O=C(NCC12CC3CC(CC(C3)C1)C2)c1cc(CC2CCNCC2)ccc1Cl,10.1,hunt_et_al.sdf.gz
O=C(c1ccccc1)N1CCN(Cc2ccccc2)CC1,6.2,hunt_et_al.sdf.gz
N#Cc1ccc2[nH]c(-c3ccc(F)cc3)c(CCCC(=O)NS(N)(=O)=O)c2c1,5.9,hunt_et_al.sdf.gz
CC(C)NC[C@@H](O)COc1cccc2ccccc12,9.45,hunt_et_al.sdf.gz
c1ccc(CSc2nc3ccccc3[nH]2)nc1,4.4,hunt_et_al.sdf.gz
CCOC(=O)N1CCC(c2cc(=O)n(-c3ccccc3)[nH]2)CC1,6.8,hunt_et_al.sdf.gz
NC1=N[C@H](c2ccco2)Nc2c(F)ccc(F)c21,8.2,hunt_et_al.sdf.gz
CN(C)S(=O)(=O)NC(=O)CCCc1c(-c2ccc(F)cc2)[nH]c2ccc(C#N)cc12,5.5,hunt_et_al.sdf.gz
Cc1ccc(S(=O)(=O)NC(=O)NN2C[C@H]3CCC[C@H]3C2)cc1,5.98,hunt_et_al.sdf.gz
CN1CCO[C@@H](c2ccccc2)c2ccccc2C1,9.3,hunt_et_al.sdf.gz
C=CCOc1ccccc1OC[C@H](O)CNC(C)C,9.69,hunt_et_al.sdf.gz
O=C(O)c1ccc(-c2ccc(Cl)c(C(=O)NCC34CC5CC(CC(C5)C3)C4)c2)cc1,4.1,hunt_et_al.sdf.gz
CCN(CC)CCOC(=O)C1(c2ccccc2)CCCC1,8.4,hunt_et_al.sdf.gz
CCc1cccc2c3c([nH]c12)[C@](CC)(CC(=O)O)OCC3,4.15,hunt_et_al.sdf.gz
COc1ccc([C@H](CN(C)C)C2(O)CCCCC2)cc1,9.64,hunt_et_al.sdf.gz
SC1CCCCC1,10.69,hunt_et_al.sdf.gz
CC(Cl)(Cl)C(=O)O,1.74,hunt_et_al.sdf.gz
COc1c(Cl)ccc(Cl)c1C(=O)O,1.97,hunt_et_al.sdf.gz
CS(=O)(=O)NC(=O)c1cc(Oc2ccc(C(F)(F)F)cc2Cl)ccc1[N+](=O)[O-],2.83,hunt_et_al.sdf.gz
COc1cc(OC)nc(NC(=O)NS(=O)(=O)c2cc(NC=O)ccc2C(=O)N(C)C)n1,4.6,hunt_et_al.sdf.gz
Cc1cc(Cl)ccc1OCCCC(=O)O,4.5,hunt_et_al.sdf.gz
COc1cccc(OC)c1C(=O)N[C@@H]1C(=O)N2[C@@H]1SC(C)(C)[C@@H]2C(=O)O,2.77,hunt_et_al.sdf.gz
C[C@@H]1COc2c(N3CCN(C)CC3)c(F)cc3c(=O)c(C(=O)O)cn1c23,8.1,hunt_et_al.sdf.gz
O=C(NO)c1ccc(Cl)cc1,9.59,hunt_et_al.sdf.gz
C[C@@H]1CCCCN1CCCOC(=O)c1ccc(Cl)c(Cl)c1,8.9,hunt_et_al.sdf.gz
COc1ccc(C(=O)NO)cc1,9.0,hunt_et_al.sdf.gz
O=C(NO)c1ccc([N+](=O)[O-])cc1,8.01,hunt_et_al.sdf.gz
COC(=O)c1ccccc1S(=O)(=O)NC(=O)Nc1nc(OC(F)F)cc(OC(F)F)n1,3.47,hunt_et_al.sdf.gz
O=[N+]([O-])c1ccc(Cl)cc1O,6.05,hunt_et_al.sdf.gz
Cc1cc(Cl)c(O)c(Cl)c1,7.19,hunt_et_al.sdf.gz
COc1ccc(O)c([N+](=O)[O-])c1,7.33,hunt_et_al.sdf.gz
N#Cc1cc(Br)c(O)c(Br)c1,3.95,hunt_et_al.sdf.gz
O=C(O)CCC(=O)O,4.21,hunt_et_al.sdf.gz
O=C(O)Cc1cccc(F)c1,4.13,hunt_et_al.sdf.gz
NC1(C(=O)O)CCCCC1,10.03,hunt_et_al.sdf.gz
COC(=O)C[C@@H](C(=O)O)c1ccc([N+](=O)[O-])cc1,3.69,hunt_et_al.sdf.gz
COC(=O)c1cc(O)c(O)c(O)c1CN(C)C,6.8,hunt_et_al.sdf.gz
Cc1cc(C(=O)O)c2ccccc2c1,3.72,hunt_et_al.sdf.gz
COC(=O)c1cc(O)cc2ccccc12,8.88,hunt_et_al.sdf.gz
O=C(O)c1ccc(C2CCCC2)cc1,4.21,hunt_et_al.sdf.gz
CCCCc1cc(C)c(O)cc1C,10.74,hunt_et_al.sdf.gz
CC(C)c1cccc(C(C)C)c1O,11.1,hunt_et_al.sdf.gz
Oc1cc(-c2ccccc2)ccc1Cl,8.07,hunt_et_al.sdf.gz
CCc1ccc(O)c2sc(C)c(C)c12,9.56,hunt_et_al.sdf.gz
Oc1ccc(C2CCCCC2)cc1Cl,8.66,hunt_et_al.sdf.gz
CC(C)(C)c1ccc(S(=O)(=O)CC(=O)O)cc1,2.598,hunt_et_al.sdf.gz
O=[N+]([O-])c1ccc(S(=O)(=O)Nc2ccccc2)cc1,7.42,hunt_et_al.sdf.gz
O=C(O)CCCCCCc1ccccc1,5.07,hunt_et_al.sdf.gz
Oc1ccc2ccccc2c1/N=N/c1nccs1,8.94,hunt_et_al.sdf.gz
CC(=O)c1ccc(-c2ccccc2O)cc1,10.78,hunt_et_al.sdf.gz
O=P(O)(OCc1ccccc1)OCc1ccccc1,0.7,hunt_et_al.sdf.gz
CC(C)(C)c1cc(Br)cc(C(C)(C)C)c1O,10.83,hunt_et_al.sdf.gz
CC(C)(C)c1cc(N=O)cc(C(C)(C)C)c1O,8.18,hunt_et_al.sdf.gz
CC(C)(C)c1cc([N+](=O)[O-])cc(C(C)(C)C)c1O,6.65,hunt_et_al.sdf.gz
O=C(c1ccc(C(F)(F)F)cc1)N(O)c1ccccc1,7.98,hunt_et_al.sdf.gz
COc1cc(C(C)(C)C)c(O)c(C(C)(C)C)c1,12.15,hunt_et_al.sdf.gz
C[Si](C)(C)CNC[Si](C)(C)C,11.4,hunt_et_al.sdf.gz
CN(C)CCC(=O)C(c1ccccc1)c1ccccc1,8.71,hunt_et_al.sdf.gz
CCN(C)CC,10.5,hunt_et_al.sdf.gz
NCCSCCO,9.41,hunt_et_al.sdf.gz
CC(=O)CCCN(C)C,9.1,hunt_et_al.sdf.gz
CC(C)CN,10.72,hunt_et_al.sdf.gz
CC(C)CN(C)C,10.08,hunt_et_al.sdf.gz
O=C(O)c1ccc([N+](=O)[O-])cc1[N+](=O)[O-],1.42,hunt_et_al.sdf.gz
C=CCN,9.49,hunt_et_al.sdf.gz
NCC=C(Cl)Cl,9.47,hunt_et_al.sdf.gz
C=CCN(CC=C)CC=C,8.31,hunt_et_al.sdf.gz
C=CCN(C)C,8.64,hunt_et_al.sdf.gz
O=C(O)c1cc([N+](=O)[O-])ccc1[N+](=O)[O-],1.62,hunt_et_al.sdf.gz
CCC(N)(CO)CO,8.8,hunt_et_al.sdf.gz
NCCCC(Cl)(Cl)Cl,9.93,hunt_et_al.sdf.gz
C[C@@H](CC(c1ccccc1)c1ccccc1)N(C)C,9.43,hunt_et_al.sdf.gz
CCN(CC)[C@@H](C)C=C(c1cccs1)c1cccs1,8.85,hunt_et_al.sdf.gz
C#CCCN,8.25,hunt_et_al.sdf.gz
CCC(N)CC,10.42,hunt_et_al.sdf.gz
CC(C)C(N)C(C)C,10.23,hunt_et_al.sdf.gz
CCC(N)(CC)CC,10.59,hunt_et_al.sdf.gz
CC(C)(C)CC(C)(C)N,10.73,hunt_et_al.sdf.gz
NCCCCCCO,10.6,hunt_et_al.sdf.gz
CCCCCCCN,10.66,hunt_et_al.sdf.gz
CN[C@@H]1CCC[C@H]1O,10.06,hunt_et_al.sdf.gz
CCCOc1cccc(C(=O)O)c1,4.2,hunt_et_al.sdf.gz
C[C@H]1CC[C@@H](O)[C@@H](N)C1,9.38,hunt_et_al.sdf.gz
CC(C)[C@@H]1CC[C@@H](C)C[C@@H]1N,10.35,hunt_et_al.sdf.gz
C[C@@H]1CCC[C@@H](N)C1,10.56,hunt_et_al.sdf.gz
CN(C)C1CCCCC1,10.72,hunt_et_al.sdf.gz
CCCCN(C)c1ccccc1,6.03,hunt_et_al.sdf.gz
CCN(CC)c1cccc(C)c1,7.12,hunt_et_al.sdf.gz
COc1cc(N)cc(OC)c1,3.82,hunt_et_al.sdf.gz
CN(C)c1ccc(C(F)(F)F)cc1,2.67,hunt_et_al.sdf.gz
CN(C)c1ccc(C=O)cc1,1.62,hunt_et_al.sdf.gz
Nc1ccccc1I,2.6,hunt_et_al.sdf.gz
CC(C)c1cccc(N)c1,4.67,hunt_et_al.sdf.gz
CCOc1cccc(C(=O)O)c1CO,3.62,hunt_et_al.sdf.gz
Cc1cc([N+](=O)[O-])ccc1N,1.04,hunt_et_al.sdf.gz
C[Si](C)(C)CNc1ccccc1,5.3,hunt_et_al.sdf.gz
NC[C@H](O)c1cccc(O)c1,8.67,hunt_et_al.sdf.gz
C[C@@H](N)[C@@H](O)c1ccc(O)c(O)c1,8.75,hunt_et_al.sdf.gz
CCc1ccc(CC(=O)O)cc1,4.37,hunt_et_al.sdf.gz
C[C@@H](CO)NCCc1ccc(O)c(O)c1,9.87,hunt_et_al.sdf.gz
[H]/N=C(\c1ccccc1)c1c(C)cc(O)cc1O,6.75,hunt_et_al.sdf.gz
[H]/N=C(\c1ccccc1)c1ccc(O)cc1,6.45,hunt_et_al.sdf.gz
CC(C)NCCc1ccc(O)cc1,9.49,hunt_et_al.sdf.gz
[H]/N=C(\c1ccccc1)c1ccccc1C,6.79,hunt_et_al.sdf.gz
NCc1ccccc1Cl,8.8,hunt_et_al.sdf.gz
CCCNCc1ccccc1,9.6,hunt_et_al.sdf.gz
N[C@H]1CCc2ccccc21,9.21,hunt_et_al.sdf.gz
Nc1cc(Br)cc2ccccc12,2.67,hunt_et_al.sdf.gz
Nc1ccc(Br)c2ccccc12,3.21,hunt_et_al.sdf.gz
Nc1cc(I)c2ccccc2c1,3.41,hunt_et_al.sdf.gz
COC(=O)c1cc(N)cc2ccccc12,3.38,hunt_et_al.sdf.gz
Nc1cccc2cccc([N+](=O)[O-])c12,2.79,hunt_et_al.sdf.gz
C[C@@H](C=C(c1cccs1)c1cccs1)N1CCCCCC1,7.91,hunt_et_al.sdf.gz
CC(C)N1CCCC(=O)[C@H](O)CCC1,8.1,hunt_et_al.sdf.gz
C[C@@H]1CCC[C@H](C)N1,11.07,hunt_et_al.sdf.gz
CCN1CCCCC1,10.45,hunt_et_al.sdf.gz
C[C@@H]1CCCC(C)(C)N1C,10.7,hunt_et_al.sdf.gz
CC1(C)CCCC(C)(C)N1,11.1,hunt_et_al.sdf.gz
CCN1CCCC=C1C,11.53,hunt_et_al.sdf.gz
Oc1ccccc1-c1ccccn1,9.98,hunt_et_al.sdf.gz
CN(c1ccccn1)S(C)(=O)=O,1.73,hunt_et_al.sdf.gz
c1ccc(/N=N/c2ccccn2)cc1,2.0,hunt_et_al.sdf.gz
c1ccc(CN2CCCCC2)nc1,8.51,hunt_et_al.sdf.gz
CCCCN1CCC[C@H]1C,10.61,hunt_et_al.sdf.gz
C1CCC([C@@H]2CCCN2)CC1,10.76,hunt_et_al.sdf.gz
CC[C@@H]1CCCN1C,9.78,hunt_et_al.sdf.gz
c1ccc([C@@H]2CCCN2)cc1,9.6,hunt_et_al.sdf.gz
C1=C(C2CCCCC2)NCC1,7.91,hunt_et_al.sdf.gz
CC1=CCCN1C,11.9,hunt_et_al.sdf.gz
CCN1CCC=C1C,11.84,hunt_et_al.sdf.gz
C1=C(c2ccccc2)NCC1,6.84,hunt_et_al.sdf.gz
O=C(CCN1CCOCC1)C(c1ccccc1)c1ccccc1,6.39,hunt_et_al.sdf.gz
Cc1ccc(S(=O)(=O)N2CCNCC2)cc1,7.4,hunt_et_al.sdf.gz
Oc1ccc(O)nn1,13.0,hunt_et_al.sdf.gz
Oc1cccnn1,10.5,hunt_et_al.sdf.gz
Nc1ncc(Br)cn1,1.95,hunt_et_al.sdf.gz
[H]/N=c1/cc(SC)n(C)c(N)n1,11.9,hunt_et_al.sdf.gz
CNc1nccc(O)n1,3.9,hunt_et_al.sdf.gz
CCCNc1ncccn1,4.09,hunt_et_al.sdf.gz
Oc1cc2ccccc2cn1,9.62,hunt_et_al.sdf.gz
Oc1ccc2ccncc2c1,8.9,hunt_et_al.sdf.gz
O=C(O)c1ccc2ncccc2c1,0.1,hunt_et_al.sdf.gz
Oc1c(CN2CCCCC2)ccc2cccnc12,10.9,hunt_et_al.sdf.gz
Oc1cc(C(F)(F)F)cc2cccnc12,10.1,hunt_et_al.sdf.gz
Oc1ccc(O)c2ccccc12,9.58,hunt_et_al.sdf.gz
N#C[C@H]1CN2CCC1CC2,7.81,hunt_et_al.sdf.gz
COC(=O)[C@@H]1CN2CCC1CC2,9.4,hunt_et_al.sdf.gz
Oc1cccc2nnccc12,7.42,hunt_et_al.sdf.gz
Oc1ccnc2cccnc12,10.03,hunt_et_al.sdf.gz
Oc1ccc2nccnc2c1,7.94,hunt_et_al.sdf.gz
Nc1ccc2nccnc2n1,4.25,hunt_et_al.sdf.gz
O=C1c2ccccc2C(=O)c2cc(S(=O)(=O)O)ccc21,0.378,hunt_et_al.sdf.gz
CCOP(=O)(CN(C)C)OCC,5.85,hunt_et_al.sdf.gz
CCOP(=O)(CCN(CC)CC)OCC,8.2,hunt_et_al.sdf.gz
CCOP(=O)(OCC)SCCN(C)C,7.73,hunt_et_al.sdf.gz
CC[C@H](O)CN(CC)C[C@@H](O)CC,9.2,hunt_et_al.sdf.gz
N[C@@H]1C[C@H]1c1ccc(Br)cc1,8.13,hunt_et_al.sdf.gz
N[C@@H]1C[C@H]1c1ccc(F)cc1,8.25,hunt_et_al.sdf.gz
N[C@@H]1C[C@@H]2CC[C@H]1C2,10.5,hunt_et_al.sdf.gz
C#CCN(CC)CC,7.97,hunt_et_al.sdf.gz
CC(C)CN1CCCC1,10.38,hunt_et_al.sdf.gz
CCCO[P@@](C)(=O)OCCN(C)C,8.24,hunt_et_al.sdf.gz
CCCO[P@](C)(=O)SCCN(C)C,7.77,hunt_et_al.sdf.gz
C[C@@H](O)CN(CCO)C(C)(C)C,9.2,hunt_et_al.sdf.gz
CCC[C@H](N)c1ccc(C)cc1,9.62,hunt_et_al.sdf.gz
C[C@H](N)c1ccc(Br)cc1,8.95,hunt_et_al.sdf.gz
CCCCOc1ccc([C@H](C)N)cc1,9.45,hunt_et_al.sdf.gz
CC(C)[C@H](N)c1ccccc1,9.85,hunt_et_al.sdf.gz
CC[C@@H](N)c1cccc(Br)c1,8.9,hunt_et_al.sdf.gz
CC(C)NC[C@H](O)c1ccc(Cl)c(Cl)c1,9.27,hunt_et_al.sdf.gz
CNC[C@H](O)c1ccc(Cl)c(Cl)c1,9.11,hunt_et_al.sdf.gz
CCN(CC)CC(c1ccccc1)c1ccccc1,9.8,hunt_et_al.sdf.gz
CNC[C@H](O)c1ccc(F)c(F)c1,9.23,hunt_et_al.sdf.gz
Cc1ccccc1[C@@H](O)CNC(C)C,9.01,hunt_et_al.sdf.gz
Cc1cccc([C@@H](O)CNC(C)C)c1,9.45,hunt_et_al.sdf.gz
CSc1cccc([C@@H](O)CNC(C)C)c1,9.42,hunt_et_al.sdf.gz
CC(C)NC[C@H](O)c1ccc(-c2ccccc2)cc1,9.2,hunt_et_al.sdf.gz
OCCN(CCO)Cc1cccc(Br)c1,8.98,hunt_et_al.sdf.gz
NCc1ccc(F)cc1,9.3,hunt_et_al.sdf.gz
COc1ccc(CN(C)C)cc1,9.32,hunt_et_al.sdf.gz
C=CCC(=O)OCCN1CCCCC1,8.35,hunt_et_al.sdf.gz
CC1CCN(C)CC1,10.05,hunt_et_al.sdf.gz
CC(C)C1CCNCC1,10.85,hunt_et_al.sdf.gz
CN1CCCC(C)(C)C1,9.77,hunt_et_al.sdf.gz
Nc1ncc(Cl)cc1Cl,2.75,hunt_et_al.sdf.gz
Nc1ccc([N+](=O)[O-])cn1,2.78,hunt_et_al.sdf.gz
Cn1ccnc1C(=O)O,7.25,hunt_et_al.sdf.gz
C=CCc1c(C)nc(NC)nc1C,5.31,hunt_et_al.sdf.gz
Cc1nc(N)nc(C)c1C(N)=O,3.31,hunt_et_al.sdf.gz
CNc1ncc(C(N)=O)cn1,2.05,hunt_et_al.sdf.gz
COc1ccc(-c2cnc(O)nc2)cc1,8.86,hunt_et_al.sdf.gz
CC[C@H]1CSC(C(C)C)=N1,5.276,hunt_et_al.sdf.gz
CC[C@H]1CSC(C)=N1,5.301,hunt_et_al.sdf.gz
CC1=NCC(C)(C)S1,5.67,hunt_et_al.sdf.gz
Nc1cccc(-c2cc(=O)c3ccccc3o2)c1,3.56,hunt_et_al.sdf.gz
Oc1nc(O)nc(O)n1,6.78,hunt_et_al.sdf.gz
c1ccc2c(c1)Sc1ccccc1N2CCN1CCCC1,9.7,hunt_et_al.sdf.gz
CC(=O)c1ccc(Sc2ccc(N)cc2)cc1,3.31,hunt_et_al.sdf.gz
Nc1ccc([C@@]23CCC[C@@H]2C3)cc1,4.98,hunt_et_al.sdf.gz
CC(C)(C)SNc1ccccc1,3.44,hunt_et_al.sdf.gz
Nc1ccc(C2CCCCC2)cc1,4.96,hunt_et_al.sdf.gz
Nc1cccc(Cl)c1Cl,1.761,hunt_et_al.sdf.gz
Nc1ccc(Cl)c(Cl)c1,2.968,hunt_et_al.sdf.gz
CSc1cc(Cl)c(N)c(Cl)c1,0.35,hunt_et_al.sdf.gz
Cc1ccc(N)c([N+](=O)[O-])c1,0.403,hunt_et_al.sdf.gz
Nc1ccc(Cc2ccc([N+](=O)[O-])cc2)cc1,4.45,hunt_et_al.sdf.gz
Nc1ccc(OC(F)(F)C(F)(F)F)cc1,3.78,hunt_et_al.sdf.gz
COC(=O)CCCN,9.838,hunt_et_al.sdf.gz
CCOC(=O)CCCCN,10.5,hunt_et_al.sdf.gz
O=C1O[C@H]([C@@H](O)CO)C(O)=C1O,4.17,hunt_et_al.sdf.gz
O=C(O)CNC(=O)c1ccccc1,3.62,hunt_et_al.sdf.gz
O=C(O)C(F)(F)Cl,0.46,hunt_et_al.sdf.gz
C[C@](C#N)(C(=O)O)c1ccccc1,2.29,hunt_et_al.sdf.gz
CCOc1cccc(O)c1,9.655,hunt_et_al.sdf.gz
O=C(O)CCCO,4.71,hunt_et_al.sdf.gz
CNCCO,9.88,hunt_et_al.sdf.gz
C[P@@H](=O)O,3.08,hunt_et_al.sdf.gz
CS(=O)(=O)CC(=O)O,2.36,hunt_et_al.sdf.gz
O=C(O)C(F)=C(F)F,1.79,hunt_et_al.sdf.gz
NCCc1c[nH]c2ccccc12,10.2,hunt_et_al.sdf.gz
C=C(C)C(=O)O,4.66,hunt_et_al.sdf.gz
COc1ccc(CCC(=O)O)cc1,4.69,hunt_et_al.sdf.gz
COc1cccc(CN)c1,9.15,hunt_et_al.sdf.gz
Cc1ccc(CN)cc1,9.36,hunt_et_al.sdf.gz
NC1CC1,9.1,hunt_et_al.sdf.gz
CN(C)CCc1ccc(O)cc1,9.78,hunt_et_al.sdf.gz
Cc1cnc2c(O)cccc2c1C,10.05,hunt_et_al.sdf.gz
CC(=O)CCCC(=O)O,4.66,hunt_et_al.sdf.gz
COc1c(O)cccc1CN,8.89,hunt_et_al.sdf.gz
C=CC(=O)O,4.25,hunt_et_al.sdf.gz
C[C@@H](O)CN(Cc1ccccc1)C[C@@H](C)O,7.5,hunt_et_al.sdf.gz
NCCc1c[nH]c2ccc(O)cc12,10.0,hunt_et_al.sdf.gz
Cc1cc(Br)ccc1C(=O)O,3.77,hunt_et_al.sdf.gz
O=C(O)Cc1cccc([N+](=O)[O-])c1,3.97,hunt_et_al.sdf.gz
CNC[C@H](O)c1ccccc1,9.44,hunt_et_al.sdf.gz
CCC(CC)C(=O)O,4.73,hunt_et_al.sdf.gz
CC1(c2ccccc2)C(=O)NC(=O)NC1=O,7.4,literature_compilation.sdf.gz
CN1C(=O)NC(=O)C(C)(C)C1=O,8.3,literature_compilation.sdf.gz
CC1(C)C(=O)NC(=O)NC1=O,8.0,literature_compilation.sdf.gz
CN1C(=O)NC(=O)C(C)(c2ccccc2)C1=O,7.8,literature_compilation.sdf.gz
C1CC1c1nn[nH]n1,5.4,literature_compilation.sdf.gz
Cc1nn[nH]n1,5.6,literature_compilation.sdf.gz
O=c1nn[nH][nH]1,5.4,literature_compilation.sdf.gz
c1ccc(Oc2nn[nH]n2)cc1,4.4,literature_compilation.sdf.gz
c1ccc(-c2nn[nH]n2)cc1,3.5,literature_compilation.sdf.gz
NCCN,10.7,literature_compilation.sdf.gz
NCCCN,10.9,literature_compilation.sdf.gz
CNCCNC,10.4,literature_compilation.sdf.gz
C1N2CN3CN1CN(C2)C3,5.3,literature_compilation.sdf.gz
C1CN2CCN1CC2,8.2,literature_compilation.sdf.gz
Nc1nc(N)nc(N)n1,5.0,literature_compilation.sdf.gz
c1ccc2c(c1)CCCC2C1=NCCN1,10.5,literature_compilation.sdf.gz
CN1C(=O)CN=C(c2ccccc2)c2ccccc21,3.3,literature_compilation.sdf.gz
O=C1Nc2ccccc2C(c2ccccc2)=NC1O,1.7,literature_compilation.sdf.gz
CN1C(=O)C(O)N=C(c2ccccc2)c2ccccc21,1.6,literature_compilation.sdf.gz
O=C1CN=C(c2ccccc2)c2ccccc2N1,3.5,literature_compilation.sdf.gz
CN1CCN=C(c2ccccc2)c2ccccc21,6.2,literature_compilation.sdf.gz
N=C(N)N1CCc2ccccc2C1,11.9,literature_compilation.sdf.gz
CNC(=N)N,13.4,literature_compilation.sdf.gz
OCCCl,12.9,literature_compilation.sdf.gz
OCCO,13.6,literature_compilation.sdf.gz
Cc1ccc(C)cc1,10.3,literature_compilation.sdf.gz
O=C(O)[C@H]1C[C@H]1C(=O)O,3.6,literature_compilation.sdf.gz
O=C(O)[C@H]1C[C@@H]1C(=O)O,3.8,literature_compilation.sdf.gz
CC/C=C(\Cl)CC(=O)O,2.8,literature_compilation.sdf.gz
CC/C=C(/Cl)CC(=O)O,3.2,literature_compilation.sdf.gz
C=CC(Cl)CC(=O)O,2.5,literature_compilation.sdf.gz
CC(Cl)CC(=O)O,2.9,literature_compilation.sdf.gz
O=C(O)c1ccco1,3.2,literature_compilation.sdf.gz
C[C@H]1C[C@H]1C(=O)O,5.0,literature_compilation.sdf.gz
C[C@@H]1C[C@H]1C(=O)O,5.0,literature_compilation.sdf.gz
CC(C)CC(=O)O,4.6,literature_compilation.sdf.gz
C/C(Cl)=C/CC(=O)O,4.1,literature_compilation.sdf.gz
C/C(Cl)=C\CC(=O)O,3.9,literature_compilation.sdf.gz
O=C(O)/C=C\CCl,3.5,literature_compilation.sdf.gz
O=C(O)/C=C/CCl,3.8,literature_compilation.sdf.gz
O=C(O)C#CCCl,1.9,literature_compilation.sdf.gz
O=C(O)CCC[N+](=O)[O-],2.6,literature_compilation.sdf.gz
O=CCCC(=O)O,3.6,literature_compilation.sdf.gz
O=C(O)CC/C=C\Cl,4.1,literature_compilation.sdf.gz
O=C(O)CC/C=C/Cl,4.1,literature_compilation.sdf.gz
O=C(O)CC(O)C(=O)O,3.5,literature_compilation.sdf.gz
C#CC(=O)O,1.9,literature_compilation.sdf.gz
O=C(O)[C@@H](O)[C@H](O)C(=O)O,3.0,literature_compilation.sdf.gz
O=C(O)[C@@H](O)[C@@H](O)C(=O)O,3.2,literature_compilation.sdf.gz
O=C(O)C(O)C(=O)O,2.4,literature_compilation.sdf.gz
SCCS,9.1,literature_compilation.sdf.gz
Cc1ccc(S(=O)(=O)NCl)cc1,4.5,literature_compilation.sdf.gz
O=S(=O)(NCl)c1cc(Cl)c(Cl)c(S(=O)(=O)NCl)c1,7.4,literature_compilation.sdf.gz
CS(N)(=O)=O,10.5,literature_compilation.sdf.gz
CCC1NC(=O)c2cc(S(N)(=O)=O)c(Cl)cc2N1,9.3,literature_compilation.sdf.gz
Cc1cnc(NS(=O)(=O)c2ccc(N)cc2)nc1,6.8,literature_compilation.sdf.gz
Nc1ccc(S(=O)(=O)Nc2cnc3ccccc3n2)cc1,5.5,literature_compilation.sdf.gz
NS(=O)(=O)c1ccc(N2CCCCS2(=O)=O)cc1,10.0,literature_compilation.sdf.gz
Cc1cccc(C)c1NC(=O)c1cc(S(N)(=O)=O)c(Cl)cc1O,10.0,literature_compilation.sdf.gz
O=C(NO)c1ccccc1O,7.5,literature_compilation.sdf.gz
Nc1ccccc1C(=O)NO,9.0,literature_compilation.sdf.gz
O=C(NO)c1ccccc1Cl,7.8,literature_compilation.sdf.gz
O=C(NO)c1ccccc1F,8.0,literature_compilation.sdf.gz
O=C(NO)c1ccccc1[N+](=O)[O-],7.0,literature_compilation.sdf.gz
Nc1ccc(C(=O)NO)cc1,9.4,literature_compilation.sdf.gz
O=C(NO)c1ccc(F)cc1,8.8,literature_compilation.sdf.gz
O=C(NO)c1ccc(O)cc1,8.9,literature_compilation.sdf.gz
CC1(c2ccccc2)CCC(=O)NC1=O,9.2,literature_compilation.sdf.gz
CC1(C)CC(=O)NC1=O,9.5,literature_compilation.sdf.gz
CC1(C)OC(=O)NC1=O,6.1,literature_compilation.sdf.gz
c1ccc2n[nH]cc2c1,1.3,literature_compilation.sdf.gz
c1ccc2scnc2c1,1.2,literature_compilation.sdf.gz
Cn1ccnn1,1.2,literature_compilation.sdf.gz
Cn1ncc2ccccc21,2.0,literature_compilation.sdf.gz
Cn1cc2ccccc2n1,0.4,literature_compilation.sdf.gz
c1cnoc1,2.5,literature_compilation.sdf.gz
c1ccc(-c2scc3ncccc23)cc1,2.45,literature_compilation.sdf.gz
NC1=C(/C(N)=N\O)CN=N1,2.41,literature_compilation.sdf.gz
O=Cc1c[nH]cn1,3.76,literature_compilation.sdf.gz
CN(CC(=O)O)C(=N)N,12.36,literature_compilation.sdf.gz
COc1ccc(C(=N)N)cc1,11.79,literature_compilation.sdf.gz
CCOC(=O)C1=CC2(CC)CCCN3CCc4c(n1c1ccccc41)C32,7.53,literature_compilation.sdf.gz
C1CN=C2NCCCN2C1,12.24,literature_compilation.sdf.gz
CN1C[C@@H]2CC[C@@H](N(C)C)[C@H](C1)[C@H]2O,6.59,literature_compilation.sdf.gz
NN1CC(CN2CCOCC2)OC1=O,5.5,literature_compilation.sdf.gz
Clc1cccc(N2CCNCC2)c1Cl,8.9,literature_compilation.sdf.gz
CS(=O)(=O)Nc1cccc(N)c1,8.85,literature_compilation.sdf.gz
O=C(CCl)Nc1ccccc1,12.91,literature_compilation.sdf.gz
O=C1C=CC(=O)N1,9.21,literature_compilation.sdf.gz
O=C1CCC(c2ccccc2)=NN1,12.14,literature_compilation.sdf.gz
O=c1[nH]c2ccc(S(=O)(=O)CCO)cc2o1,7.23,literature_compilation.sdf.gz
O=c1[nH]c2ccc(OCc3ccccc3)cc2o1,8.61,literature_compilation.sdf.gz
O=c1[nH]c2ccc([N+](=O)[O-])cc2o1,7.05,literature_compilation.sdf.gz
O=c1[nH]c2ccc(Br)cc2o1,8.17,literature_compilation.sdf.gz
N/C(=N\O)c1ccc(F)cc1,11.81,literature_compilation.sdf.gz
N/C(=N\O)c1ccccc1,12.49,literature_compilation.sdf.gz
N/C(=N\O)c1cccnc1,11.82,literature_compilation.sdf.gz
N/C(=C\O)c1[nH]cnc1N,11.8,literature_compilation.sdf.gz
Oc1ccc(Oc2ccccc2)cc1,9.6,literature_compilation.sdf.gz
COC1=C(C)OC(C)C1=O,8.55,literature_compilation.sdf.gz
Nc1ncnc2c1ncn2C1O[C@H](CO)[C@H](O)[C@@H]1O,12.35,literature_compilation.sdf.gz
CCCS(=O)c1ccc2[nH]c(NC(=O)OC)nc2c1,3.28,literature_compilation.sdf.gz
N[C@]12C[C@H]3C[C@H](C[C@H](C3)C1)C2,10.58,literature_compilation.sdf.gz
CC1(C)S[C@@H]2[C@H](N)C(=O)N2[C@H]1C(=O)O,2.3,literature_compilation.sdf.gz
C[C@H](N)Cc1ccccc1,9.94,literature_compilation.sdf.gz
C[C@H](N)Cc1ccc(O)cc1,0.7,literature_compilation.sdf.gz
COc1cccc(C[C@H](C)N)c1,9.86,literature_compilation.sdf.gz
COc1ccc(C[C@H](C)N)cc1,9.99,literature_compilation.sdf.gz
CC1(C)SC2[C@H](NC(=O)C3(N)CCCC3)C(=O)N2[C@H]1C(=O)O,2.62,literature_compilation.sdf.gz
CC1(C)S[C@@H]2[C@H](NC(=O)C3(N)CCCCC3)C(=O)N2[C@H]1C(=O)O,2.68,literature_compilation.sdf.gz
CC(Oc1ccccc1)C(=O)N[C@@H]1C(=O)N2[C@@H]1SC(C)(C)[C@@H]2C(=O)O,2.73,literature_compilation.sdf.gz
CN1CCC=C(C(=O)O)C1,9.07,literature_compilation.sdf.gz
COC(=O)[C@H](Cc1ccccc1)NC(=O)[C@@H](N)CC(=O)O,3.19,literature_compilation.sdf.gz
O=C1NC(=O)C(Br)(Br)C(=O)N1,5.68,literature_compilation.sdf.gz
O=C1NC(=O)C(Cl)(Cl)C(=O)N1,5.55,literature_compilation.sdf.gz
CCC1(C)C(=O)NC(=O)NC1=O,8.28,literature_compilation.sdf.gz
CC(C)C1(C)C(=O)NC(=O)NC1=O,8.45,literature_compilation.sdf.gz
CCC1(C(C)C)C(=O)NC(=O)NC1=O,8.14,literature_compilation.sdf.gz
CCC1(CCC(C)C)C(=O)NC(=O)NC1=O,7.95,literature_compilation.sdf.gz
CCC1(C(C)CC(C)C)C(=O)NC(=O)NC1=O,8.14,literature_compilation.sdf.gz
C=CCC1(CC)C(=O)NC(=O)NC1=O,7.89,literature_compilation.sdf.gz
CC(C)=CCC1(C)C(=O)NC(=O)NC1=O,8.39,literature_compilation.sdf.gz
CCC1(CC=C(C)C)C(=O)NC(=O)NC1=O,8.06,literature_compilation.sdf.gz
CC(C)=CCC1(C(C)C)C(=O)NC(=O)NC1=O,8.19,literature_compilation.sdf.gz
CC(C)=CCC1(C(C)(C)C)C(=O)NC(=O)NC1=O,8.39,literature_compilation.sdf.gz
CC(C)=CCC1(CC=C(C)C)C(=O)NC(=O)NC1=O,8.13,literature_compilation.sdf.gz
C=C(CC(C)C)C1(C)C(=O)NC(=O)NC1=O,7.78,literature_compilation.sdf.gz
C=C(CC(C)C)C1(CC)C(=O)NC(=O)NC1=O,7.48,literature_compilation.sdf.gz
CCC1(c2ccc([N+](=O)[O-])cc2)C(=O)NC(=O)NC1=O,6.94,literature_compilation.sdf.gz
O=C1NC(=O)C(c2ccccc2)(c2ccccc2)C(=O)N1,7.3,literature_compilation.sdf.gz
O=C1NC(=O)C2(CC2)C(=O)N1,8.73,literature_compilation.sdf.gz
O=C1NC(=O)C2(CCC2)C(=O)N1,8.82,literature_compilation.sdf.gz
O=C1NC(=O)C2(CCCC2)C(=O)N1,8.83,literature_compilation.sdf.gz
O=C1NC(=O)C2(CCCCC2)C(=O)N1,8.88,literature_compilation.sdf.gz
COC(=O)[C@@H]1C2CCC(C[C@@H]1OC(=O)c1ccccc1)N2C,8.7,literature_compilation.sdf.gz
COc1cc2c(cc1OC)[C@@]13CCN4CC5=CCOC6CC(=O)N2C1[C@@H]6[C@@H]5C[C@@H]43,8.28,literature_compilation.sdf.gz
O=C(O)O,6.352,literature_compilation.sdf.gz
C[C@H](CCC(=O)O)[C@H]1CC[C@H]2[C@@H]3[C@H](O)C[C@@H]4C[C@H](O)CC[C@]4(C)[C@H]3CC[C@]12C,5.03,literature_compilation.sdf.gz
CN1CCN(C(c2ccccc2)c2ccc(Cl)cc2)CC1,2.12,literature_compilation.sdf.gz
CN1CCN(C(c2ccccc2)c2ccccc2)CC1,2.16,literature_compilation.sdf.gz
CC1(C)S[C@H]([C@H](NC(=O)Cc2ccccc2)C(=O)O)N[C@H]1C(=O)O,5.32,literature_compilation.sdf.gz
CC1(C)S[C@H]([C@H](NC(=O)CCOc2ccccc2)C(=O)O)N[C@H]1C(=O)O,5.29,literature_compilation.sdf.gz
CC1(C)S[C@H]([C@H](NC(=O)CCCOc2ccccc2)C(=O)O)N[C@H]1C(=O)O,5.3,literature_compilation.sdf.gz
CN(C)[C@@H]1C(O)=C(C(N)=O)C(=O)[C@@]2(O)C(O)=C3C(=O)c4c(O)ccc(Cl)c4[C@@](C)(O)[C@H]3C[C@@H]12,3.285,literature_compilation.sdf.gz
CN(C)[C@@H]1C(O)=C(C(N)=O)C(=O)[C@@]2(O)C(O)=C3C(=O)c4c(O)cccc4[C@@](C)(O)C3[C@H](O)[C@@H]12,3.27,literature_compilation.sdf.gz
NS(=O)(=O)c1cc(C2(O)NC(=O)c3ccccc32)ccc1Cl,9.355,literature_compilation.sdf.gz
O=C(O)CC(O)(CC(=O)O)C(=O)O,3.128,literature_compilation.sdf.gz
CCC[C@@H]1C[C@@H](C(=O)NC(C(C)Cl)[C@H]2O[C@H](SC)[C@H](O)[C@@H](O)[C@H]2O)N(C)C1,7.72,literature_compilation.sdf.gz
Oc1c(I)cc(Cl)c2cccnc12,8.16,literature_compilation.sdf.gz
CN1CCCC(C(=O)O)C1,9.7,literature_compilation.sdf.gz
COC(=O)C1CCCN(C)C1,8.39,literature_compilation.sdf.gz
COc1ccc2c3c1O[C@H]1[C@@H](O)C=CC4[C@@H](C2)N(C)CC[C@@]341,8.22,literature_compilation.sdf.gz
COc1ccc2c3c1O[C@H]1[C@@H](O)C=CC4[C@@H](C2)NCC[C@@]341,9.23,literature_compilation.sdf.gz
COc1ccc2c3c1O[C@H]1[C@@H](O)C=CC4[C@@H](C2)N(CCC#N)CC[C@@]341,5.68,literature_compilation.sdf.gz
CC(=O)OC(CC(=O)O)C[N+](C)(C)C,3.6,literature_compilation.sdf.gz
CCCC(=O)OC(CC(=O)O)C[N+](C)(C)C,3.56,literature_compilation.sdf.gz
CCCCCCCC(=O)OC(CC(=O)O)C[N+](C)(C)C,3.6,literature_compilation.sdf.gz
CCCCCCCCCC(=O)OC(CC(=O)O)C[N+](C)(C)C,3.65,literature_compilation.sdf.gz
CN(C)CCN1C(=O)c2ccccc2N(C)c2ccccc21,3.451,literature_compilation.sdf.gz
COc1ccc2c3c1O[C@H]1[C@@H](O)CC[C@H]4[C@@H](C2)N(C)CC[C@@]341,8.75,literature_compilation.sdf.gz
CN1CC[C@]23c4c5ccc(O)c4O[C@H]2[C@@H](O)CC[C@H]3[C@H]1C5,9.35,literature_compilation.sdf.gz
C[C@]12CC[C@H]3C(=CCc4cc(O)ccc43)[C@@H]1CC[C@H]2O,10.29,literature_compilation.sdf.gz
C[C@]12CC[C@H]3C(=CCc4cc(O)ccc43)[C@@H]1CC[C@@H]2O,9.77,literature_compilation.sdf.gz
CCCCCCCC/C=C/CCCCCCCC(=O)OCC(COP(=O)(O)OCCN)OC(=O)CCCCCCC/C=C/CCCCCCCC,7.55,literature_compilation.sdf.gz
N[C@@H](Cc1ccccc1)C(=O)N[C@H](Cc1ccccc1)C(=O)O,3.2,literature_compilation.sdf.gz
N[C@@H](Cc1ccccc1)C(=O)N[C@H](Cc1ccccc1)C(=O)N[C@H](Cc1ccccc1)C(=O)O,3.37,literature_compilation.sdf.gz
CCOC(=O)c1cnc2oc(/C=N/N3CC(CN4CCOCC4)OC3=O)cc2c1O,5.24,literature_compilation.sdf.gz
CCOC(=O)[C@H](CCc1ccccc1)N[C@@H](C)C(=O)N1CCC[C@@H]1C(=O)O,2.975,literature_compilation.sdf.gz
CSCC[C@H](NC(=O)[C@@H](Cc1ccccc1)NC(=O)CNC(=O)CNC(=O)[C@H](N)Cc1ccc(O)cc1)C(=O)O,3.68,literature_compilation.sdf.gz
C[C@]12CC[C@@H]3c4ccc(O)cc4CC[C@H]3[C@@H]1CC[C@@H]2O,10.71,literature_compilation.sdf.gz
C[C@]12CC[C@@H]3c4ccc(O)cc4CC[C@H]3[C@@H]1CCC2=O,10.34,literature_compilation.sdf.gz
C#C[C@]1(O)CC[C@H]2[C@@H]3CCc4cc(O)ccc4[C@H]3CC[C@@]21C,10.4,literature_compilation.sdf.gz
CC1CCc2cc(F)cc3c(=O)c(C(=O)O)cn1c23,6.38,literature_compilation.sdf.gz
O=C(O)[C@H](O)[C@@H](O)[C@H](O)[C@H](O)CO,3.62,literature_compilation.sdf.gz
N[C@@H]1[C@@H](O)[C@H](O)[C@@H](COP(=O)(O)O)O[C@H]1O,6.1,literature_compilation.sdf.gz
C[C@H]1CCN2CCC[C@@H]12,11.4,literature_compilation.sdf.gz
CC1=CCN2CCC[C@@H]12,10.55,literature_compilation.sdf.gz
COc1cc(C(=O)OCCCN(C)CCN(C)CCCOC(=O)c2cc(OC)c(OC)c(OC)c2)cc(OC)c1OC,4.52,literature_compilation.sdf.gz
NCCc1nc[nH]c1I,4.06,literature_compilation.sdf.gz
NCCc1nc(I)[nH]c1I,2.31,literature_compilation.sdf.gz
OCCOCCN1CCN([C@H](c2ccccc2)c2ccc(Cl)cc2)CC1,1.975,literature_compilation.sdf.gz
CC(C)Cc1ccc([C@@H](C)C(=O)O)cc1,4.44,literature_compilation.sdf.gz
C[C@@H](O)C(=O)O,3.861,literature_compilation.sdf.gz
C[C@H](CCc1ccccc1)NC[C@@H](O)c1ccc(O)c(C(N)=O)c1,7.41,literature_compilation.sdf.gz
CN[C@@H](C)Cc1ccccc1,9.99,literature_compilation.sdf.gz
CN[C@@H](C)Cc1ccc(O)cc1,9.62,literature_compilation.sdf.gz
COc1ccc(OC)c([C@H](O)[C@@H](C)N)c1,9.32,literature_compilation.sdf.gz
CNC(C)Cc1ccccc1OC,10.45,literature_compilation.sdf.gz
CC[C@@H](CO)NC(=O)[C@@H]1C=C2c3cccc4[nH]cc(c34)C[C@H]2N(C)C1,6.65,literature_compilation.sdf.gz
CC[C@@H](CO)NC(=O)[C@@H]1C=C2c3cccc4c3c(cn4C)C[C@H]2N(C)C1,6.62,literature_compilation.sdf.gz
CN1CC[C@]23c4c5ccc(O)c4O[C@H]2[C@@H](O)C=CC3[C@H]1C5,8.18,literature_compilation.sdf.gz
Oc1ccc2c3c1O[C@H]1[C@@H](O)C=CC4[C@@H](C2)NCC[C@@]341,8.66,literature_compilation.sdf.gz
O=C(O)c1cccnc1Nc1cccc(C(F)(F)F)c1,4.44,literature_compilation.sdf.gz
CN1CC[C@]23c4c5ccc(O[C@@H]6O[C@H](C(=O)O)[C@@H](O)[C@@H](O)C6O)c4O[C@H]2[C@@H](O)C=CC3[C@H]1C5,2.87,literature_compilation.sdf.gz
CN1CC[C@]23c4c5ccc(O)c4O[C@H]2[C@@H](O[C@H]2OC(C(=O)O)[C@H](O)[C@H](O)C2O)C=CC3[C@H]1C5,2.89,literature_compilation.sdf.gz
O=C(O)c1cccnc1,2.05,literature_compilation.sdf.gz
O=C1CN=C(c2ccccc2)c2cc([N+](=O)[O-])ccc2N1,2.92,literature_compilation.sdf.gz
C[C@H](N)[C@@H](O)c1ccccc1,9.19,literature_compilation.sdf.gz
OC[C@H]1O[C@@H](n2cnc3c2N=CNC[C@H]3O)C[C@H]1O,1.67,literature_compilation.sdf.gz
CNCC(C)c1ccccc1,10.07,literature_compilation.sdf.gz
OC(CNc1ccccn1)c1ccccc1,6.488,literature_compilation.sdf.gz
O=C(O)c1ccccn1,0.99,literature_compilation.sdf.gz
CN1[C@H]2CC[C@@H]1[C@H](C(=O)O)[C@@H](O)C2,9.7,literature_compilation.sdf.gz
COC(=O)[C@H]1[C@H]2CC[C@@H](C[C@@H]1O)N2C,8.15,literature_compilation.sdf.gz
CN1[C@@H]2CC[C@H]1C[C@H](O)C2,10.06,literature_compilation.sdf.gz
CN1[C@@H]2CC[C@H]1C[C@@H](O)C2,10.33,literature_compilation.sdf.gz
Cc1ncc(CO)c(C=O)c1O,4.215,literature_compilation.sdf.gz
Cc1ncc(COP(=O)(O)O)c(C=O)c1O,4.14,literature_compilation.sdf.gz
Cc1ncc(CO)c(CN)c1O,3.455,literature_compilation.sdf.gz
Cc1ncc(CO)c(CO)c1O,8.96,literature_compilation.sdf.gz
C=C[C@H]1CN2CCC1C[C@H]2[C@H](O)c1ccnc2ccc(OC)cc12,4.33,literature_compilation.sdf.gz
Cc1cc2nc3c(=O)[nH]c(=O)nc-3n(C[C@H](O)[C@H](O)[C@H](O)CO)c2cc1C,9.69,literature_compilation.sdf.gz
CC(C)NC[C@@H](O)c1ccc(NS(C)(=O)=O)cc1,8.29,literature_compilation.sdf.gz
O=C1C[C@@H]2OCC=C3CN4CC[C@]56c7ccccc7N1[C@H]5[C@H]2[C@H]3C[C@H]46,8.26,literature_compilation.sdf.gz
CNCC(O)c1ccc(O)cc1,9.6,literature_compilation.sdf.gz
O=C(O)[C@H](O)[C@@H](O)C(=O)O,3.033,literature_compilation.sdf.gz
CN(C)CC[C@]12c3c4ccc(O)c3O[C@H]1[C@@H](O)CC[C@H]2CC4,8.65,literature_compilation.sdf.gz
N[C@@H](Cc1ccc(O)cc1)C(=O)O,2.06,literature_compilation.sdf.gz
O=C(O)C(Br)CBr,2.33,literature_compilation.sdf.gz
O=c1ccc(Br)cc(Br)c1O,5.18,literature_compilation.sdf.gz
O=C(NBr)C(Cl)Cl,4.68,literature_compilation.sdf.gz
O=Cc1cc(Br)cc([N+](=O)[O-])c1O,4.46,literature_compilation.sdf.gz
O=[N+]([O-])c1cc(Br)ccc1O,6.36,literature_compilation.sdf.gz
Brc1cc[nH+]cc1,3.71,literature_compilation.sdf.gz
O=C(O)C#CCl,1.87,literature_compilation.sdf.gz
CC(Cl)=CC(=O)O,4.02,literature_compilation.sdf.gz
O=C(O)c1ccccc1C(=O)C(Cl)(Cl)Cl,4.99,literature_compilation.sdf.gz
COc1ccc(C(O)C(Cl)(Cl)Cl)cc1,12.12,literature_compilation.sdf.gz
C[Si](C)(CCl)CCCC(=O)O,4.97,literature_compilation.sdf.gz
O=S(=O)(/C=C/c1ccc(O)cc1)Oc1c(Cl)c(Cl)c(Cl)c(Cl)c1Cl,7.64,literature_compilation.sdf.gz
[NH3+]c1ccc(Cl)c2ccccc12,3.41,literature_compilation.sdf.gz
Cc1ccc(Cl)cc1[NH3+],3.85,literature_compilation.sdf.gz
O=C(O)c1cc(Cl)cc([N+](=O)[O-])c1,3.13,literature_compilation.sdf.gz
O=[N+]([O-])c1cc2c(cc1Cl)CCC(O)=C2,8.56,literature_compilation.sdf.gz
CC(Oc1ccc(Cl)cc1)C(=O)O,3.26,literature_compilation.sdf.gz
[NH3+]OCc1ccc(Cl)cc1,4.22,literature_compilation.sdf.gz
O=C(O)c1ccc(Cl)c([N+](=O)[O-])c1,3.33,literature_compilation.sdf.gz
O=C(O)c1c(Cl)cccc1Cl,1.74,literature_compilation.sdf.gz
O=C(O)c1csc(Cl)c1,3.8,literature_compilation.sdf.gz
C[NH+](C)CC(F)C(F)(F)F,6.6,literature_compilation.sdf.gz
[NH3+]CC(F)C(F)(F)F,7.1,literature_compilation.sdf.gz
OCC(F)(F)C(F)F,12.15,literature_compilation.sdf.gz
O=C(O)Cc1ccc(OC(F)(F)F)cc1,5.44,literature_compilation.sdf.gz
C[NH+](C)c1ccc(C(F)(F)F)cc1,2.67,literature_compilation.sdf.gz
Ic1cccc[nH+]1,1.82,literature_compilation.sdf.gz
O=C(O)COc1ccccc1I,3.17,literature_compilation.sdf.gz
O=C(O)C#COc1ccccc1,3.09,literature_compilation.sdf.gz
COC(=O)C12CC(C(=O)O)(C1)C2,3.51,literature_compilation.sdf.gz
COC(=O)C=C(O)c1ccc[n+](C)c1,5.73,literature_compilation.sdf.gz
Cc1cc(C(=O)Oc2ccc([N+](=O)[O-])cc2[N+](=O)[O-])ccc1O,7.89,literature_compilation.sdf.gz
COC(=O)c1cccc([NH3+])c1,3.59,literature_compilation.sdf.gz
CCOC(=O)c1ccc([NH3+])cc1,2.46,literature_compilation.sdf.gz
CCOC(=O)c1ccc(CO[NH3+])cc1,4.11,literature_compilation.sdf.gz
CCCC(=[NH2+])OCC,7.08,literature_compilation.sdf.gz
COc1cc(/C=C/C(=O)c2ccc(O)c(=O)cc2)cc(OC)c1OC,4.85,literature_compilation.sdf.gz
COc1cc([NH3+])cc(OC)c1,3.86,literature_compilation.sdf.gz
COc1cccc(C=CC(=O)O)c1,4.38,literature_compilation.sdf.gz
COc1ccc(C(=O)C(=O)O)cc1OC,1.79,literature_compilation.sdf.gz
CCOc1cc(O)cc(OCC)c1,9.37,literature_compilation.sdf.gz
CCOc1ccc([NH3+])cc1,5.25,literature_compilation.sdf.gz
CC(C)CCOc1ccccc1/C=C/C(=O)O,4.85,literature_compilation.sdf.gz
COCC[NH2+]c1ccc(C)cc1,4.64,literature_compilation.sdf.gz
COCc1ccc(C(=O)O)cc1,4.18,literature_compilation.sdf.gz
O=C(O)c1ccc(OCc2ccccc2)cc1,4.44,literature_compilation.sdf.gz
c1ccc(Oc2ccc[nH+]c2)cc1,4.24,literature_compilation.sdf.gz
Cc1oc(=O)cc(O)c1C(=O)c1ccccc1,3.83,literature_compilation.sdf.gz
O=C(O)c1ccc(=O)oc1,3.26,literature_compilation.sdf.gz
c1cc2[nH+]c(c1)COCCOCCOCCOCCOCCOCCOCCOC2,3.7,literature_compilation.sdf.gz
O=C(O)c1c2cccc1COCCOCCOCCOCCOCCOCCOC2,4.06,literature_compilation.sdf.gz
O=C(O)c1cc(=O)c2cc3c(cc2o1)CCCC3,1.75,literature_compilation.sdf.gz
CC(=O)c1ccccc1[NH3+],2.31,literature_compilation.sdf.gz
C/C(O)=C/C(=O)CC(C)C,9.19,literature_compilation.sdf.gz
CC1(C)[C@@H]2CC[C@@]1(C)C(=O)C2C(=O)O,3.76,literature_compilation.sdf.gz
[NH3+]Cc1ccc([N+](=O)[O-])cc1[N+](=O)[O-],7.7,literature_compilation.sdf.gz
CCC#CC(=O)O,2.6,literature_compilation.sdf.gz
CC(=O)CC(=O)C(=O)O,2.59,literature_compilation.sdf.gz
Cc1ccc(C(=O)C(=O)O)cc1C,1.36,literature_compilation.sdf.gz
CC(C(=O)O)C1CCC[C@@H](C)C1,4.59,literature_compilation.sdf.gz
O=C(O)C=C=Cc1ccccc1,3.7,literature_compilation.sdf.gz
Cc1cccc(C=CC(=O)O)c1,4.44,literature_compilation.sdf.gz
O=C(O)CC(=O)c1ccc(-c2ccccc2)cc1,4.43,literature_compilation.sdf.gz
CC(C)(C)CCC(=O)O,4.81,literature_compilation.sdf.gz
CC(C)(C)CCCC(=O)O,4.88,literature_compilation.sdf.gz
O=C(O)CCCCCCC[n+]1ccccc1,4.5,literature_compilation.sdf.gz
C[N+](C)(C)CC(=O)O,1.99,literature_compilation.sdf.gz
CCCCCCCCCCCC[N+](C)(C)CC(=O)O,1.82,literature_compilation.sdf.gz
O=C(O)[C@H]1C[C@@H]1c1cccc([N+](=O)[O-])c1,4.41,literature_compilation.sdf.gz
Cc1ccc([C@H]2C[C@@H]2C(=O)O)cc1,4.6,literature_compilation.sdf.gz
C/C=C\C(=O)O,4.68,literature_compilation.sdf.gz
O=C(O)c1ccc[nH]1,4.45,literature_compilation.sdf.gz
O=C(O)c1c2ccccc2cc2ccccc12,3.65,literature_compilation.sdf.gz
O=C(O)c1cccc(C2CC2)c1,4.28,literature_compilation.sdf.gz
CC(C)(C)c1ccccc1C(=O)O,3.55,literature_compilation.sdf.gz
C[N+](C)(C)c1ccccc1C(=O)O,1.16,literature_compilation.sdf.gz
Cc1ccc(O)c(=O)cc1,7.32,literature_compilation.sdf.gz
O=c1ccc2ccccc2cc1O,10.0,literature_compilation.sdf.gz
C[n+]1cccc(/C=C(\O)c2ccccc2)c1,6.75,literature_compilation.sdf.gz
O=[N+]([O-])c1cc([N+](=O)[O-])c2ccccc2c1O,3.6,literature_compilation.sdf.gz
CC(C)(C)c1cccc(O)c1,10.12,literature_compilation.sdf.gz
CCCC[NH+](CCCC)CP(=O)(OCC)OCC,6.59,literature_compilation.sdf.gz
CCOP(=O)(C[NH+]1CCCC1)OCC,6.67,literature_compilation.sdf.gz
[NH3+]CCOP(=O)(Oc1ccccc1)Oc1ccccc1,8.22,literature_compilation.sdf.gz
O=C(O)CCCP,4.53,literature_compilation.sdf.gz
CS(=O)c1ccc(O)cc1,8.28,literature_compilation.sdf.gz
CS(=O)Cc1cccc(CS(C)=O)[nH+]1,1.53,literature_compilation.sdf.gz
CSC(=[NH2+])c1ccccc1,5.83,literature_compilation.sdf.gz
CSC(C)C(=O)O,3.76,literature_compilation.sdf.gz
COc1cccc(SCC(=O)O)c1,3.55,literature_compilation.sdf.gz
O=C(O)CSc1ccc(F)cc1,3.58,literature_compilation.sdf.gz
CSc1ccc(SCC(=O)O)cc1,3.74,literature_compilation.sdf.gz
O=C(O)CSc1ccccc1[N+](=O)[O-],3.26,literature_compilation.sdf.gz
CCOP(=O)(OCC)SCC[NH+](C)C,7.73,literature_compilation.sdf.gz
O=C(O)c1cc([N+](=O)[O-])ccc1Sc1ccccc1,3.22,literature_compilation.sdf.gz
O=C1CSC(=S)N1,6.87,literature_compilation.sdf.gz
CCC1CSC(C(C)C)=[NH+]1,5.28,literature_compilation.sdf.gz
C1=[NH+]CCS1,5.22,literature_compilation.sdf.gz
S=C1[NH2+]c2ccccc2O1,6.33,literature_compilation.sdf.gz
CCOC(=O)CCS,9.48,literature_compilation.sdf.gz
O=[N+]([O-])c1ccc(S)c([N+](=O)[O-])c1,3.4,literature_compilation.sdf.gz
CC1CCC([NH+](C)C)CC1,10.46,literature_compilation.sdf.gz
CC(C)(C)[NH2+]c1ccccc1,7.08,literature_compilation.sdf.gz
CC(C)[NH2+]c1ccccc1,5.64,literature_compilation.sdf.gz
CC[NH2+]c1ccccc1C,4.92,literature_compilation.sdf.gz
CCCCC[NH2+]c1ccccc1,5.16,literature_compilation.sdf.gz
[NH3+]C12C3C4C5C3C1C5C42,8.66,literature_compilation.sdf.gz
N#CCC[NH3+],7.7,literature_compilation.sdf.gz
[NH3+]c1cccc2ccccc12,3.92,literature_compilation.sdf.gz
[NH3+]c1ccc2c(c1)-c1c(ccc3ccccc13)C2,4.67,literature_compilation.sdf.gz
CCCc1ccccc1[NH3+],4.36,literature_compilation.sdf.gz
O=C(O)C[P+](c1ccccc1)(c1ccccc1)c1ccccc1,1.77,literature_compilation.sdf.gz
C[S+](C)c1ccc(O)cc1,7.33,literature_compilation.sdf.gz
C[Si](C)(CCCC(=O)O)O[Si](CCC(F)(F)F)(CCC(F)(F)F)CCC(F)(F)F,4.95,literature_compilation.sdf.gz
C[Si](C)(C)[NH+]([Si](C)(C)C)[Si](C)(C)C,9.3,literature_compilation.sdf.gz
CC1=C(C)[NH+](C)[SiH](C)[Si](C)=C1C,7.55,literature_compilation.sdf.gz
c1ccc2c(c1)ccc1ccc[nH+]c12,4.15,literature_compilation.sdf.gz
Cc1cc[nH+]cc1C,6.62,literature_compilation.sdf.gz
Cc1cc[nH+]c(C)c1,6.79,literature_compilation.sdf.gz
c1cc(-c2ccoc2)cc[nH+]1,5.72,literature_compilation.sdf.gz
O=C(O)c1ccc([N+](=O)[O-])s1,2.68,literature_compilation.sdf.gz
COc1csc(C(=O)O)c1,3.41,literature_compilation.sdf.gz
O=C(O)Cc1ccsc1,4.07,literature_compilation.sdf.gz
O=C(/C=C(\O)C(F)(F)F)c1cccs1,3.95,literature_compilation.sdf.gz
O=C(O)/C=C/c1cccs1,4.25,literature_compilation.sdf.gz
N#Cc1ccc([C@H]2[C@H]3C(=O)N(Cc4ccc(F)cc4)C(=O)[C@H]3[C@@H]3CCCN32)cc1F,4.1,literature_compilation.sdf.gz
N#Cc1ccc([C@H]2[C@H]3C(=O)N(Cc4ccc(F)cc4)C(=O)[C@H]3[C@@H]3CCCN32)c(F)c1,4.2,literature_compilation.sdf.gz
N#Cc1ccc([C@H]2[C@H]3C(=O)N(Cc4ccc(F)cc4)C(=O)[C@H]3[C@@H]3CCCN32)c(F)c1F,3.6,literature_compilation.sdf.gz
N#Cc1c(F)cc([C@H]2[C@H]3C(=O)N(Cc4ccc(F)cc4)C(=O)[C@H]3[C@@H]3CCCN32)cc1F,3.6,literature_compilation.sdf.gz
N#Cc1cc(F)c([C@H]2[C@H]3C(=O)N(Cc4ccc(F)cc4)C(=O)[C@H]3[C@@H]3CCCN32)c(F)c1,4.4,literature_compilation.sdf.gz
O=C1[C@@H]2[C@H](C(=O)N1Cc1ccc(F)cc1)[C@H](c1ccc(Br)cc1)N1C[C@H](O)C[C@@H]21,4.2,literature_compilation.sdf.gz
N#Cc1ccc([C@H]2[C@H]3C(=O)N(Cc4ccc(F)cc4)C(=O)[C@H]3[C@@H]3C[C@@H](O)CN32)cc1,3.7,literature_compilation.sdf.gz
CO[C@H]1C[C@H]2[C@@H]3C(=O)N(Cc4ccc(F)cc4)C(=O)[C@@H]3[C@H](c3ccc(C#N)cc3)N2C1,3.6,literature_compilation.sdf.gz
CC(C)(C)[Si](C)(C)O[C@@H]1C[C@H]2[C@@H]3C(=O)N(Cc4ccc(F)cc4)C(=O)[C@@H]3[C@H](c3ccc(Br)cc3)N2C1,4.0,literature_compilation.sdf.gz
N#Cc1ccc([C@H]2[C@H]3C(=O)N(Cc4ccc(F)cc4)C(=O)[C@H]3[C@@H]3C[C@H](O)CN32)cc1,3.8,literature_compilation.sdf.gz
CO[C@@H]1CCN2[C@@H]1[C@@H]1C(=O)N(Cc3ccc(F)cc3)C(=O)[C@@H]1[C@@H]2c1ccc(C#N)cc1,4.2,literature_compilation.sdf.gz
O=C1[C@@H]2[C@H](C(=O)N1Cc1ccc(F)cc1)[C@H](c1ccc(Br)cc1)N1CC[C@H](O)[C@@H]21,4.2,literature_compilation.sdf.gz
N#Cc1ccc([C@H]2[C@H]3C(=O)N(Cc4ccc(F)cc4)C(=O)[C@H]3[C@@H]3[C@H](O)CCN32)cc1,4.2,literature_compilation.sdf.gz
N#Cc1ccc([C@H]2[C@H]3C(=O)N(Cc4ccc(F)cc4)C(=O)[C@H]3[C@@H]3C(=O)CCN32)cc1,3.0,literature_compilation.sdf.gz
N#Cc1ccc([C@H]2[C@H]3C(=O)N(Cc4ccc(F)cc4)C(=O)[C@H]3[C@@H]3[C@@H](F)CCN32)cc1,3.3,literature_compilation.sdf.gz
N#Cc1ccc([C@H]2[C@H]3C(=O)N(Cc4ccc(F)cc4)C(=O)[C@H]3[C@@H]3[C@H](F)CCN32)cc1,3.3,literature_compilation.sdf.gz
N#Cc1ccc([C@H]2[C@H]3C(=O)N(Cc4ccc(F)cc4)C(=O)[C@H]3[C@@H]3C[C@H](F)CN32)cc1,3.1,literature_compilation.sdf.gz
N#Cc1ccc([C@H]2[C@H]3C(=O)N(Cc4ccc(F)cc4)C(=O)[C@H]3[C@@H]3CCCN32)cc1,4.5,literature_compilation.sdf.gz
CC[C@@H]1[C@@H]2[C@H](C(=O)N1Cc1ccc(F)cc1)[C@H](c1ccc(C#N)cc1)N1CCC[C@@H]21,6.3,literature_compilation.sdf.gz
N#Cc1ccc([C@H]2[C@H]3C(=O)N(Cc4ccc(F)cc4)[C@](O)(C(F)(F)F)[C@H]3[C@@H]3CCCN32)cc1,5.5,literature_compilation.sdf.gz
COc1ccc(CN2C(=O)[C@@H]3[C@H](C2=O)[C@H](c2ccc(C#N)cc2)N2CCC[C@@H]32)cc1,4.6,literature_compilation.sdf.gz
COc1ccc(CN2C(=O)[C@H]3[C@@H]([C@H]2CC(F)F)[C@@H]2CCCN2[C@H]3c2ccc(C#N)cc2)cc1,6.0,literature_compilation.sdf.gz
COc1ccc(CN2C(=O)[C@H]3[C@H]([C@@H]4CCCN4[C@H]3c3ccc(C#N)cc3)[C@@]2(O)C(F)(F)F)cc1,5.5,literature_compilation.sdf.gz
CC(C)[C@@H]1[C@@H]2[C@H](C(=O)N1Cc1ccc(Cl)cc1)[C@H](c1ccc(C#N)cc1)N1CCC[C@@H]21,6.0,literature_compilation.sdf.gz
c1ccc2c(c1)NCN2,5.5,literature_compilation.sdf.gz
Fc1cccc2c1NCN2,4.2,literature_compilation.sdf.gz
Fc1ccc2c(c1F)NCN2,3.6,literature_compilation.sdf.gz
Fc1cc(F)c2c(c1F)NCN2,2.5,literature_compilation.sdf.gz
Fc1ccc2c(c1)NCN2,5.0,literature_compilation.sdf.gz
Fc1cc(F)c2c(c1)NCN2,3.7,literature_compilation.sdf.gz
Fc1cc2c(cc1F)NCN2,4.5,literature_compilation.sdf.gz
Fc1cc2c(c(F)c1F)NCN2,3.1,literature_compilation.sdf.gz
Fc1ccc(F)c2c1NCN2,3.0,literature_compilation.sdf.gz
Fc1c(F)c(F)c2c(c1F)NCN2,2.1,literature_compilation.sdf.gz
Fc1cccc2nc[nH]c12,11.6,literature_compilation.sdf.gz
Fc1ccc2[nH]cnc2c1F,11.1,literature_compilation.sdf.gz
Fc1cc(F)c2[nH]cnc2c1F,9.9,literature_compilation.sdf.gz
Fc1ccc2nc[nH]c2c1F,11.1,literature_compilation.sdf.gz
Fc1cc(F)c2nc[nH]c2c1,11.2,literature_compilation.sdf.gz
Fc1cc(F)c2nc[nH]c2c1F,9.9,literature_compilation.sdf.gz
Fc1cc(F)c2[nH]cnc2c1,11.2,literature_compilation.sdf.gz
Fc1cc2nc[nH]c2cc1F,11.7,literature_compilation.sdf.gz
Fc1cc2nc[nH]c2c(F)c1F,10.7,literature_compilation.sdf.gz
Fc1ccc(F)c2[nH]cnc12,10.3,literature_compilation.sdf.gz
Fc1cc2[nH]cnc2c(F)c1F,10.7,literature_compilation.sdf.gz
Fc1c(F)c(F)c2[nH]cnc2c1F,9.4,literature_compilation.sdf.gz
CN(C)CCCCSc1ccccc1,9.8,literature_compilation.sdf.gz
CN(C)CCCCS(=O)c1ccccc1,9.4,literature_compilation.sdf.gz
N=C(N)c1ccc([C@H]2[C@H]3C(=O)N(Cc4ccc(F)cc4)C(=O)[C@H]3[C@@H]3CCCN32)cc1,4.5,literature_compilation.sdf.gz
N=C(N)c1ccc([C@H]2[C@H]3C(=O)N(Cc4ccc(F)cc4)C(=O)[C@H]3[C@@H]3CCCN32)cc1F,4.2,literature_compilation.sdf.gz
N=C(N)c1ccc([C@H]2[C@H]3C(=O)N(Cc4ccc(F)cc4)C(=O)[C@H]3[C@@H]3CCCN32)c(F)c1,4.1,literature_compilation.sdf.gz
N=C(N)c1cc(F)c([C@H]2[C@H]3C(=O)N(Cc4ccc(F)cc4)C(=O)[C@H]3[C@@H]3CCCN32)c(F)c1,4.2,literature_compilation.sdf.gz
N=C(N)c1ccc([C@H]2[C@H]3C(=O)N(Cc4ccc(F)cc4)C(=O)[C@H]3[C@@H]3CCCN32)c(F)c1F,3.7,literature_compilation.sdf.gz
N=C(N)c1c(F)cc([C@H]2[C@H]3C(=O)N(Cc4ccc(F)cc4)C(=O)[C@H]3[C@@H]3CCCN32)cc1F,3.7,literature_compilation.sdf.gz
CC(C)[C@@H]1C2[C@H](C(=O)N1Cc1ccc(F)cc1)[C@H](c1ccc(C(=N)N)cc1)N1CCC[C@@H]21,6.5,literature_compilation.sdf.gz
CC(C)[C@@H]1C2[C@H](C(=O)N1Cc1ccc(Cl)cc1)[C@H](c1ccc(C(=N)N)cc1)N1CCC[C@@H]21,6.2,literature_compilation.sdf.gz
COc1ccc(CN2C(=O)[C@H]3C([C@H]2C(C)C)[C@@H]2CCCN2[C@H]3c2ccc(C(=N)N)cc2)cc1,6.3,literature_compilation.sdf.gz
CC[C@@H]1C2[C@H](C(=O)N1Cc1ccc(F)cc1)[C@H](c1ccc(C(=N)N)cc1)N1CCC[C@@H]21,6.3,literature_compilation.sdf.gz
C=C[C@@H]1C2[C@H](C(=O)N1Cc1ccc(F)cc1)[C@H](c1ccc(C(=N)N)cc1)N1CCC[C@@H]21,6.0,literature_compilation.sdf.gz
CCC[C@@H]1C2[C@H](C(=O)N1Cc1ccc(F)cc1)[C@H](c1ccc(C(=N)N)cc1)N1CCC[C@@H]21,6.2,literature_compilation.sdf.gz
N=C(N)c1ccc([C@H]2[C@H]3C(=O)N(Cc4ccc(F)cc4)[C@H](CF)C3[C@@H]3CCCN32)cc1,6.0,literature_compilation.sdf.gz
N=C(N)c1ccc([C@H]2[C@H]3C(=O)N(Cc4ccc(F)cc4)[C@H](C(F)F)C3[C@@H]3CCCN32)cc1,5.6,literature_compilation.sdf.gz
N=C(N)c1ccc([C@H]2[C@H]3C(=O)N(Cc4ccc(F)cc4)[C@H](CCF)C3[C@@H]3CCCN32)cc1,6.1,literature_compilation.sdf.gz
N=C(N)c1ccc([C@H]2[C@H]3C(=O)N(Cc4ccc(F)cc4)[C@H](CC(F)F)C3[C@@H]3CCCN32)cc1,6.0,literature_compilation.sdf.gz
N=C(N)c1ccc([C@H]2[C@H]3C(=O)N(Cc4ccc(F)cc4)[C@](O)(C(F)(F)F)C3[C@@H]3CCCN32)cc1,5.5,literature_compilation.sdf.gz
CO[C@@]1(C(F)(F)F)C2[C@H](C(=O)N1Cc1ccc(F)cc1)[C@H](c1ccc(C(=N)N)cc1)N1CCC[C@@H]21,5.2,literature_compilation.sdf.gz
CO[C@]1(C(F)(F)F)C2[C@H](C(=O)N1Cc1ccc(F)cc1)[C@H](c1ccc(C(=N)N)cc1)N1CCC[C@@H]21,4.9,literature_compilation.sdf.gz
N=C(N)c1ccc([C@H]2[C@H]3C(=O)N(Cc4ccc(F)cc4)C(=O)[C@H]3[C@@H]3[C@@H](O)CCN32)cc1,4.1,literature_compilation.sdf.gz
CO[C@H]1CCN2[C@@H]1[C@@H]1C(=O)N(Cc3ccc(F)cc3)C(=O)[C@@H]1[C@@H]2c1ccc(C(=N)N)cc1,3.7,literature_compilation.sdf.gz
N=C(N)c1ccc([C@H]2[C@H]3C(=O)N(Cc4ccc(F)cc4)C(=O)[C@H]3[C@@H]3[C@@H](F)CCN32)cc1,3.4,literature_compilation.sdf.gz
N=C(N)c1ccc([C@H]2[C@H]3C(=O)N(Cc4ccc(F)cc4)C(=O)[C@H]3[C@@H]3[C@H](O)CCN32)cc1,4.2,literature_compilation.sdf.gz
CO[C@@H]1CCN2[C@@H]1[C@@H]1C(=O)N(Cc3ccc(F)cc3)C(=O)[C@@H]1[C@@H]2c1ccc(C(=N)N)cc1,4.2,literature_compilation.sdf.gz
N=C(N)c1ccc([C@H]2[C@H]3C(=O)N(Cc4ccc(F)cc4)C(=O)[C@H]3[C@@H]3[C@H](F)CCN32)cc1,3.3,literature_compilation.sdf.gz
COC1(OC)CCN2[C@@H](c3ccc(C(=N)N)cc3)[C@H]3C(=O)N(Cc4ccc(F)cc4)C(=O)[C@H]3[C@@H]21,3.3,literature_compilation.sdf.gz
N=C(N)c1ccc([C@H]2[C@H]3C(=O)N(Cc4ccc(F)cc4)C(=O)[C@H]3[C@@H]3C[C@@H](O)CN32)cc1,3.9,literature_compilation.sdf.gz
CO[C@@H]1C[C@H]2[C@@H]3C(=O)N(Cc4ccc(F)cc4)C(=O)[C@@H]3[C@H](c3ccc(C(=N)N)cc3)N2C1,3.6,literature_compilation.sdf.gz
N=C(N)c1ccc([C@H]2[C@H]3C(=O)N(Cc4ccc(F)cc4)C(=O)[C@H]3[C@@H]3C[C@@H](F)CN32)cc1,3.3,literature_compilation.sdf.gz
N=C(N)c1ccc([C@H]2[C@H]3C(=O)N(Cc4ccc(F)cc4)C(=O)[C@H]3[C@@H]3C[C@H](O)CN32)cc1,3.9,literature_compilation.sdf.gz
CO[C@H]1C[C@H]2[C@@H]3C(=O)N(Cc4ccc(F)cc4)C(=O)[C@@H]3[C@H](c3ccc(C(=N)N)cc3)N2C1,3.7,literature_compilation.sdf.gz
N=C(N)c1ccc([C@H]2[C@H]3C(=O)N(Cc4ccc(F)cc4)C(=O)[C@H]3[C@@H]3C[C@H](F)CN32)cc1,3.3,literature_compilation.sdf.gz
CCC(C)N(C)C,10.6,literature_compilation.sdf.gz
CCCCc1ccc(CCCCN(C)C)cc1,9.9,literature_compilation.sdf.gz
CCCCc1ccc(C(C)(C)CCCN(C)C)cc1,9.8,literature_compilation.sdf.gz
CCCCc1ccc(CCC(C)(C)CN(C)C)cc1,9.4,literature_compilation.sdf.gz
CCCCc1ccc(CCCC(C)(C)N(C)C)cc1,10.4,literature_compilation.sdf.gz
CN(Cc1ccccc1C(F)(F)F)[C@@H]1CCN(CCCc2c[nH]c3ccc(-n4cnnc4)cc23)C[C@@H]1F,7.7,literature_compilation.sdf.gz
CN(Cc1ccccc1)[C@@H]1CCN(CCCc2c[nH]c3ccc(-n4cnnc4)cc23)C[C@@H]1F,8.0,literature_compilation.sdf.gz
CN(Cc1ccccc1C(F)(F)F)[C@@H]1CCN(CCCc2c[nH]c3ccc(-n4cnnc4)cc23)C[C@H]1F,6.9,literature_compilation.sdf.gz
F[C@H]1CN(CCCc2c[nH]c3ccc(-n4cnnc4)cc23)CCC1Cc1ccccc1,9.3,literature_compilation.sdf.gz
F[C@@H]1CN(CCCc2c[nH]c3ccc(-n4cnnc4)cc23)CC[C@H]1Cc1ccccc1,8.8,literature_compilation.sdf.gz
CN(C)C1(CCCc2ccccc2)COC1,7.2,literature_compilation.sdf.gz
CN(C)CC1(CCc2ccccc2)COC1,8.0,literature_compilation.sdf.gz
CN(C)CCC1(Cc2ccccc2)COC1,9.2,literature_compilation.sdf.gz
CN(C)CCCC1(c2ccccc2)COC1,9.6,literature_compilation.sdf.gz
CN(C)CCCCc1ccccc1,9.9,literature_compilation.sdf.gz
CN(C)CCNC(=O)c1ccccc1,8.5,literature_compilation.sdf.gz
CN(C)CCCNC(=O)c1ccccc1,9.3,literature_compilation.sdf.gz
c1ccc(N2CCNCC2)cc1,9.0,literature_compilation.sdf.gz
c1ccc(N2CCNCC2)nc1,8.9,literature_compilation.sdf.gz
c1cnc(N2CCNCC2)nc1,8.9,literature_compilation.sdf.gz
NCCNS(=O)(=O)c1ccccc1,9.0,literature_compilation.sdf.gz
Cc1ccc(S(=O)(=O)NCCCN)cc1,9.9,literature_compilation.sdf.gz
COCCN(C)C,9.0,literature_compilation.sdf.gz
NCCCS(=O)(=O)c1ccccc1,9.2,literature_compilation.sdf.gz
NCCCCS(=O)(=O)c1ccccc1,10.0,literature_compilation.sdf.gz
NCCCCCS(=O)(=O)c1ccccc1,10.4,literature_compilation.sdf.gz
NCCSc1ccccc1,9.0,literature_compilation.sdf.gz
NCCCSc1ccccc1,9.9,literature_compilation.sdf.gz
NCCCCSc1ccccc1,10.4,literature_compilation.sdf.gz
NCCCCCSc1ccccc1,10.5,literature_compilation.sdf.gz
CC(=O)CC1CCCCN1,9.5,literature_compilation.sdf.gz
CCOC(=O)CN,7.6,literature_compilation.sdf.gz
CCOC(=O)CCCN,9.7,literature_compilation.sdf.gz
CCOC(=O)CCCCCN,10.3,literature_compilation.sdf.gz
CN(C)CCCC#N,8.7,literature_compilation.sdf.gz
CN(C)CCCCC#N,9.5,literature_compilation.sdf.gz
O=S(=O)(CCN1CCC(Cc2ccccc2)CC1)c1ccc(O)cc1,6.8,literature_compilation.sdf.gz
O=S(=O)(CCN1CC[C@H](Cc2ccccc2)[C@H](O)C1)c1ccc(O)cc1,6.5,literature_compilation.sdf.gz
O=S(=O)(CCN1CC[C@H](Cc2ccccc2)[C@@H](O)C1)c1ccc(O)cc1,5.6,literature_compilation.sdf.gz
OC(CNCc1ccccc1)C(F)(F)F,7.3,literature_compilation.sdf.gz
OC(CN1CCCCC1)C(F)(F)F,8.1,literature_compilation.sdf.gz
FC1CCNC1,9.4,literature_compilation.sdf.gz
CC(N)CO,9.4,literature_compilation.sdf.gz
NCCOCCO,9.42,literature_compilation.sdf.gz
CC(O)CNCC(C)O,8.57,literature_compilation.sdf.gz
OCCNC1CCCCC1,8.55,literature_compilation.sdf.gz
NC(CO)CO,9.7,literature_compilation.sdf.gz
CC(C)(C)NCCO,8.08,literature_compilation.sdf.gz
CC(C)(C)N(CCO)CCO,10.7,literature_compilation.sdf.gz
CC(O)CN,9.8,literature_compilation.sdf.gz
CCNCCO,9.93,literature_compilation.sdf.gz
Cn1c(=O)c2[nH]c(Cl)nc2n(C)c1=O,8.2,literature_compilation.sdf.gz
CCC(OC(C)=O)C(CC(C)N(C)C)(c1ccccc1)c1ccccc1,8.6,literature_compilation.sdf.gz
CC(=O)CC(c1ccc([N+](=O)[O-])cc1)c1c(O)c2ccccc2oc1=O,4.7,literature_compilation.sdf.gz
Nc1nc2c(ncn2COCCO)c(=O)[nH]1,9.3,literature_compilation.sdf.gz
CC[C@@H]1[C@@H](O)N2[C@@H]3C[C@H]1C1[C@@H]2C[C@]2(c4ccccc4C(C)[C@@H]32)[C@H]1O,8.2,literature_compilation.sdf.gz
C=CCOc1ccc(CC(=O)O)cc1Cl,4.3,literature_compilation.sdf.gz
Oc1ncnc2[nH]ncc12,9.4,literature_compilation.sdf.gz
CCC(=O)O[C@@]1(c2ccccc2)CCN(C)C[C@H]1C,8.7,literature_compilation.sdf.gz
NC12C[C@H]3C[C@@H](C1)C[C@@H](C2)C3,9.0,literature_compilation.sdf.gz
NC(N)=NC(=O)c1nc(Cl)c(N)nc1N,8.7,literature_compilation.sdf.gz
NCCCCCC(=O)O,4.4,literature_compilation.sdf.gz
Nc1ccc(C(=O)NCC(=O)O)cc1,3.8,literature_compilation.sdf.gz
Nc1nc(N)c2nc(CNc3ccc(C(=O)N[C@@H](CCC(=O)O)C(=O)O)cc3)cnc2n1,5.5,literature_compilation.sdf.gz
Nc1nncs1,3.2,literature_compilation.sdf.gz
C[C@@H]1[C@H](O)[C@@H](C)\C=C/C=C\C=C/C=C\C=C/C=C\C=C/[C@H](O[C@@H]2O[C@H](C)[C@@H](O)[C@H](N)[C@@H]2O)C[C@@H]2O[C@](O)(C[C@@H](O)C[C@@H](O)[C@H](O)CC[C@@H](O)C[C@@H](O)CC(=O)O[C@H]1C)C[C@H](O)[C@H]2C(=O)O,5.5,literature_compilation.sdf.gz
CCOC(=O)C1(c2ccccc2)CCN(CCc2ccc(N)cc2)CC1,3.7,literature_compilation.sdf.gz
CN1CCC(=C2c3ccccc3CCc3cccnc32)CC1,9.3,literature_compilation.sdf.gz
Cn1cnc([N+](=O)[O-])c1Sc1ncnc2nc[nH]c12,8.0,literature_compilation.sdf.gz
CCOC(=O)OC(C)OC(=O)[C@@H]1N2C(=O)[C@@H](NC(=O)[C@H](N)c3ccccc3)[C@H]2SC1(C)C,6.8,literature_compilation.sdf.gz
NS(=O)(=O)c1cc2c(cc1C(F)(F)F)NC(Cc1ccccc1)NS2(=O)=O,8.5,literature_compilation.sdf.gz
C[C@@H](Cc1ccccc1)N(C)Cc1ccccc1,6.6,literature_compilation.sdf.gz
CCN(CC)C(=O)C1CN2CCc3cc(OC)c(OC)cc3C2CC1OC(C)=O,5.9,literature_compilation.sdf.gz
CCC(=O)O[C@]1(c2ccccc2)CCN(C)[C@@H](C)C1,8.7,literature_compilation.sdf.gz
C/N=C(\NC)NCc1ccccc1,10.6,literature_compilation.sdf.gz
O=C1CN=C(c2ccccn2)c2cc(Br)ccc2N1,11.0,literature_compilation.sdf.gz
CC(C)C[C@H]1C(=O)N2CCC[C@H]2[C@]2(O)O[C@](NC(=O)[C@@H]3C=C4c5cccc6[nH]c(Br)c(c56)C[C@H]4N(C)C3)(C(C)C)C(=O)N12,9.8,literature_compilation.sdf.gz
CN(C)CCOC(c1ccccc1)c1ccc(Br)cc1,4.9,literature_compilation.sdf.gz
COc1cc2c(cc1OC)[C@@]13CCN4CC5=CCO[C@H]6CC(=O)N2[C@H]1[C@H]6[C@H]5C[C@H]43,8.2,literature_compilation.sdf.gz
CC(C)(C)NCC(O)COC1CCC(=O)c2ccccc21,9.3,literature_compilation.sdf.gz
CNC(=S)NCCCCc1cc[nH]c1,7.5,literature_compilation.sdf.gz
CCCCN(CCCC)CCCOC(=O)c1ccc(N)cc1,9.0,literature_compilation.sdf.gz
CC[C@@]1(O)C(=O)OCc2c1cc1n(c2=O)Cc2cc3ccccc3nc2-1,10.8,literature_compilation.sdf.gz
C[N+](C)(C)CCOC(N)=O.[Cl-],4.8,literature_compilation.sdf.gz
CC1(C)S[C@@H]2[C@H](NC(=O)C(C(=O)O)c3ccccc3)C(=O)N2[C@H]1C(=O)O,2.7,literature_compilation.sdf.gz
CC1(C)[C@@H](OC(=O)CCC(=O)O)CC[C@]2(C)[C@H]3C(=O)C=C4[C@@H]5C[C@@](C)(C(=O)O)CC[C@]5(C)CC[C@@]4(C)[C@]3(C)CC[C@@H]12,6.7,literature_compilation.sdf.gz
CN(C)CCOC(c1ccc(Cl)cc1)c1ccccn1,8.1,literature_compilation.sdf.gz
CCCC(C)(COC(N)=O)COC(=O)NC(C)C,4.2,literature_compilation.sdf.gz
CC(C)OC(=O)c1cc2c(OCC(O)CNC(C)(C)C)cccc2[nH]1,8.8,literature_compilation.sdf.gz
N[C@@H](C(=O)N[C@@H]1C(=O)N2C(C(=O)O)=C(Cl)CS[C@H]12)c1ccccc1,1.5,literature_compilation.sdf.gz
Cn1nnnc1SCC1=C(C(=O)O)N2C(=O)[C@@H](NC(=O)[C@H](O)c3ccccc3)[C@H]2SC1,2.7,literature_compilation.sdf.gz
CCN1CCN(C(=O)NC(C(=O)N[C@@H]2C(=O)N3C(C(=O)O)=C(CSc4nnnn4C)CS[C@H]23)c2ccc(O)cc2)C(=O)C1=O,2.6,literature_compilation.sdf.gz
CO[C@@]1(NC(=O)Cc2cccs2)C(=O)N2C(C(=O)O)=C(COC(N)=O)CS[C@@H]21,2.2,literature_compilation.sdf.gz
CC(C)(O/N=C(\C(=O)N[C@@H]1C(=O)N2C(C(=O)[O-])=C(C[n+]3ccccc3)CS[C@H]12)c1csc(N)n1)C(=O)O,1.8,literature_compilation.sdf.gz
CO/N=C(\C(=O)N[C@@H]1C(=O)N2C(C(=O)O)=CCS[C@H]12)c1csc(N)n1,2.7,literature_compilation.sdf.gz
CO/N=C(\C(=O)N[C@@H]1C(=O)N2C(C(=O)O)=C(CSc3nc(=O)c(=O)[nH]n3C)CS[C@H]12)c1csc(N)n1,3.2,literature_compilation.sdf.gz
O=C(Cc1cccs1)N[C@@H]1C(=O)N2C(C(=O)[O-])=C(C[n+]3ccccc3)CS[C@H]12,3.4,literature_compilation.sdf.gz
CC(=O)OCC1=C(C(=O)O)N2C(=O)[C@@H](NC(=O)Cc3cccs3)[C@H]2SC1,2.5,literature_compilation.sdf.gz
OC(O)C(Cl)(Cl)Cl,10.0,literature_compilation.sdf.gz
CC(C)(N)Cc1ccc(Cl)cc1,9.6,literature_compilation.sdf.gz
CN(C)[C@@H]1C(=O)/C(=C(\N)O)C(=O)[C@@]2(O)C(=O)C3=C(O)c4c(O)ccc(Cl)c4[C@@](C)(O)[C@H]3C[C@@H]12,3.3,literature_compilation.sdf.gz
O=c1[nH]c2cc(Cl)ccc2o1,8.3,literature_compilation.sdf.gz
CN/C(=N\C#N)NCCSCc1nc[nH]c1C,6.8,literature_compilation.sdf.gz
C=C[C@H]1CN2CC[C@H]1C[C@@H]2[C@@H](O)c1ccnc2ccccc12,4.3,literature_compilation.sdf.gz
CCC[C@@H]1C[C@@H](C(=O)N[C@@H]([C@H]2O[C@H](SC)[C@H](O)[C@@H](O)[C@H]2O)[C@H](C)Cl)N(C)C1,7.5,literature_compilation.sdf.gz
CCOC(=O)C(C)(C)Oc1ccc(Cl)cc1,3.5,literature_compilation.sdf.gz
O=C1CN=C(c2ccccc2Cl)c2cc([N+](=O)[O-])ccc2N1,10.5,literature_compilation.sdf.gz
Clc1cccc(C(c2ccccc2)(c2ccccc2)n2ccnc2)c1,4.7,literature_compilation.sdf.gz
Cc1onc(-c2ccccc2Cl)c1C(=O)N[C@@H]1C(=O)N2[C@@H]1SC(C)(C)[C@@H]2C(=O)O,2.8,literature_compilation.sdf.gz
COc1cc2c(c(OC)c1OC)-c1ccc(OC)c(=O)cc1[C@@H](NC(C)=O)CC2,1.9,literature_compilation.sdf.gz
CNC(C)CC1CCCC1,11.5,literature_compilation.sdf.gz
CN(C)CCOC(=O)C(c1ccccc1)C1(O)CCCC1,7.9,literature_compilation.sdf.gz
N[C@@H]1CONC1=O,4.5,literature_compilation.sdf.gz
NS(=O)(=O)c1cc2c(cc1Cl)NC([C@H]1C[C@H]3C=C[C@@H]1C3)NS2(=O)=O,9.1,literature_compilation.sdf.gz
NC1=NC(=O)C([C@@H]2O[C@H](CO)[C@@H](O)[C@@H]2O)C=C1,4.3,literature_compilation.sdf.gz
CN(C)/N=N/c1[nH]cnc1C(N)=O,4.4,literature_compilation.sdf.gz
O=C1CN(/N=C/c2ccc(-c3ccc([N+](=O)[O-])cc3)o2)C(=O)N1,7.5,literature_compilation.sdf.gz
Nc1ccc(S(=O)(=O)c2ccc(N)cc2)cc1,1.3,literature_compilation.sdf.gz
COc1cccc2c1C(=O)c1c(O)c3c(c(O)c1C2=O)C[C@@](O)(C(C)=O)C[C@@H]3O[C@H]1C[C@H](N)[C@H](O)[C@H](C)O1,8.4,literature_compilation.sdf.gz
C[C@H](CCC(=O)O)[C@H]1CC[C@H]2[C@@H]3C(=O)C[C@@H]4CC(=O)CC[C@]4(C)[C@H]3CC(=O)[C@]12C,5.12,literature_compilation.sdf.gz
CN(C)[C@@H]1C(O)=C(C(N)=O)C(=O)[C@@]2(O)C(O)=C3C(=O)c4c(O)ccc(Cl)c4[C@@H](O)[C@H]3C[C@@H]12,3.3,literature_compilation.sdf.gz
O=C1C[N+]([O-])=C(c2ccccc2)c2cc(Cl)ccc2N1,4.5,literature_compilation.sdf.gz
COC(=O)[C@H]1[C@H]2C[C@@H]3c4[nH]c5ccccc5c4CCN3C[C@H]2C[C@@H](OC(=O)c2cc(OC)c(OC)c(OC)c2)[C@@H]1OC,6.7,literature_compilation.sdf.gz
CN(C)CC[C@@H](c1ccc(Br)cc1)c1ccccn1,9.1,literature_compilation.sdf.gz
C[C@H](CN1CCOCC1)C(C(=O)N1CCCC1)(c1ccccc1)c1ccccc1,7.0,literature_compilation.sdf.gz
CC(=O)Nc1c(I)c(NC(C)=O)c(I)c(C(=O)O)c1I,3.4,literature_compilation.sdf.gz
NS(=O)(=O)c1cc(Cl)c(Cl)c(S(N)(=O)=O)c1,7.4,literature_compilation.sdf.gz
O=c1oc2ccccc2c(O)c1Cc1c(O)c2ccccc2oc1=O,4.4,literature_compilation.sdf.gz
CCN(CC)CCOC(=O)C1(C2CCCCC2)CCCCC1,9.0,literature_compilation.sdf.gz
CCN(CC)CCN1c2ccccc2Sc2ccccc21,9.1,literature_compilation.sdf.gz
CCN(CC)C(=O)N1CCN(C)CC1,7.7,literature_compilation.sdf.gz
CC(C)C[C@H]1C(=O)N2CCC[C@H]2[C@]2(O)O[C@](NC(=O)[C@@H]3C[C@@H]4c5cccc6[nH]cc(c56)C[C@H]4N(C)C3)(C(C)C)C(=O)N12,6.9,literature_compilation.sdf.gz
CC(C)[C@@]1(NC(=O)[C@@H]2C[C@@H]3c4cccc5[nH]cc(c45)C[C@H]3N(C)C2)O[C@@]2(O)[C@@H]3CCCN3C(=O)[C@H](Cc3ccccc3)N2C1=O,6.9,literature_compilation.sdf.gz
CN1C[C@H](C(=O)N[C@]2(C)O[C@@]3(O)[C@@H]4CCCN4C(=O)[C@H](Cc4ccccc4)N3C2=O)C[C@@H]2c3cccc4[nH]cc(c34)C[C@H]21,6.9,literature_compilation.sdf.gz
CN[C@@H]1[C@H](O[C@H]2[C@H](O[C@H]3[C@H](O)[C@@H](O)[C@H](N=C(N)N)[C@@H](O)[C@@H]3N=C(N)N)O[C@@H](C)[C@]2(O)CO)O[C@@H](CO)[C@H](O)[C@H]1O,7.8,literature_compilation.sdf.gz
CC(C)(C)NCC(O)COc1cccc2c1CCCC2=O,9.5,literature_compilation.sdf.gz
CCCCc1cc2ccccc2c(OCCN(C)C)n1,6.3,literature_compilation.sdf.gz
CCCCC[C@H](O)/C=C/[C@H]1[C@H](O)CC(=O)[C@@H]1C/C=C\CCCC(=O)O,4.6,literature_compilation.sdf.gz
O=C(Nc1ccccc1)OCC(CN1CCCCC1)OC(=O)Nc1ccccc1,8.4,literature_compilation.sdf.gz
CCOC(=O)C1(c2ccccc2)CCN(CCC(C#N)(c2ccccc2)c2ccccc2)CC1,7.1,literature_compilation.sdf.gz
CCC(=O)C(CC(C)N1CCCCC1)(c1ccccc1)c1ccccc1,8.5,literature_compilation.sdf.gz
OCCN(CCO)c1nc(N2CCCCC2)c2nc(N(CCO)CCO)nc(N3CCCCC3)c2n1,6.4,literature_compilation.sdf.gz
CN(C)CC/C=C1/c2ccccc2COc2ccccc21,9.0,literature_compilation.sdf.gz
C[C@H]1c2cccc(O)c2C(=O)C2=C(O)[C@]3(O)C(=O)C(C(N)=O)=C(O)[C@@H](N(C)C)[C@@H]3[C@@H](O)[C@@H]21,3.4,literature_compilation.sdf.gz
CN(C)CCOC(C)(c1ccccc1)c1ccccn1,4.4,literature_compilation.sdf.gz
O=C(CCCN1CC=C(n2c(=O)[nH]c3ccccc32)CC1)c1ccc(F)cc1,7.6,literature_compilation.sdf.gz
CC[C@H]1CN2CCc3cc(OC)c(OC)cc3[C@@H]2C[C@@H]1C[C@H]1NCCc2cc(OC)c(OC)cc21,8.2,literature_compilation.sdf.gz
C[C@@H](CO)NC(=O)[C@@H]1C=C2c3cccc4[nH]cc(c34)C[C@H]2N(C)C1,7.3,literature_compilation.sdf.gz
C[C@H](CO)NC(=O)[C@@H]1C=C2c3cccc4[nH]cc(c34)C[C@H]2N(C)C1,6.8,literature_compilation.sdf.gz
CCOC(=O)[C@H](CCc1ccccc1)C[C@@H](C)C(=O)N1CCC[C@H]1C(=O)O,3.0,literature_compilation.sdf.gz
CC[C@H]1OC(=O)[C@H](C)[C@@H](O[C@H]2C[C@@](C)(OC)[C@@H](O)[C@H](C)O2)[C@H](C)[C@@H](OC2O[C@H](C)C[C@H](N(C)C)[C@H]2O)[C@](C)(O)C[C@@H](C)C(=O)[C@H](C)[C@@H](O)[C@]1(C)O,8.8,literature_compilation.sdf.gz
CCOC(=O)C1(c2ccccc2)CCCN(C)CC1,8.5,literature_compilation.sdf.gz
CCN(CC)C(C)CN1c2ccccc2Sc2ccccc21,9.6,literature_compilation.sdf.gz
CCOC(=O)C(c1c(O)c2ccccc2oc1=O)c1c(O)c2ccccc2oc1=O,7.5,literature_compilation.sdf.gz
CCOc1ccc2c3c1O[C@H]1[C@@H](O)C=C[C@H]4[C@@H](C2)N(C)CC[C@@]341,8.2,literature_compilation.sdf.gz
CCC(N)C(O)c1ccc(O)c(O)c1,8.4,literature_compilation.sdf.gz
CCCN(CC)C(CC)C(=O)Nc1c(C)cccc1C,7.9,literature_compilation.sdf.gz
O=C(O)Cc1ccccc1Oc1ccc(Cl)cc1Cl,4.5,literature_compilation.sdf.gz
Nc1nc(=O)[nH]cc1F,10.7,literature_compilation.sdf.gz
O=C(O)c1ccccc1Nc1cccc(C(F)(F)F)c1,3.9,literature_compilation.sdf.gz
COc1ccc(-c2nc(C(F)(F)F)[nH]c2-c2ccc(OC)cc2)cc1,10.7,literature_compilation.sdf.gz
CN1C(=O)CN=C(c2ccccc2F)c2cc([N+](=O)[O-])ccc21,1.8,literature_compilation.sdf.gz
OCCN1CCN(CC/C=C2/c3ccccc3Sc3ccc(C(F)(F)F)cc32)CC1,7.8,literature_compilation.sdf.gz
CCN(CC)CCN1C(=O)CN=C(c2ccccc2F)c2cc(Cl)ccc21,8.2,literature_compilation.sdf.gz
CC(=O)O[C@H]1C[C@@]2(C)[C@@H](C[C@@H](O)[C@H]3[C@@]4(C)CC[C@@H](O)[C@@H](C)[C@@H]4CC[C@@]32C)/C1=C(\CCC=C(C)C)C(=O)O,5.4,literature_compilation.sdf.gz
CNC(C)[C@@H]1CC[C@@H](N)[C@@H](O[C@H]2[C@H](O)[C@@H](O[C@H]3OC[C@](C)(O)[C@H](NC)[C@H]3O)[C@H](N)C[C@@H]2N)O1,8.2,literature_compilation.sdf.gz
CCC1(c2ccccc2)CCC(=O)NC1=O,9.2,literature_compilation.sdf.gz
NC(N)=NCC1COc2ccccc2O1,8.3,literature_compilation.sdf.gz
CCCCC(CC)CN1CN(CC(CC)CCCC)CC(C)(N)C1,8.3,literature_compilation.sdf.gz
CN1C(=O)NC(=O)C(C2=CCCCC2)C1=O,8.2,literature_compilation.sdf.gz
CC(CNC1CCCCC1)OC(=O)c1ccccc1,9.1,literature_compilation.sdf.gz
CCCCCCc1ccc(O)cc1O,9.5,literature_compilation.sdf.gz
CCN(CC)CCNc1ccc(CO)c2sc3ccccc3c(=O)c12,3.4,literature_compilation.sdf.gz
C[C@]12CCC(=O)C=C1CC[C@@H]1[C@@H]2[C@@H](O)C[C@@]2(C)[C@H]1CC[C@]2(O)C(=O)COC(=O)CCC(=O)[O-].[Na+],5.1,literature_compilation.sdf.gz
NS(=O)(=O)c1cc2c(cc1C(F)(F)F)NCNS2(=O)=O,8.9,literature_compilation.sdf.gz
CN1CC[C@]23c4c5ccc(O)c4O[C@H]2C(=O)CC[C@H]3[C@H]1C5,8.2,literature_compilation.sdf.gz
CC(N)Cc1ccc(O)cc1,9.3,literature_compilation.sdf.gz
CN1[C@@H]2CC[C@H]1C[C@@H](OC(=O)[C@H](CO)c1ccccc1)C2,9.7,literature_compilation.sdf.gz
O=c1[nH]c(=O)n([C@@H]2C[C@H](CO)[C@H](O)C2)cc1I,8.3,literature_compilation.sdf.gz
CC(=O)N(CC(C)C(=O)O)c1c(I)cc(I)c(N)c1I,4.2,literature_compilation.sdf.gz
O=C(CCCCC(=O)Nc1c(I)cc(I)c(C(=O)O)c1I)Nc1c(I)cc(I)c(C(=O)O)c1I,3.5,literature_compilation.sdf.gz
Oc1c(I)cc(I)c2cccnc12,8.0,literature_compilation.sdf.gz
CCC(Cc1c(I)cc(I)c(N)c1I)C(=O)O,4.8,literature_compilation.sdf.gz
CN(C)CCCn1c2c(c3ccccc31)CCCCCC2,8.2,literature_compilation.sdf.gz
CC(C)c1ncc([N+](=O)[O-])n1C,2.7,literature_compilation.sdf.gz
Cc1cc(C(=O)NNCc2ccccc2)no1,10.4,literature_compilation.sdf.gz
CC(COc1ccccc1)NC(C)C(O)c1ccc(O)cc1,9.8,literature_compilation.sdf.gz
NC[C@H]1O[C@H](O[C@H]2[C@H](O)[C@@H](OC3O[C@H](CO)[C@@H](O)[C@H](N)[C@H]3O)[C@H](N)C[C@@H]2N)[C@H](O)[C@@H](O)[C@@H]1O,7.2,literature_compilation.sdf.gz
CCC(=O)C1(c2cccc(O)c2)CCN(C)CC1,8.7,literature_compilation.sdf.gz
CC(=O)OCC1=C(C(=O)O)N2C(=O)C(NC(=O)C(N)c3ccccc3)C2SC1,4.6,literature_compilation.sdf.gz
Nc1nc(=O)c2c([nH]1)NCC(CNc1ccc(C(=O)N[C@@H](CCC(=O)O)C(=O)O)cc1)N2C=O,3.1,literature_compilation.sdf.gz
C=CCN1CC[C@]23CCCC[C@H]2[C@H]1Cc1ccc(O)cc13,4.5,literature_compilation.sdf.gz
CC(C)(C)NC[C@H](O)COc1cccc2c1CCCC2=O,9.2,literature_compilation.sdf.gz
C[C@H](N)[C@H](O)c1ccc(O)c(O)c1,9.8,literature_compilation.sdf.gz
N[C@@H](Cc1cc(I)c(Oc2cc(I)c(O)c(I)c2)c(I)c1)C(=O)O,2.2,literature_compilation.sdf.gz
CCC[C@@H]1C[C@@H](C(=O)N[C@@H]([C@H]2O[C@H](SC)[C@H](O)[C@@H](O)[C@H]2O)C(C)(C)O)N(C)C1,7.5,literature_compilation.sdf.gz
N[C@@H](Cc1cc(I)c(Oc2ccc(O)c(I)c2)c(I)c1)C(=O)[O-].[Na+],8.4,literature_compilation.sdf.gz
OC1(c2ccc(Cl)cc2)c2ccccc2C2=NCCN21,8.6,literature_compilation.sdf.gz
CNC1(C)C2CC[C@H](C2)C1(C)C,11.2,literature_compilation.sdf.gz
Cc1cccc(CN2CCN(C(c3ccccc3)c3ccc(Cl)cc3)CC2)c1,3.1,literature_compilation.sdf.gz
Cc1ccc(Cl)c(Nc2ccccc2C(=O)O)c1Cl,4.0,literature_compilation.sdf.gz
CN1CCN=C(c2ccccc2)c2cc(Cl)ccc21,6.2,literature_compilation.sdf.gz
CN1CCCC(CN2c3ccccc3SC3CCCCC32)C1,9.3,literature_compilation.sdf.gz
Cc1cc2c(OCC(O)CNC(C)C)cccc2[nH]1,8.9,literature_compilation.sdf.gz
COC([CH2][Hg+])CNC(=O)C1CCC(C)(C(=O)[O-])C1(C)C.O=C(O)CS,3.7,literature_compilation.sdf.gz
S=c1nc[nH]c2nc[nH]c12,7.8,literature_compilation.sdf.gz
Nc1ccc(O)c(C(=O)O)c1,2.7,literature_compilation.sdf.gz
O=S(=O)([O-])CCS.[Na+],9.1,literature_compilation.sdf.gz
C[C@H](N)[C@H](O)c1cccc(O)c1,8.6,literature_compilation.sdf.gz
C=C1c2cccc(O)c2C(=O)C2=C(O)[C@]3(O)C(=O)C(C(N)=O)=C(O)[C@@H](N(C)C)[C@@H]3[C@@H](O)[C@H]12,3.5,literature_compilation.sdf.gz
CN(C)CCN(Cc1cccs1)c1ccccn1,3.7,literature_compilation.sdf.gz
Cc1ccccc1-n1c(C)nc2ccccc2c1=O,2.5,literature_compilation.sdf.gz
CCC1(CC)C(=O)NC(=O)N(C)C1=O,8.2,literature_compilation.sdf.gz
CN1CCC(CN2c3ccccc3Sc3ccccc32)C1,7.5,literature_compilation.sdf.gz
COc1ccc(OC)c(C(O)C(C)N)c1,9.2,literature_compilation.sdf.gz
CCC1(CC)C(=O)NCC(C)C1=O,12.0,literature_compilation.sdf.gz
CN1CC[C@]23c4c5ccc(O)c4O[C@@]2(C)C(=O)CC[C@H]3[C@H]1C5,8.1,literature_compilation.sdf.gz
C[C@](N)(Cc1ccc(O)cc1)C(=O)O,2.7,literature_compilation.sdf.gz
CC1(C)S[C@@H]2[C@H](C(=O)NC(=O)[C@H](NC(=O)N3CCN(S(C)(=O)=O)C3=O)c3ccccc3)C(=O)N2[C@H]1C(=O)O,2.7,literature_compilation.sdf.gz
CN(C)c1ccc(O)c2c1C[C@H]1C[C@H]3[C@H](N(C)C)C(O)=C(C(N)=O)C(=O)[C@@]3(O)C(O)=C1C2=O,2.8,literature_compilation.sdf.gz
CO[C@@]12[C@H](COC(N)=O)C3=C(C(=O)C(C)=C(N)C3=O)N1C[C@@H]1N[C@@H]12,10.9,literature_compilation.sdf.gz
CCc1c(C)[nH]c2c1C(=O)C(CN1CCOCC1)CC2,6.9,literature_compilation.sdf.gz
CC(C)(C)NCC(O)COc1cccc2c1CC(O)C(O)C2,9.4,literature_compilation.sdf.gz
C=CCN1CC[C@]23c4c5ccc(O)c4O[C@H]2[C@@H](O)CC[C@@]3(O)[C@H]1C5,7.8,literature_compilation.sdf.gz
C[C@@H]1C\C=C/C=C\C=C/C=C\[C@H](O[C@@H]2O[C@H](C)[C@@H](N)[C@H](O)[C@@H]2O)C[C@@H]2O[C@](O)(C[C@@H](O)C[C@H]3O[C@@H]3/C=C\C(=O)O1)C[C@H](O)[C@H]2C(=O)O,4.6,literature_compilation.sdf.gz
CN(C)C(=O)Oc1cccc([N+](C)(C)C)c1,12.0,literature_compilation.sdf.gz
O=C1CN(/N=C/c2ccc([N+](=O)[O-])o2)C(=O)N1,7.1,literature_compilation.sdf.gz
NCC(O)c1cccc(O)c1,8.7,literature_compilation.sdf.gz
Oc1ccc2c3c1O[C@H]1[C@@H](O)C=C[C@H]4C(C2)NCC[C@@]341,9.8,literature_compilation.sdf.gz
C[C@@H]1[C@H](O)[C@@H](C)/C=C\C=C/CC\C=C/C=C\C=C/C=C\[C@H](O[C@@H]2O[C@H](C)[C@@H](O)[C@H](N)[C@@H]2O)C[C@@H]2O[C@](O)(C[C@@H](O)[C@H](O)CC[C@@H](O)C[C@@H](O)C[C@@H](O)CC(=O)O[C@H]1C)C[C@H](O)[C@H]2C(=O)O,8.9,literature_compilation.sdf.gz
O=C1Nc2ccc(Cl)cc2C(c2ccccc2)=NC1O,11.6,literature_compilation.sdf.gz
CCN(CC)CC#CCOC(=O)C(O)(c1ccccc1)C1CCCCC1,7.0,literature_compilation.sdf.gz
O=c1nc2[nH][nH]cc-2c(=O)[nH]1,7.7,literature_compilation.sdf.gz
CN(C)[C@@H]1C(O)=C(C(N)=O)C(=O)[C@@]2(O)C(O)=C3C(=O)c4c(O)cccc4[C@@](C)(O)[C@H]3[C@H](O)[C@@H]12,3.3,literature_compilation.sdf.gz
CCN(CC)CCCC(C)Nc1cc(OC)cc2cccnc12,1.3,literature_compilation.sdf.gz
C#CCN(C)Cc1ccccc1,6.9,literature_compilation.sdf.gz
NC1=NC(=O)C(c2ccccc2)O1,10.5,literature_compilation.sdf.gz
CC(C)(S)C(N)C(=O)O,1.8,literature_compilation.sdf.gz
N=C(N)c1ccc(OCCCCCOc2ccc(C(=N)N)cc2)cc1,11.4,literature_compilation.sdf.gz
CC(C)=CCN1CC[C@@]2(C)c3cc(O)ccc3C[C@@H]1[C@@H]2C,10.0,literature_compilation.sdf.gz
CC(=O)CCCCn1c(=O)c2c(ncn2C)n(C)c1=O,0.3,literature_compilation.sdf.gz
C[C@H]1[C@H]2Cc3ccc(O)cc3[C@]1(C)CCN2CCc1ccccc1,8.5,literature_compilation.sdf.gz
CC1C(c2ccccc2)OCCN1C,7.6,literature_compilation.sdf.gz
N=C(N)NC(=N)NCCc1ccccc1,2.7,literature_compilation.sdf.gz
CN1CCC2=C(C1)C(c1ccccc1)c1ccccc12,8.3,literature_compilation.sdf.gz
O=C1c2ccccc2C(=O)C1c1ccccc1,4.1,literature_compilation.sdf.gz
CC1NCCOC1c1ccccc1,8.5,literature_compilation.sdf.gz
O=C1OC(c2ccc(O)cc2)(c2ccc(O)cc2)c2ccccc21,9.7,literature_compilation.sdf.gz
O=S1(=O)OC(c2ccc(O)cc2)(c2ccc(O)cc2)c2ccccc21,8.1,literature_compilation.sdf.gz
c1ccc2c(c1)Nc1ccccc1S2,2.5,literature_compilation.sdf.gz
CC(COc1ccccc1)N(CCCl)Cc1ccccc1,4.4,literature_compilation.sdf.gz
CC(COc1ccccc1)NN,6.9,literature_compilation.sdf.gz
CC(C)(N)Cc1ccccc1,10.1,literature_compilation.sdf.gz
Cc1ccc(N(CC2=NCCN2)c2cccc(O)c2)cc1,7.7,literature_compilation.sdf.gz
CC(N)C(O)c1ccccc1,9.4,literature_compilation.sdf.gz
OC(c1ccccc1)(c1ccccc1)C1CCCCN1,9.7,literature_compilation.sdf.gz
CC(C)(C)NCC(O)c1ccc(O)c(CO)n1,3.0,literature_compilation.sdf.gz
CC(C)(C)C(=O)OCOC(=O)[C@@H]1N2C(=O)[C@@H](NC(=O)[C@H](N)c3ccccc3)[C@H]2SC1(C)C,7.0,literature_compilation.sdf.gz
CC[C@H](C)CCCCC(=O)N[C@@H](CCN)C(=O)N[C@H](C(=O)N[C@@H](CCN)C(=O)N[C@H]1CCNC(=O)[C@H]([C@@H](C)O)NC(=O)[C@H](CCN)NC(=O)[C@H](CCN)NC(=O)[C@H](CC(C)C)NC(=O)[C@@H](Cc2ccccc2)NC(=O)[C@@H](CCN)NC1=O)[C@@H](C)O,8.9,literature_compilation.sdf.gz
CN1C(CSCC(F)(F)F)Nc2cc(Cl)c(S(N)(=O)=O)cc2S1(=O)=O,9.8,literature_compilation.sdf.gz
C[n+]1ccccc1/C=N/O,7.9,literature_compilation.sdf.gz
CCCCOc1ccc(OCCCN2CCOCC2)cc1,6.2,literature_compilation.sdf.gz
O=C1CN=C(c2ccccc2)c2cc(Cl)ccc2N1CC1CC1,2.9,literature_compilation.sdf.gz
CNNCc1ccc(C(=O)NC(C)C)cc1,6.8,literature_compilation.sdf.gz
CCCOc1ccc(C(=O)OCCN(CC)CC)cc1N,3.2,literature_compilation.sdf.gz
CCC(=O)c1ccc2c(c1)N(CC(C)N(C)C)c1ccccc1S2,9.1,literature_compilation.sdf.gz
CCCOc1cc(N)ccc1C(=O)OCCN(CC)CC,8.6,literature_compilation.sdf.gz
CNC(C)CC1CCCCC1,10.4,literature_compilation.sdf.gz
CCCc1cc(=O)[nH]c(=S)[nH]1,7.8,literature_compilation.sdf.gz
NC(=O)c1cnccn1,0.5,literature_compilation.sdf.gz
COc1ccc(CN(CCN(C)C)c2ccccc2)cc1,4.0,literature_compilation.sdf.gz
Clc1ccc(C/C(=C\CN2CCCC2)c2ccccc2)cc1,8.8,literature_compilation.sdf.gz
C=C[C@H]1C[C@@H]2CC[C@H]1C[C@@H]2[C@@H](O)c1ccnc2ccc(OC)cc12,4.2,literature_compilation.sdf.gz
C=C[C@H]1C[C@@H]2CC[C@H]1C[C@H]2[C@H](O)c1ccnc2ccc(OC)cc12,4.2,literature_compilation.sdf.gz
COC(=O)[C@H]1[C@H]2C[C@@H]3c4[nH]c5cc(OC)ccc5c4CCN3C[C@H]2C[C@@H](OC(=O)/C=C/c2cc(OC)c(OC)c(OC)c2)[C@@H]1OC,6.4,literature_compilation.sdf.gz
Oc1ccc([C@H](O)[C@H]2CCCCN2)cc1O,10.3,literature_compilation.sdf.gz
C[C@H](NCCc1ccc(O)cc1)[C@H](O)c1ccc(O)cc1,9.0,literature_compilation.sdf.gz
CN(C)[C@@H]1C(O)=C(C(=O)NCN2CCCC2)C(=O)[C@@]2(O)C(O)=C3C(=O)c4c(O)cccc4[C@@](C)(O)[C@H]3C[C@@H]12,7.4,literature_compilation.sdf.gz
CN(C)CCO[C@@H](c1ccc(Cl)cc1)c1ccccn1,8.1,literature_compilation.sdf.gz
O=C(Oc1ccccc1C(=O)O)c1ccccc1O,3.5,literature_compilation.sdf.gz
CN1[C@@H]2C[C@@H](OC(=O)[C@H](CO)c3ccccc3)C[C@H]1[C@@H]1O[C@@H]12,7.6,literature_compilation.sdf.gz
O=C(CCCN1CCC2(CC1)C(=O)NCN2c1ccccc1)c1ccc(F)cc1,8.3,literature_compilation.sdf.gz
CN(N=O)C(=O)N[C@@H]1C(O)[C@H](O)[C@@H](CO)O[C@H]1O,1.3,literature_compilation.sdf.gz
O=C(O)CCC(=O)Nc1ccc(S(=O)(=O)Nc2nccs2)cc1,4.5,literature_compilation.sdf.gz
N=C(N)NS(=O)(=O)c1ccc(N)cc1,12.1,literature_compilation.sdf.gz
Nc1ccc(S(=O)(=O)Nc2ccnn2-c2ccccc2)cc1,6.5,literature_compilation.sdf.gz
O=C1C(CCS(=O)c2ccccc2)C(=O)N(c2ccccc2)N1c1ccccc1,2.8,literature_compilation.sdf.gz
CC1=C(CC(=O)O)c2cc(F)ccc2/C1=C\c1ccc(S(C)=O)cc1,4.5,literature_compilation.sdf.gz
C=CCC1(C(C)CC)C(=O)NC(=O)NC1=O,7.8,literature_compilation.sdf.gz
CN1C(=O)C(O)N=C(c2ccccc2)c2cc(Cl)ccc21,1.6,literature_compilation.sdf.gz
CN(C)[C@@H]1C(O)=C(C(N)=O)C(=O)[C@@]2(O)C(O)=C3C(=O)c4c(O)cccc4[C@@](C)(O)C3CC12,3.3,literature_compilation.sdf.gz
CCCCCc1cc(O)c2c(c1)OC(C)(C)[C@@H]1CCC(C)=C[C@@H]21,10.6,literature_compilation.sdf.gz
Cc1ncc(C[n+]2csc(CCO)c2C)c(N)n1,4.8,literature_compilation.sdf.gz
C=CCC1(C(C)CCC)C(=O)NC(=S)NC1=O,7.5,literature_compilation.sdf.gz
c1ccc2[nH]c(-c3cscn3)nc2c1,4.7,literature_compilation.sdf.gz
Nc1nc(=S)c2[nH]cnc2[nH]1,8.2,literature_compilation.sdf.gz
CC(=O)OCCN1CCN(CCCN2c3ccccc3Sc3ccc(Cl)cc32)CC1,3.2,literature_compilation.sdf.gz
CN1CCN(CC/C=C2/c3ccccc3Sc3ccc(S(=O)(=O)N(C)C)cc32)CC1,7.7,literature_compilation.sdf.gz
COc1ccc(CN(CCN(C)C)c2ncccn2)cc1,2.2,literature_compilation.sdf.gz
CC1(C)S[C@@H]2[C@H](NC(=O)C(C(=O)O)c3ccsc3)C(=O)N2[C@H]1C(=O)O,2.6,literature_compilation.sdf.gz
O=C(O)COc1ccc(C(=O)c2cccs2)c(Cl)c1Cl,2.7,literature_compilation.sdf.gz
O=S(Cc1ccccn1)c1nc2ccccc2[nH]1,3.1,literature_compilation.sdf.gz
NC[C@H]1O[C@H](O[C@H]2[C@H](O)[C@@H](O[C@H]3O[C@H](CO)[C@@H](O)[C@@H](N)[C@H]3O)[C@H](N)C[C@@H]2N)[C@H](N)C[C@@H]1O,6.7,literature_compilation.sdf.gz
Cc1cccc(OCC(O)CNCCOc2ccc(C(N)=O)cc2)c1,7.9,literature_compilation.sdf.gz
Cc1ccc(S(=O)(=O)NC(=O)NN2CCCCC2)cc1,3.1,literature_compilation.sdf.gz
c1cc2c(c(NC3=NCCN3)c1)CCCC2,10.7,literature_compilation.sdf.gz
NC1CC1c1ccccc1,8.2,literature_compilation.sdf.gz
NS(=O)(=O)c1cc2c(cc1Cl)NC(C(Cl)Cl)NS2(=O)=O,8.6,literature_compilation.sdf.gz
COc1cc(C(=O)NCc2ccc(OCCN(C)C)cc2)cc(OC)c1OC,8.3,literature_compilation.sdf.gz
CO[C@H]1C[C@H](O[C@H]2[C@H](C)[C@@H](O[C@@H]3O[C@H](C)C[C@H](N(C)C)[C@H]3OC(C)=O)[C@@H](C)C[C@@]3(CO3)C(=O)[C@H](C)[C@@H](OC(=O)O)[C@@H](C)[C@@H](C)OC(=O)[C@@H]2C)O[C@@H](C)[C@@H]1OC(C)=O,6.6,literature_compilation.sdf.gz
CCN(Cc1ccncc1)C(=O)C(CO)c1ccccc1,5.3,literature_compilation.sdf.gz
CCCCCC(C)N,10.5,literature_compilation.sdf.gz
COc1cc2c3cc1Oc1cc(ccc1O)CC1c4c(cc(OC)c(O)c4Oc4ccc(cc4)CC2[NH+](C)CC3)CC[N+]1(C)C.[Cl-].[Cl-],8.1,literature_compilation.sdf.gz
CCOc1ccccc1OCC1CNCCO1,8.1,literature_compilation.sdf.gz
CC/C=C(\C)C1(CC)C(=O)NC(=O)NC1=O,8.0,literature_compilation.sdf.gz
CC[C@]1(O)C[C@@H]2CN(CCc3c([nH]c4ccccc34)[C@@](C(=O)OC)(c3cc4c(cc3OC)N(C)C3[C@]45CCN4CC=C[C@@](CC)([C@@H](OC(C)=O)[C@]3(O)C(=O)OC)[C@H]45)C2)C1,5.4,literature_compilation.sdf.gz
CC[C@]1(O)C[C@@H]2CN(CCc3c([nH]c4ccccc34)[C@@](C(=O)OC)(c3cc4c(cc3OC)N(C=O)[C@H]3[C@@](O)(C(=O)OC)[C@H](OC(C)=O)[C@]5(CC)C=CCN6CC[C@]43C65)C2)C1,5.0,literature_compilation.sdf.gz
CC[C@]1(O)C[C@H]2CN(CCc3c([nH]c4ccccc34)[C@@](C(=O)OC)(c3cc4c(cc3OC)N(C)[C@H]3[C@@](O)(C(N)=O)[C@H](O)[C@]5(CC)C=CCN6CC[C@]43[C@@H]65)C2)C1,6.0,literature_compilation.sdf.gz
CN(C)C/C=C(/c1ccc(Br)cc1)c1cccnc1,3.8,literature_compilation.sdf.gz
O=C1O[C@@H](CN2CCN=N2)CN1c1ccc(-n2ccnc2)c(F)c1,5.24,literature_compilation.sdf.gz
CC(C)Cn1c(=O)n(C)c(=O)c2c(-c3cc(C(=O)O)cn3C)n(Cc3ccnc4ccc(Cl)cc34)nc21,2.91,literature_compilation.sdf.gz
Cc1cn(C[C@H]2CN(c3ccc(-n4ccnc4)c(F)c3)C(=O)O2)nn1,5.43,literature_compilation.sdf.gz
CC(C)Cn1c(=O)[nH]c(=O)c2c(-c3nncn3C)n(Cc3ccnc4ccc(Cl)cc34)nc21,9.47,literature_compilation.sdf.gz
Cc1cn(C[C@H]2CN(c3ccc(-n4cnc(Br)c4)c(F)c3)C(=O)O2)nn1,3.5,literature_compilation.sdf.gz
Cn1cc(C#N)cc1-c1c2c(=O)n(C)c(=O)n(CC3CC3)c2nn1Cc1ccnc2ccc(Cl)cc12,3.15,literature_compilation.sdf.gz
COc1c(N2CCO[C@@H](CN(C)C)C2)c(F)cc2c(=O)c(C(=O)O)cn(C3CC3)c12,6.2,literature_compilation.sdf.gz
Cn1cc(-c2nnn[nH]2)cc1-c1c2c(=O)n(C)c(=O)n(CC3CC3)c2nn1Cc1ccnc2ccc(Cl)cc12,5.0,literature_compilation.sdf.gz
Cc1cn(C[C@H]2CN(c3ccc(-n4cnc(CO)c4)c(F)c3)C(=O)O2)nn1,4.73,literature_compilation.sdf.gz
Cc1cn(-c2ccc(N3C[C@H](Cn4cc(C)nn4)OC3=O)cc2F)cn1,5.92,literature_compilation.sdf.gz
Cn1cc(C#N)cc1-c1c2c(nn1Cc1ccnc3ccc(Cl)cc13)N(CC1CC1)C(=O)N1CCN=C21,5.48,literature_compilation.sdf.gz
CCNC1=Nc2ccccc2C(c2ccccc2)=NC1c1cccs1,6.36,literature_compilation.sdf.gz
Cn1cc(C#N)cc1-c1c2c(nn1Cc1ccnc3ccc(Cl)cc13)n(CC1CC1)c(=O)n1cnnc21,3.16,literature_compilation.sdf.gz
Cn1cc(C(=O)O)cc1-c1c2c(=O)n(C)c(=O)n(CC3CC3)c2nn1Cc1ccnc2ccc(Cl)cc12,4.67,literature_compilation.sdf.gz
OCCNC1=Nc2ccccc2C(c2ccccc2)=NC1c1cccs1,5.82,literature_compilation.sdf.gz
CNC1=Nc2ncccc2C(c2ccccc2)=NC1c1cccs1,5.21,literature_compilation.sdf.gz
C[C@@H]1CN=C2c3c(nn(Cc4ccnc5ccc(Cl)cc45)c3-c3cc(C#N)cn3C)N(CC3CC3)C(=O)N21,5.46,literature_compilation.sdf.gz
Cc1[nH]c(C(=O)NC2CCN(c3cc(-c4nnn[nH]4)cc(Cl)n3)CC2)c(Cl)c1Cl,3.82,literature_compilation.sdf.gz
NC(=O)Nc1sc(-c2ccccc2)cc1C(=O)N[C@H]1CCCNC1,8.92,literature_compilation.sdf.gz
FCCNC1=Nc2ncccc2C(c2ccccc2)=NC1c1cccs1,5.1,literature_compilation.sdf.gz
NC1=Nc2ccccc2C(c2ccc(F)cc2)=NC1c1ccccc1,6.5,literature_compilation.sdf.gz
OC1CN(C2=Nc3ncccc3C(c3ccccc3)=NC2c2cccs2)C1,5.23,literature_compilation.sdf.gz
c1csc(C2=NC(c3cccs3)C(NC3CC3)=Nc3ncccc32)c1,5.11,literature_compilation.sdf.gz
C#CCNC1=Nc2ncccc2C(c2cccs2)=NC1c1cccs1,4.99,literature_compilation.sdf.gz
CNC1=Nc2ncccc2C(c2ccco2)=NC1c1cccs1,5.16,literature_compilation.sdf.gz
CNC1=Nc2ncccc2C(c2ccc(F)cc2)=NC1c1cccs1,5.22,literature_compilation.sdf.gz
O=C1O[C@@H](Cn2ccnn2)CN1c1ccc(-c2ccc(C3=NO[C@H](CN4CCOCC4)C3)nc2)c(F)c1,5.83,literature_compilation.sdf.gz
CNC1=Nc2nc(C)ccc2C(c2cccs2)=NC1c1cccs1,5.81,literature_compilation.sdf.gz
COC(=O)c1cnc(N2CC[C@@H](NC(=O)c3[nH]c(C)c(Cl)c3Cl)[C@@H](OC)C2)s1,2.0,literature_compilation.sdf.gz
Cc1[nH]c(C(=O)NC2CCN(c3nc(C#N)c(C(=O)O)s3)CC2)c(Cl)c1Cl,3.0,literature_compilation.sdf.gz
COc1ccc2nccc(CC[C@]3(O)CC[C@H](NCc4ccc5c(c4)OCCO5)CC3)c2n1,10.36,literature_compilation.sdf.gz
COc1ccc2nccc(CC[C@]3(O)CC[C@@H](NCc4ccc5c(c4)NC(=O)CO5)CC3)c2n1,8.14,literature_compilation.sdf.gz
COc1ccc2ncc(F)c(CCN3CCC(NCc4cc5c(cn4)OCCO5)CC3)c2n1,8.34,literature_compilation.sdf.gz
COc1ccc2nccc(NC(=O)[C@@H]3CC[C@H](NCc4ccc5c(c4)OCCO5)CN3)c2n1,8.12,literature_compilation.sdf.gz
COc1ccc2ncc(F)c(CC[C@@H]3CC[C@@H](NCc4cc5c(cn4)OCCO5)CO3)c2n1,7.15,literature_compilation.sdf.gz
COc1ccc2nccc(NC(=O)[C@@H]3CC[C@H](N(C)Cc4ccc5c(c4)OCCO5)CN3C)c2n1,8.07,literature_compilation.sdf.gz
CCOC(=O)c1cc(N2CC[C@@H](NC(=O)c3[nH]c(C)c(Cl)c3Cl)[C@@H](F)C2)ccn1,7.2,literature_compilation.sdf.gz
COc1ccc2nccc(NC(=O)[C@@H]3CC[C@@H](NCc4cc5c(cn4)OCCO5)CN3)c2n1,7.3,literature_compilation.sdf.gz
COc1ccc2ncc(F)c(NC(=O)[C@@H]3CC[C@@H](NCc4cc5c(cn4)OCCO5)CN3)c2n1,7.6,literature_compilation.sdf.gz
COc1ccc2nccc(NC(=O)C3CCC(NCc4ccc5c(c4)OCCO5)C(=O)N3)c2n1,6.5,literature_compilation.sdf.gz
COc1ccc2nccc(NC(=O)[C@H]3CC[C@@H](NCc4ccc5c(c4)OCCO5)C(=O)N3)c2n1,6.5,literature_compilation.sdf.gz
COc1ccc2nccc(NC(=O)[C@H]3CC[C@H](NCc4ccc5c(c4)OCCO5)C(=O)N3)c2n1,6.5,literature_compilation.sdf.gz
N#Cc1ccc2cccc(NC(=O)[C@@H]3CC[C@@H](NCc4cc5c(cn4)OCCO5)CN3)c2n1,7.7,literature_compilation.sdf.gz
COc1ccc2nccc(NC(=O)[C@@H]3CC[C@@H](NCc4cc5c(cn4)OCCO5)CN3)c2c1,7.5,literature_compilation.sdf.gz
COc1ccc2ccc(=O)n(CCN3CCC(NCc4cc5c(cn4)OCCO5)CC3)c2c1,8.3,literature_compilation.sdf.gz
COc1ccc2nccc(NC(=O)[C@H]3CC[C@H](NCc4cc5c(cn4)OCCO5)CN3)c2n1,7.5,literature_compilation.sdf.gz
N#Cc1ccc2cccc(NC(=O)[C@H]3CC[C@H](NCc4cc5c(cn4)OCCO5)CN3)c2n1,7.8,literature_compilation.sdf.gz
COc1ccc2nccc(NC(=O)[C@@H]3CC[C@@H](NCc4ccccc4)CN3)c2n1,8.1,literature_compilation.sdf.gz
COc1ccc2nccc(NC(=O)[C@@H]3CC[C@@H](NCc4ccc5c(n4)NC(=O)CO5)CN3)c2n1,7.6,literature_compilation.sdf.gz
COc1ccc2nccc(NC(=O)[C@@H]3CC[C@@H](NCc4ccc5c(n4)OCCO5)CN3)c2n1,8.2,literature_compilation.sdf.gz
COc1ccc2ncc(F)c(CC[C@H]3CC[C@H](NCc4ccc5c(n4)NC(=O)CO5)CN3)c2n1,9.0,literature_compilation.sdf.gz
COc1ccc2ncc(F)c(CC[C@H]3CC[C@H](NCc4cc5c(cn4)OCCO5)CN3)c2n1,9.08,literature_compilation.sdf.gz
COc1ccc2ncc(F)c(CC[C@H]3CC[C@@H](NCc4cc5c(cn4)OCCO5)CN3)c2n1,9.59,literature_compilation.sdf.gz
COc1ccc2nccc(CC[C@H]3CC[C@H](NCc4cc5c(cn4)OCCO5)CN3)c2n1,9.3,literature_compilation.sdf.gz
COc1ccc2ncc(Cl)c(CC[C@H]3CC[C@H](NCc4ccc5c(n4)NC(=O)CO5)CN3)c2n1,9.1,literature_compilation.sdf.gz
COc1ccc2nccc(CC[C@H]3CC[C@H](NCc4ccc5c(n4)NC(=O)CO5)CN3)c2n1,9.5,literature_compilation.sdf.gz
COc1ccc2ncc(Cl)c(CC[C@H]3CC[C@H](NCc4cc5c(cn4)OCCO5)CN3)c2n1,9.3,literature_compilation.sdf.gz
COc1ccc2ncc(=O)n(CCN3CCC(NCc4cc5c(cn4)OCCO5)CC3)c2c1,8.3,literature_compilation.sdf.gz
COc1ccc2ncc(Cl)c(CC[C@H]3CC[C@H](NCc4ccc5c(n4)NC(=O)CS5)CN3)c2n1,9.3,literature_compilation.sdf.gz
N#Cc1ccc2cccc(CC[C@H]3CC[C@H](NCc4ccc5c(n4)NC(=O)CO5)CN3)c2n1,9.8,literature_compilation.sdf.gz
N#Cc1ccc2cccc(CC[C@H]3CC[C@H](NCc4cc5c(cn4)OCCO5)CN3)c2n1,9.6,literature_compilation.sdf.gz
COc1ccc2nccc(CC[C@H]3CC[C@H](NC/C=C/c4cc(F)ccc4F)CN3)c2n1,9.5,literature_compilation.sdf.gz
COc1ccc2ncc(Cl)c(CC[C@H]3CC[C@H](NC/C=C/c4cc(F)ccc4F)CN3)c2n1,8.9,literature_compilation.sdf.gz
COc1ccc2ncc(Cl)c(CC[C@@H]3CC[C@@H](NCc4cc5c(cn4)OCCO5)CN3)c2n1,9.7,literature_compilation.sdf.gz
COc1ccc2ncc(Cl)c(CC[C@@H]3CC[C@@H](NCc4ccc5c(n4)NC(=O)CO5)CN3C(=O)OC(C)(C)C)c2n1,10.0,literature_compilation.sdf.gz
COc1ccc2ncc(Cl)c(CC[C@@H]3CC[C@@H](NC/C=C/c4cc(F)ccc4F)CN3)c2n1,8.8,literature_compilation.sdf.gz
COc1ccc2ncc(Cl)c(CC[C@@H]3CC[C@@H](NCc4ccc5c(n4)NC(=O)CO5)CN3)c2n1,9.4,literature_compilation.sdf.gz
COc1ccc2ncc(Cl)c(CC[C@@H]3CC[C@@H](NCc4ccc5c(n4)NC(=O)CS5)CN3)c2n1,9.3,literature_compilation.sdf.gz
O=c1cnc2ccc(F)cc2n1CCN1CCC(NCc2cc3c(cn2)OCCO3)CC1,8.2,literature_compilation.sdf.gz
O=C1COc2ccc(CNC3CCN(CCn4c(=O)cnc5ccc(F)cc54)CC3)nc2N1,8.4,literature_compilation.sdf.gz
O=c1ccc2ccc(F)cc2n1CCN1CCC(NCc2cc3c(cn2)OCCO3)CC1,8.3,literature_compilation.sdf.gz
O=C1COc2ccc(CNC3CCN(CCn4c(=O)ccc5ccc(F)cc54)CC3)nc2N1,8.4,literature_compilation.sdf.gz
O=c1cnc2cc(F)ccc2n1CCN1CCC(NCc2cc3c(cn2)OCCO3)CC1,8.1,literature_compilation.sdf.gz
O=C1COc2ccc(CN[C@H]3CC[C@H](CCc4c(Cl)cnc5ccc(F)cc45)NC3)nc2N1,9.1,literature_compilation.sdf.gz
COc1ccc2ncc(Cl)c(CC[C@H]3CC[C@H](NC/C=C/c4cc(F)ccc4F)CN3CC(=O)O)c2n1,8.7,literature_compilation.sdf.gz
COc1ccc2ncc(Cl)c(CC[C@H]3CC[C@H](NCc4ccc5c(n4)NC(=O)CO5)CN3CC(=O)O)c2n1,8.7,literature_compilation.sdf.gz
N#Cc1ccc2ncc(Cl)c(CC[C@H]3CC[C@H](NCc4ccc5c(n4)NC(=O)CO5)CN3)c2n1,9.1,literature_compilation.sdf.gz
COCC(=O)N1C[C@@H](NCc2ccc3c(n2)NC(=O)CO3)CC[C@@H]1CCc1c(Cl)cnc2ccc(OC)nc12,6.7,literature_compilation.sdf.gz
COc1ccc2ncc(Cl)c(CC[C@H]3CC[C@H](NCc4ccc5c(n4)NC(=O)CO5)CN3C(=O)COC(C)=O)c2n1,6.5,literature_compilation.sdf.gz
N#Cc1ccc2ncc(F)c(CC[C@@H]3CC[C@@H](NCc4ccc5c(n4)NC(=O)CO5)CN3)c2n1,9.1,literature_compilation.sdf.gz
COc1ccc2ncc(Cl)c(CC[C@@H]3CC[C@@H](NCc4cc5c(cn4)OCCO5)CN3C)c2n1,8.5,literature_compilation.sdf.gz
COc1ccc2ncc(=O)n(CCN3CCC(NCc4cc5c(cn4)OCCO5)CC3)c2n1,8.4,literature_compilation.sdf.gz
O=c1cnc2cc(F)c(F)cc2n1CCN1CCC(NCc2cc3c(cn2)OCCO3)CC1,8.2,literature_compilation.sdf.gz
CC(Cc1ccc(O)c(O)c1)(NN)C(=O)O,3.5,settimo_et_al.sdf.gz
CC1=C(/C=C/C(C)=C/C=C/C(C)=C\C(=O)O)C(C)(C)CCC1,5.15,settimo_et_al.sdf.gz
Cc1nc(NC(=O)CCCC(=O)O)sc1C,2.5,settimo_et_al.sdf.gz
CC1CN(c2c(F)c(N)c3c(=O)c(C(=O)O)cn(C4CC4)c3c2F)CC(C)N1,6.1,settimo_et_al.sdf.gz
CC1OC(O[C@H]2\C=C/C=C\C=C/C=C\C=C/C=C\C=C/[C@H](C)[C@@H](O)[C@@H](C)[C@H](C)OC(=O)C[C@H](O)C[C@H](O)CC[C@@H](O)[C@H](O)C[C@H](O)C[C@]3(O)C[C@H](O)[C@@H](C(=O)O)[C@H](C2)O3)C(O)C(N)C1O,3.1,settimo_et_al.sdf.gz
C=CC1=C(C(=O)O)N2C(=O)[C@@H](NC(=O)/C(=N\O)c3csc(N)n3)[C@H]2SC1,3.35,settimo_et_al.sdf.gz
O=C(N[C@H]1CCCC[C@H]1C(=O)O)c1ccccc1,3.3,settimo_et_al.sdf.gz
O=C(O)CSCC(=O)Nc1nc(-c2ccccc2)c(-c2ccccc2)s1,4.0,settimo_et_al.sdf.gz
O=C(O)c1cc(-c2ccccc2)nc(O)n1,2.5,settimo_et_al.sdf.gz
O=C(O)c1ccccc1-c1ncc(-c2ccccc2)o1,2.9,settimo_et_al.sdf.gz
O=C(O)c1ccccc1C(=O)Nc1nc(-c2ccccc2)cs1,3.4,settimo_et_al.sdf.gz
CCOc1cc(CC(=O)NC(CC(C)C)c2ccccc2N2CCCCC2)ccc1C(=O)O,3.75,settimo_et_al.sdf.gz
COc1ccc(C(=O)CCC(=O)O)cc1,4.7,settimo_et_al.sdf.gz
FC(F)(F)c1cccc(N2CCN(C3C4CC5CC(C4)CC3C5)CC2)c1,7.45,settimo_et_al.sdf.gz
O=C(CN1CCCCC1)Nc1nc(-c2ccc(Cl)cc2)cs1,10.4,settimo_et_al.sdf.gz
Nc1cc(-c2ccccc2)nc2ccc(Br)cc12,7.4,settimo_et_al.sdf.gz
Nc1cc(-c2ccccc2)nc2ccc(Cl)cc12,7.4,settimo_et_al.sdf.gz
NCc1cc(-c2ccccc2)nc2ccccc12,8.37,settimo_et_al.sdf.gz
NC(=O)C1CCN(CC(=O)Nc2nc(-c3ccccc3)cs2)CC1,10.2,settimo_et_al.sdf.gz
Clc1ccc2c(c1)N=C(N1CCNCC1)c1ccccc1N2,8.9,settimo_et_al.sdf.gz
Nc1c2c(nc3ccccc13)-c1ccccc1CC2,8.1,settimo_et_al.sdf.gz
O=C(CN1CCCCC1)Nc1ncc(Cc2cccc3ccccc23)s1,10.5,settimo_et_al.sdf.gz
O=C1CCCN1CC#CCN1CCCC1,8.4,settimo_et_al.sdf.gz
c1cnc(N2CCN(C3CC4CCC3C4)CC2)nc1,8.0,settimo_et_al.sdf.gz
CCOC(=O)C1=C[C@]2(CC)CCCN3CCc4c(n1c1ccccc41)[C@@H]32,7.1,settimo_et_al.sdf.gz
CC[C@]12CCCN3CCc4c(n(c5ccccc45)[C@@](O)(C(=O)OC)C1)C32,7.9,settimo_et_al.sdf.gz
Cc1c(Cl)cccc1-n1ncc(C(=O)Nc2nccs2)c1C1CCNCC1,9.4,settimo_et_al.sdf.gz
Cc1ccc(C)c(N2CCN(C3C4CC5CC(C4)CC3C5)CC2)c1,7.6,settimo_et_al.sdf.gz
Cc1ccc(C)c(N2CCN(C3CCC(C)C3)CC2)c1,7.5,settimo_et_al.sdf.gz
Cc1ccc(C)c(N2CCN(C3CCCC(C)C3)CC2)c1,7.16,settimo_et_al.sdf.gz
Cc1ccc(C)c(N2CCN(C3CCCCCC3)CC2)c1,7.54,settimo_et_al.sdf.gz
CC1CCC(N2CCN(c3ccccc3F)CC2)CC1,7.4,settimo_et_al.sdf.gz
Cc1ccc(-n2ncc(C(=O)Nc3nccs3)c2C2CCNCC2)cc1C,9.5,settimo_et_al.sdf.gz
Cc1cccc(-n2ncc(C(=O)Nc3nccs3)c2C2CCNCC2)c1,9.5,settimo_et_al.sdf.gz
CC1CCN(CC(=O)Nc2nc(-c3ccccc3)cs2)CC1,10.5,settimo_et_al.sdf.gz
COc1ccc2nc(NC(=O)CN3CCC(C)CC3)sc2c1,10.0,settimo_et_al.sdf.gz
CC1CCN(CC(=O)Nc2ncc(Cc3cccc4ccccc34)s2)CC1,10.6,settimo_et_al.sdf.gz
Cc1cnc(NC(=O)CN2CCCCC2)s1,10.6,settimo_et_al.sdf.gz
CCc1c2c(nc3ccc(OC(=O)N4CCC(N5CCCCC5)CC4)cc13)-c1cc3c(c(=O)n1C2)COC(=O)[C@]3(O)CC,10.9,settimo_et_al.sdf.gz
CCCCC1CCN(CCCC(=O)c2ccccc2C)CC1,7.85,settimo_et_al.sdf.gz
CCCCOc1ccc(C(=O)CCN2CCCCC2)cc1,9.0,settimo_et_al.sdf.gz
CCN(CC)CCOC(=O)c1ccc(N)cc1Cl,9.0,settimo_et_al.sdf.gz
CCN1CCCC1CNC(=O)c1cc(S(=O)(=O)CC)c(N)cc1OC,9.3,settimo_et_al.sdf.gz
CCOC(=O)c1csc(NC(=O)CN2CCCCC2)n1,9.9,settimo_et_al.sdf.gz
CN(C)CCC(c1ccc(Br)cc1)c1ccccn1,10.1,settimo_et_al.sdf.gz
CN(C)CCNC(=O)c1cc(-c2ccccc2)nc2ccccc12,8.3,settimo_et_al.sdf.gz
CN/C(=C/[N+](=O)[O-])NCCSCc1ccc(CN(C)C)o1,9.6,settimo_et_al.sdf.gz
CN1CCCCC1CCN1c2ccccc2Sc2ccc(S(C)=O)cc21,9.5,settimo_et_al.sdf.gz
CNC1CCC(c2ccc(Cl)c(Cl)c2)c2ccccc21,8.0,settimo_et_al.sdf.gz
COc1cc(CN2CCC3(C=Cc4ccccc43)CC2)cc(OC)c1OC,8.4,settimo_et_al.sdf.gz
COc1ccc2nc(-c3ccccc3)cc(N)c2c1,8.7,settimo_et_al.sdf.gz
COc1ccc2nc(NC(=O)CN3CC4CC(C3)c3cccc(=O)n3C4)sc2c1,10.0,settimo_et_al.sdf.gz
COc1ccc2nc(NC(=O)CN3CCCCC3)sc2c1,10.0,settimo_et_al.sdf.gz
CCNC,10.9,settimo_et_al.sdf.gz
NCCC(=O)O,10.2,settimo_et_al.sdf.gz
CC1CCN2CCCC12,11.4,settimo_et_al.sdf.gz
F[C@H]1CNCC[C@H]1Cc1ccccc1,9.3,settimo_et_al.sdf.gz
F[C@@H]1CNCC[C@H]1Cc1ccccc1,8.8,settimo_et_al.sdf.gz
CN(C)CCCCS(=O)(=O)c1ccccc1,9.3,settimo_et_al.sdf.gz
O=C1[C@@H]2[C@@H](CN3CCC[C@@H]23)C(=O)N1Cc1ccc(F)cc1,7.0,settimo_et_al.sdf.gz
O=C1[C@@H]2[C@H](C(=O)N1Cc1ccc(F)cc1)[C@H](c1ccccc1)N1CCC[C@@H]21,5.6,settimo_et_al.sdf.gz
O=C1[C@@H]2[C@H](C(=O)N1Cc1ccc(F)cc1)[C@@H](c1ccccc1)N1CCC[C@H]21,5.9,settimo_et_al.sdf.gz
N#Cc1ccc([C@H]2[C@H]3C(=O)N(CC4=CCC(F)C=C4)C(=O)[C@H]3[C@@H]3CCCN32)cc1,4.5,settimo_et_al.sdf.gz
N#Cc1ccc([C@H]2[C@H]3C(O)N(Cc4ccc(F)cc4)C(=O)[C@H]3[C@@H]3C[C@H](F)CN32)cc1,3.1,settimo_et_al.sdf.gz
N#CC1=CCC([C@H]2[C@H]3C(O)N(Cc4ccc(F)cc4)C(=O)[C@H]3[C@@H]3[C@@H](F)CCN32)C=C1,3.3,settimo_et_al.sdf.gz
N#CC1=CCC([C@H]2[C@H]3C(O)N(Cc4ccc(F)cc4)C(=O)[C@H]3[C@@H]3[C@H](F)CCN32)C=C1,3.3,settimo_et_al.sdf.gz
C=C[C@@H]1[C@@H]2[C@H](C(=O)N1Cc1ccc(F)cc1)[C@H](c1ccc(C(=N)N)cc1)N1CCC[C@@H]21,6.0,settimo_et_al.sdf.gz
CC[C@@H]1[C@@H]2[C@H](C(=O)N1Cc1ccc(F)cc1)[C@H](c1ccc(C(=N)N)cc1)N1CCC[C@@H]21,6.3,settimo_et_al.sdf.gz
N=C(N)c1ccc([C@H]2[C@H]3C(=O)N(Cc4ccc(F)cc4)C(=O)[C@H]3[C@H]3[C@H](O)CCN32)cc1,4.1,settimo_et_al.sdf.gz
N=C(N)c1ccc([C@H]2[C@H]3C(=O)N(Cc4ccc(F)cc4)C(=O)[C@H]3[C@H]3[C@@H](O)CCN32)cc1,4.2,settimo_et_al.sdf.gz
N=C(N)c1ccc([C@H]2[C@H]3C(=O)N(Cc4ccc(F)cc4)C(=O)[C@H]3[C@H]3C[C@@H](O)CN32)cc1,3.9,settimo_et_al.sdf.gz
N=C(N)c1ccc([C@H]2[C@H]3C(=O)N(Cc4ccc(F)cc4)C(=O)[C@H]3[C@H]3C[C@H](O)CN32)cc1,3.9,settimo_et_al.sdf.gz
N=C(N)c1ccc([C@H]2[C@H]3C(=O)N(Cc4ccc(F)cc4)C(=O)[C@H]3[C@H]3[C@H](F)CCN32)cc1,3.4,settimo_et_al.sdf.gz
N=C(N)c1ccc([C@H]2[C@H]3C(=O)N(Cc4ccc(F)cc4)C(=O)[C@H]3[C@H]3[C@@H](F)CCN32)cc1,3.3,settimo_et_al.sdf.gz
N=C(N)c1ccc([C@H]2[C@H]3C(=O)N(Cc4ccc(F)cc4)C(=O)[C@H]3[C@H]3C[C@@H](F)CN32)cc1,3.3,settimo_et_al.sdf.gz
N=C(N)c1ccc([C@H]2[C@H]3C(=O)N(Cc4ccc(F)cc4)C(=O)[C@H]3[C@H]3C[C@H](F)CN32)cc1,3.3,settimo_et_al.sdf.gz
N=C(N)c1ccc([C@H]2[C@H]3C(=O)N(Cc4ccc(F)cc4)[C@H](CF)[C@H]3[C@@H]3CCCN32)cc1,6.0,settimo_et_al.sdf.gz
O=C1[C@@H]2[C@H](C(=O)N1Cc1ccccc1)[C@H](c1ccc(Br)cc1)N1CCC[C@@H]21,5.2,settimo_et_al.sdf.gz
N#CC1=CCC([C@H]2[C@H]3C(O)N(Cc4ccc(F)cc4)C(=O)[C@H]3[C@H]3N2CCC3(F)F)C=C1,2.0,settimo_et_al.sdf.gz
C=CC[C@@H]1[C@@H]2[C@H](C(=O)N1Cc1ccc(F)cc1)[C@H](c1ccc(C(=N)N)cc1)N1CCC[C@@H]21,6.2,settimo_et_al.sdf.gz
CC(C)[C@@H]1[C@@H]2[C@H](C(=O)N1Cc1ccc(F)cc1)[C@H](c1ccc(C(=N)N)cc1)N1CCC[C@@H]21,6.5,settimo_et_al.sdf.gz
CCC[C@@H]1[C@@H]2[C@H](C(=O)N1Cc1ccc(F)cc1)[C@H](c1ccc(C(=N)N)cc1)N1CCC[C@@H]21,6.2,settimo_et_al.sdf.gz
CO[C@@H]1CCN2[C@H]1[C@@H]1C(=O)N(Cc3ccc(F)cc3)C(=O)[C@@H]1[C@@H]2c1ccc(C(=N)N)cc1,3.7,settimo_et_al.sdf.gz
CO[C@H]1CCN2[C@H]1[C@@H]1C(=O)N(Cc3ccc(F)cc3)C(=O)[C@@H]1[C@@H]2c1ccc(C(=N)N)cc1,4.2,settimo_et_al.sdf.gz
CO[C@@H]1C[C@@H]2[C@@H]3C(=O)N(Cc4ccc(F)cc4)C(=O)[C@@H]3[C@H](c3ccc(C(=N)N)cc3)N2C1,3.6,settimo_et_al.sdf.gz
CO[C@H]1C[C@@H]2[C@@H]3C(=O)N(Cc4ccc(F)cc4)C(=O)[C@@H]3[C@H](c3ccc(C(=N)N)cc3)N2C1,3.7,settimo_et_al.sdf.gz
CC(C)[C@@H]1C2[C@H](C(=O)N1CC1=CCC(Cl)C=C1)[C@H](C1C=CC(C#N)=CC1)N1CCC[C@@H]21,6.0,settimo_et_al.sdf.gz
N=C(N)c1ccc([C@H]2[C@H]3C(=O)N(Cc4ccc(F)cc4)[C@H](CCF)[C@H]3[C@@H]3CCCN32)cc1,6.1,settimo_et_al.sdf.gz
N=C(N)c1ccc([C@H]2[C@H]3C(=O)N(Cc4ccc(F)cc4)C(=O)[C@H]3[C@@H]3N2CCC3(F)F)cc1,2.0,settimo_et_al.sdf.gz
N=C(N)c1ccc([C@H]2[C@H]3C(=O)N(Cc4ccc(F)cc4)C(=O)[C@H]3[C@H]3CC(F)(F)CN32)cc1,2.0,settimo_et_al.sdf.gz
N=C(N)c1ccc([C@H]2[C@H]3C(=O)N(Cc4ccc(F)cc4)[C@H](C(F)F)[C@H]3[C@@H]3CCCN32)cc1,5.6,settimo_et_al.sdf.gz
O=C(O)[C@@H]1[C@H](C(=O)NCc2ccccc2)[C@H](c2ccc(Br)cc2)N2CCC[C@@H]12,9.3,settimo_et_al.sdf.gz
COc1ccc(CN2C(=O)[C@H]3[C@@H]([C@H]2C(C)C)[C@@H]2CCCN2[C@H]3c2ccc(C(=N)N)cc2)cc1,6.3,settimo_et_al.sdf.gz
CC(C)[C@@H]1[C@@H]2[C@H](C(=O)N1Cc1ccc(Cl)cc1)[C@H](c1ccc(C(=N)N)cc1)N1CCC[C@@H]21,6.2,settimo_et_al.sdf.gz
COC1C=CC(CN2C(=O)[C@H]3C([C@H]2CC(F)F)[C@@H]2CCCN2[C@H]3c2ccc(C#N)cc2)=CC1,6.0,settimo_et_al.sdf.gz
N=C(N)c1ccc([C@H]2[C@H]3C(=O)N(Cc4ccc(F)cc4)[C@H](CC(F)F)[C@H]3[C@@H]3CCCN32)cc1,6.0,settimo_et_al.sdf.gz
N#Cc1ccc([C@H]2[C@H]3C(=O)N(CC4=CCC(F)C=C4)[C@](O)(C(F)(F)F)[C@H]3[C@@H]3CCCN32)cc1,5.5,settimo_et_al.sdf.gz
COC1(OC)CCN2[C@H]1[C@@H]1C(=O)N(Cc3ccc(F)cc3)C(=O)[C@@H]1[C@@H]2c1ccc(C(=N)N)cc1,3.3,settimo_et_al.sdf.gz
COC1(OC)C[C@@H]2[C@@H]3C(=O)N(Cc4ccc(F)cc4)C(=O)[C@@H]3[C@H](c3ccc(C(=N)N)cc3)N2C1,3.2,settimo_et_al.sdf.gz
COc1ccc(CN2C(=O)[C@H]3C([C@@H]4CCCN4[C@H]3c3ccc(C#N)cc3)[C@@]2(O)C(F)(F)F)cc1,5.6,settimo_et_al.sdf.gz
N=C(N)c1ccc([C@H]2[C@H]3C(=O)N(Cc4ccc(F)cc4)[C@](O)(C(F)(F)F)[C@H]3[C@@H]3CCCN32)cc1,5.5,settimo_et_al.sdf.gz
CO[C@@]1(C(F)(F)F)[C@@H]2[C@H](C(=O)N1Cc1ccc(F)cc1)[C@H](c1ccc(C(=N)N)cc1)N1CCC[C@@H]21,5.2,settimo_et_al.sdf.gz
CO[C@]1(C(F)(F)F)[C@@H]2[C@H](C(=O)N1Cc1ccc(F)cc1)[C@H](c1ccc(C(=N)N)cc1)N1CCC[C@@H]21,4.9,settimo_et_al.sdf.gz
NC(Cc1ccccc1)C(=O)O,2.2,settimo_et_al.sdf.gz
CC(N)(Cc1ccc(O)c(O)c1)C(=O)O,2.21,settimo_et_al.sdf.gz
NC(Cc1ccc(O)c(O)c1)C(=O)O,2.21,settimo_et_al.sdf.gz
NC(Cc1c[nH]c2ccccc12)C(=O)O,2.3,settimo_et_al.sdf.gz
CC(C)CC(N)C(=O)O,2.38,settimo_et_al.sdf.gz
CC1=C(C(=O)O)N2C(=O)[C@H](NC(=O)[C@H](N)c3ccccc3)[C@H]2SC1,2.53,settimo_et_al.sdf.gz
CC1(C)S[C@@H]2[C@@H](NC(=O)[C@H](N)c3ccc(O)cc3)C(=O)N2[C@H]1C(=O)O,2.6,settimo_et_al.sdf.gz
CNC(CC(C)C)C(=O)NC1C(=O)NC(CC(N)=O)C(=O)NC2C(=O)NC3C(=O)NC(C(=O)NC(C(=O)O)c4cc(O)cc(O)c4-c4cc3ccc4O)C(O)c3ccc(c(Cl)c3)Oc3cc2cc(c3OC2OC(CO)C(O)C(O)C2OC2CC(C)(N)C(O)C(C)O2)Oc2ccc(cc2Cl)C1O,2.66,settimo_et_al.sdf.gz
CN1CC[C@]23c4c5ccc(O)c4O[C@H]2[C@H](O[C@H]2OC(C(=O)O)[C@@H](O)[C@@H](O)C2O)C=C[C@H]3[C@H]1C5,2.77,settimo_et_al.sdf.gz
Cc1cc(=O)oc2cc(C3OC(C(=O)O)C(O)C(O)C3O)ccc12,2.82,settimo_et_al.sdf.gz
CN1CC[C@]23c4c5ccc(O[C@H]6OC(C(=O)O)[C@@H](O)[C@@H](O)C6O)c4O[C@@H]2[C@H](O)C=C[C@H]3[C@H]1C5,2.86,settimo_et_al.sdf.gz
NC(Cc1c[nH]c2ccccc12)C(=O)NC(Cc1ccccc1)C(=O)O,3.18,settimo_et_al.sdf.gz
NC(Cc1ccccc1)C(=O)NC(Cc1ccccc1)C(=O)O,3.2,settimo_et_al.sdf.gz
Cc1cc(Cl)ccc1O[C@H](C)C(=O)O,3.21,settimo_et_al.sdf.gz
NCC(=O)NCC(=O)NCC(=O)O,3.23,settimo_et_al.sdf.gz
NC(Cc1ccccc1)C(=O)NC(Cc1ccccc1)C(=O)NC(Cc1ccccc1)C(=O)O,3.37,settimo_et_al.sdf.gz
NC(Cc1c[nH]c2ccccc12)C(=O)NC(Cc1c[nH]c2ccccc12)C(=O)O,3.38,settimo_et_al.sdf.gz
NCC(=O)NCC(=O)NCC(=O)NCC(=O)O,3.38,settimo_et_al.sdf.gz
CC(C(=O)O)N(C(=O)c1ccccc1)c1ccc(F)c(Cl)c1,3.73,settimo_et_al.sdf.gz
COc1ccc2cc(C(C)C(=O)O)ccc2c1,4.18,settimo_et_al.sdf.gz
CC(C)n1c(/C=C/[C@H](O)C[C@H](O)CC(=O)O)c(-c2ccc(F)cc2)c2ccccc21,4.31,settimo_et_al.sdf.gz
CCCCC[C@H](O)/C=C/[C@H]1[C@H](C/C=C/CCCC(=O)O)C(=O)C[C@@H]1O,4.77,settimo_et_al.sdf.gz
CCCCC[C@H](O)/C=C/[C@H]1[C@H](CCCCCCC(=O)O)C(=O)C[C@@H]1O,4.87,settimo_et_al.sdf.gz
NC1[C@H]2CN(c3nc4c(cc3F)c(=O)c(C(=O)O)cn4-c3ccc(F)cc3F)C[C@@H]12,5.9,settimo_et_al.sdf.gz
CC(Cc1ccc(C(C)(C)C)cc1)CN1CC(C)OC(C)C1,7.34,settimo_et_al.sdf.gz
C#CCN(C)[C@H](C)Cc1ccc(F)cc1,7.42,settimo_et_al.sdf.gz
COC1C(OC(C)=O)CC(=O)OC(C)C/C=C\C=C/C(=O)C(C)CC(CC=O)C1OC1OC(C)C(OC2CC(C)(O)C(OC(=O)CC(C)C)C(C)O2)C(N(C)C)C1O,7.55,settimo_et_al.sdf.gz
CO[C@H]1[C@@H](O[C@@H]2O[C@H](C)[C@@H](O[C@H]3C[C@@](C)(O)[C@@H](O[C@@H](O)CC(C)C)[C@H](C)O3)[C@@H](N(C)C)[C@H]2O)[C@@H](CCO)C[C@@H](C)[C@H](O)CC[C@@H]2O[C@H]2C[C@@H](C)O[C@@H](O)C[C@H]1O[C@H](C)O,7.61,settimo_et_al.sdf.gz
CCC1OC(=O)CC(O)C(C)C(OC2OC(C)C(OC3CC(C)(O)C(O)C(C)O3)C(N(C)C)C2O)C(CC=O)CC(C)C(=O)/C=C\C(C)=C/C1COC1OC(C)C(O)C(OC)C1CC,7.73,settimo_et_al.sdf.gz
CC(NC(CCc1ccccc1)C(=O)O)C(=O)N1CCCC1C(=O)O,7.84,settimo_et_al.sdf.gz
CC(=O)Oc1ccc2c3c1O[C@@H]1C(OC(C)=O)C=C[C@H]4[C@@H](C2)N(C)CC[C@]314,7.96,settimo_et_al.sdf.gz
CC1COc2c(N3CCN(C)CC3)c(F)cc3c(=O)c(C(=O)O)cn1c23,8.31,settimo_et_al.sdf.gz
CCC1OC(=O)CC(O)C(C)C(OC2OC(C)C(O)C(N(C)C)C2O)C(CC=O)CC(C)C(=O)/C=C\C(C)=C/C1COC1OC(C)C(O)C(OC)C1CC,8.36,settimo_et_al.sdf.gz
COC1C(OC(C)=O)CC(=O)OC(C)CC2OC2/C=C\C(=O)C(C)CC(CC=O)C1OC1OC(C)C(O)C(N(C)C)C1O,8.44,settimo_et_al.sdf.gz
CC/C(=C(/c1ccccc1)c1ccc(OCCN(C)C)cc1)c1ccccc1,8.48,settimo_et_al.sdf.gz
N#Cc1ccc2c(c1)N(CCCCN1CCC(O)CC1)c1ccccc1S2,8.76,settimo_et_al.sdf.gz
CCC1OC(=O)CC(O)CC(OC2OC(C)CC(N(C)C)C2O)C(CC=O)CC(C)C(=O)/C=C\C2OC2C1C,8.79,settimo_et_al.sdf.gz
CC[C@H]1OC(=O)[C@@H](C)[C@H](O[C@H]2C[C@](C)(OC)[C@H](O)[C@@H](C)O2)[C@@H](C)[C@@H](O[C@@H]2O[C@H](C)C[C@@H](N(C)C)[C@@H]2O)[C@](C)(O)C[C@@H](C)C(=O)[C@@H](C)[C@@H](O)[C@]1(C)O,8.8,settimo_et_al.sdf.gz
CCN(C)C(=O)Oc1cccc(C(C)N(C)C)c1,8.8,settimo_et_al.sdf.gz
CCC1OC(=O)CC(O)C(C)C(CC=O)(OC2OC(C)CC(N(C)C)C2O)CC(C)C(=O)/C=C\C(C)=C/C1C,8.83,settimo_et_al.sdf.gz
COC1CC(OC2C(C)C(O)OC(C)C(C)C(O)C(C)C(=O)C3(CO3)CC(C)C(OC3OC(C)CC(N(C)C)C3O)C2C)OC(C)C1O,8.84,settimo_et_al.sdf.gz
CCC(=O)OC(Cc1ccccc1)(c1ccccc1)C(C)CN(C)C,9.06,settimo_et_al.sdf.gz
CC[C@H]1OC(=O)[C@@H](C)[C@H](O[C@@H]2C[C@](C)(OC)[C@@H](O)[C@@H](C)O2)[C@@H](C)[C@@H](O[C@@H]2O[C@H](C)C[C@@H](N(C)C)[C@@H]2O)[C@](C)(O)C[C@@H](C)/C(=N/OCOCCOC)[C@@H](C)[C@@H](O)[C@]1(C)O,9.27,settimo_et_al.sdf.gz
CN(C)CCCOc1nn(Cc2ccccc2)c2ccccc12,9.27,settimo_et_al.sdf.gz
CCCOC(=O)NCCCN(C)C,9.48,settimo_et_al.sdf.gz
CN[C@H]1C(O)O[C@H](CO)[C@@H](O)[C@@H]1O,9.6,settimo_et_al.sdf.gz
CN(C)CCOC1(c2ccccc2)CC2CCC1(C)C2(C)C,9.61,settimo_et_al.sdf.gz
CNC(C)C(O)c1ccccc1,9.65,settimo_et_al.sdf.gz
CCN(CC)C(=O)Nc1ccc(OCC(O)CNC)c(C(C)=O)c1,9.66,settimo_et_al.sdf.gz
NC(CC(=O)O)C(=O)O,9.67,settimo_et_al.sdf.gz
Oc1ccc2c3c1O[C@H]1C(O)C=C[C@H]4[C@@H](C2)NCC[C@]314,9.8,settimo_et_al.sdf.gz
CC(C)(C)NCC(O)COc1ccccc1C1CCCC1,9.92,settimo_et_al.sdf.gz
CN1[C@@H]2CC[C@H]1CC(OC(=O)C(CO)c1ccccc1)C2,9.84,settimo_et_al.sdf.gz
CC(C)(C)NCC(O)COc1nsnc1N1CCOCC1,8.8,settimo_et_al.sdf.gz
C=C[C@H]1CN2CCC1C[C@@H]2[C@@H](O)c1ccnc2ccc(OC)cc12,8.05,settimo_et_al.sdf.gz
Cc1ccc(O)c([C@@H](CCN(C(C)C)C(C)C)c2ccccc2)c1,9.8,settimo_et_al.sdf.gz
C=CCN1CCC23c4c5ccc(O)c4OC2C(=O)CCC3(O)C1C5,7.94,settimo_et_al.sdf.gz
CN(C)[C@@H]1C(O)=C(C(N)=O)C(=O)[C@@]2(O)C(O)=C3C(=O)c4c(O)cccc4[C@@](C)(O)C3[C@H](O)C12,7.32,settimo_et_al.sdf.gz
O=C1C[C@@H]2OCC=C3CN4CC[C@]56c7ccccc7N1[C@H]5C2[C@H]3C[C@H]46,8.26,settimo_et_al.sdf.gz
C[C@H](CCC(=O)O)C1CC[C@H]2C3[C@H](O)C[C@@H]4C[C@H](O)CC[C@]4(C)[C@H]3CC[C@]12C,5.03,settimo_et_al.sdf.gz
C[C@H](CCC(=O)O)C1CC[C@H]2C3[C@@H](O)C[C@@H]4C[C@H](O)CC[C@]4(C)[C@H]3CC[C@]12C,5.04,settimo_et_al.sdf.gz
O=C1NCCCc2c1oc1ccc(O)cc21,9.53,sampl6.sdf.gz
FC(F)(F)c1cccc(Nc2ncnc3ccccc23)c1,5.03,sampl6.sdf.gz
O=C(Nc1nnc(Cc2ccccc2)s1)c1cccs1,7.02,sampl6.sdf.gz
Clc1ccc(CNc2ncnc3ccccc23)cc1,6.02,sampl6.sdf.gz
O=C(Nc1ccccc1N1CCCCC1)c1ccc(Cl)o1,4.59,sampl6.sdf.gz
O=C(Nc1cccc2cccnc12)c1cncc(Br)c1,3.03,sampl6.sdf.gz
c1ccc(CNc2ncnc3ccccc23)cc1,6.08,sampl6.sdf.gz
Cc1ccc2[nH]c(=O)c(CC(=O)O)c(-c3ccccc3)c2c1,4.22,sampl6.sdf.gz
COc1cccc(Nc2ncnc3ccccc23)c1.Cl,5.37,sampl6.sdf.gz
O=C(CNC(=O)c1ccccc1)Nc1nc2ccccc2s1,9.02,sampl6.sdf.gz
Cl.Clc1cccc(Nc2ncnc3ccccc23)c1,5.28,sampl6.sdf.gz
COc1cc2ncnc(Nc3cccc(C)c3)c2cc1OC,5.77,sampl6.sdf.gz
Nc1ccc2c(c1)ncn2-c1ccccc1,2.58,sampl6.sdf.gz
Oc1ccc(-n2cnc3ccccc32)cc1,4.7,sampl6.sdf.gz
O=C(Nc1ccncc1)c1c(Cl)cccc1Cl,5.37,sampl6.sdf.gz
c1ccc(CSc2nnc(-c3ccncc3)o2)cc1,3.16,sampl6.sdf.gz
O=C(CCc1nc2ccccc2c(=O)[nH]1)Nc1ncc(Cc2ccc(F)c(F)c2)s1,2.15,sampl6.sdf.gz
CCOc1ccc2nc(NC(=O)Cc3ccc(Cl)c(Cl)c3)sc2c1,9.56,sampl6.sdf.gz
O=C1NC(=O)/C(=C\c2cccc(OCc3ccc(Cl)cc3Cl)c2)S1,5.7,sampl6.sdf.gz
Fc1cnc(Nc2cccc(Br)c2)nc1Nc1cccc(Br)c1,4.1,sampl6.sdf.gz
CCOC(=O)c1ccc(Nc2cc(C)nc(Nc3ccc(C(=O)OCC)cc3)n2)cc1,5.45,sampl6.sdf.gz
COc1ccc(-c2oc3ncnc(NCCO)c3c2-c2ccc(OC)cc2)cc1,2.6,sampl6.sdf.gz
