key,pKa,kind,prot_smi,prot_idx,dep_smi,dep_idx
CCCC(=O)Nc1ccc(OC[C@H](O)CNC(C)C)c(C(C)=O)c1,9.5,base,CCCC(=O)Nc1ccc(OC[C@H](O)C[NH2+]C(C)C)c(C(C)=O)c1,19,CCCC(=O)Nc1ccc(OC[C@H](O)CNC(C)C)c(C(C)=O)c1,19
Nc1nc(=O)c2ncn(COCCO)c2[nH]1,2.2,base,[NH3+]c1nc(=O)c2ncn(COCCO)c2[nH]1,15,Nc1nc(=O)c2ncn(COCCO)c2[nH]1,15
CCC(=O)O[C@]1(c2ccccc2)CCN(C)C[C@@H]1C,8.7,base,CCC(=O)O[C@]1(c2ccccc2)CC[N@H+](C)C[C@@H]1C,8,CCC(=O)O[C@]1(c2ccccc2)CCN(C)C[C@@H]1C,8
C=CCc1ccccc1OC[C@H](O)CNC(C)C,9.6,base,C=CCc1ccccc1OC[C@H](O)C[NH2+]C(C)C,3,C=CCc1ccccc1OC[C@H](O)CNC(C)C,3
CC(C)NC[C@@H](O)COc1ccc(CC(N)=O)cc1,9.6,base,CC(C)[NH2+]C[C@@H](O)COc1ccc(CC(N)=O)cc1,3,CC(C)NC[C@@H](O)COc1ccc(CC(N)=O)cc1,3
CNCCc1ccccn1,10.0,base,C[NH2+]CCc1ccccn1,1,CNCCc1ccccn1,1
C[NH2+]CCc1cccc[nH+]1,3.9,base,C[NH2+]CCc1cccc[nH+]1,9,C[NH2+]CCc1ccccn1,9
CC1=C(C(=O)[O-])N2C(=O)[C@@H](NC(=O)[C@H]([NH3+])c3ccc(O)cc3)[C@H]2SC1,7.0,base,CC1=C(C(=O)[O-])N2C(=O)[C@@H](NC(=O)[C@H]([NH3+])c3ccc(O)cc3)[C@H]2SC1,19,CC1=C(C(=O)[O-])N2C(=O)[C@@H](NC(=O)[C@H](N)c3ccc(O)cc3)[C@H]2SC1,19
CCN(CC)CCC[C@H](C)Nc1ccnc2cc(Cl)ccc12,10.6,base,CC[NH+](CC)CCC[C@H](C)Nc1ccnc2cc(Cl)ccc12,2,CCN(CC)CCC[C@H](C)Nc1ccnc2cc(Cl)ccc12,2
C/N=C(\NC#N)NCCSCc1nc[nH]c1C,6.8,base,C/[NH+]=C(\NC#N)NCCSCc1nc[nH]c1C,12,C/N=C(\NC#N)NCCSCc1nc[nH]c1C,12
CN(C)CCCN1c2ccccc2CCc2ccc(Cl)cc21,9.4,base,C[NH+](C)CCCN1c2ccccc2CCc2ccc(Cl)cc21,1,CN(C)CCCN1c2ccccc2CCc2ccc(Cl)cc21,1
Clc1ccccc1C(c1ccccc1)(c1ccccc1)n1ccnc1,5.8,base,Clc1ccccc1C(c1ccccc1)(c1ccccc1)n1cc[nH+]c1,23,Clc1ccccc1C(c1ccccc1)(c1ccccc1)n1ccnc1,23
CN1CCN(C2=c3ccccc3=Nc3ccc(Cl)cc3N2)CC1,7.5,base,CN1CCN(C2=c3ccccc3=[NH+]c3ccc(Cl)cc3N2)CC1,14,CN1CCN(C2=c3ccccc3=Nc3ccc(Cl)cc3N2)CC1,14
C[NH+]1CCN(C2=c3ccccc3=[NH+]c3ccc(Cl)cc3N2)CC1,3.9,base,C[NH+]1CCN(C2=c3ccccc3=[NH+]c3ccc(Cl)cc3N2)CC1,1,CN1CCN(C2=c3ccccc3=[NH+]c3ccc(Cl)cc3N2)CC1,1
COc1ccc2c3c1O[C@H]1[C@@H](O)C=C[C@H]4[C@@H](C2)N(C)CC[C@@]341,8.1,base,COc1ccc2c3c1O[C@H]1[C@@H](O)C=C[C@H]4[C@@H](C2)[N@@H+](C)CC[C@@]341,1,COc1ccc2c3c1O[C@H]1[C@@H](O)C=C[C@H]4[C@@H](C2)N(C)CC[C@@]341,1
CNCCCN1c2ccccc2CCc2ccccc21,10.3,base,C[NH2+]CCCN1c2ccccc2CCc2ccccc21,1,CNCCCN1c2ccccc2CCc2ccccc21,1
[NH-]C(N)=NCC[NH+]1CCCCCCC1,11.4,acid,NC(N)=NCC[NH+]1CCCCCCC1,12,[NH-]C(N)=NCC[NH+]1CCCCCCC1,13
NCCc1c[nH]cn1,9.7,base,[NH3+]CCc1c[nH]cn1,7,NCCc1c[nH]cn1,7
CC[C@H]1C[N@@]2CC[C@H]1C[C@H]2[C@H](O)c1ccnc2ccc(OC)cc12,9.1,base,CC[C@H]1C[N@@H+]2CC[C@H]1C[C@H]2[C@H](O)c1ccnc2ccc(OC)cc12,4,CC[C@H]1C[N@@]2CC[C@H]1C[C@H]2[C@H](O)c1ccnc2ccc(OC)cc12,4
CC[C@H]1C[N@@H+]2CC[C@H]1C[C@H]2[C@H](O)c1cc[nH+]c2ccc(OC)cc12,4.1,base,CC[C@H]1C[N@@H+]2CC[C@H]1C[C@H]2[C@H](O)c1cc[nH+]c2ccc(OC)cc12,14,CC[C@H]1C[N@@H+]2CC[C@H]1C[C@H]2[C@H](O)c1ccnc2ccc(OC)cc12,14
CN(C)CCCN1c2ccccc2CCc2ccccc21,9.6,base,C[NH+](C)CCCN1c2ccccc2CCc2ccccc21,1,CN(C)CCCN1c2ccccc2CCc2ccccc21,1
C[C@@H](CCc1ccccc1)NC[C@H](O)c1ccc(O)c(C(N)=O)c1,7.3,acid,C[C@@H](CCc1ccccc1)NC[C@H](O)c1ccc(O)c(C(N)=O)c1,22,C[C@@H](CCc1ccccc1)NC[C@H](O)c1ccc([O-])c(C(N)=O)c1,22
CCN(CC)CC(=O)Nc1c(C)cccc1C,7.9,base,CC[NH+](CC)CC(=O)Nc1c(C)cccc1C,2,CCN(CC)CC(=O)Nc1c(C)cccc1C,2
CNCCCC12CCC(c3ccccc31)c1ccccc12,10.3,base,C[NH2+]CCCC12CCC(c3ccccc31)c1ccccc12,1,CNCCCC12CCC(c3ccccc31)c1ccccc12,1
CN(CCCl)CCCl,6.4,base,C[NH+](CCCl)CCCl,1,CN(CCCl)CCCl,1
CC(C)NC[C@H](O)c1cc(O)cc(O)c1,9.9,acid,CC(C)NC[C@H](O)c1cc(O)cc(O)c1,13,CC(C)NC[C@H](O)c1cc([O-])cc(O)c1,12
COCCc1ccc(OC[C@H](O)CNC(C)C)cc1,9.6,base,COCCc1ccc(OC[C@H](O)C[NH2+]C(C)C)cc1,3,COCCc1ccc(OC[C@H](O)CNC(C)C)cc1,3
Clc1ccc(CO[C@H](Cn2ccnc2)c2ccc(Cl)cc2Cl)c(Cl)c1,6.4,base,Clc1ccc(CO[C@H](Cn2cc[nH+]c2)c2ccc(Cl)cc2Cl)c(Cl)c1,15,Clc1ccc(CO[C@H](Cn2ccnc2)c2ccc(Cl)cc2Cl)c(Cl)c1,15
CN1CC[C@]23c4c5ccc(O)c4O[C@H]2[C@@H](O)C=C[C@H]3[C@H]1C5,8.2,base,C[N@H+]1CC[C@]23c4c5ccc(O)c4O[C@H]2[C@@H](O)C=C[C@H]3[C@H]1C5,1,CN1CC[C@]23c4c5ccc(O)c4O[C@H]2[C@@H](O)C=C[C@H]3[C@H]1C5,1
CCN(CC)CCOC(=O)[C@@H](Cc1cccc2ccccc12)C[C@@H]1CCCO1,9.1,base,CC[NH+](CC)CCOC(=O)[C@@H](Cc1cccc2ccccc12)C[C@@H]1CCCO1,2,CCN(CC)CCOC(=O)[C@@H](Cc1cccc2ccccc12)C[C@@H]1CCCO1,2
CN1CCO[C@@H](c2ccccc2)c2ccccc2C1,8.5,base,C[N@H+]1CCO[C@@H](c2ccccc2)c2ccccc2C1,1,CN1CCO[C@@H](c2ccccc2)c2ccccc2C1,1
O=C(O)c1cccnc1,4.8,base,O=C(O)c1ccc[nH+]c1,4,O=C(O)c1cccnc1,4
CN1CCC[C@H]1c1cccnc1,8.1,base,C[N@@H+]1CCC[C@H]1c1cccnc1,1,CN1CCC[C@H]1c1cccnc1,1
C[N@@H+]1CCC[C@H]1c1ccc[nH+]c1,3.2,base,C[N@@H+]1CCC[C@H]1c1ccc[nH+]c1,10,C[N@@H+]1CCC[C@H]1c1cccnc1,10
CCN(CC)C(=O)c1cccnc1,3.5,base,CCN(CC)C(=O)c1ccc[nH+]c1,11,CCN(CC)C(=O)c1cccnc1,11
C[C@@H](N)Cc1ccc(Cl)cc1,9.9,base,C[C@@H]([NH3+])Cc1ccc(Cl)cc1,10,C[C@@H](N)Cc1ccc(Cl)cc1,10
CCOc1ccc(/N=C(\C)Nc2ccc(OCC)cc2)cc1,9.3,base,CCOc1ccc(N/C(C)=[NH+]/c2ccc(OCC)cc2)cc1,11,CCOc1ccc(/N=C(\C)Nc2ccc(OCC)cc2)cc1,11
[NH3+][C@H](Cc1ccccc1)C(=O)[O-],8.9,base,[NH3+][C@H](Cc1ccccc1)C(=O)[O-],11,N[C@H](Cc1ccccc1)C(=O)[O-],11
CN1C(C(=O)Nc2ccccn2)=C(O)c2ccccc2S1(=O)=O,5.3,base,CN1C(C(=O)Nc2cccc[nH+]2)=C(O)c2ccccc2S1(=O)=O,22,CN1C(C(=O)Nc2ccccn2)=C(O)c2ccccc2S1(=O)=O,22
CCN(CC)CCOC(=O)c1ccc(N)cc1,9.1,base,CC[NH+](CC)CCOC(=O)c1ccc(N)cc1,2,CCN(CC)CCOC(=O)c1ccc(N)cc1,2
CC[NH+](CC)CCOC(=O)c1ccc([NH3+])cc1,2.0,base,CC[NH+](CC)CCOC(=O)c1ccc([NH3+])cc1,16,CC[NH+](CC)CCOC(=O)c1ccc(N)cc1,16
CC(C)NC[C@@H](O)COc1cccc2ccccc12,9.6,base,CC(C)[NH2+]C[C@@H](O)COc1cccc2ccccc12,3,CC(C)NC[C@@H](O)COc1cccc2ccccc12,3
C=C[C@H]1C[N@]2CC[C@@H]1C[C@H]2[C@H](O)c1ccnc2ccc(OC)cc12,8.5,base,C=C[C@H]1C[N@H+]2CC[C@@H]1C[C@H]2[C@H](O)c1ccnc2ccc(OC)cc12,18,C=C[C@H]1C[N@]2CC[C@@H]1C[C@H]2[C@H](O)c1ccnc2ccc(OC)cc12,18
CC(C)[NH2+]C[C@H](O)c1ccc([N-]S(C)(=O)=O)cc1,9.3,base,CC(C)[NH2+]C[C@H](O)c1ccc([N-]S(C)(=O)=O)cc1,3,CC(C)NC[C@H](O)c1ccc([N-]S(C)(=O)=O)cc1,3
C1CCN2C[C@@H]3C[C@@H](CN4CCCC[C@@H]34)[C@H]2C1,12.0,base,C1CC[N@@H+]2C[C@@H]3C[C@@H](CN4CCCC[C@@H]34)[C@H]2C1,3,C1CCN2C[C@@H]3C[C@@H](CN4CCCC[C@@H]34)[C@H]2C1,3
CCCCNc1ccc(C(=O)OCCN(C)C)cc1,8.5,base,CCCCNc1ccc(C(=O)OCC[NH+](C)C)cc1,16,CCCCNc1ccc(C(=O)OCCN(C)C)cc1,16
CN(C)CCN(Cc1ccsc1)c1ccccn1,8.9,base,C[NH+](C)CCN(Cc1ccsc1)c1ccccn1,1,CN(C)CCN(Cc1ccsc1)c1ccccn1,1
O=c1n(CCCN2CCN(c3cccc(Cl)c3)CC2)nc2ccccn12,6.8,base,O=c1n(CCC[NH+]2CCN(c3cccc(Cl)c3)CC2)nc2ccccn12,13,O=c1n(CCCN2CCN(c3cccc(Cl)c3)CC2)nc2ccccn12,13
C[C@H](CN(C)C)CN1c2ccccc2CCc2ccccc21,9.4,base,C[C@@H](CN1c2ccccc2CCc2ccccc21)C[NH+](C)C,19,C[C@H](CN(C)C)CN1c2ccccc2CCc2ccccc21,19
[NH3+][C@H](Cc1c[nH]c2ccccc12)C(=O)[O-],9.1,base,[NH3+][C@H](Cc1c[nH]c2ccccc12)C(=O)[O-],14,N[C@H](Cc1c[nH]c2ccccc12)C(=O)[O-],14
CC(O)(C(F)(F)F)C(F)(F)F,9.6,acid,CC(O)(C(F)(F)F)C(F)(F)F,10,CC([O-])(C(F)(F)F)C(F)(F)F,10
CC(C)(O)C(F)(F)F,11.6,acid,CC(C)(O)C(F)(F)F,7,CC(C)([O-])C(F)(F)F,7
C[C@@H](O)C(F)(F)F,11.8,acid,C[C@@H](O)C(F)(F)F,6,C[C@@H]([O-])C(F)(F)F,6
O=C(NCCS)NCCS,9.26,acid,O=C(NCCS)NCCS,2,O=C(NCC[S-])NCCS,9
SCCCCS,9.88,acid,SCCCCS,5,[S-]CCCCS,3
FC(F)(F)CS,7.3,acid,FC(F)(F)CS,5,FC(F)(F)C[S-],5
OCC(F)(F)F,12.8,acid,OCC(F)(F)F,5,[O-]CC(F)(F)F,5
C[C@H](Oc1cc(Cl)c(Cl)cc1Cl)C(=O)O,2.84,acid,C[C@H](Oc1cc(Cl)c(Cl)cc1Cl)C(=O)O,4,C[C@H](Oc1cc(Cl)c(Cl)cc1Cl)C(=O)[O-],4
OCC(Cl)Cl,12.89,acid,OCC(Cl)Cl,4,[O-]CC(Cl)Cl,4
Oc1cc(Cl)c(Cl)c(Cl)c1Cl,6.35,acid,Oc1cc(Cl)c(Cl)c(Cl)c1Cl,10,[O-]c1cc(Cl)c(Cl)c(Cl)c1Cl,10
Oc1c(Cl)cc(Cl)c(Cl)c1Cl,5.22,acid,Oc1c(Cl)cc(Cl)c(Cl)c1Cl,9,[O-]c1c(Cl)cc(Cl)c(Cl)c1Cl,9
Oc1c(Cl)c(Cl)cc(Cl)c1Cl,5.14,acid,Oc1c(Cl)c(Cl)cc(Cl)c1Cl,8,[O-]c1c(Cl)c(Cl)cc(Cl)c1Cl,8
O=C(O)Cc1c(Cl)ccc(Cl)c1Cl,3.7,acid,O=C(O)Cc1c(Cl)ccc(Cl)c1Cl,10,O=C([O-])Cc1c(Cl)ccc(Cl)c1Cl,10
Oc1c(Cl)ccc(Cl)c1Cl,5.8,acid,Oc1c(Cl)ccc(Cl)c1Cl,7,[O-]c1c(Cl)ccc(Cl)c1Cl,7
O=C(O)CCCOc1ccc(Cl)cc1Cl,4.1,acid,O=C(O)CCCOc1ccc(Cl)cc1Cl,14,O=C([O-])CCCOc1ccc(Cl)cc1Cl,14
NCCS,8.3,acid,NCCS,2,NCC[S-],2
[NH3+]CC[S-],8.3,acid,[NH3+]CCS,2,[NH3+]CC[S-],2
Nc1ccccc1S,6.59,acid,Nc1ccccc1S,7,Nc1ccccc1[S-],7
N#Cc1ccccc1O,6.98,acid,N#Cc1ccccc1O,8,N#Cc1ccccc1[O-],8
O=[N+]([O-])c1cc(C2CCCCC2)c(O)c([N+](=O)[O-])c1,4.52,acid,O=[N+]([O-])c1cc(C2CCCCC2)c(O)c([N+](=O)[O-])c1,12,O=[N+]([O-])c1cc(C2CCCCC2)c([O-])c([N+](=O)[O-])c1,12
CCOCCS,9.38,acid,CCOCCS,5,CCOCC[S-],5
O=C(O)c1cc([N+](=O)[O-])cc([N+](=O)[O-])c1O,0.7,acid,O=C(O)c1cc([N+](=O)[O-])cc([N+](=O)[O-])c1O,8,O=C([O-])c1cc([N+](=O)[O-])cc([N+](=O)[O-])c1O,8
CC(C)(S)CO,9.85,acid,CC(C)(S)CO,5,CC(C)([S-])CO,5
O=S(=O)(O)CCS,9.2,acid,O=S(=O)(O)CCS,6,O=S(=O)(O)CC[S-],6
O=S(=O)([O-])CCS,9.2,acid,O=S(=O)([O-])CCS,6,O=S(=O)([O-])CC[S-],6
O=c1[nH]cc(S)c(=O)[nH]1,5.3,acid,O=c1[nH]cc(S)c(=O)[nH]1,8,O=c1[nH]cc([S-])c(=O)[nH]1,8
O=c1[n-]c(=O)c(S)c[nH]1,5.3,acid,O=c1[n-]c(=O)c(S)c[nH]1,8,O=c1[n-]c(=O)c([S-])c[nH]1,8
CCC(C)(C)S,11.22,acid,CCC(C)(C)S,5,CCC(C)(C)[S-],5
SCc1ccccn1,8.82,acid,SCc1ccccn1,7,[S-]Cc1ccccn1,7
CC(C)S,10.86,acid,CC(C)S,3,CC(C)[S-],3
CC(C)c1cccc(O)c1,10.1,acid,CC(C)c1cccc(O)c1,9,CC(C)c1cccc([O-])c1,9
CC[C@@](C)(S)[C@H](N)C(=O)O,8.1,acid,CC[C@@](C)(S)[C@H](N)C(=O)O,9,CC[C@@](C)([S-])[C@H](N)C(=O)O,9
CC[C@@](C)(S)[C@H]([NH3+])C(=O)[O-],8.1,acid,CC[C@@](C)(S)[C@H]([NH3+])C(=O)[O-],9,CC[C@@](C)([S-])[C@H]([NH3+])C(=O)[O-],9
OC[C@H](O)CS,9.46,acid,OC[C@H](O)CS,3,OC[C@H](O)C[S-],3
OCCCS,10.19,acid,OCCCS,4,OCCC[S-],4
O=C(O)CCS,10.27,acid,O=C(O)CCS,2,O=C(O)CC[S-],2
O=C([O-])CCS,10.27,acid,O=C([O-])CCS,2,O=C([O-])CC[S-],2
O=[N+]([O-])c1cccc(S)c1,5.24,acid,O=[N+]([O-])c1cccc(S)c1,6,O=[N+]([O-])c1cccc([S-])c1,6
OCC#Cc1ccccc1,13.87,acid,OCC#Cc1ccccc1,9,[O-]CC#Cc1ccccc1,9
O=C(O)c1cccc(S)c1,6.2,acid,O=C(O)c1cccc(S)c1,6,O=C(O)c1cccc([S-])c1,6
O=C([O-])c1cccc(S)c1,6.2,acid,O=C([O-])c1cccc(S)c1,6,O=C([O-])c1cccc([S-])c1,6
N#CCCS,8.6,acid,N#CCCS,2,N#CCC[S-],2
O=C(O)COc1ccc(Cl)cc1,3.18,acid,O=C(O)COc1ccc(Cl)cc1,10,O=C([O-])COc1ccc(Cl)cc1,10
Sc1ccc(Cl)cc1,7.7,acid,Sc1ccc(Cl)cc1,6,[S-]c1ccc(Cl)cc1,6
COc1ccc(S)cc1,6.77,acid,COc1ccc(S)cc1,8,COc1ccc([S-])cc1,8
Cc1ccc(S)cc1,6.82,acid,Cc1ccc(S)cc1,7,Cc1ccc([S-])cc1,7
CC[C@H](C)c1ccc(O)c([N+](=O)[O-])c1,7.59,acid,CC[C@H](C)c1ccc(O)c([N+](=O)[O-])c1,13,CC[C@H](C)c1ccc([O-])c([N+](=O)[O-])c1,13
C=CCS,9.96,acid,C=CCS,3,C=CC[S-],3
COc1cc(OC)nc(NC(=O)NS(=O)(=O)c2c(-c3nnn(C)n3)cnn2C)n1,3.6,acid,COc1cc(OC)nc(NC(=O)NS(=O)(=O)c2c(-c3nnn(C)n3)cnn2C)n1,15,COc1cc(OC)nc(NC(=O)[N-]S(=O)(=O)c2c(-c3nnn(C)n3)cnn2C)n1,15
O=C(O)Cn1c(=O)sc2cccc(Cl)c21,3.04,acid,O=C(O)Cn1c(=O)sc2cccc(Cl)c21,14,O=C([O-])Cn1c(=O)sc2cccc(Cl)c21,14
C[C@H](O)CC(=O)O,4.7,acid,C[C@H](O)CC(=O)O,5,C[C@H](O)CC(=O)[O-],5
COc1cc(OC)nc(Oc2cccc(Oc3nc(OC)cc(OC)n3)c2C(=O)O)n1,3.55,acid,COc1cc(OC)nc(Oc2cccc(Oc3nc(OC)cc(OC)n3)c2C(=O)O)n1,17,COc1cc(OC)nc(Oc2cccc(Oc3nc(OC)cc(OC)n3)c2C(=O)[O-])n1,17
O=[N+]([O-])c1ccc(O/N=C/c2cc(Br)c(O)c(Br)c2)c([N+](=O)[O-])c1,5.46,acid,O=[N+]([O-])c1ccc(O/N=C/c2cc(Br)c(O)c(Br)c2)c([N+](=O)[O-])c1,22,O=[N+]([O-])c1ccc(O/N=C/c2cc(Br)c([O-])c(Br)c2)c([N+](=O)[O-])c1,22
O=C(O)COCCN1CCN([C@H](c2ccccc2)c2ccc(Cl)cc2)CC1,3.0,acid,O=C(O)COCCN1CCN([C@H](c2ccccc2)c2ccc(Cl)cc2)CC1,26,O=C([O-])COCCN1CCN([C@H](c2ccccc2)c2ccc(Cl)cc2)CC1,26
O=C([O-])COCC[NH+]1CCN([C@H](c2ccccc2)c2ccc(Cl)cc2)CC1,7.95,base,O=C([O-])COCC[NH+]1CCN([C@H](c2ccccc2)c2ccc(Cl)cc2)CC1,17,O=C([O-])COCCN1CCN([C@H](c2ccccc2)c2ccc(Cl)cc2)CC1,17
[H]/N=C(/N)SCCc1cccc(CCS/C(N)=N\[H])c1,11.0,base,[H]/N=C(/N)SCCc1cccc(CCSC(N)=[NH2+])c1,17,[H]/N=C(/N)SCCc1cccc(CCS/C(N)=N\[H])c1,1
CCCOC(C(=O)OC1CCN(C)CC1)(c1ccccc1)c1ccccc1,6.65,base,CCCOC(C(=O)OC1CC[NH+](C)CC1)(c1ccccc1)c1ccccc1,23,CCCOC(C(=O)OC1CCN(C)CC1)(c1ccccc1)c1ccccc1,23
CCN(CC)CCNC(=O)c1ccc(NC(C)=O)cc1,9.14,base,CC[NH+](CC)CCNC(=O)c1ccc(NC(C)=O)cc1,2,CCN(CC)CCNC(=O)c1ccc(NC(C)=O)cc1,2
CC(C)(C)NC(=O)[C@@H]1C[C@@H]2CCCC[C@@H]2CN1C[C@@H](O)[C@H](Cc1ccccc1)NC(=O)[C@H](CC(N)=O)NC(=O)c1ccc2ccccc2n1,7.14,base,CC(C)(C)NC(=O)[C@@H]1C[C@@H]2CCCC[C@@H]2C[N@H+]1C[C@@H](O)[C@H](Cc1ccccc1)NC(=O)[C@H](CC(N)=O)NC(=O)c1ccc2ccccc2n1,16,CC(C)(C)NC(=O)[C@@H]1C[C@@H]2CCCC[C@@H]2CN1C[C@@H](O)[C@H](Cc1ccccc1)NC(=O)[C@H](CC(N)=O)NC(=O)c1ccc2ccccc2n1,16
CC[C@H](C)C(=O)O[C@H]1C[C@H](O)C=C2C=C[C@H](C)[C@H](CC[C@@H](O)C[C@@H](O)CC(=O)O)[C@H]21,4.7,acid,CC[C@H](C)C(=O)O[C@H]1C[C@H](O)C=C2C=C[C@H](C)[C@H](CC[C@@H](O)C[C@@H](O)CC(=O)O)[C@H]21,26,CC[C@H](C)C(=O)O[C@H]1C[C@H](O)C=C2C=C[C@H](C)[C@H](CC[C@@H](O)C[C@@H](O)CC(=O)[O-])[C@H]21,26
COc1ccnc(NC2CCN(C(=O)c3ccc(C#N)cc3)CC2)c1,7.1,base,COc1cc[nH+]c(NC2CCN(C(=O)c3ccc(C#N)cc3)CC2)c1,5,COc1ccnc(NC2CCN(C(=O)c3ccc(C#N)cc3)CC2)c1,5
c1ccc(SCc2ccccn2)cc1,3.8,base,c1ccc(SCc2cccc[nH+]2)cc1,13,c1ccc(SCc2ccccn2)cc1,13
CCN(CC)[C@H](C)C(=O)c1ccccc1,8.8,base,CC[NH+](CC)[C@H](C)C(=O)c1ccccc1,2,CCN(CC)[C@H](C)C(=O)c1ccccc1,2
CO[C@@]1(NC(=O)CSCC#N)C(=O)N2C(C(=O)O)=C(CSc3nnnn3C)CS[C@@H]21,3.37,acid,CO[C@@]1(NC(=O)CSCC#N)C(=O)N2C(C(=O)O)=C(CSc3nnnn3C)CS[C@@H]21,29,CO[C@@]1(NC(=O)CSCC#N)C(=O)N2C(C(=O)[O-])=C(CSc3nnnn3C)CS[C@@H]21,29
Cc1nn(-c2ccccc2)c(NC(=O)NS(=O)(=O)c2ccc(Cl)cc2)c1C#N,2.3,acid,Cc1nn(-c2ccccc2)c(NC(=O)NS(=O)(=O)c2ccc(Cl)cc2)c1C#N,15,Cc1nn(-c2ccccc2)c(NC(=O)[N-]S(=O)(=O)c2ccc(Cl)cc2)c1C#N,15
NC1=N[C@H](c2cccs2)Nc2cccc(F)c21,8.73,base,NC1=[NH+][C@H](c2cccs2)Nc2cccc(F)c21,8,NC1=N[C@H](c2cccs2)Nc2cccc(F)c21,8
Cc1cc(N)nc(CCNC(=O)c2ccc(C#N)cc2)c1,7.1,base,Cc1cc(N)[nH+]c(CCNC(=O)c2ccc(C#N)cc2)c1,4,Cc1cc(N)nc(CCNC(=O)c2ccc(C#N)cc2)c1,4
CCOC(=O)N1CCC(Nc2cc(Cl)ccn2)CC1,5.3,base,CCOC(=O)N1CCC(Nc2cc(Cl)cc[nH+]2)CC1,17,CCOC(=O)N1CCC(Nc2cc(Cl)ccn2)CC1,17
O=C(O)CCCCCCCC(=O)O,3.49,acid,O=C(O)CCCCCCCC(=O)O,6,O=C([O-])CCCCCCCC(=O)O,12
c1ccc2c(c1)CCC[C@H]2C1=NCCN1,10.6,base,c1ccc2c(c1)CCC[C@H]2C1=[NH+]CCN1,11,c1ccc2c(c1)CCC[C@H]2C1=NCCN1,11
C=C[C@H]1C[N@@]2CC[C@H]1C[C@@H]2[C@@H](O)c1ccnc2ccc(OC)cc12,8.05,base,C=C[C@H]1C[N@@H+]2CC[C@H]1C[C@@H]2[C@@H](O)c1ccnc2ccc(OC)cc12,18,C=C[C@H]1C[N@@]2CC[C@H]1C[C@@H]2[C@@H](O)c1ccnc2ccc(OC)cc12,18
Clc1cccc(Cl)c1NC1=NCCN1,8.05,base,Clc1cccc(Cl)c1NC1=[NH+]CCN1,9,Clc1cccc(Cl)c1NC1=NCCN1,9
CCC(=O)N[C@@H](c1cccs1)c1cc(Cl)c2cccnc2c1O,8.19,acid,CCC(=O)N[C@@H](c1cccs1)c1cc(Cl)c2cccnc2c1O,21,CCC(=O)N[C@@H](c1cccs1)c1cc(Cl)c2cccnc2c1[O-],21
CCC[C@@H]1C[C@@H](C(=O)N[C@@H]([C@H]2O[C@H](SC)[C@H](O)[C@@H](O)[C@H]2O)[C@@H](C)O)N(C)C1,7.65,base,CCC[C@@H]1C[C@@H](C(=O)N[C@@H]([C@H]2O[C@H](SC)[C@H](O)[C@@H](O)[C@H]2O)[C@@H](C)O)[N@H+](C)C1,6,CCC[C@@H]1C[C@@H](C(=O)N[C@@H]([C@H]2O[C@H](SC)[C@H](O)[C@@H](O)[C@H]2O)[C@@H](C)O)N(C)C1,6
CC(=O)C[C@H](c1ccccc1)c1c(O)c2ccccc2oc1=O,5.1,acid,CC(=O)C[C@H](c1ccccc1)c1c(O)c2ccccc2oc1=O,22,CC(=O)C[C@H](c1ccccc1)c1c([O-])c2ccccc2oc1=O,22
CN(C)[C@@H]1CCc2c(ccc(O)c2O)C1,8.85,acid,CN(C)[C@@H]1CCc2c(ccc(O)c2O)C1,13,CN(C)[C@@H]1CCc2c(ccc([O-])c2O)C1,13
C[NH+](C)[C@@H]1CCc2c(ccc([O-])c2O)C1,8.85,acid,C[NH+](C)[C@@H]1CCc2c(ccc(O)c2O)C1,13,C[NH+](C)[C@@H]1CCc2c(ccc([O-])c2O)C1,13
C[NH+](C)[C@@H]1CCc2c(ccc(O)c2[O-])C1,8.85,acid,C[NH+](C)[C@@H]1CCc2c(ccc(O)c2O)C1,12,C[NH+](C)[C@@H]1CCc2c(ccc(O)c2[O-])C1,12
CCCSc1ccc2nc(NC(=O)OC)[nH]c2c1,10.5,acid,CCCSc1ccc2nc(NC(=O)OC)[nH]c2c1,13,CCCSc1ccc2nc([N-]C(=O)OC)[nH]c2c1,13
CCCSc1ccc2[nH+]c([N-]C(=O)OC)[nH]c2c1,10.5,base,CCCSc1ccc2[nH+]c([N-]C(=O)OC)[nH]c2c1,12,CCCSc1ccc2nc([N-]C(=O)OC)[nH]c2c1,12
COC(=O)C1=C(C)NC(C)=C(C(=O)OCCN(C)Cc2ccccc2)[C@H]1c1cccc([N+](=O)[O-])c1,7.26,base,COC(=O)C1=C(C)NC(C)=C(C(=O)OCC[N@@H+](C)Cc2ccccc2)[C@H]1c1cccc([N+](=O)[O-])c1,13,COC(=O)C1=C(C)NC(C)=C(C(=O)OCCN(C)Cc2ccccc2)[C@H]1c1cccc([N+](=O)[O-])c1,13
c1ccc(CSc2nc3ccccc3[nH]2)cc1,4.2,base,c1ccc(CSc2[nH]c3ccccc3[nH+]2)cc1,16,c1ccc(CSc2nc3ccccc3[nH]2)cc1,16
CC1(C)S[C@@H]2[C@H](NC(=O)[C@H](NC(=O)N3CCNC3=O)c3ccccc3)C(=O)N2[C@H]1C(=O)O,2.41,acid,CC1(C)S[C@@H]2[C@H](NC(=O)[C@H](NC(=O)N3CCNC3=O)c3ccccc3)C(=O)N2[C@H]1C(=O)O,30,CC1(C)S[C@@H]2[C@H](NC(=O)[C@H](NC(=O)N3CCNC3=O)c3ccccc3)C(=O)N2[C@H]1C(=O)[O-],30
CC1=C(CC(=O)O)c2cc(F)ccc2/C1=C\c1ccc([S@](C)=O)cc1,3.9,acid,CC1=C(CC(=O)O)c2cc(F)ccc2/C1=C\c1ccc([S@](C)=O)cc1,24,CC1=C(CC(=O)[O-])c2cc(F)ccc2/C1=C\c1ccc([S@](C)=O)cc1,24
CO/N=C(\C(=O)N[C@@H]1C(=O)N2C(C(=O)O)=C(CSc3nc(=O)c(O)nn3C)CS[C@H]12)c1csc(N)n1,2.7,acid,CO/N=C(\C(=O)N[C@@H]1C(=O)N2C(C(=O)O)=C(CSc3nc(=O)c(O)nn3C)CS[C@H]12)c1csc(N)n1,35,CO/N=C(\C(=O)N[C@@H]1C(=O)N2C(C(=O)[O-])=C(CSc3nc(=O)c(O)nn3C)CS[C@H]12)c1csc(N)n1,35
CO/N=C(/C(=O)N[C@@H]1C(=O)N2C(C(=O)O)=C(COC(C)=O)CS[C@H]12)c1csc(N)n1,3.35,acid,CO/N=C(/C(=O)N[C@@H]1C(=O)N2C(C(=O)O)=C(COC(C)=O)CS[C@H]12)c1csc(N)n1,29,CO/N=C(/C(=O)N[C@@H]1C(=O)N2C(C(=O)[O-])=C(COC(C)=O)CS[C@H]12)c1csc(N)n1,29
CN(C)CC/C=C1\c2ccccc2COc2ccccc21,8.0,base,C[NH+](C)CC/C=C1\c2ccccc2COc2ccccc21,1,CN(C)CC/C=C1\c2ccccc2COc2ccccc21,1
O=C(O)COc1ccc(C(F)(F)F)cc1CN1CCN(C(=O)c2ccccc2)CC1,6.9,base,O=C(O)COc1ccc(C(F)(F)F)cc1C[NH+]1CCN(C(=O)c2ccccc2)CC1,11,O=C(O)COc1ccc(C(F)(F)F)cc1CN1CCN(C(=O)c2ccccc2)CC1,11
O=C(O)COc1ccc(Cl)cc1CN1CCC(S(=O)(=O)c2ccccc2)CC1,7.8,base,O=C(O)COc1ccc(Cl)cc1C[NH+]1CCC(S(=O)(=O)c2ccccc2)CC1,12,O=C(O)COc1ccc(Cl)cc1CN1CCC(S(=O)(=O)c2ccccc2)CC1,12
O=C([O-])COc1ccc(Cl)cc1C[NH+]1CCC(S(=O)(=O)c2ccccc2)CC1,7.8,base,O=C([O-])COc1ccc(Cl)cc1C[NH+]1CCC(S(=O)(=O)c2ccccc2)CC1,12,O=C([O-])COc1ccc(Cl)cc1CN1CCC(S(=O)(=O)c2ccccc2)CC1,12
CC(C)(C)c1ccc([C@@H](O)CCCN2CCC(C(O)(c3ccccc3)c3ccccc3)CC2)cc1,8.8,base,CC(C)(C)c1ccc([C@@H](O)CCC[NH+]2CCC(C(O)(c3ccccc3)c3ccccc3)CC2)cc1,14,CC(C)(C)c1ccc([C@@H](O)CCCN2CCC(C(O)(c3ccccc3)c3ccccc3)CC2)cc1,14
CO/N=C(\C(=O)N[C@@H]1C(=O)N2C(C(=O)O)=C(COC(C)=O)CS[C@H]12)c1csc(N)n1,3.75,acid,CO/N=C(\C(=O)N[C@@H]1C(=O)N2C(C(=O)O)=C(COC(C)=O)CS[C@H]12)c1csc(N)n1,29,CO/N=C(\C(=O)N[C@@H]1C(=O)N2C(C(=O)[O-])=C(COC(C)=O)CS[C@H]12)c1csc(N)n1,29
N#Cc1ccc(Cl)cc1O[C@H](CCN)c1ccccc1,10.3,base,N#Cc1ccc(Cl)cc1O[C@H](CC[NH3+])c1ccccc1,9,N#Cc1ccc(Cl)cc1O[C@H](CCN)c1ccccc1,9
CN(C)CCn1cnc2c1c(=O)n(C)c(=O)n2C,7.5,base,Cn1c(=O)c2c(ncn2CC[NH+](C)C)n(C)c1=O,15,CN(C)CCn1cnc2c1c(=O)n(C)c(=O)n2C,15
CC1(C)S[C@@H]2[C@H](NC(=O)[C@H](N)c3ccccc3)C(=O)N2[C@H]1C(=O)O,2.51,acid,CC1(C)S[C@@H]2[C@H](NC(=O)[C@H](N)c3ccccc3)C(=O)N2[C@H]1C(=O)O,22,CC1(C)S[C@@H]2[C@H](NC(=O)[C@H](N)c3ccccc3)C(=O)N2[C@H]1C(=O)[O-],22
CC1(C)S[C@@H]2[C@H](NC(=O)[C@H]([NH3+])c3ccccc3)C(=O)N2[C@H]1C(=O)[O-],7.7,base,CC1(C)S[C@@H]2[C@H](NC(=O)[C@H]([NH3+])c3ccccc3)C(=O)N2[C@H]1C(=O)[O-],19,CC1(C)S[C@@H]2[C@H](NC(=O)[C@H](N)c3ccccc3)C(=O)N2[C@H]1C(=O)[O-],19
CCOC(=O)N1CCC2(CC1)N=C(N)c1c(F)cccc1N2,9.1,base,CCOC(=O)N1CCC2(CC1)Nc1cccc(F)c1C(N)=[NH+]2,19,CCOC(=O)N1CCC2(CC1)N=C(N)c1c(F)cccc1N2,19
NC[C@H](Oc1cc(Cl)ccc1Cl)c1ccccc1,8.5,base,[NH3+]C[C@H](Oc1cc(Cl)ccc1Cl)c1ccccc1,8,NC[C@H](Oc1cc(Cl)ccc1Cl)c1ccccc1,8
O=C(O)/C=C/c1cccnc1,4.4,base,O=C(O)/C=C/c1ccc[nH+]c1,4,O=C(O)/C=C/c1cccnc1,4
O=C([O-])/C=C/c1ccc[nH+]c1,4.4,acid,O=C(O)/C=C/c1ccc[nH+]c1,10,O=C([O-])/C=C/c1ccc[nH+]c1,10
CCS(=O)(=O)c1ccc(-c2cc(Cl)ccc2OCC(=O)O)c(Cl)c1,3.4,acid,CCS(=O)(=O)c1ccc(-c2cc(Cl)ccc2OCC(=O)O)c(Cl)c1,22,CCS(=O)(=O)c1ccc(-c2cc(Cl)ccc2OCC(=O)[O-])c(Cl)c1,22
CC[C@@H](Oc1ccc(C(F)(F)F)cc1-c1ccc(S(=O)(=O)CC)cc1C)C(=O)O,3.4,acid,CC[C@@H](Oc1ccc(C(F)(F)F)cc1-c1ccc(S(=O)(=O)CC)cc1C)C(=O)O,5,CC[C@@H](Oc1ccc(C(F)(F)F)cc1-c1ccc(S(=O)(=O)CC)cc1C)C(=O)[O-],5
CC[C@H](CCNC)Oc1cc(Cl)ccc1C#N,10.1,base,CC[C@H](CC[NH2+]C)Oc1cc(Cl)ccc1C#N,5,CC[C@H](CCNC)Oc1cc(Cl)ccc1C#N,5
CNCC[C@@H](Oc1cc(Cl)ccc1C#N)c1ccccc1,9.9,base,C[NH2+]CC[C@@H](Oc1cc(Cl)ccc1C#N)c1ccccc1,1,CNCC[C@@H](Oc1cc(Cl)ccc1C#N)c1ccccc1,1
N#Cc1cc(F)c(Cl)cc1O[C@H](CCN)c1ccccc1,9.6,base,N#Cc1cc(F)c(Cl)cc1O[C@H](CC[NH3+])c1ccccc1,9,N#Cc1cc(F)c(Cl)cc1O[C@H](CCN)c1ccccc1,9
N#Cc1ccc(C(F)(F)F)nc1O[C@H](CCN)c1ccno1,9.5,base,N#Cc1ccc(C(F)(F)F)nc1O[C@H](CC[NH3+])c1ccno1,12,N#Cc1ccc(C(F)(F)F)nc1O[C@H](CCN)c1ccno1,12
CNCC[C@@H](Oc1cc(C(F)(F)F)ccc1C#N)c1ccccc1,10.4,base,C[NH2+]CC[C@@H](Oc1cc(C(F)(F)F)ccc1C#N)c1ccccc1,1,CNCC[C@@H](Oc1cc(C(F)(F)F)ccc1C#N)c1ccccc1,1
CNCC[C@@H](Oc1cc(OC)ccc1C#N)c1ccccc1,10.2,base,C[NH2+]CC[C@@H](Oc1cc(OC)ccc1C#N)c1ccccc1,1,CNCC[C@@H](Oc1cc(OC)ccc1C#N)c1ccccc1,1
CN/C(=C\[N+](=O)[O-])NCCSCc1ccc(CN(C)C)o1,8.47,base,CN/C(=C\[N+](=O)[O-])NCCSCc1ccc(C[NH+](C)C)o1,18,CN/C(=C\[N+](=O)[O-])NCCSCc1ccc(CN(C)C)o1,18
CN(C(=O)Cc1ccc(S(=O)(=O)N(C)C)cc1)C1CCN(CCC(c2ccccc2)c2ccccc2)CC1,8.1,base,CN(C(=O)Cc1ccc(S(=O)(=O)N(C)C)cc1)C1CC[NH+](CCC(c2ccccc2)c2ccccc2)CC1,20,CN(C(=O)Cc1ccc(S(=O)(=O)N(C)C)cc1)C1CCN(CCC(c2ccccc2)c2ccccc2)CC1,20
CC1=NS(=O)(=O)c2cc(Cl)ccc2N1,8.42,acid,CC1=NS(=O)(=O)c2cc(Cl)ccc2N1,12,CC1=NS(=O)(=O)c2cc(Cl)ccc2[N-]1,12
Cc1cc(-c2ccc(Cl)c(C(=O)NCC3(O)CCCCCC3)c2)nn1C[C@H](O)CN,8.6,base,Cc1cc(-c2ccc(Cl)c(C(=O)NCC3(O)CCCCCC3)c2)nn1C[C@H](O)C[NH3+],9,Cc1cc(-c2ccc(Cl)c(C(=O)NCC3(O)CCCCCC3)c2)nn1C[C@H](O)CN,9
N#Cc1cn(Cc2ccco2)c(=O)[nH]c1=O,6.1,acid,N#Cc1cn(Cc2ccco2)c(=O)[nH]c1=O,11,N#Cc1cn(Cc2ccco2)c(=O)[n-]c1=O,11
Cn1c(=O)c2nc[nH]c2n(C)c1=O,8.51,acid,Cn1c(=O)c2nc[nH]c2n(C)c1=O,12,Cn1c(=O)c2nc[n-]c2n(C)c1=O,12
CC(C)Cc1ccc([C@@H](C)C(=O)NS(C)(=O)=O)cc1,4.7,acid,CC(C)Cc1ccc([C@@H](C)C(=O)NS(C)(=O)=O)cc1,14,CC(C)Cc1ccc([C@@H](C)C(=O)[N-]S(C)(=O)=O)cc1,14
CCC(CC)NC(=O)c1cnn(-c2ccccc2)c1NS(=O)(=O)C1CCCC1,4.5,acid,CCC(CC)NC(=O)c1cnn(-c2ccccc2)c1NS(=O)(=O)C1CCCC1,13,CCC(CC)NC(=O)c1cnn(-c2ccccc2)c1[N-]S(=O)(=O)C1CCCC1,13
CCC(CC)NC(=O)c1c(C)nn(-c2ccccc2)c1NS(=O)(=O)c1ccc(C)cc1,4.2,acid,CCC(CC)NC(=O)c1c(C)nn(-c2ccccc2)c1NS(=O)(=O)c1ccc(C)cc1,13,CCC(CC)NC(=O)c1c(C)nn(-c2ccccc2)c1[N-]S(=O)(=O)c1ccc(C)cc1,13
Cc1ccc(S(=O)(=O)Nc2c(C(=O)N[C@@H](C)C(C)(C)C)c(C(F)(F)F)nn2-c2ccccc2)cc1,3.8,acid,Cc1ccc(S(=O)(=O)Nc2c(C(=O)N[C@@H](C)C(C)(C)C)c(C(F)(F)F)nn2-c2ccccc2)cc1,10,Cc1ccc(S(=O)(=O)[N-]c2c(C(=O)N[C@@H](C)C(C)(C)C)c(C(F)(F)F)nn2-c2ccccc2)cc1,10
Cc1nn(-c2ccc(F)cc2)c(NS(=O)(=O)c2ccc(C#N)cc2)c1C(=O)N[C@@H](C)C(C)(C)C,3.0,acid,Cc1nn(-c2ccc(F)cc2)c(NS(=O)(=O)c2ccc(C#N)cc2)c1C(=O)N[C@@H](C)C(C)(C)C,13,Cc1nn(-c2ccc(F)cc2)c([N-]S(=O)(=O)c2ccc(C#N)cc2)c1C(=O)N[C@@H](C)C(C)(C)C,13
Cc1nn(-c2ccc(F)cc2)c(NS(=O)(=O)c2ccc(C(F)(F)F)cc2)c1C(=O)N[C@@H](C)C(C)(C)C,3.4,acid,Cc1nn(-c2ccc(F)cc2)c(NS(=O)(=O)c2ccc(C(F)(F)F)cc2)c1C(=O)N[C@@H](C)C(C)(C)C,13,Cc1nn(-c2ccc(F)cc2)c([N-]S(=O)(=O)c2ccc(C(F)(F)F)cc2)c1C(=O)N[C@@H](C)C(C)(C)C,13
CCC(CC)NC(=O)c1c(C)nn(C(C)C)c1NS(=O)(=O)c1ccc(C)cc1,4.7,acid,CCC(CC)NC(=O)c1c(C)nn(C(C)C)c1NS(=O)(=O)c1ccc(C)cc1,13,CCC(CC)NC(=O)c1c(C)nn(C(C)C)c1[N-]S(=O)(=O)c1ccc(C)cc1,13
Cc1ccc(S(=O)(=O)Nc2c(C(=O)N[C@@H](C)C(C)(C)C)c(C)nn2C(C)C)cc1,4.5,acid,Cc1ccc(S(=O)(=O)Nc2c(C(=O)N[C@@H](C)C(C)(C)C)c(C)nn2C(C)C)cc1,10,Cc1ccc(S(=O)(=O)[N-]c2c(C(=O)N[C@@H](C)C(C)(C)C)c(C)nn2C(C)C)cc1,10
Cc1ccc(S(=O)(=O)Nc2c(C(=O)N[C@@H](C)C(C)(C)C)c(C)nn2C(C)(C)C)cc1,5.5,acid,Cc1ccc(S(=O)(=O)Nc2c(C(=O)N[C@@H](C)C(C)(C)C)c(C)nn2C(C)(C)C)cc1,10,Cc1ccc(S(=O)(=O)[N-]c2c(C(=O)N[C@@H](C)C(C)(C)C)c(C)nn2C(C)(C)C)cc1,10
O=C([C@H]1CCCCN1)N1CCN(c2nc(NCc3ccc(Cl)cc3Cl)c3cccnc3n2)CC1,9.0,base,O=C([C@H]1CCCC[NH2+]1)N1CCN(c2nc(NCc3ccc(Cl)cc3Cl)c3cccnc3n2)CC1,33,O=C([C@H]1CCCCN1)N1CCN(c2nc(NCc3ccc(Cl)cc3Cl)c3cccnc3n2)CC1,33
O=C(Nc1ccc(N2CCOCC2)c(F)c1)c1nnc(Nc2ccccc2F)o1,8.61,acid,O=C(Nc1ccc(N2CCOCC2)c(F)c1)c1nnc(Nc2ccccc2F)o1,14,O=C([N-]c1ccc(N2CCOCC2)c(F)c1)c1nnc(Nc2ccccc2F)o1,14
O=C(CN1C2=NCCN2c2ccccc21)c1ccc(Cl)cc1,9.1,base,O=C(CN1C2=[NH+]CCN2c2ccccc21)c1ccc(Cl)cc1,9,O=C(CN1C2=NCCN2c2ccccc21)c1ccc(Cl)cc1,9
COC(=O)c1cc2nc([S@@](=O)Cc3ncccc3C)[nH]c2cc1C,8.1,acid,COC(=O)c1cc2nc([S@@](=O)Cc3ncccc3C)[nH]c2cc1C,11,COC(=O)c1cc2nc([S@@](=O)Cc3ncccc3C)[n-]c2cc1C,11
COc1cc2ncnc(Nc3ccc(F)c(Cl)c3)c2cc1NC(=O)/C=C/CN1CCCCC1,9.36,base,COc1cc2ncnc(Nc3ccc(F)c(Cl)c3)c2cc1NC(=O)/C=C/C[NH+]1CCCCC1,14,COc1cc2ncnc(Nc3ccc(F)c(Cl)c3)c2cc1NC(=O)/C=C/CN1CCCCC1,14
N#Cc1ccc(C[C@@H](C(=O)O)N2CCC(CN3CCC(Oc4ccc(Cl)c(Cl)c4)CC3)CC2)cc1,8.9,base,N#Cc1ccc(C[C@@H](C(=O)O)N2CCC(C[NH+]3CCC(Oc4ccc(Cl)c(Cl)c4)CC3)CC2)cc1,18,N#Cc1ccc(C[C@@H](C(=O)O)N2CCC(CN3CCC(Oc4ccc(Cl)c(Cl)c4)CC3)CC2)cc1,18
N#Cc1ccc(C[C@@H](C(=O)[O-])N2CCC(C[NH+]3CCC(Oc4ccc(Cl)c(Cl)c4)CC3)CC2)cc1,8.9,base,N#Cc1ccc(C[C@@H](C(=O)[O-])N2CCC(C[NH+]3CCC(Oc4ccc(Cl)c(Cl)c4)CC3)CC2)cc1,18,N#Cc1ccc(C[C@@H](C(=O)[O-])N2CCC(CN3CCC(Oc4ccc(Cl)c(Cl)c4)CC3)CC2)cc1,18
N#Cc1ccc(C[C@@H](C(=O)[O-])[NH+]2CCC(CN3CCC(Oc4ccc(Cl)c(Cl)c4)CC3)CC2)cc1,8.9,base,N#Cc1ccc(C[C@@H](C(=O)[O-])[NH+]2CCC(CN3CCC(Oc4ccc(Cl)c(Cl)c4)CC3)CC2)cc1,11,N#Cc1ccc(C[C@@H](C(=O)[O-])N2CCC(CN3CCC(Oc4ccc(Cl)c(Cl)c4)CC3)CC2)cc1,11
Cc1ccccc1C[C@@H](C(=O)O)N1CCC(CN2CCC(Oc3ccc(Cl)c(Cl)c3)CC2)CC1,9.2,base,Cc1ccccc1C[C@@H](C(=O)O)N1CCC(C[NH+]2CCC(Oc3ccc(Cl)c(Cl)c3)CC2)CC1,19,Cc1ccccc1C[C@@H](C(=O)O)N1CCC(CN2CCC(Oc3ccc(Cl)c(Cl)c3)CC2)CC1,19
Cc1ccccc1C[C@@H](C(=O)[O-])N1CCC(C[NH+]2CCC(Oc3ccc(Cl)c(Cl)c3)CC2)CC1,9.2,base,Cc1ccccc1C[C@@H](C(=O)[O-])N1CCC(C[NH+]2CCC(Oc3ccc(Cl)c(Cl)c3)CC2)CC1,19,Cc1ccccc1C[C@@H](C(=O)[O-])N1CCC(CN2CCC(Oc3ccc(Cl)c(Cl)c3)CC2)CC1,19
Cc1ccccc1C[C@@H](C(=O)[O-])[NH+]1CCC(CN2CCC(Oc3ccc(Cl)c(Cl)c3)CC2)CC1,9.2,base,Cc1ccccc1C[C@@H](C(=O)[O-])[NH+]1CCC(CN2CCC(Oc3ccc(Cl)c(Cl)c3)CC2)CC1,12,Cc1ccccc1C[C@@H](C(=O)[O-])N1CCC(CN2CCC(Oc3ccc(Cl)c(Cl)c3)CC2)CC1,12
O=C(O)[C@H](c1ccccc1)N1CCC(N2CCC(Oc3ccc(Cl)c(Cl)c3)CC2)CC1,9.1,base,O=C(O)[C@H](c1ccccc1)N1CCC([NH+]2CCC(Oc3ccc(Cl)c(Cl)c3)CC2)CC1,16,O=C(O)[C@H](c1ccccc1)N1CCC(N2CCC(Oc3ccc(Cl)c(Cl)c3)CC2)CC1,16
O=C([O-])[C@H](c1ccccc1)N1CCC([NH+]2CCC(Oc3ccc(Cl)c(Cl)c3)CC2)CC1,9.1,base,O=C([O-])[C@H](c1ccccc1)N1CCC([NH+]2CCC(Oc3ccc(Cl)c(Cl)c3)CC2)CC1,16,O=C([O-])[C@H](c1ccccc1)N1CCC(N2CCC(Oc3ccc(Cl)c(Cl)c3)CC2)CC1,16
O=C([O-])[C@H](c1ccccc1)[NH+]1CCC(N2CCC(Oc3ccc(Cl)c(Cl)c3)CC2)CC1,9.1,base,O=C([O-])[C@H](c1ccccc1)[NH+]1CCC(N2CCC(Oc3ccc(Cl)c(Cl)c3)CC2)CC1,10,O=C([O-])[C@H](c1ccccc1)N1CCC(N2CCC(Oc3ccc(Cl)c(Cl)c3)CC2)CC1,10
O=C(O)[C@H](c1ccccc1)N1CCC(CN2CCC(Oc3ccc(Cl)c(Cl)c3)CC2)CC1,3.0,acid,O=C(O)[C@H](c1ccccc1)N1CCC(CN2CCC(Oc3ccc(Cl)c(Cl)c3)CC2)CC1,9,O=C([O-])[C@H](c1ccccc1)N1CCC(CN2CCC(Oc3ccc(Cl)c(Cl)c3)CC2)CC1,9
O=C([O-])[C@H](c1ccccc1)N1CCC(C[NH+]2CCC(Oc3ccc(Cl)c(Cl)c3)CC2)CC1,9.6,base,O=C([O-])[C@H](c1ccccc1)N1CCC(C[NH+]2CCC(Oc3ccc(Cl)c(Cl)c3)CC2)CC1,17,O=C([O-])[C@H](c1ccccc1)N1CCC(CN2CCC(Oc3ccc(Cl)c(Cl)c3)CC2)CC1,17
O=C([O-])[C@H](c1ccccc1)[NH+]1CCC(CN2CCC(Oc3ccc(Cl)c(Cl)c3)CC2)CC1,9.6,base,O=C([O-])[C@H](c1ccccc1)[NH+]1CCC(CN2CCC(Oc3ccc(Cl)c(Cl)c3)CC2)CC1,10,O=C([O-])[C@H](c1ccccc1)N1CCC(CN2CCC(Oc3ccc(Cl)c(Cl)c3)CC2)CC1,10
O=C(NS(=O)(=O)N1CCC(N2CCC(Oc3ccc(Cl)c(Cl)c3)CC2)CC1)c1ccccc1,4.3,acid,O=C(NS(=O)(=O)N1CCC(N2CCC(Oc3ccc(Cl)c(Cl)c3)CC2)CC1)c1ccccc1,8,O=C([N-]S(=O)(=O)N1CCC(N2CCC(Oc3ccc(Cl)c(Cl)c3)CC2)CC1)c1ccccc1,8
O=C([N-]S(=O)(=O)N1CCC([NH+]2CCC(Oc3ccc(Cl)c(Cl)c3)CC2)CC1)c1ccccc1,8.1,base,O=C([N-]S(=O)(=O)N1CCC([NH+]2CCC(Oc3ccc(Cl)c(Cl)c3)CC2)CC1)c1ccccc1,18,O=C([N-]S(=O)(=O)N1CCC(N2CCC(Oc3ccc(Cl)c(Cl)c3)CC2)CC1)c1ccccc1,18
COc1cccc(C(=O)NCCN2CCC(Oc3ccc(Cl)c(Cl)c3)CC2)c1,7.4,base,COc1cccc(C(=O)NCC[NH+]2CCC(Oc3ccc(Cl)c(Cl)c3)CC2)c1,13,COc1cccc(C(=O)NCCN2CCC(Oc3ccc(Cl)c(Cl)c3)CC2)c1,13
O=C(NS(=O)(=O)c1ccc(F)cc1)N1CCC(N2CCC(Oc3ccc(Cl)c(Cl)c3)CC2)CC1,3.0,acid,O=C(NS(=O)(=O)c1ccc(F)cc1)N1CCC(N2CCC(Oc3ccc(Cl)c(Cl)c3)CC2)CC1,10,O=C([N-]S(=O)(=O)c1ccc(F)cc1)N1CCC(N2CCC(Oc3ccc(Cl)c(Cl)c3)CC2)CC1,10
O=C([N-]S(=O)(=O)c1ccc(F)cc1)N1CCC([NH+]2CCC(Oc3ccc(Cl)c(Cl)c3)CC2)CC1,8.45,base,O=C([N-]S(=O)(=O)c1ccc(F)cc1)N1CCC([NH+]2CCC(Oc3ccc(Cl)c(Cl)c3)CC2)CC1,19,O=C([N-]S(=O)(=O)c1ccc(F)cc1)N1CCC(N2CCC(Oc3ccc(Cl)c(Cl)c3)CC2)CC1,19
COc1ccc(S(=O)(=O)NC(=O)N2CCC(N3CCC(Oc4ccc(Cl)c(Cl)c4)CC3)CC2)cc1,3.6,acid,COc1ccc(S(=O)(=O)NC(=O)N2CCC(N3CCC(Oc4ccc(Cl)c(Cl)c4)CC3)CC2)cc1,11,COc1ccc(S(=O)(=O)[N-]C(=O)N2CCC(N3CCC(Oc4ccc(Cl)c(Cl)c4)CC3)CC2)cc1,11
COc1ccc(S(=O)(=O)[N-]C(=O)N2CCC([NH+]3CCC(Oc4ccc(Cl)c(Cl)c4)CC3)CC2)cc1,8.3,base,COc1ccc(S(=O)(=O)[N-]C(=O)N2CCC([NH+]3CCC(Oc4ccc(Cl)c(Cl)c4)CC3)CC2)cc1,20,COc1ccc(S(=O)(=O)[N-]C(=O)N2CCC(N3CCC(Oc4ccc(Cl)c(Cl)c4)CC3)CC2)cc1,20
CN(C)c1ccc(S(=O)(=O)NC(=O)N2CCC(N3CCC(Oc4ccc(Cl)c(Cl)c4)CC3)CC2)cc1,6.1,acid,CN(C)c1ccc(S(=O)(=O)NC(=O)N2CCC(N3CCC(Oc4ccc(Cl)c(Cl)c4)CC3)CC2)cc1,12,CN(C)c1ccc(S(=O)(=O)[N-]C(=O)N2CCC(N3CCC(Oc4ccc(Cl)c(Cl)c4)CC3)CC2)cc1,12
CN(C)c1ccc(S(=O)(=O)[N-]C(=O)N2CCC([NH+]3CCC(Oc4ccc(Cl)c(Cl)c4)CC3)CC2)cc1,6.1,acid,CN(C)c1ccc(S(=O)(=O)NC(=O)N2CCC([NH+]3CCC(Oc4ccc(Cl)c(Cl)c4)CC3)CC2)cc1,12,CN(C)c1ccc(S(=O)(=O)[N-]C(=O)N2CCC([NH+]3CCC(Oc4ccc(Cl)c(Cl)c4)CC3)CC2)cc1,12
Cc1ccccc1S(=O)(=O)NC(=O)N1CCC(N2CCC(Oc3ccc(Cl)c(Cl)c3)CC2)CC1,3.4,acid,Cc1ccccc1S(=O)(=O)NC(=O)N1CCC(N2CCC(Oc3ccc(Cl)c(Cl)c3)CC2)CC1,10,Cc1ccccc1S(=O)(=O)[N-]C(=O)N1CCC(N2CCC(Oc3ccc(Cl)c(Cl)c3)CC2)CC1,10
Cc1ccccc1S(=O)(=O)[N-]C(=O)N1CCC([NH+]2CCC(Oc3ccc(Cl)c(Cl)c3)CC2)CC1,3.4,acid,Cc1ccccc1S(=O)(=O)NC(=O)N1CCC([NH+]2CCC(Oc3ccc(Cl)c(Cl)c3)CC2)CC1,10,Cc1ccccc1S(=O)(=O)[N-]C(=O)N1CCC([NH+]2CCC(Oc3ccc(Cl)c(Cl)c3)CC2)CC1,10
CN(C)c1ccccc1S(=O)(=O)NC(=O)N1CCC(N2CCC(Oc3ccc(Cl)c(Cl)c3)CC2)CC1,6.6,acid,CN(C)c1ccccc1S(=O)(=O)NC(=O)N1CCC(N2CCC(Oc3ccc(Cl)c(Cl)c3)CC2)CC1,12,CN(C)c1ccccc1S(=O)(=O)[N-]C(=O)N1CCC(N2CCC(Oc3ccc(Cl)c(Cl)c3)CC2)CC1,12
CN(C)c1ccccc1S(=O)(=O)[N-]C(=O)N1CCC([NH+]2CCC(Oc3ccc(Cl)c(Cl)c3)CC2)CC1,8.6,base,CN(C)c1ccccc1S(=O)(=O)[N-]C(=O)N1CCC([NH+]2CCC(Oc3ccc(Cl)c(Cl)c3)CC2)CC1,21,CN(C)c1ccccc1S(=O)(=O)[N-]C(=O)N1CCC(N2CCC(Oc3ccc(Cl)c(Cl)c3)CC2)CC1,21
Cc1ccc(S(=O)(=O)NC(=O)N2CCC(N3CCC(Oc4ccc(Cl)c(C)c4Cl)CC3)CC2)cc1,3.2,acid,Cc1ccc(S(=O)(=O)NC(=O)N2CCC(N3CCC(Oc4ccc(Cl)c(C)c4Cl)CC3)CC2)cc1,10,Cc1ccc(S(=O)(=O)[N-]C(=O)N2CCC(N3CCC(Oc4ccc(Cl)c(C)c4Cl)CC3)CC2)cc1,10
Cc1ccc(S(=O)(=O)[N-]C(=O)N2CCC([NH+]3CCC(Oc4ccc(Cl)c(C)c4Cl)CC3)CC2)cc1,8.7,base,Cc1ccc(S(=O)(=O)[N-]C(=O)N2CCC([NH+]3CCC(Oc4ccc(Cl)c(C)c4Cl)CC3)CC2)cc1,19,Cc1ccc(S(=O)(=O)[N-]C(=O)N2CCC(N3CCC(Oc4ccc(Cl)c(C)c4Cl)CC3)CC2)cc1,19
O=C(Nc1ccc(Cl)c(S(=O)(=O)N2CCNCC2)c1O)Nc1cccc(F)c1Cl,5.9,acid,O=C(Nc1ccc(Cl)c(S(=O)(=O)N2CCNCC2)c1O)Nc1cccc(F)c1Cl,18,O=C(Nc1ccc(Cl)c(S(=O)(=O)N2CCNCC2)c1[O-])Nc1cccc(F)c1Cl,18
O=C(Nc1ccc(Cl)c(S(=O)(=O)N2CC[NH2+]CC2)c1[O-])Nc1cccc(F)c1Cl,8.5,base,O=C(Nc1ccc(Cl)c(S(=O)(=O)N2CC[NH2+]CC2)c1[O-])Nc1cccc(F)c1Cl,25,O=C(Nc1ccc(Cl)c(S(=O)(=O)N2CCNCC2)c1[O-])Nc1cccc(F)c1Cl,25
COc1ccc([C@@]2(c3cccc(-c4cncnc4)c3)N=C(C)C(N)=N2)cc1C,5.83,base,COc1ccc([C@@]2(c3cccc(-c4cncnc4)c3)N=C(C)C(N)=[NH+]2)cc1C,10,COc1ccc([C@@]2(c3cccc(-c4cncnc4)c3)N=C(C)C(N)=N2)cc1C,13
CC1=N[C@](c2cccc(-c3cncc(Cl)c3)c2)(C2CC2)N=C1N,6.04,base,CC1=N[C@](c2cccc(-c3cncc(Cl)c3)c2)(C2CC2)[NH+]=C1N,4,CC1=N[C@](c2cccc(-c3cncc(Cl)c3)c2)(C2CC2)N=C1N,4
CCOC(=O)C1=C(C)NC(C)=C(C(C)=O)[C@H]1c1cccc2c(=O)cc(C)oc12,2.22,base,CCOC(=O)C1=C(C)[NH2+]C(C)=C(C(C)=O)[C@H]1c1cccc2c(=O)cc(C)oc12,7,CCOC(=O)C1=C(C)NC(C)=C(C(C)=O)[C@H]1c1cccc2c(=O)cc(C)oc12,7
CCOc1ncc(C)c2c1[C@H](c1ccc(C#N)cc1OC)C(C(N)=O)=C(C)N2,4.68,base,CCOc1[nH+]cc(C)c2c1[C@H](c1ccc(C#N)cc1OC)C(C(N)=O)=C(C)N2,8,CCOc1ncc(C)c2c1[C@H](c1ccc(C#N)cc1OC)C(C(N)=O)=C(C)N2,8
O=C(NC[C@@H](O)CN1CCC(Oc2ccc(Cl)c(Cl)c2)CC1)c1c[nH]nc1C(F)(F)F,7.6,acid,O=C(NC[C@@H](O)CN1CCC(Oc2ccc(Cl)c(Cl)c2)CC1)c1c[nH]nc1C(F)(F)F,21,O=C(NC[C@@H](O)CN1CCC(Oc2ccc(Cl)c(Cl)c2)CC1)c1c[n-]nc1C(F)(F)F,21
O=C(NC[C@@H](O)C[NH+]1CCC(Oc2ccc(Cl)c(Cl)c2)CC1)c1c[n-]nc1C(F)(F)F,7.6,acid,O=C(NC[C@@H](O)C[NH+]1CCC(Oc2ccc(Cl)c(Cl)c2)CC1)c1c[nH]nc1C(F)(F)F,21,O=C(NC[C@@H](O)C[NH+]1CCC(Oc2ccc(Cl)c(Cl)c2)CC1)c1c[n-]nc1C(F)(F)F,21
Cn1cc(C(=O)NC[C@@H](O)CN2CCC(Oc3ccc(Cl)c(Cl)c3)CC2)c(C(F)(F)F)cc1=O,7.8,base,Cn1cc(C(=O)NC[C@@H](O)C[NH+]2CCC(Oc3ccc(Cl)c(Cl)c3)CC2)c(C(F)(F)F)cc1=O,18,Cn1cc(C(=O)NC[C@@H](O)CN2CCC(Oc3ccc(Cl)c(Cl)c3)CC2)c(C(F)(F)F)cc1=O,18
O=C(NC[C@@H](O)CN1CCC(Oc2ccc(Cl)c(Cl)c2)CC1)c1c[nH]c(=O)c2ccccc12,10.9,acid,O=C(NC[C@@H](O)CN1CCC(Oc2ccc(Cl)c(Cl)c2)CC1)c1c[nH]c(=O)c2ccccc12,8,O=C(NC[C@@H](O)CN1CCC(Oc2ccc(Cl)c(Cl)c2)CC1)c1c[n-]c(=O)c2ccccc12,8
O=C(NC[C@@H](O)C[NH+]1CCC(Oc2ccc(Cl)c(Cl)c2)CC1)c1c[n-]c(=O)c2ccccc12,10.9,acid,O=C(NC[C@@H](O)C[NH+]1CCC(Oc2ccc(Cl)c(Cl)c2)CC1)c1c[nH]c(=O)c2ccccc12,8,O=C(NC[C@@H](O)C[NH+]1CCC(Oc2ccc(Cl)c(Cl)c2)CC1)c1c[n-]c(=O)c2ccccc12,8
Cc1onc(-c2c(F)cccc2Cl)c1C(=O)N[C@@H]1C(=O)N2[C@@H]1SC(C)(C)[C@@H]2C(=O)O,2.46,acid,Cc1onc(-c2c(F)cccc2Cl)c1C(=O)N[C@@H]1C(=O)N2[C@@H]1SC(C)(C)[C@@H]2C(=O)O,29,Cc1onc(-c2c(F)cccc2Cl)c1C(=O)N[C@@H]1C(=O)N2[C@@H]1SC(C)(C)[C@@H]2C(=O)[O-],29
COc1ccc([C@@H]2Sc3ccccc3N(CCN(C)C)C(=O)[C@@H]2OC(C)=O)cc1,8.08,base,COc1ccc([C@@H]2Sc3ccccc3N(CC[NH+](C)C)C(=O)[C@@H]2OC(C)=O)cc1,18,COc1ccc([C@@H]2Sc3ccccc3N(CCN(C)C)C(=O)[C@@H]2OC(C)=O)cc1,18
Nc1[nH]ncc1-c1cc(Cl)ccc1Oc1cc(F)c(S(=O)(=O)Nc2cscn2)cc1Cl,6.2,acid,Nc1[nH]ncc1-c1cc(Cl)ccc1Oc1cc(F)c(S(=O)(=O)Nc2cscn2)cc1Cl,24,Nc1[nH]ncc1-c1cc(Cl)ccc1Oc1cc(F)c(S(=O)(=O)[N-]c2cscn2)cc1Cl,24
O=C(NCC12CC3CC(CC(C3)C1)C2)c1cc(CN2C[C@H]3CNC[C@@H](C2)O3)ccc1Cl,10.0,base,O=C(NCC12CC3CC(CC(C3)C1)C2)c1cc(CN2C[C@H]3C[NH2+]C[C@@H](C2)O3)ccc1Cl,11,O=C(NCC12CC3CC(CC(C3)C1)C2)c1cc(CN2C[C@H]3CNC[C@@H](C2)O3)ccc1Cl,11
O=C(NCC12CC3CC(CC(C3)C1)C2)c1cc(CN2CCNCC2)ccc1Cl,8.85,base,O=C(NCC12CC3CC(CC(C3)C1)C2)c1cc(CN2CC[NH2+]CC2)ccc1Cl,10,O=C(NCC12CC3CC(CC(C3)C1)C2)c1cc(CN2CCNCC2)ccc1Cl,10
O=C(Nc1ccc([N+](=O)[O-])cc1O)Nc1ccccc1Br,7.7,acid,O=C(Nc1ccc([N+](=O)[O-])cc1O)Nc1ccccc1Br,16,O=C(Nc1ccc([N+](=O)[O-])cc1[O-])Nc1ccccc1Br,16
CC(C)c1nc2ccc(-c3ccc(F)cc3)cc2c(=O)n1C[C@H]1CCCN(C(C)C)C1,9.91,base,CC(C)c1nc2ccc(-c3ccc(F)cc3)cc2c(=O)n1C[C@H]1CCC[N@@H+](C(C)C)C1,19,CC(C)c1nc2ccc(-c3ccc(F)cc3)cc2c(=O)n1C[C@H]1CCCN(C(C)C)C1,19
Cc1nc2ccc(-c3ccc(Cl)cc3)cc2c(=O)n1C[C@H]1CCCN(C(C)C)C1,10.09,base,Cc1nc2ccc(-c3ccc(Cl)cc3)cc2c(=O)n1C[C@H]1CCC[N@@H+](C(C)C)C1,17,Cc1nc2ccc(-c3ccc(Cl)cc3)cc2c(=O)n1C[C@H]1CCCN(C(C)C)C1,17
CCN1CCC[C@H]1CNC(=O)c1cc(S(N)(=O)=O)ccc1OC,9.0,base,CC[N@@H+]1CCC[C@H]1CNC(=O)c1cc(S(N)(=O)=O)ccc1OC,2,CCN1CCC[C@H]1CNC(=O)c1cc(S(N)(=O)=O)ccc1OC,2
N[C@@H]1CCc2cc(O)c(O)cc2C1,9.1,acid,N[C@@H]1CCc2cc(O)c(O)cc2C1,6,N[C@@H]1CCc2cc([O-])c(O)cc2C1,6
[NH3+][C@@H]1CCc2cc([O-])c(O)cc2C1,9.1,acid,[NH3+][C@@H]1CCc2cc(O)c(O)cc2C1,6,[NH3+][C@@H]1CCc2cc([O-])c(O)cc2C1,6
[NH3+][C@@H]1CCc2cc(O)c([O-])cc2C1,9.1,acid,[NH3+][C@@H]1CCc2cc(O)c(O)cc2C1,7,[NH3+][C@@H]1CCc2cc(O)c([O-])cc2C1,7
O=S(=O)(c1ccccc1)N1CCN(Cc2ccccc2)CC1,5.6,base,O=S(=O)(c1ccccc1)N1CC[NH+](Cc2ccccc2)CC1,7,O=S(=O)(c1ccccc1)N1CCN(Cc2ccccc2)CC1,7
CCCN(CCC)[C@@H]1CCc2c(O)cccc2C1,9.25,acid,CCCN(CCC)[C@@H]1CCc2c(O)cccc2C1,16,CCCN(CCC)[C@@H]1CCc2c([O-])cccc2C1,16
CCC[NH+](CCC)[C@@H]1CCc2c([O-])cccc2C1,9.25,acid,CCC[NH+](CCC)[C@@H]1CCc2c(O)cccc2C1,16,CCC[NH+](CCC)[C@@H]1CCc2c([O-])cccc2C1,16
CN(C)CCNc1cc(-c2ccc(N3CCN(C)CC3)cc2)nc2ccccc12,8.94,base,CN(C)CCNc1cc(-c2ccc(N3CC[NH+](C)CC3)cc2)nc2ccccc12,1,CN(C)CCNc1cc(-c2ccc(N3CCN(C)CC3)cc2)nc2ccccc12,1
COc1ccc(CCN2CCC(Nc3nc4ccccc4n3Cc3ccc(F)cc3)CC2)cc1,9.62,base,COc1ccc(CC[NH+]2CCC(Nc3nc4ccccc4n3Cc3ccc(F)cc3)CC2)cc1,10,COc1ccc(CCN2CCC(Nc3nc4ccccc4n3Cc3ccc(F)cc3)CC2)cc1,10
O=C(O)c1cc(=O)c2ccccc2[nH]1,2.5,acid,O=C(O)c1cc(=O)c2ccccc2[nH]1,13,O=C([O-])c1cc(=O)c2ccccc2[nH]1,13
CN/C(=N/CCSCc1nc[nH]c1C)NC#N,6.97,base,CN/C(NC#N)=[NH+]/CCSCc1nc[nH]c1C,10,CN/C(=N/CCSCc1nc[nH]c1C)NC#N,10
Cc1cc(C(C)(C)C)cc(C)c1CC1=NCCN1,10.6,base,Cc1cc(C(C)(C)C)cc(C)c1CC1=[NH+]CCN1,9,Cc1cc(C(C)(C)C)cc(C)c1CC1=NCCN1,9
CC1=NN(C(=O)CCS)[C@H](C(=O)O)S1,2.4,acid,CC1=NN(C(=O)CCS)[C@H](C(=O)O)S1,8,CC1=NN(C(=O)CCS)[C@H](C(=O)[O-])S1,8
NC1=N[C@H](c2ccc(F)cc2)Nc2cccc(F)c21,9.0,base,NC1=[NH+][C@H](c2ccc(F)cc2)Nc2cccc(F)c21,8,NC1=N[C@H](c2ccc(F)cc2)Nc2cccc(F)c21,8
Cc1cn(Cc2ccccc2)c(=O)[nH]c1=O,9.4,acid,Cc1cn(Cc2ccccc2)c(=O)[nH]c1=O,6,Cc1cn(Cc2ccccc2)c(=O)[n-]c1=O,6
CCOC(=O)N1CCC2(CC1)N=C(N)c1c(Cl)cccc1N2,9.0,base,CCOC(=O)N1CCC2(CC1)Nc1cccc(Cl)c1C(N)=[NH+]2,19,CCOC(=O)N1CCC2(CC1)N=C(N)c1c(Cl)cccc1N2,19
N#Cc1ccc(C(=O)N2CCC3(CC2)N=C(N)c2c(F)cccc2N3)cc1,9.0,base,N#Cc1ccc(C(=O)N2CCC3(CC2)Nc2cccc(F)c2C(N)=[NH+]3)cc1,8,N#Cc1ccc(C(=O)N2CCC3(CC2)N=C(N)c2c(F)cccc2N3)cc1,8
CCCN(CCC)CCc1ccc(O)c(NC(C)=O)c1,8.75,acid,CCCN(CCC)CCc1ccc(O)c(NC(C)=O)c1,19,CCCN(CCC)CCc1ccc([O-])c(NC(C)=O)c1,19
CCC[NH+](CCC)CCc1ccc([O-])c(NC(C)=O)c1,8.75,acid,CCC[NH+](CCC)CCc1ccc(O)c(NC(C)=O)c1,19,CCC[NH+](CCC)CCc1ccc([O-])c(NC(C)=O)c1,19
CON(C)C(=O)c1c(Cn2c(C)nc(Cl)c2Cl)sc2c1c(=O)n(C)c(=O)n2CC(C)C,2.7,base,CON(C)C(=O)c1c(Cn2c(C)[nH+]c(Cl)c2Cl)sc2c1c(=O)n(C)c(=O)n2CC(C)C,2,CON(C)C(=O)c1c(Cn2c(C)nc(Cl)c2Cl)sc2c1c(=O)n(C)c(=O)n2CC(C)C,2
O=C(NCC12CC3CC(CC(C3)C1)C2)c1cc(OC2CCNCC2)ccc1Cl,9.0,base,O=C(NCC12CC3CC(CC(C3)C1)C2)c1cc(OC2CC[NH2+]CC2)ccc1Cl,10,O=C(NCC12CC3CC(CC(C3)C1)C2)c1cc(OC2CCNCC2)ccc1Cl,10
CCC1(c2ccccc2)C(=O)NC(=O)NC1=O,7.5,acid,CCC1(c2ccccc2)C(=O)NC(=O)NC1=O,5,CC[C@@]1(c2ccccc2)C(=O)[N-]C(=O)NC1=O,8
C[C@H](CO)Nc1nc(SCc2cccc(F)c2F)nc2[nH]c(=O)c(C#N)cc12,7.9,acid,C[C@H](CO)Nc1nc(SCc2cccc(F)c2F)nc2[nH]c(=O)c(C#N)cc12,11,C[C@H](CO)Nc1nc(SCc2cccc(F)c2F)nc2[n-]c(=O)c(C#N)cc12,11
C(=C\c1nn[nH]n1)/c1ccccc1,4.5,acid,C(=C\c1nn[nH]n1)/c1ccccc1,10,C(=C\c1nn[n-]n1)/c1ccccc1,10
CNCC[C@H](Oc1ccc(C(F)(F)F)cc1)c1ccccc1,9.9,base,C[NH2+]CC[C@H](Oc1ccc(C(F)(F)F)cc1)c1ccccc1,1,CNCC[C@H](Oc1ccc(C(F)(F)F)cc1)c1ccccc1,1
C[C@@]12CC[C@H]3c4ccc(O)cc4CC[C@@H]3[C@@H]1CC[C@@H]2O,10.0,acid,C[C@@]12CC[C@H]3c4ccc(O)cc4CC[C@@H]3[C@@H]1CC[C@@H]2O,19,C[C@@]12CC[C@H]3c4ccc([O-])cc4CC[C@@H]3[C@@H]1CC[C@@H]2O,19
CC(C)NC[C@@H](O)COc1ccc(CCOCC2CC2)cc1,9.53,base,CC(C)[NH2+]C[C@@H](O)COc1ccc(CCOCC2CC2)cc1,3,CC(C)NC[C@@H](O)COc1ccc(CCOCC2CC2)cc1,3
Nc1ccc(S(=O)(=O)Nc2ncccn2)cc1,6.29,acid,Nc1ccc(S(=O)(=O)Nc2ncccn2)cc1,6,Nc1ccc(S(=O)(=O)[N-]c2ncccn2)cc1,6
CS(=O)(=O)NC(=O)CCCc1c(-c2ccc(F)cc2)[nH]c2ccc(C#N)cc12,5.2,acid,CS(=O)(=O)NC(=O)CCCc1c(-c2ccc(F)cc2)[nH]c2ccc(C#N)cc12,4,CS(=O)(=O)[N-]C(=O)CCCc1c(-c2ccc(F)cc2)[nH]c2ccc(C#N)cc12,4
O=C(O)[C@@H]1Cc2c([nH]c3ccccc23)[C@H](c2ccccc2)N1,8.0,base,O=C(O)[C@@H]1Cc2c([nH]c3ccccc23)[C@H](c2ccccc2)[NH2+]1,18,O=C(O)[C@@H]1Cc2c([nH]c3ccccc23)[C@H](c2ccccc2)N1,18
O=C([O-])[C@@H]1Cc2c([nH]c3ccccc23)[C@H](c2ccccc2)[NH2+]1,8.0,base,O=C([O-])[C@@H]1Cc2c([nH]c3ccccc23)[C@H](c2ccccc2)[NH2+]1,18,O=C([O-])[C@@H]1Cc2c([nH]c3ccccc23)[C@H](c2ccccc2)N1,18
N#Cc1ccc(C(=O)N2CCC3(CC2)N=C(N)c2c(F)ccc(F)c2N3)cn1,8.4,base,N#Cc1ccc(C(=O)N2CCC3(CC2)Nc2c(F)ccc(F)c2C(N)=[NH+]3)cn1,22,N#Cc1ccc(C(=O)N2CCC3(CC2)N=C(N)c2c(F)ccc(F)c2N3)cn1,22
[H]/N=c1/[nH]c(C)c(C)s1,6.3,base,Cc1[nH]c(=[NH2+])sc1C,5,[H]/N=c1/[nH]c(C)c(C)s1,1
CC(=O)NS(=O)(=O)c1ccc(N)cc1,5.25,acid,CC(=O)NS(=O)(=O)c1ccc(N)cc1,3,CC(=O)[N-]S(=O)(=O)c1ccc(N)cc1,3
Cc1nccn1C[C@H]1CCc2c(c3ccccc3n2C)C1=O,7.73,base,Cc1[nH+]ccn1C[C@H]1CCc2c(c3ccccc3n2C)C1=O,2,Cc1nccn1C[C@H]1CCc2c(c3ccccc3n2C)C1=O,2
O=C1CC2(CCCC2)CC(=O)N1CCCCN1CCN(c2ncccn2)CC1,7.61,base,O=C1CC2(CCCC2)CC(=O)N1CCCC[NH+]1CCN(c2ncccn2)CC1,9,O=C1CC2(CCCC2)CC(=O)N1CCCCN1CCN(c2ncccn2)CC1,9
CC(C)(C)NC[C@H](O)COc1nsnc1N1CCOCC1,8.8,base,CC(C)(C)[NH2+]C[C@H](O)COc1nsnc1N1CCOCC1,4,CC(C)(C)NC[C@H](O)COc1nsnc1N1CCOCC1,4
CC(C)NC[C@@H](O)COc1cccc2[nH]ccc12,9.62,base,CC(C)[NH2+]C[C@@H](O)COc1cccc2[nH]ccc12,3,CC(C)NC[C@@H](O)COc1cccc2[nH]ccc12,3
COc1ccnc(CSc2nc3ccccc3[nH]2)c1,5.3,base,COc1cc[nH+]c(CSc2nc3ccccc3[nH]2)c1,5,COc1ccnc(CSc2nc3ccccc3[nH]2)c1,5
O=C(O)CCCc1ccc(N(CCCl)CCCl)cc1,5.8,acid,O=C(O)CCCc1ccc(N(CCCl)CCCl)cc1,11,O=C([O-])CCCc1ccc(N(CCCl)CCCl)cc1,11
CC(C)Cc1ccc([C@H](C)C(=O)O)cc1,5.2,acid,CC(C)Cc1ccc([C@H](C)C(=O)O)cc1,14,CC(C)Cc1ccc([C@H](C)C(=O)[O-])cc1,14
CN1CCC(=C2c3ccccc3CC(=O)c3sccc32)CC1,9.0,base,C[NH+]1CCC(=C2c3ccccc3CC(=O)c3sccc32)CC1,1,CN1CCC(=C2c3ccccc3CC(=O)c3sccc32)CC1,1
O=C(CCCN1CCC(O)(c2ccc(Cl)cc2)CC1)c1ccc(F)cc1,8.75,base,O=C(CCC[NH+]1CCC(O)(c2ccc(Cl)cc2)CC1)c1ccc(F)cc1,11,O=C(CCCN1CCC(O)(c2ccc(Cl)cc2)CC1)c1ccc(F)cc1,11
O=C(NCC12CC3CC(CC(C3)C1)C2)c1cc(OCCCNCCCO)ccc1Cl,9.5,base,O=C(NCC12CC3CC(CC(C3)C1)C2)c1cc(OCCC[NH2+]CCCO)ccc1Cl,10,O=C(NCC12CC3CC(CC(C3)C1)C2)c1cc(OCCCNCCCO)ccc1Cl,10
Cc1ccc(C(=O)N2C[C@H]3CNC[C@@H](C2)O3)cc1NC(=O)CC12CC3CC(CC(C3)C1)C2,7.18,base,Cc1ccc(C(=O)N2C[C@H]3C[NH2+]C[C@@H](C2)O3)cc1NC(=O)CC12CC3CC(CC(C3)C1)C2,27,Cc1ccc(C(=O)N2C[C@H]3CNC[C@@H](C2)O3)cc1NC(=O)CC12CC3CC(CC(C3)C1)C2,27
O=C(NCC12CC3CC(CC(C3)C1)C2)c1cc(-n2ncc(=O)[nH]c2=O)ccc1Cl,6.2,acid,O=C(NCC12CC3CC(CC(C3)C1)C2)c1cc(-n2ncc(=O)[nH]c2=O)ccc1Cl,9,O=C(NCC12CC3CC(CC(C3)C1)C2)c1cc(-n2ncc(=O)[n-]c2=O)ccc1Cl,9
Cc1cccc(C)c1OC[C@H](C)N,9.13,base,Cc1cccc(C)c1OC[C@H](C)[NH3+],11,Cc1cccc(C)c1OC[C@H](C)N,11
O=C(NCCc1ccccc1Cl)c1cc(-n2ncc(=O)[nH]c2=O)ccc1Cl,6.1,acid,O=C(NCCc1ccccc1Cl)c1cc(-n2ncc(=O)[nH]c2=O)ccc1Cl,21,O=C(NCCc1ccccc1Cl)c1cc(-n2ncc(=O)[n-]c2=O)ccc1Cl,21
O=C(NCC12CC3CC(CC(C3)C1)C2)c1cc(OC2CCNCC2)ncc1Cl,9.1,base,O=C(NCC12CC3CC(CC(C3)C1)C2)c1cc(OC2CC[NH2+]CC2)ncc1Cl,10,O=C(NCC12CC3CC(CC(C3)C1)C2)c1cc(OC2CCNCC2)ncc1Cl,10
C[C@H](C(=O)O)c1ccc(-c2ccccc2)c(F)c1,4.2,acid,C[C@H](C(=O)O)c1ccc(-c2ccccc2)c(F)c1,17,C[C@H](C(=O)[O-])c1ccc(-c2ccccc2)c(F)c1,17
N#Cc1c(O)nc(N)nc1-c1ccccc1,6.52,acid,N#Cc1c(O)nc(N)nc1-c1ccccc1,13,N#Cc1c([O-])nc(N)nc1-c1ccccc1,13
O=C(NCC12CC3CC(CC(C3)C1)C2)c1cc(N2CCNCC2)ncc1Cl,8.5,base,O=C(NCC12CC3CC(CC(C3)C1)C2)c1cc(N2CC[NH2+]CC2)ncc1Cl,9,O=C(NCC12CC3CC(CC(C3)C1)C2)c1cc(N2CCNCC2)ncc1Cl,9
CCOC(=O)[C@H](CCc1ccccc1)N[C@@H](C)C(=O)N1CCC[C@H]1C(=O)O,3.1,acid,CCOC(=O)[C@H](CCc1ccccc1)N[C@@H](C)C(=O)N1CCC[C@H]1C(=O)O,26,CCOC(=O)[C@H](CCc1ccccc1)N[C@@H](C)C(=O)N1CCC[C@H]1C(=O)[O-],26
CCOC(=O)[C@H](CCc1ccccc1)[NH2+][C@@H](C)C(=O)N1CCC[C@H]1C(=O)[O-],6.4,base,CCOC(=O)[C@H](CCc1ccccc1)[NH2+][C@@H](C)C(=O)N1CCC[C@H]1C(=O)[O-],14,CCOC(=O)[C@H](CCc1ccccc1)N[C@@H](C)C(=O)N1CCC[C@H]1C(=O)[O-],14
CCCN(CCC)CCc1ccc(O)c2c1CC(=O)N2,8.35,acid,CCCN(CCC)CCc1ccc(O)c2c1CC(=O)N2,19,CCCN(CCC)CCc1ccc([O-])c2c1CC(=O)N2,19
CCC[NH+](CCC)CCc1ccc([O-])c2c1CC(=O)N2,8.35,acid,CCC[NH+](CCC)CCc1ccc(O)c2c1CC(=O)N2,19,CCC[NH+](CCC)CCc1ccc([O-])c2c1CC(=O)N2,19
CN(C)CCC=C1c2ccccc2CCc2ccccc21,9.4,base,C[NH+](C)CCC=C1c2ccccc2CCc2ccccc21,1,CN(C)CCC=C1c2ccccc2CCc2ccccc21,1
CCCNC[C@@H](O)COc1ccccc1C(=O)CCc1ccccc1,9.27,base,CCC[NH2+]C[C@@H](O)COc1ccccc1C(=O)CCc1ccccc1,3,CCCNC[C@@H](O)COc1ccccc1C(=O)CCc1ccccc1,3
CC(C)NC[C@@H](O)COc1ccc(COCCOC(C)C)cc1,9.87,base,CC(C)[NH2+]C[C@@H](O)COc1ccc(COCCOC(C)C)cc1,3,CC(C)NC[C@@H](O)COc1ccc(COCCOC(C)C)cc1,3
COc1ccc(CCN(C)CCC[C@](C#N)(c2ccc(OC)c(OC)c2)C(C)C)cc1OC,8.6,base,COc1ccc(CC[N@H+](C)CCC[C@](C#N)(c2ccc(OC)c(OC)c2)C(C)C)cc1OC,7,COc1ccc(CCN(C)CCC[C@](C#N)(c2ccc(OC)c(OC)c2)C(C)C)cc1OC,7
CC(C)(C)NC[C@H](O)c1ccc(O)c(CO)c1,9.3,base,CC(C)(C)[NH2+]C[C@H](O)c1ccc(O)c(CO)c1,4,CC(C)(C)NC[C@H](O)c1ccc(O)c(CO)c1,4
CC(C)(O)c1ccccc1CC[C@@H](SCC1(CC(=O)O)CC1)c1cccc(/C=C/c2ccc3ccc(Cl)cc3n2)c1,5.6,base,CC(C)(O)c1ccccc1CC[C@@H](SCC1(CC(=O)O)CC1)c1cccc(/C=C/c2ccc3ccc(Cl)cc3[nH+]2)c1,29,CC(C)(O)c1ccccc1CC[C@@H](SCC1(CC(=O)O)CC1)c1cccc(/C=C/c2ccc3ccc(Cl)cc3n2)c1,29
CC(C)(O)c1ccccc1CC[C@@H](SCC1(CC(=O)[O-])CC1)c1cccc(/C=C/c2ccc3ccc(Cl)cc3[nH+]2)c1,5.6,base,CC(C)(O)c1ccccc1CC[C@@H](SCC1(CC(=O)[O-])CC1)c1cccc(/C=C/c2ccc3ccc(Cl)cc3[nH+]2)c1,29,CC(C)(O)c1ccccc1CC[C@@H](SCC1(CC(=O)[O-])CC1)c1cccc(/C=C/c2ccc3ccc(Cl)cc3n2)c1,29
C[C@]12CC3CC(N)(C1)C[C@@](C)(C3)C2,10.66,base,C[C@]12CC3CC([NH3+])(C1)C[C@@](C)(C3)C2,11,C[C@]12CC3CC(N)(C1)C[C@@](C)(C3)C2,11
Cc1ccc(S(=O)(=O)NC(=O)NN2CCCCCC2)cc1,5.8,acid,Cc1ccc(S(=O)(=O)NC(=O)NN2CCCCCC2)cc1,10,Cc1ccc(S(=O)(=O)[N-]C(=O)NN2CCCCCC2)cc1,10
CN(C)C(=O)C(CCN1CCC(O)(c2ccc(Cl)cc2)CC1)(c1ccccc1)c1ccccc1,9.14,base,CN(C)C(=O)C(CC[NH+]1CCC(O)(c2ccc(Cl)cc2)CC1)(c1ccccc1)c1ccccc1,8,CN(C)C(=O)C(CCN1CCC(O)(c2ccc(Cl)cc2)CC1)(c1ccccc1)c1ccccc1,8
Cc1nc2n(c(=O)c1CCN1CCC(c3noc4cc(F)ccc34)CC1)CCCC2,8.49,base,Cc1nc2n(c(=O)c1CC[NH+]1CCC(c3noc4cc(F)ccc34)CC1)CCCC2,14,Cc1nc2n(c(=O)c1CCN1CCC(c3noc4cc(F)ccc34)CC1)CCCC2,14
CCN(CC)CCNC(=O)c1cc(Cl)c(N)cc1OC,9.51,base,CC[NH+](CC)CCNC(=O)c1cc(Cl)c(N)cc1OC,2,CCN(CC)CCNC(=O)c1cc(Cl)c(N)cc1OC,2
C[C@@H](NC(C)(C)C)C(=O)c1cccc(Cl)c1,8.4,base,C[C@@H]([NH2+]C(C)(C)C)C(=O)c1cccc(Cl)c1,11,C[C@@H](NC(C)(C)C)C(=O)c1cccc(Cl)c1,11
CC(C)(C(=O)O)c1ccc([C@@H](O)CCCN2CCC(C(O)(c3ccccc3)c3ccccc3)CC2)cc1,2.26,acid,CC(C)(C(=O)O)c1ccc([C@@H](O)CCCN2CCC(C(O)(c3ccccc3)c3ccccc3)CC2)cc1,36,CC(C)(C(=O)[O-])c1ccc([C@@H](O)CCCN2CCC(C(O)(c3ccccc3)c3ccccc3)CC2)cc1,36
CC(C)(C(=O)[O-])c1ccc([C@@H](O)CCC[NH+]2CCC(C(O)(c3ccccc3)c3ccccc3)CC2)cc1,7.53,base,CC(C)(C(=O)[O-])c1ccc([C@@H](O)CCC[NH+]2CCC(C(O)(c3ccccc3)c3ccccc3)CC2)cc1,13,CC(C)(C(=O)[O-])c1ccc([C@@H](O)CCCN2CCC(C(O)(c3ccccc3)c3ccccc3)CC2)cc1,13
CCN(CC)CCNC(=O)c1ccc(NS(C)(=O)=O)cc1,7.52,acid,CCN(CC)CCNC(=O)c1ccc(NS(C)(=O)=O)cc1,16,CCN(CC)CCNC(=O)c1ccc([N-]S(C)(=O)=O)cc1,16
CC[NH+](CC)CCNC(=O)c1ccc([N-]S(C)(=O)=O)cc1,9.35,base,CC[NH+](CC)CCNC(=O)c1ccc([N-]S(C)(=O)=O)cc1,2,CCN(CC)CCNC(=O)c1ccc([N-]S(C)(=O)=O)cc1,2
Cn1c([S@@](=O)Cc2ccccn2)nc2ccccc21,2.6,base,Cn1c([S@@](=O)Cc2cccc[nH+]2)nc2ccccc21,18,Cn1c([S@@](=O)Cc2ccccn2)nc2ccccc21,18
O=[S@@](Cc1ccccn1)c1nc2ccccc2[nH]1,8.8,acid,O=[S@@](Cc1ccccn1)c1nc2ccccc2[nH]1,6,O=[S@@](Cc1ccccn1)c1nc2ccccc2[n-]1,6
CCOC(=O)c1ccccc1S(=O)(=O)NC(=O)Nc1nc(Cl)cc(OC)n1,4.2,acid,CCOC(=O)c1ccccc1S(=O)(=O)NC(=O)Nc1nc(Cl)cc(OC)n1,14,CCOC(=O)c1ccccc1S(=O)(=O)[N-]C(=O)Nc1nc(Cl)cc(OC)n1,14
O=C(/C=C/c1ccc(O)c(O)c1)O[C@@H]1C[C@](O)(C(=O)O)C[C@@H](O)[C@H]1O,3.33,acid,O=C(/C=C/c1ccc(O)c(O)c1)O[C@@H]1C[C@](O)(C(=O)O)C[C@@H](O)[C@H]1O,21,O=C(/C=C/c1ccc(O)c(O)c1)O[C@@H]1C[C@](O)(C(=O)[O-])C[C@@H](O)[C@H]1O,21
COc1nc(C)nc(NC(=O)NS(=O)(=O)c2ccccc2Cl)n1,3.4,acid,COc1nc(C)nc(NC(=O)NS(=O)(=O)c2ccccc2Cl)n1,12,COc1nc(C)nc(NC(=O)[N-]S(=O)(=O)c2ccccc2Cl)n1,12
COCCOc1ccccc1S(=O)(=O)NC(=O)Nc1nc(OC)nc(OC)n1,4.72,acid,COCCOc1ccccc1S(=O)(=O)NC(=O)Nc1nc(OC)nc(OC)n1,14,COCCOc1ccccc1S(=O)(=O)[N-]C(=O)Nc1nc(OC)nc(OC)n1,14
CCn1nc(C(=O)O)c(=O)c2cc3c(cc21)OCO3,4.36,acid,CCn1nc(C(=O)O)c(=O)c2cc3c(cc21)OCO3,15,CCn1nc(C(=O)[O-])c(=O)c2cc3c(cc21)OCO3,15
O=C(O)c1cn(C2CC2)c2cc(N3CCNCC3)c(F)cc2c1=O,6.13,acid,O=C(O)c1cn(C2CC2)c2cc(N3CCNCC3)c(F)cc2c1=O,20,O=C([O-])c1cn(C2CC2)c2cc(N3CCNCC3)c(F)cc2c1=O,20
O=C([O-])c1cn(C2CC2)c2cc(N3CC[NH2+]CC3)c(F)cc2c1=O,8.57,base,O=C([O-])c1cn(C2CC2)c2cc(N3CC[NH2+]CC3)c(F)cc2c1=O,10,O=C([O-])c1cn(C2CC2)c2cc(N3CCNCC3)c(F)cc2c1=O,10
CCOc1nc(F)cc2nc(S(=O)(=O)Nc3c(Cl)cccc3C(=O)OC)nn12,4.81,acid,CCOc1nc(F)cc2nc(S(=O)(=O)Nc3c(Cl)cccc3C(=O)OC)nn12,15,CCOc1nc(F)cc2nc(S(=O)(=O)[N-]c3c(Cl)cccc3C(=O)OC)nn12,15
O=C(O)C1(C(=O)Nc2ccc(Cl)cc2Cl)CC1,3.5,acid,O=C(O)C1(C(=O)Nc2ccc(Cl)cc2Cl)CC1,16,O=C([O-])C1(C(=O)Nc2ccc(Cl)cc2Cl)CC1,16
N[C@@H](CS)C(=O)O,8.4,acid,N[C@@H](CS)C(=O)O,6,N[C@@H](C[S-])C(=O)O,6
[NH3+][C@@H](CS)C(=O)[O-],8.4,acid,[NH3+][C@@H](CS)C(=O)[O-],6,[NH3+][C@@H](C[S-])C(=O)[O-],6
CN1CCN(c2cc3c(cc2F)c(=O)c(C(=O)O)cn3-c2ccc(F)cc2)CC1,5.81,acid,CN1CCN(c2cc3c(cc2F)c(=O)c(C(=O)O)cn3-c2ccc(F)cc2)CC1,28,CN1CCN(c2cc3c(cc2F)c(=O)c(C(=O)[O-])cn3-c2ccc(F)cc2)CC1,28
C[NH+]1CCN(c2cc3c(cc2F)c(=O)c(C(=O)[O-])cn3-c2ccc(F)cc2)CC1,7.39,base,C[NH+]1CCN(c2cc3c(cc2F)c(=O)c(C(=O)[O-])cn3-c2ccc(F)cc2)CC1,1,CN1CCN(c2cc3c(cc2F)c(=O)c(C(=O)[O-])cn3-c2ccc(F)cc2)CC1,1
N[C@@H](CCS)C(=O)O,8.7,acid,N[C@@H](CCS)C(=O)O,2,N[C@@H](CC[S-])C(=O)O,2
[NH3+][C@@H](CCS)C(=O)[O-],8.7,acid,[NH3+][C@@H](CCS)C(=O)[O-],2,[NH3+][C@@H](CC[S-])C(=O)[O-],2
CCn1cc(C(=O)O)c(=O)c2cc(F)c(N3CCNCC3)nc21,6.2,acid,CCn1cc(C(=O)O)c(=O)c2cc(F)c(N3CCNCC3)nc21,22,CCn1cc(C(=O)[O-])c(=O)c2cc(F)c(N3CCNCC3)nc21,22
CCn1cc(C(=O)[O-])c(=O)c2cc(F)c(N3CC[NH2+]CC3)nc21,8.76,base,CCn1cc(C(=O)[O-])c(=O)c2cc(F)c(N3CC[NH2+]CC3)nc21,17,CCn1cc(C(=O)[O-])c(=O)c2cc(F)c(N3CCNCC3)nc21,17
CCS,10.61,acid,CCS,2,CC[S-],2
CCOc1ccccc1OS(=O)(=O)NC(=O)Nc1nc(OC)cc(OC)n1,5.28,acid,CCOc1ccccc1OS(=O)(=O)NC(=O)Nc1nc(OC)cc(OC)n1,13,CCOc1ccccc1OS(=O)(=O)[N-]C(=O)Nc1nc(OC)cc(OC)n1,13
CCOC(=O)[C@@H](N)CS,6.53,acid,CCOC(=O)[C@@H](N)CS,7,CCOC(=O)[C@@H](N)C[S-],7
CCOC(=O)CS,7.95,acid,CCOC(=O)CS,6,CCOC(=O)C[S-],6
C[C@@H](Cc1ccc(C(C)(C)C)cc1)CN1CCCCC1,10.13,base,C[C@@H](Cc1ccc(C(C)(C)C)cc1)C[NH+]1CCCCC1,14,C[C@@H](Cc1ccc(C(C)(C)C)cc1)CN1CCCCC1,14
C[C@@H](Cc1ccc(C(C)(C)C)cc1)CN1C[C@@H](C)O[C@@H](C)C1,6.98,base,C[C@@H](Cc1ccc(C(C)(C)C)cc1)C[NH+]1C[C@@H](C)O[C@@H](C)C1,3,C[C@@H](Cc1ccc(C(C)(C)C)cc1)CN1C[C@@H](C)O[C@@H](C)C1,3
COc1cc(OC)nc(NC(=O)NS(=O)(=O)c2ncccc2C(F)(F)F)n1,4.37,acid,COc1cc(OC)nc(NC(=O)NS(=O)(=O)c2ncccc2C(F)(F)F)n1,11,COc1cc(OC)nc(NC(=O)[N-]S(=O)(=O)c2ncccc2C(F)(F)F)n1,11
CN1CCN(c2c(F)cc3c(=O)c(C(=O)O)cn(CCF)c3c2F)CC1,5.6,acid,CN1CCN(c2c(F)cc3c(=O)c(C(=O)O)cn(CCF)c3c2F)CC1,21,CN1CCN(c2c(F)cc3c(=O)c(C(=O)[O-])cn(CCF)c3c2F)CC1,21
C[NH+]1CCN(c2c(F)cc3c(=O)c(C(=O)[O-])cn(CCF)c3c2F)CC1,7.91,base,C[NH+]1CCN(c2c(F)cc3c(=O)c(C(=O)[O-])cn(CCF)c3c2F)CC1,1,CN1CCN(c2c(F)cc3c(=O)c(C(=O)[O-])cn(CCF)c3c2F)CC1,1
COc1nn(C(=O)NS(=O)(=O)c2ccccc2OC(F)(F)F)c(=O)n1C,1.9,acid,COc1nn(C(=O)NS(=O)(=O)c2ccccc2OC(F)(F)F)c(=O)n1C,9,COc1nn(C(=O)[N-]S(=O)(=O)c2ccccc2OC(F)(F)F)c(=O)n1C,9
O[C@@H](C(F)(F)C(F)(F)F)C(F)(F)C(F)(F)C(F)(F)F,10.48,acid,O[C@@H](C(F)(F)C(F)(F)F)C(F)(F)C(F)(F)C(F)(F)F,18,[O-][C@@H](C(F)(F)C(F)(F)F)C(F)(F)C(F)(F)C(F)(F)F,18
OC(C(F)(F)C(F)(F)C(F)(F)F)C(F)(F)C(F)(F)C(F)(F)F,10.52,acid,OC(C(F)(F)C(F)(F)C(F)(F)F)C(F)(F)C(F)(F)C(F)(F)F,21,[O-]C(C(F)(F)C(F)(F)C(F)(F)F)C(F)(F)C(F)(F)C(F)(F)F,21
OC(C(F)(F)F)(C(F)(F)F)C(F)(F)Cl,5.3,acid,OC(C(F)(F)F)(C(F)(F)F)C(F)(F)Cl,13,[O-]C(C(F)(F)F)(C(F)(F)F)C(F)(F)Cl,13
O=C(O)C1(O)c2ccccc2-c2ccccc21,1.09,acid,O=C(O)C1(O)c2ccccc2-c2ccccc21,15,O=C([O-])C1(O)c2ccccc2-c2ccccc21,15
O=[N+]([O-])c1ccc(NS(=O)(=O)c2ccc(Cl)c(C(F)(F)F)c2)c(Cl)c1,4.89,acid,O=[N+]([O-])c1ccc(NS(=O)(=O)c2ccc(Cl)c(C(F)(F)F)c2)c(Cl)c1,10,O=[N+]([O-])c1ccc([N-]S(=O)(=O)c2ccc(Cl)c(C(F)(F)F)c2)c(Cl)c1,10
NCc1ccco1,8.89,base,[NH3+]Cc1ccco1,6,NCc1ccco1,6
COc1c(N2CCN[C@H](C)C2)c(F)cc2c(=O)c(C(=O)O)cn(C3CC3)c12,6.05,acid,COc1c(N2CCN[C@H](C)C2)c(F)cc2c(=O)c(C(=O)O)cn(C3CC3)c12,22,COc1c(N2CCN[C@H](C)C2)c(F)cc2c(=O)c(C(=O)[O-])cn(C3CC3)c12,22
COc1c(N2CC[NH2+][C@H](C)C2)c(F)cc2c(=O)c(C(=O)[O-])cn(C3CC3)c12,9.18,base,COc1c(N2CC[NH2+][C@H](C)C2)c(F)cc2c(=O)c(C(=O)[O-])cn(C3CC3)c12,6,COc1c(N2CCN[C@H](C)C2)c(F)cc2c(=O)c(C(=O)[O-])cn(C3CC3)c12,6
CO/N=C1\CN(c2nc3c(cc2F)c(=O)c(C(=O)O)cn3C2CC2)C[C@@H]1CN,6.36,acid,CO/N=C1\CN(c2nc3c(cc2F)c(=O)c(C(=O)O)cn3C2CC2)C[C@@H]1CN,26,CO/N=C1\CN(c2nc3c(cc2F)c(=O)c(C(=O)[O-])cn3C2CC2)C[C@@H]1CN,26
CO/N=C1\CN(c2nc3c(cc2F)c(=O)c(C(=O)[O-])cn3C2CC2)C[C@@H]1C[NH3+],8.6,base,CO/N=C1\CN(c2nc3c(cc2F)c(=O)c(C(=O)[O-])cn3C2CC2)C[C@@H]1C[NH3+],9,CO/N=C1\CN(c2nc3c(cc2F)c(=O)c(C(=O)[O-])cn3C2CC2)C[C@@H]1CN,9
C=C1C[C@]23C[C@@]1(O)CC[C@H]2[C@@]12C=C[C@H](O)[C@@](C)(C(=O)O1)[C@H]2[C@@H]3C(=O)O,4.0,acid,C=C1C[C@]23C[C@@]1(O)CC[C@H]2[C@@]12C=C[C@H](O)[C@@](C)(C(=O)O1)[C@H]2[C@@H]3C(=O)O,20,C=C1C[C@]23C[C@@]1(O)CC[C@H]2[C@@]12C=C[C@H](O)[C@@](C)(C(=O)O1)[C@H]2[C@@H]3C(=O)[O-],20
N[C@@H](CCC(=O)N[C@@H](CS)C(=O)NCC(=O)O)C(=O)O,8.56,acid,N[C@@H](CCC(=O)N[C@@H](CS)C(=O)NCC(=O)O)C(=O)O,7,N[C@@H](CCC(=O)N[C@@H](C[S-])C(=O)NCC(=O)O)C(=O)O,7
[NH3+][C@@H](CCC(=O)N[C@@H](CS)C(=O)NCC(=O)O)C(=O)[O-],8.56,acid,[NH3+][C@@H](CCC(=O)N[C@@H](CS)C(=O)NCC(=O)O)C(=O)[O-],7,[NH3+][C@@H](CCC(=O)N[C@@H](C[S-])C(=O)NCC(=O)O)C(=O)[O-],7
COC(=O)c1c(Cl)nn(C)c1S(=O)(=O)NC(=O)Nc1nc(OC)cc(OC)n1,3.44,acid,COC(=O)c1c(Cl)nn(C)c1S(=O)(=O)NC(=O)Nc1nc(OC)cc(OC)n1,14,COC(=O)c1c(Cl)nn(C)c1S(=O)(=O)[N-]C(=O)Nc1nc(OC)cc(OC)n1,14
C[C@H](Oc1ccc(Oc2ncc(C(F)(F)F)cc2Cl)cc1)C(=O)O,2.9,acid,C[C@H](Oc1ccc(Oc2ncc(C(F)(F)F)cc2Cl)cc1)C(=O)O,4,C[C@H](Oc1ccc(Oc2ncc(C(F)(F)F)cc2Cl)cc1)C(=O)[O-],4
OC(C(F)(F)F)C(F)(F)F,9.3,acid,OC(C(F)(F)F)C(F)(F)F,9,[O-]C(C(F)(F)F)C(F)(F)F,9
O=C(CNC(=O)c1ccccc1)NO,8.8,acid,O=C(CNC(=O)c1ccccc1)NO,13,O=C(CNC(=O)c1ccccc1)N[O-],13
Cc1cc(O)no1,5.92,acid,Cc1cc(O)no1,6,Cc1cc([O-])no1,6
COc1ccc2c(c1)c(CC(=O)O)c(C)n2C(=O)c1ccc(Cl)cc1,4.42,acid,COc1ccc2c(c1)c(CC(=O)O)c(C)n2C(=O)c1ccc(Cl)cc1,24,COc1ccc2c(c1)c(CC(=O)[O-])c(C)n2C(=O)c1ccc(Cl)cc1,24
COC(=O)c1ccc(I)cc1S(=O)(=O)NC(=O)Nc1nc(C)nc(OC)n1,3.22,acid,COC(=O)c1ccc(I)cc1S(=O)(=O)NC(=O)Nc1nc(C)nc(OC)n1,12,COC(=O)c1ccc(I)cc1S(=O)(=O)[N-]C(=O)Nc1nc(C)nc(OC)n1,12
O=[N+]([O-])c1ccc(O)cc1C(F)(F)F,6.07,acid,O=[N+]([O-])c1ccc(O)cc1C(F)(F)F,6,O=[N+]([O-])c1ccc([O-])cc1C(F)(F)F,6
C[C@H]1COc2c(N3CCN(C)CC3)c(F)cc3c(=O)c(C(=O)O)cn1c23,6.06,acid,C[C@H]1COc2c(N3CCN(C)CC3)c(F)cc3c(=O)c(C(=O)O)cn1c23,25,C[C@H]1COc2c(N3CCN(C)CC3)c(F)cc3c(=O)c(C(=O)[O-])cn1c23,25
C[C@H]1COc2c(N3CC[NH+](C)CC3)c(F)cc3c(=O)c(C(=O)[O-])cn1c23,8.14,base,C[C@H]1COc2c(N3CC[NH+](C)CC3)c(F)cc3c(=O)c(C(=O)[O-])cn1c23,18,C[C@H]1COc2c(N3CCN(C)CC3)c(F)cc3c(=O)c(C(=O)[O-])cn1c23,18
CCn1cc(C(=O)O)c(=O)c2cc(F)c(N3CCN[C@H](C)C3)c(F)c21,5.82,acid,CCn1cc(C(=O)O)c(=O)c2cc(F)c(N3CCN[C@H](C)C3)c(F)c21,24,CCn1cc(C(=O)[O-])c(=O)c2cc(F)c(N3CCN[C@H](C)C3)c(F)c21,24
Cc1cc(Cl)ccc1O[C@@H](C)C(=O)O,3.78,acid,Cc1cc(Cl)ccc1O[C@@H](C)C(=O)O,12,Cc1cc(Cl)ccc1O[C@@H](C)C(=O)[O-],12
CC(=O)CS,7.86,acid,CC(=O)CS,4,CC(=O)C[S-],4
O=C1C[C@H](S)C(=O)N1,6.7,acid,O=C1C[C@H](S)C(=O)N1,7,O=C1C[C@H]([S-])C(=O)N1,7
O=C1C[C@H](S)C(=O)[N-]1,6.7,acid,O=C1C[C@H](S)C(=O)[N-]1,7,O=C1C[C@H]([S-])C(=O)[N-]1,7
COc1cc(CCN)cc(OC)c1OC,9.56,base,COc1cc(CC[NH3+])cc(OC)c1OC,14,COc1cc(CCN)cc(OC)c1OC,14
COC(=O)c1ccc(CNS(C)(=O)=O)cc1S(=O)(=O)NC(=O)Nc1nc(OC)cc(OC)n1,4.35,acid,COC(=O)c1ccc(CNS(C)(=O)=O)cc1S(=O)(=O)NC(=O)Nc1nc(OC)cc(OC)n1,11,COC(=O)c1ccc(CNS(C)(=O)=O)cc1S(=O)(=O)[N-]C(=O)Nc1nc(OC)cc(OC)n1,11
CS,10.33,acid,CS,1,C[S-],1
COC(=O)c1ccccc1S(=O)(=O)NC(=O)Nc1nc(C)nc(OC)n1,3.8,acid,COC(=O)c1ccccc1S(=O)(=O)NC(=O)Nc1nc(C)nc(OC)n1,12,COC(=O)c1ccccc1S(=O)(=O)[N-]C(=O)Nc1nc(C)nc(OC)n1,12
O=C(NO)c1cccc([N+](=O)[O-])c1,8.07,acid,O=C(NO)c1cccc([N+](=O)[O-])c1,12,O=C(N[O-])c1cccc([N+](=O)[O-])c1,12
COc1c(N2C[C@@H]3CCCN[C@@H]3C2)c(F)cc2c(=O)c(C(=O)O)cn(C3CC3)c12,6.31,acid,COc1c(N2C[C@@H]3CCCN[C@@H]3C2)c(F)cc2c(=O)c(C(=O)O)cn(C3CC3)c12,28,COc1c(N2C[C@@H]3CCCN[C@@H]3C2)c(F)cc2c(=O)c(C(=O)[O-])cn(C3CC3)c12,28
COc1c(N2C[C@@H]3CCC[NH2+][C@@H]3C2)c(F)cc2c(=O)c(C(=O)[O-])cn(C3CC3)c12,9.51,base,COc1c(N2C[C@@H]3CCC[NH2+][C@@H]3C2)c(F)cc2c(=O)c(C(=O)[O-])cn(C3CC3)c12,14,COc1c(N2C[C@@H]3CCCN[C@@H]3C2)c(F)cc2c(=O)c(C(=O)[O-])cn(C3CC3)c12,14
CC(=O)N[C@H](C(=O)O)C(C)(C)S,9.9,acid,CC(=O)N[C@H](C(=O)O)C(C)(C)S,11,CC(=O)N[C@H](C(=O)O)C(C)(C)[S-],11
CC(=O)N[C@H](C(=O)[O-])C(C)(C)S,9.9,acid,CC(=O)N[C@H](C(=O)[O-])C(C)(C)S,11,CC(=O)N[C@H](C(=O)[O-])C(C)(C)[S-],11
O=C(O)c1ccccc1C(=O)Nc1cccc2ccccc12,4.6,acid,O=C(O)c1ccccc1C(=O)Nc1cccc2ccccc12,21,O=C([O-])c1ccccc1C(=O)Nc1cccc2ccccc12,21
COc1cc(OC)nc(NC(=O)NS(=O)(=O)c2ncccc2C(=O)N(C)C)n1,4.6,acid,COc1cc(OC)nc(NC(=O)NS(=O)(=O)c2ncccc2C(=O)N(C)C)n1,14,COc1cc(OC)nc(NC(=O)[N-]S(=O)(=O)c2ncccc2C(=O)N(C)C)n1,14
CCn1cc(C(=O)O)c(=O)c2cc(F)c(N3CCNCC3)cc21,6.3,acid,CCn1cc(C(=O)O)c(=O)c2cc(F)c(N3CCNCC3)cc21,22,CCn1cc(C(=O)[O-])c(=O)c2cc(F)c(N3CCNCC3)cc21,22
CCn1cc(C(=O)[O-])c(=O)c2cc(F)c(N3CC[NH2+]CC3)cc21,6.3,acid,CCn1cc(C(=O)O)c(=O)c2cc(F)c(N3CC[NH2+]CC3)cc21,22,CCn1cc(C(=O)[O-])c(=O)c2cc(F)c(N3CC[NH2+]CC3)cc21,22
O=C(O)c1ccccc1C(=O)Nc1ccccc1,2.5,acid,O=C(O)c1ccccc1C(=O)Nc1ccccc1,17,O=C([O-])c1ccccc1C(=O)Nc1ccccc1,17
Cc1ccccc1S,6.64,acid,Cc1ccccc1S,7,Cc1ccccc1[S-],7
Cc1cc(C)nc(NC(=O)NS(=O)(=O)c2ccccc2C(=O)OC2COC2)n1,5.1,acid,Cc1cc(C)nc(NC(=O)NS(=O)(=O)c2ccccc2C(=O)OC2COC2)n1,10,Cc1cc(C)nc(NC(=O)[N-]S(=O)(=O)c2ccccc2C(=O)OC2COC2)n1,10
O=C(COc1ccc(Cl)cc1)NO,8.75,acid,O=C(COc1ccc(Cl)cc1)NO,11,O=C(COc1ccc(Cl)cc1)N[O-],11
CCn1cc(C(=O)O)c(=O)c2cc(F)c(N3CCN(C)CC3)cc21,6.28,acid,CCn1cc(C(=O)O)c(=O)c2cc(F)c(N3CCN(C)CC3)cc21,23,CCn1cc(C(=O)[O-])c(=O)c2cc(F)c(N3CCN(C)CC3)cc21,23
CCn1cc(C(=O)[O-])c(=O)c2cc(F)c(N3CC[NH+](C)CC3)cc21,7.55,base,CCn1cc(C(=O)[O-])c(=O)c2cc(F)c(N3CC[NH+](C)CC3)cc21,17,CCn1cc(C(=O)[O-])c(=O)c2cc(F)c(N3CCN(C)CC3)cc21,17
CC(C)(S)[C@@H](N)C(=O)O,7.9,acid,CC(C)(S)[C@@H](N)C(=O)O,8,CC(C)([S-])[C@@H](N)C(=O)O,8
CC(C)(S)[C@@H]([NH3+])C(=O)[O-],7.9,acid,CC(C)(S)[C@@H]([NH3+])C(=O)[O-],8,CC(C)([S-])[C@@H]([NH3+])C(=O)[O-],8
Oc1c(Br)c(Br)c(Br)c(Br)c1Br,4.62,acid,Oc1c(Br)c(Br)c(Br)c(Br)c1Br,11,[O-]c1c(Br)c(Br)c(Br)c(Br)c1Br,11
CC1(C)S[C@@H]2[C@H](NC(=O)COc3ccccc3)C(=O)N2[C@H]1C(=O)O,2.79,acid,CC1(C)S[C@@H]2[C@H](NC(=O)COc3ccccc3)C(=O)N2[C@H]1C(=O)O,22,CC1(C)S[C@@H]2[C@H](NC(=O)COc3ccccc3)C(=O)N2[C@H]1C(=O)[O-],22
COc1nc(C)nc(NC(=O)NS(=O)(=O)c2ccccc2CCC(F)(F)F)n1,3.76,acid,COc1nc(C)nc(NC(=O)NS(=O)(=O)c2ccccc2CCC(F)(F)F)n1,12,COc1nc(C)nc(NC(=O)[N-]S(=O)(=O)c2ccccc2CCC(F)(F)F)n1,12
CCOC(=O)c1cnn(C)c1S(=O)(=O)NC(=O)Nc1nc(OC)cc(OC)n1,3.7,acid,CCOC(=O)c1cnn(C)c1S(=O)(=O)NC(=O)Nc1nc(OC)cc(OC)n1,13,CCOC(=O)c1cnn(C)c1S(=O)(=O)[N-]C(=O)Nc1nc(OC)cc(OC)n1,13
COc1cc(OC)nc(Sc2cccc(Cl)c2C(=O)O)n1,2.34,acid,COc1cc(OC)nc(Sc2cccc(Cl)c2C(=O)O)n1,17,COc1cc(OC)nc(Sc2cccc(Cl)c2C(=O)[O-])n1,17
CCS(=O)(=O)c1cccnc1S(=O)(=O)NC(=O)Nc1nc(OC)cc(OC)n1,4.0,acid,CCS(=O)(=O)c1cccnc1S(=O)(=O)NC(=O)Nc1nc(OC)cc(OC)n1,14,CCS(=O)(=O)c1cccnc1S(=O)(=O)[N-]C(=O)Nc1nc(OC)cc(OC)n1,14
O=C(Nc1ccccc1)c1ccccc1O,7.4,acid,O=C(Nc1ccccc1)c1ccccc1O,15,O=C(Nc1ccccc1)c1ccccc1[O-],15
O=CO,3.742,acid,O=CO,2,O=C[O-],2
CCCC(=O)O,4.82,acid,CCCC(=O)O,5,CCCC(=O)[O-],5
Oc1c(Cl)c(Cl)c(Cl)c(Cl)c1Cl,4.74,acid,Oc1c(Cl)c(Cl)c(Cl)c(Cl)c1Cl,11,[O-]c1c(Cl)c(Cl)c(Cl)c(Cl)c1Cl,11
Oc1c(F)c(F)c(F)c(F)c1F,5.6,acid,Oc1c(F)c(F)c(F)c(F)c1F,11,[O-]c1c(F)c(F)c(F)c(F)c1F,11
Oc1c(Br)cccc1Br,6.67,acid,Oc1c(Br)cccc1Br,7,[O-]c1c(Br)cccc1Br,7
O=[N+]([O-])c1cccc(O)c1[N+](=O)[O-],4.96,acid,O=[N+]([O-])c1cccc(O)c1[N+](=O)[O-],6,O=[N+]([O-])c1cccc([O-])c1[N+](=O)[O-],6
O=[N+]([O-])c1cc(O)cc([N+](=O)[O-])c1,6.69,acid,O=[N+]([O-])c1cc(O)cc([N+](=O)[O-])c1,9,O=[N+]([O-])c1cc([O-])cc([N+](=O)[O-])c1,9
O=[N+]([O-])c1cc(Cl)c(O)c(Cl)c1,3.6,acid,O=[N+]([O-])c1cc(Cl)c(O)c(Cl)c1,7,O=[N+]([O-])c1cc(Cl)c([O-])c(Cl)c1,7
O=[N+]([O-])c1cc(Br)c(O)c(Br)c1,3.39,acid,O=[N+]([O-])c1cc(Br)c(O)c(Br)c1,7,O=[N+]([O-])c1cc(Br)c([O-])c(Br)c1,7
O=[N+]([O-])c1cc(Cl)c(O)c([N+](=O)[O-])c1,2.2,acid,O=[N+]([O-])c1cc(Cl)c(O)c([N+](=O)[O-])c1,9,O=[N+]([O-])c1cc(Cl)c([O-])c([N+](=O)[O-])c1,9
O=[N+]([O-])c1ccc(O)c(Cl)c1,5.6,acid,O=[N+]([O-])c1ccc(O)c(Cl)c1,10,O=[N+]([O-])c1ccc([O-])c(Cl)c1,10
O=[N+]([O-])c1ccc(F)cc1O,6.07,acid,O=[N+]([O-])c1ccc(F)cc1O,7,O=[N+]([O-])c1ccc(F)cc1[O-],7
CCC/C=C(/C)C(=O)O,4.74,acid,CCC/C=C(/C)C(=O)O,8,CCC/C=C(/C)C(=O)[O-],8
O=C(O)COc1ccccc1,3.17,acid,O=C(O)COc1ccccc1,10,O=C([O-])COc1ccccc1,10
O=C(O)c1cc(I)cc(I)c1O,2.3,acid,O=C(O)c1cc(I)cc(I)c1O,8,O=C([O-])c1cc(I)cc(I)c1O,8
Cc1cc([N+](=O)[O-])cc([N+](=O)[O-])c1O,4.31,acid,Cc1cc([N+](=O)[O-])cc([N+](=O)[O-])c1O,7,Cc1cc([N+](=O)[O-])cc([N+](=O)[O-])c1[O-],7
Cc1cc([N+](=O)[O-])c(O)c([N+](=O)[O-])c1,4.23,acid,Cc1cc([N+](=O)[O-])c(O)c([N+](=O)[O-])c1,10,Cc1cc([N+](=O)[O-])c([O-])c([N+](=O)[O-])c1,10
Cc1ccc([N+](=O)[O-])cc1O,8.64,acid,Cc1ccc([N+](=O)[O-])cc1O,7,Cc1ccc([N+](=O)[O-])cc1[O-],7
Cc1ccc(O)c([N+](=O)[O-])c1,7.55,acid,Cc1ccc(O)c([N+](=O)[O-])c1,10,Cc1ccc([O-])c([N+](=O)[O-])c1,10
O=C(O)[C@H](O)[C@@H](O)[C@@H](O)[C@@H](O)CO,3.62,acid,O=C(O)[C@H](O)[C@@H](O)[C@@H](O)[C@@H](O)CO,7,O=C([O-])[C@H](O)[C@@H](O)[C@@H](O)[C@@H](O)CO,7
O=C(O)Cc1ccc(O)c(O)c1,4.25,acid,O=C(O)Cc1ccc(O)c(O)c1,9,O=C([O-])Cc1ccc(O)c(O)c1,9
CNCC(=O)O,2.35,acid,CNCC(=O)O,5,CNCC(=O)[O-],5
C[NH2+]CC(=O)[O-],10.18,base,C[NH2+]CC(=O)[O-],1,CNCC(=O)[O-],1
Cc1c(F)c(F)c(C(=O)O)c(F)c1F,2.0,acid,Cc1c(F)c(F)c(C(=O)O)c(F)c1F,11,Cc1c(F)c(F)c(C(=O)[O-])c(F)c1F,11
O=C(O)CCCC(=O)O,4.34,acid,O=C(O)CCCC(=O)O,4,O=C([O-])CCCC(=O)O,8
O=C([O-])CCCC(=O)O,5.41,acid,O=C([O-])CCCC(=O)O,4,O=C([O-])CCCC(=O)[O-],4
NC(=O)NCC(=O)O,3.89,acid,NC(=O)NCC(=O)O,3,NC(=O)NCC(=O)[O-],3
C[C@H](N)C(=O)O,2.35,acid,C[C@H](N)C(=O)O,4,C[C@H](N)C(=O)[O-],4
C[C@H]([NH3+])C(=O)[O-],10.0,base,C[C@H]([NH3+])C(=O)[O-],5,C[C@H](N)C(=O)[O-],5
O=C(O)CCCCC(=O)O,4.43,acid,O=C(O)CCCCC(=O)O,9,O=C([O-])CCCCC(=O)O,5
O=C([O-])CCCCC(=O)O,5.41,acid,O=C([O-])CCCCC(=O)O,9,O=C([O-])CCCCC(=O)[O-],9
COc1cc(CC(=O)O)ccc1O,4.41,acid,COc1cc(CC(=O)O)ccc1O,12,COc1cc(CC(=O)[O-])ccc1O,12
C[C@H](Oc1ccc(Cl)cc1Cl)C(=O)O,3.1,acid,C[C@H](Oc1ccc(Cl)cc1Cl)C(=O)O,4,C[C@H](Oc1ccc(Cl)cc1Cl)C(=O)[O-],4
CC(C)[C@H](N)C(=O)O,2.29,acid,CC(C)[C@H](N)C(=O)O,6,CC(C)[C@H](N)C(=O)[O-],6
CC(C)[C@H]([NH3+])C(=O)[O-],9.74,base,CC(C)[C@H]([NH3+])C(=O)[O-],7,CC(C)[C@H](N)C(=O)[O-],7
CC(C)(C(=O)O)C(=O)O,3.15,acid,CC(C)(C(=O)O)C(=O)O,5,CC(C)(C(=O)[O-])C(=O)O,8
CC(C)(C(=O)[O-])C(=O)O,6.06,acid,CC(C)(C(=O)[O-])C(=O)O,5,CC(C)(C(=O)[O-])C(=O)[O-],5
O=C(O)COc1ccccc1F,3.08,acid,O=C(O)COc1ccccc1F,10,O=C([O-])COc1ccccc1F,10
O=C(O)COc1cccc(F)c1,3.07,acid,O=C(O)COc1cccc(F)c1,11,O=C([O-])COc1cccc(F)c1,11
O=C(O)COc1ccc(F)cc1,3.56,acid,O=C(O)COc1ccc(F)cc1,10,O=C([O-])COc1ccc(F)cc1,10
Cc1ccc(O)c(C(C)(C)C)c1,11.5,acid,Cc1ccc(O)c(C(C)(C)C)c1,11,Cc1ccc([O-])c(C(C)(C)C)c1,11
O=C(O)COc1ccc(Cl)cc1Cl,2.64,acid,O=C(O)COc1ccc(Cl)cc1Cl,12,O=C([O-])COc1ccc(Cl)cc1Cl,12
COC(=O)[C@H](CC(=O)O)c1ccc([N+](=O)[O-])cc1,4.07,acid,COC(=O)[C@H](CC(=O)O)c1ccc([N+](=O)[O-])cc1,8,COC(=O)[C@H](CC(=O)[O-])c1ccc([N+](=O)[O-])cc1,8
CC(=O)[C@H](N)C(=O)OCc1ccccc1,5.2,base,CC(=O)[C@H]([NH3+])C(=O)OCc1ccccc1,14,CC(=O)[C@H](N)C(=O)OCc1ccccc1,14
C[S@](=O)c1cccc(C(C)(C)C)c1O,9.5,acid,C[S@](=O)c1cccc(C(C)(C)C)c1O,10,C[S@](=O)c1cccc(C(C)(C)C)c1[O-],10
CCCCP(=O)(CCCC)[C@@](C)(O)C(=O)O,2.94,acid,CCCCP(=O)(CCCC)[C@@](C)(O)C(=O)O,14,CCCCP(=O)(CCCC)[C@@](C)(O)C(=O)[O-],14
C[N+](C)(C)c1ccc(CC(=O)[O-])cc1,3.75,acid,C[N+](C)(C)c1ccc(CC(=O)O)cc1,13,C[N+](C)(C)c1ccc(CC(=O)[O-])cc1,13
C[N+](C)(C)CCc1ccccc1[O-],9.57,acid,C[N+](C)(C)CCc1ccccc1O,12,C[N+](C)(C)CCc1ccccc1[O-],12
COC(=O)c1cc(O)c2ccccc2c1,8.75,acid,COC(=O)c1cc(O)c2ccccc2c1,14,COC(=O)c1cc([O-])c2ccccc2c1,14
COc1ccc(C(=O)O)c2ccccc12,4.31,acid,COc1ccc(C(=O)O)c2ccccc12,14,COc1ccc(C(=O)[O-])c2ccccc12,14
C/C(=C\C(=O)O)c1cc(C)cc(C)c1O,4.54,acid,C/C(=C\C(=O)O)c1cc(C)cc(C)c1O,11,C/C(=C\C(=O)[O-])c1cc(C)cc(C)c1O,11
COC(=O)[C@](C)(CC(=O)O)c1ccccc1,4.46,acid,COC(=O)[C@](C)(CC(=O)O)c1ccccc1,5,COC(=O)[C@](C)(CC(=O)[O-])c1ccccc1,5
C[C@@H](CCCC(=O)O)c1ccccc1,4.8,acid,C[C@@H](CCCC(=O)O)c1ccccc1,7,C[C@@H](CCCC(=O)[O-])c1ccccc1,7
Cc1cc(C)c(O)c(C(C)(C)C)c1,12.04,acid,Cc1cc(C)c(O)c(C(C)(C)C)c1,11,Cc1cc(C)c([O-])c(C(C)(C)C)c1,11
CCCc1cccc(CCC)c1O,11.25,acid,CCCc1cccc(CCC)c1O,9,CCCc1cccc(CCC)c1[O-],9
CCc1cc(C(C)C)c(C)cc1O,10.85,acid,CCc1cc(C(C)C)c(C)cc1O,8,CCc1cc(C(C)C)c(C)cc1[O-],8
CCCCCCc1ccccc1O,10.66,acid,CCCCCCc1ccccc1O,12,CCCCCCc1ccccc1[O-],12
CCCCCCCCCCCC(=O)O,5.3,acid,CCCCCCCCCCCC(=O)O,13,CCCCCCCCCCCC(=O)[O-],13
O=[N+]([O-])c1cc(-c2ccccc2)c(O)c([N+](=O)[O-])c1,3.848,acid,O=[N+]([O-])c1cc(-c2ccccc2)c(O)c([N+](=O)[O-])c1,12,O=[N+]([O-])c1cc(-c2ccccc2)c([O-])c([N+](=O)[O-])c1,12
Oc1ccccc1-c1ccc(Br)cc1,10.96,acid,Oc1ccccc1-c1ccc(Br)cc1,13,[O-]c1ccccc1-c1ccc(Br)cc1,13
Oc1ccccc1-c1ccc(I)cc1,10.92,acid,Oc1ccccc1-c1ccc(I)cc1,13,[O-]c1ccccc1-c1ccc(I)cc1,13
O=[N+]([O-])c1ccc(-c2ccccc2O)cc1,10.42,acid,O=[N+]([O-])c1ccc(-c2ccccc2O)cc1,15,O=[N+]([O-])c1ccc(-c2ccccc2[O-])cc1,15
O=[N+]([O-])c1ccc(-c2ccccc2)cc1O,6.74,acid,O=[N+]([O-])c1ccc(-c2ccccc2)cc1O,12,O=[N+]([O-])c1ccc(-c2ccccc2)cc1[O-],12
O=[N+]([O-])c1cc(-c2ccccc2)ccc1O,6.73,acid,O=[N+]([O-])c1cc(-c2ccccc2)ccc1O,15,O=[N+]([O-])c1cc(-c2ccccc2)ccc1[O-],15
Oc1ccccc1/N=N/c1ccccc1O,7.8,acid,Oc1ccccc1/N=N/c1ccccc1O,15,[O-]c1ccccc1/N=N/c1ccccc1O,14
CCc1cc2c(O)ccc(CC)c2s1,9.56,acid,CCc1cc2c(O)ccc(CC)c2s1,13,CCc1cc2c([O-])ccc(CC)c2s1,13
CC(C)(C)c1ccc(SCC(=O)O)cc1,3.758,acid,CC(C)(C)c1ccc(SCC(=O)O)cc1,14,CC(C)(C)c1ccc(SCC(=O)[O-])cc1,14
CC(C)(C)c1ccc([S@@](=O)CC(=O)O)cc1,2.773,acid,CC(C)(C)c1ccc([S@@](=O)CC(=O)O)cc1,15,CC(C)(C)c1ccc([S@@](=O)CC(=O)[O-])cc1,15
O=[N+]([O-])c1cccc([N+](=O)[O-])c1Nc1ccc(Cl)cc1Cl,12.53,acid,O=[N+]([O-])c1cccc([N+](=O)[O-])c1Nc1ccc(Cl)cc1Cl,9,O=[N+]([O-])c1cccc([N+](=O)[O-])c1[N-]c1ccc(Cl)cc1Cl,9
O=[N+]([O-])c1cccc(S(=O)(=O)Nc2ccccc2)c1,7.5,acid,O=[N+]([O-])c1cccc(S(=O)(=O)Nc2ccccc2)c1,6,O=[N+]([O-])c1cccc(S(=O)(=O)[N-]c2ccccc2)c1,6
O=[N+]([O-])c1cccc(NS(=O)(=O)c2ccccc2)c1,6.94,acid,O=[N+]([O-])c1cccc(NS(=O)(=O)c2ccccc2)c1,9,O=[N+]([O-])c1cccc([N-]S(=O)(=O)c2ccccc2)c1,9
O=[N+]([O-])c1ccc(NS(=O)(=O)c2ccccc2)cc1,6.2,acid,O=[N+]([O-])c1ccc(NS(=O)(=O)c2ccccc2)cc1,9,O=[N+]([O-])c1ccc([N-]S(=O)(=O)c2ccccc2)cc1,9
C[N+](C)(C)CCCc1ccccc1[O-],9.78,acid,C[N+](C)(C)CCCc1ccccc1O,13,C[N+](C)(C)CCCc1ccccc1[O-],13
C[N+](C)(C)CCCc1cccc([O-])c1,9.64,acid,C[N+](C)(C)CCCc1cccc(O)c1,13,C[N+](C)(C)CCCc1cccc([O-])c1,13
COc1ccc(-c2ccccc2O)cc1,11.38,acid,COc1ccc(-c2ccccc2O)cc1,14,COc1ccc(-c2ccccc2[O-])cc1,14
Oc1ccccc1Cc1ccccc1O,7.5,acid,Oc1ccccc1Cc1ccccc1O,14,[O-]c1ccccc1Cc1ccccc1O,13
Oc1ccc(Cc2ccc(O)cc2)cc1,7.55,acid,Oc1ccc(Cc2ccc(O)cc2)cc1,14,[O-]c1ccc(Cc2ccc(O)cc2)cc1,13
CCOC(=O)c1cc(O)cc2ccccc12,8.89,acid,CCOC(=O)c1cc(O)cc2ccccc12,15,CCOC(=O)c1cc([O-])cc2ccccc12,15
O=C(O)c1ccc([C@@]23CCC[C@@H]2C3)cc1,4.02,acid,O=C(O)c1ccc([C@@]23CCC[C@@H]2C3)cc1,8,O=C([O-])c1ccc([C@@]23CCC[C@@H]2C3)cc1,8
CCc1ccc(O)c2c(CC)c(C)oc12,9.94,acid,CCc1ccc(O)c2c(CC)c(C)oc12,14,CCc1ccc([O-])c2c(CC)c(C)oc12,14
O=C(O)c1ccc(C2CCCCC2)cc1,4.39,acid,O=C(O)c1ccc(C2CCCCC2)cc1,14,O=C([O-])c1ccc(C2CCCCC2)cc1,14
COC(=O)C[C@](C)(Cc1ccccc1)C(=O)O,4.65,acid,COC(=O)C[C@](C)(Cc1ccccc1)C(=O)O,16,COC(=O)C[C@](C)(Cc1ccccc1)C(=O)[O-],16
CC[C@](CC(=O)OC)(C(=O)O)c1ccccc1,4.18,acid,CC[C@](CC(=O)OC)(C(=O)O)c1ccccc1,16,CC[C@](CC(=O)OC)(C(=O)[O-])c1ccccc1,16
CC[C@@](CC(=O)O)(C(=O)OC)c1ccccc1,4.46,acid,CC[C@@](CC(=O)O)(C(=O)OC)c1ccccc1,6,CC[C@@](CC(=O)[O-])(C(=O)OC)c1ccccc1,6
COC(=O)[C@@H]([C@H](C(=O)O)C(C)(C)C)C(C)(C)C,5.57,acid,COC(=O)[C@@H]([C@H](C(=O)O)C(C)(C)C)C(C)(C)C,16,COC(=O)[C@@H]([C@H](C(=O)[O-])C(C)(C)C)C(C)(C)C,16
O=C(O)c1c(F)c(F)c(-c2c(F)c(F)c(F)c(F)c2F)c(F)c1F,1.42,acid,O=C(O)c1c(F)c(F)c(-c2c(F)c(F)c(F)c(F)c2F)c(F)c1F,10,O=C([O-])c1c(F)c(F)c(-c2c(F)c(F)c(F)c(F)c2F)c(F)c1F,10
O=C(O)c1cc(/N=N/c2ccccc2)ccc1O,2.3,acid,O=C(O)c1cc(/N=N/c2ccccc2)ccc1O,16,O=C([O-])c1cc(/N=N/c2ccccc2)ccc1O,16
O=C(O)c1ccccc1/N=N/c1ccc(O)c(O)c1,3.12,acid,O=C(O)c1ccccc1/N=N/c1ccc(O)c(O)c1,8,O=C([O-])c1ccccc1/N=N/c1ccc(O)c(O)c1,8
CC[C@@](CC(=O)OC)(Cc1ccc([N+](=O)[O-])cc1)C(=O)O,3.7,acid,CC[C@@](CC(=O)OC)(Cc1ccc([N+](=O)[O-])cc1)C(=O)O,20,CC[C@@](CC(=O)OC)(Cc1ccc([N+](=O)[O-])cc1)C(=O)[O-],20
COC(=O)C[C@](C)(Cc1ccc([N+](=O)[O-])cc1)C(=O)O,4.4,acid,COC(=O)C[C@](C)(Cc1ccc([N+](=O)[O-])cc1)C(=O)O,19,COC(=O)C[C@](C)(Cc1ccc([N+](=O)[O-])cc1)C(=O)[O-],19
CC[C@@](CC(=O)O)(C(=O)OC)c1ccc([N+](=O)[O-])cc1,4.29,acid,CC[C@@](CC(=O)O)(C(=O)OC)c1ccc([N+](=O)[O-])cc1,6,CC[C@@](CC(=O)[O-])(C(=O)OC)c1ccc([N+](=O)[O-])cc1,6
O=C(O)c1cc(/N=N/c2ccc(Cl)cc2)ccc1O,2.5,acid,O=C(O)c1cc(/N=N/c2ccc(Cl)cc2)ccc1O,16,O=C([O-])c1cc(/N=N/c2ccc(Cl)cc2)ccc1O,16
O=C1c2ccccc2C(=O)c2c(O)ccc(O)c21,9.9,acid,O=C1c2ccccc2C(=O)c2c(O)ccc(O)c21,17,O=C1c2ccccc2C(=O)c2c(O)ccc([O-])c21,16
O=C1c2cccc(O)c2C(=O)c2cccc(O)c21,9.49,acid,O=C1c2cccc(O)c2C(=O)c2cccc(O)c21,6,O=C1c2cccc(O)c2C(=O)c2cccc([O-])c21,17
O=C1c2cccc(O)c2C(=O)c2c(O)cccc21,8.3,acid,O=C1c2cccc(O)c2C(=O)c2c(O)cccc21,6,O=C1c2cccc([O-])c2C(=O)c2c(O)cccc21,15
O=C1c2ccc(O)cc2C(=O)c2ccc(O)cc21,6.22,acid,O=C1c2ccc(O)cc2C(=O)c2ccc(O)cc21,6,O=C1c2ccc(O)cc2C(=O)c2ccc([O-])cc21,17
O=C(O)c1ccccc1C(=O)c1ccccc1,3.536,acid,O=C(O)c1ccccc1C(=O)c1ccccc1,16,O=C([O-])c1ccccc1C(=O)c1ccccc1,16
CC(=O)c1cccc(-c2ccccc2O)c1,10.91,acid,CC(=O)c1cccc(-c2ccccc2O)c1,15,CC(=O)c1cccc(-c2ccccc2[O-])c1,15
CCOc1ccc(-c2ccccc2O)cc1,11.39,acid,CCOc1ccc(-c2ccccc2O)cc1,15,CCOc1ccc(-c2ccccc2[O-])cc1,15
O=C(O)c1ccc([C@@]23CCCC[C@@H]2C3)cc1,4.16,acid,O=C(O)c1ccc([C@@]23CCCC[C@@H]2C3)cc1,8,O=C([O-])c1ccc([C@@]23CCCC[C@@H]2C3)cc1,8
CC(C)(C)c1cc(O)cc(C(C)(C)C)c1,10.29,acid,CC(C)(C)c1cc(O)cc(C(C)(C)C)c1,10,CC(C)(C)c1cc([O-])cc(C(C)(C)C)c1,10
Cc1ccccc1/N=N/c1ccc(O)c(C(=O)O)c1,2.12,acid,Cc1ccccc1/N=N/c1ccc(O)c(C(=O)O)c1,17,Cc1ccccc1/N=N/c1ccc(O)c(C(=O)[O-])c1,17
O=C(O)CP(=O)(c1ccccc1)c1ccccc1,3.62,acid,O=C(O)CP(=O)(c1ccccc1)c1ccccc1,11,O=C([O-])CP(=O)(c1ccccc1)c1ccccc1,11
Cc1ccc(OP(=O)(O)Oc2ccc(C)cc2)cc1,0.4,acid,Cc1ccc(OP(=O)(O)Oc2ccc(C)cc2)cc1,10,Cc1ccc(OP(=O)([O-])Oc2ccc(C)cc2)cc1,10
O=C(c1cccc(C(F)(F)F)c1)N(O)c1ccccc1,8.15,acid,O=C(c1cccc(C(F)(F)F)c1)N(O)c1ccccc1,19,O=C(c1cccc(C(F)(F)F)c1)N([O-])c1ccccc1,19
Cc1ccc(C(=O)c2ccccc2C(=O)O)cc1,3.644,acid,Cc1ccc(C(=O)c2ccccc2C(=O)O)cc1,17,Cc1ccc(C(=O)c2ccccc2C(=O)[O-])cc1,17
CC(C)(C)c1cc(C=O)cc(C(C)(C)C)c1O,8.05,acid,CC(C)(C)c1cc(C=O)cc(C(C)(C)C)c1O,10,CC(C)(C)c1cc(C=O)cc(C(C)(C)C)c1[O-],10
Cc1cc(C(C)(C)C)c(O)c(C(C)(C)C)c1,12.23,acid,Cc1cc(C(C)(C)C)c(O)c(C(C)(C)C)c1,11,Cc1cc(C(C)(C)C)c([O-])c(C(C)(C)C)c1,11
CCCc1cc(CCC)c(O)c(CCC)c1,11.59,acid,CCCc1cc(CCC)c(O)c(CCC)c1,12,CCCc1cc(CCC)c([O-])c(CCC)c1,12
Oc1ccc(/N=N/c2ccccn2)c2ccccc12,9.1,acid,Oc1ccc(/N=N/c2ccccn2)c2ccccc12,10,[O-]c1ccc(/N=N/c2ccccn2)c2ccccc12,10
Cc1ccccc1N(O)C(=O)Cc1ccccc1,8.46,acid,Cc1ccccc1N(O)C(=O)Cc1ccccc1,17,Cc1ccccc1N([O-])C(=O)Cc1ccccc1,17
COc1ccc(C(=O)N(O)c2ccccc2C)cc1,8.44,acid,COc1ccc(C(=O)N(O)c2ccccc2C)cc1,18,COc1ccc(C(=O)N([O-])c2ccccc2C)cc1,18
CCCC[C@@H](CC)COP(=O)(O)OC[C@H](CC)CCCC,2.85,acid,CCCC[C@@H](CC)COP(=O)(O)OC[C@H](CC)CCCC,11,CCCC[C@@H](CC)COP(=O)([O-])OC[C@H](CC)CCCC,11
CCOC(=O)c1cc(C(C)(C)C)c(O)c(C(C)(C)C)c1,9.5,acid,CCOC(=O)c1cc(C(C)(C)C)c(O)c(C(C)(C)C)c1,15,CCOC(=O)c1cc(C(C)(C)C)c([O-])c(C(C)(C)C)c1,15
CCN(CC)C(=O)[C@@H]1CCCN(Cc2ccc([N+](=O)[O-])cc2)C1,6.9,base,CCN(CC)C(=O)[C@@H]1CCC[N@H+](Cc2ccc([N+](=O)[O-])cc2)C1,11,CCN(CC)C(=O)[C@@H]1CCCN(Cc2ccc([N+](=O)[O-])cc2)C1,11
CN,10.66,base,C[NH3+],1,CN,1
CCO[Si](C)(C)CN,10.18,base,CCO[Si](C)(C)C[NH3+],7,CCO[Si](C)(C)CN,7
CCO[Si](CN)(OCC)OCC,8.34,base,CCO[Si](C[NH3+])(OCC)OCC,5,CCO[Si](CN)(OCC)OCC,5
C[Si](C)(C)CN,10.96,base,C[Si](C)(C)C[NH3+],5,C[Si](C)(C)CN,5
CN(C)Cl,0.46,base,C[NH+](C)Cl,1,CN(C)Cl,1
CN(C)C,9.8,base,C[NH+](C)C,1,CN(C)C,1
CNC,10.73,base,C[NH2+]C,1,CNC,1
CCN(CC)CCC(C)=O,9.04,base,CC[NH+](CC)CCC(C)=O,2,CCN(CC)CCC(C)=O,2
CC(=O)CCN(C)C,8.4,base,CC(=O)CC[NH+](C)C,5,CC(=O)CCN(C)C,5
CCN,10.7,base,CC[NH3+],2,CCN,2
NCCBr,8.49,base,[NH3+]CCBr,3,NCCBr,3
NCCO,9.51,base,[NH3+]CCO,3,NCCO,3
CSCCN,9.49,base,CSCC[NH3+],4,CSCCN,4
C[Si](C)(C)CCN,10.97,base,C[Si](C)(C)CC[NH3+],6,C[Si](C)(C)CCN,6
CCN(CC)CCC(=O)Cc1ccccc1,9.4,base,CC[NH+](CC)CCC(=O)Cc1ccccc1,2,CCN(CC)CCC(=O)Cc1ccccc1,2
CN(C)CCC(=O)Cc1ccccc1,8.3,base,C[NH+](C)CCC(=O)Cc1ccccc1,1,CN(C)CCC(=O)Cc1ccccc1,1
CCN(CCCl)CCCl,6.55,base,CC[NH+](CCCl)CCCl,2,CCN(CCCl)CCCl,2
CCN(CC)CCN(CC)CC,9.55,base,CCN(CC)CC[NH+](CC)CC,2,CCN(CC)CCN(CC)CC,2
CC[NH+](CC)CC[NH+](CC)CC,6.18,base,CC[NH+](CC)CC[NH+](CC)CC,2,CCN(CC)CC[NH+](CC)CC,7
CC(=O)OCCN,9.1,base,CC(=O)OCC[NH3+],6,CC(=O)OCCN,6
CN(C)CCN(C)C,9.1,base,CN(C)CC[NH+](C)C,1,CN(C)CCN(C)C,1
C[NH+](C)CC[NH+](C)C,5.7,base,C[NH+](C)CC[NH+](C)C,1,CN(C)CC[NH+](C)C,5
CN(C)CCO[C@@H](c1ccccc1)c1ccc(Br)cc1,8.64,base,C[NH+](C)CCO[C@@H](c1ccccc1)c1ccc(Br)cc1,1,CN(C)CCO[C@@H](c1ccccc1)c1ccc(Br)cc1,1
ClCCN(CCCl)CCCl,4.37,base,ClCC[NH+](CCCl)CCCl,3,ClCCN(CCCl)CCCl,3
CCN(CC)CCCl,8.8,base,CC[NH+](CC)CCCl,2,CCN(CC)CCCl,2
CN(CCO)CCCl,7.48,base,C[N@@H+](CCO)CCCl,1,CN(CCO)CCCl,1
CCNCCC(=O)C(c1ccccc1)c1ccccc1,9.55,base,CC[NH2+]CCC(=O)C(c1ccccc1)c1ccccc1,2,CCNCCC(=O)C(c1ccccc1)c1ccccc1,2
CCN(C)C,10.2,base,CC[NH+](C)C,2,CCN(C)C,2
CN(C)CCO,9.0,base,C[NH+](C)CCO,1,CN(C)CCO,1
CCNCC,10.98,base,CC[NH2+]CC,2,CCNCC,2
OCCN(CCO)CCO,7.762,base,OCC[NH+](CCO)CCO,3,OCCN(CCO)CCO,3
OCCNCCO,8.883,base,OCC[NH2+]CCO,3,OCCNCCO,3
CN(CCO)CCO,8.52,base,C[NH+](CCO)CCO,1,CN(CCO)CCO,1
O=C(O)c1ccc(Br)cc1,3.97,acid,O=C(O)c1ccc(Br)cc1,8,O=C([O-])c1ccc(Br)cc1,8
CCCN,10.69,base,CCC[NH3+],3,CCCN,3
CC(C)N,10.63,base,CC(C)[NH3+],3,CC(C)N,3
NCCCBr,8.93,base,[NH3+]CCCBr,2,NCCCBr,2
CC(N)(CO)CO,8.801,base,CC([NH3+])(CO)CO,6,CC(N)(CO)CO,6
CC(C)(C)CN,10.15,base,CC(C)(C)C[NH3+],5,CC(C)(C)CN,5
NCCCO,9.96,base,[NH3+]CCCO,2,NCCCO,2
N#Cc1ccccc1C(=O)O,3.14,acid,N#Cc1ccccc1C(=O)O,10,N#Cc1ccccc1C(=O)[O-],10
C[C@H](N)CO,9.43,base,C[C@H]([NH3+])CO,4,C[C@H](N)CO,4
NCCC(Cl)(Cl)Cl,9.65,base,[NH3+]CCC(Cl)(Cl)Cl,2,NCCC(Cl)(Cl)Cl,2
N#Cc1cccc(C(=O)O)c1,3.598,acid,N#Cc1cccc(C(=O)O)c1,8,N#Cc1cccc(C(=O)[O-])c1,8
CCCN(CCCl)CCCl,6.68,base,CCC[NH+](CCCl)CCCl,3,CCCN(CCCl)CCCl,3
CCN(CC)CCCN(CC)CC,10.18,base,CCN(CC)CCC[NH+](CC)CC,2,CCN(CC)CCCN(CC)CC,2
CC[NH+](CC)CCC[NH+](CC)CC,8.2,base,CC[NH+](CC)CCC[NH+](CC)CC,2,CCN(CC)CCC[NH+](CC)CC,8
C[C@@H](O)CN(C[C@@H](C)O)C(C)(C)C,9.4,base,C[C@@H](O)C[NH+](C[C@@H](C)O)C(C)(C)C,3,C[C@@H](O)CN(C[C@@H](C)O)C(C)(C)C,3
C[C@H](CCC(C(=O)O)(c1ccccc1)c1ccccc1)N(C)C,10.88,base,C[C@H](CCC(C(=O)O)(c1ccccc1)c1ccccc1)[NH+](C)C,20,C[C@H](CCC(C(=O)O)(c1ccccc1)c1ccccc1)N(C)C,20
C[C@H](CCC(C(=O)[O-])(c1ccccc1)c1ccccc1)[NH+](C)C,10.88,base,C[C@H](CCC(C(=O)[O-])(c1ccccc1)c1ccccc1)[NH+](C)C,20,C[C@H](CCC(C(=O)[O-])(c1ccccc1)c1ccccc1)N(C)C,20
CCN(CC)CCC(C#N)(c1ccccc1)c1ccccc1,9.08,base,CC[NH+](CC)CCC(C#N)(c1ccccc1)c1ccccc1,2,CCN(CC)CCC(C#N)(c1ccccc1)c1ccccc1,2
O=C(O)c1cc(O)c(O)c(O)c1,4.21,acid,O=C(O)c1cc(O)c(O)c(O)c1,11,O=C([O-])c1cc(O)c(O)c(O)c1,11
CC(C)(CN)CN,10.22,base,CC(C)(CN)C[NH3+],4,CC(C)(CN)CN,4
CC(C)(C[NH3+])C[NH3+],8.18,base,CC(C)(C[NH3+])C[NH3+],4,CC(C)(CN)C[NH3+],6
CC(C)CN(CC(C)C)CC(C)C,10.32,base,CC(C)C[NH+](CC(C)C)CC(C)C,4,CC(C)CN(CC(C)C)CC(C)C,4
O=C(O)c1ccc([N+](=O)[O-])cc1,3.42,acid,O=C(O)c1ccc([N+](=O)[O-])cc1,8,O=C([O-])c1ccc([N+](=O)[O-])cc1,8
CCCN(C)C,10.2,base,CCC[NH+](C)C,3,CCCN(C)C,3
CC(C)N(C)C,10.47,base,CC(C)[NH+](C)C,3,CC(C)N(C)C,3
CN(C)CCC(c1ccccc1)c1ccccc1,9.35,base,C[NH+](C)CCC(c1ccccc1)c1ccccc1,1,CN(C)CCC(c1ccccc1)c1ccccc1,1
CCOC(=O)C(CCN(C)C)(c1ccccc1)c1ccccc1,9.87,base,CCOC(=O)C(CC[NH+](C)C)(c1ccccc1)c1ccccc1,8,CCOC(=O)C(CCN(C)C)(c1ccccc1)c1ccccc1,8
CCOC(=O)C(C[C@H](C)N(C)C)(c1ccccc1)c1ccccc1,10.12,base,CCOC(=O)C(C[C@H](C)[NH+](C)C)(c1ccccc1)c1ccccc1,9,CCOC(=O)C(C[C@H](C)N(C)C)(c1ccccc1)c1ccccc1,9
CCC(=O)C(CCN(C)C)(c1ccccc1)c1ccccc1,9.18,base,CCC(=O)C(CC[NH+](C)C)(c1ccccc1)c1ccccc1,7,CCC(=O)C(CCN(C)C)(c1ccccc1)c1ccccc1,7
CCCN(CCC)CCC,10.26,base,CCC[NH+](CCC)CCC,3,CCCN(CCC)CCC,3
C[C@@H](O)CNCCO,9.4,base,C[C@@H](O)C[NH2+]CCO,3,C[C@@H](O)CNCCO,3
CC(C)NC[C@@H](C)O,10.0,base,CC(C)[NH2+]C[C@@H](C)O,3,CC(C)NC[C@@H](C)O,3
CC(C)NC(C)C,10.96,base,CC(C)[NH2+]C(C)C,3,CC(C)NC(C)C,3
CCCNCCC,11.0,base,CCC[NH2+]CCC,3,CCCNCCC,3
C=CCNCC=C,9.29,base,C=CC[NH2+]CC=C,3,C=CCNCC=C,3
C=CCN(C)CC=C,8.79,base,C=CC[NH+](C)CC=C,1,C=CCN(C)CC=C,1
C=CCNC,10.11,base,C=CC[NH2+]C,1,C=CCNC,1
C#CCN,8.15,base,C#CC[NH3+],3,C#CCN,3
CC(=O)CCCCN(C)C,9.6,base,CC(=O)CCCC[NH+](C)C,7,CC(=O)CCCCN(C)C,7
CC[C@@H](C)N,10.56,base,CC[C@@H](C)[NH3+],4,CC[C@@H](C)N,4
CC[C@H](C)CN,10.64,base,CC[C@H](C)C[NH3+],5,CC[C@H](C)CN,5
CC(C)CCN,10.6,base,CC(C)CC[NH3+],5,CC(C)CCN,5
O=C(O)c1c([N+](=O)[O-])cccc1[N+](=O)[O-],1.14,acid,O=C(O)c1c([N+](=O)[O-])cccc1[N+](=O)[O-],11,O=C([O-])c1c([N+](=O)[O-])cccc1[N+](=O)[O-],11
CCC(C)(C)N,10.72,base,CCC(C)(C)[NH3+],5,CCC(C)(C)N,5
CCCCN(CCCl)CCCl,6.61,base,CCCC[NH+](CCCl)CCCl,4,CCCCN(CCCl)CCCl,4
CCCCN(C[C@@H](C)O)C[C@@H](C)O,9.3,base,CCCC[NH+](C[C@@H](C)O)C[C@@H](C)O,4,CCCCN(C[C@@H](C)O)C[C@@H](C)O,4
CCCCNCCCC,11.25,base,CCCC[NH2+]CCCC,4,CCCCNCCCC,4
CCN(CC)CCCCC#N,10.08,base,CC[NH+](CC)CCCCC#N,2,CCN(CC)CCCCC#N,2
O=C(O)c1ccc([N+](=O)[O-])c([N+](=O)[O-])c1,2.82,acid,O=C(O)c1ccc([N+](=O)[O-])c([N+](=O)[O-])c1,8,O=C([O-])c1ccc([N+](=O)[O-])c([N+](=O)[O-])c1,8
CCCCN(C)C,10.2,base,CCCC[NH+](C)C,4,CCCCN(C)C,4
CCC[C@@H](C)N(C)C,10.57,base,CCC[C@@H](C)[NH+](C)C,5,CCC[C@@H](C)N(C)C,5
CC(C)CCNCCC(C)C,10.94,base,CC(C)CC[NH2+]CCC(C)C,5,CC(C)CCNCCC(C)C,5
O=C(O)c1cc([N+](=O)[O-])cc([N+](=O)[O-])c1,2.82,acid,O=C(O)c1cc([N+](=O)[O-])cc([N+](=O)[O-])c1,14,O=C([O-])c1cc([N+](=O)[O-])cc([N+](=O)[O-])c1,14
C[C@@H](C=C(c1cccs1)c1cccs1)N(C)C,8.9,base,C[C@@H](C=C(c1cccs1)c1cccs1)[NH+](C)C,14,C[C@@H](C=C(c1cccs1)c1cccs1)N(C)C,14
NCCC=C(Cl)Cl,10.12,base,[NH3+]CCC=C(Cl)Cl,2,NCCC=C(Cl)Cl,2
CCCCCN,10.63,base,CCCCC[NH3+],5,CCCCCN,5
NCCCCCBr,9.62,base,[NH3+]CCCCCBr,3,NCCCCCBr,3
Cc1c([N+](=O)[O-])cc(C(=O)O)cc1[N+](=O)[O-],2.97,acid,Cc1c([N+](=O)[O-])cc(C(=O)O)cc1[N+](=O)[O-],12,Cc1c([N+](=O)[O-])cc(C(=O)[O-])cc1[N+](=O)[O-],12
NCCCCCO,10.46,base,[NH3+]CCCCCO,3,NCCCCCO,3
CCC(C)(N)CC,10.63,base,CCC(C)([NH3+])CC,6,CCC(C)(N)CC,6
NCCCCC(Cl)(Cl)Cl,10.12,base,[NH3+]CCCCC(Cl)(Cl)Cl,3,NCCCCC(Cl)(Cl)Cl,3
CCCCCNCCCCC,11.16,base,CCCCC[NH2+]CCCCC,5,CCCCCNCCCCC,5
CCCCCN(C[C@@H](C)O)C[C@@H](C)O,9.0,base,CCCCC[NH+](C[C@@H](C)O)C[C@@H](C)O,5,CCCCCN(C[C@@H](C)O)C[C@@H](C)O,5
O=C(O)c1c([N+](=O)[O-])cc([N+](=O)[O-])cc1[N+](=O)[O-],0.65,acid,O=C(O)c1c([N+](=O)[O-])cc([N+](=O)[O-])cc1[N+](=O)[O-],11,O=C([O-])c1c([N+](=O)[O-])cc([N+](=O)[O-])cc1[N+](=O)[O-],11
CCN(CC)CCCCCC#N,10.46,base,CC[NH+](CC)CCCCCC#N,2,CCN(CC)CCCCCC#N,2
CC(C)C(C(C)C)N(C)C,9.96,base,CC(C)C(C(C)C)[NH+](C)C,7,CC(C)C(C(C)C)N(C)C,7
CCCCCCN,10.64,base,CCCCCC[NH3+],6,CCCCCCN,6
NCCCCCCBr,10.6,base,[NH3+]CCCCCCBr,7,NCCCCCCBr,7
C/C(=N\O)C(C)(C)CCCN,9.14,base,C/C(=N\O)C(C)(C)CCC[NH3+],10,C/C(=N\O)C(C)(C)CCCN,10
CCCCCCN(C[C@@H](C)O)C[C@@H](C)O,8.5,base,CCCCCC[NH+](C[C@@H](C)O)C[C@@H](C)O,6,CCCCCCN(C[C@@H](C)O)C[C@@H](C)O,6
CCCCCCNCCCCCC,11.01,base,CCCCCC[NH2+]CCCCCC,6,CCCCCCNCCCCCC,6
CCCCC[C@@H](C)N,10.67,base,CCCCC[C@@H](C)[NH3+],7,CCCCC[C@@H](C)N,7
CCCCCC(C)(C)N,10.56,base,CCCCCC(C)(C)[NH3+],8,CCCCCC(C)(C)N,8
CC(C)CCC[C@H](C)N,10.28,base,CC(C)CCC[C@H](C)[NH3+],8,CC(C)CCC[C@H](C)N,8
CCCC[C@@H](CC)CON(C[C@@H](C)O)C[C@@H](C)O,7.7,base,CCCC[C@@H](CC)CO[NH+](C[C@@H](C)O)C[C@@H](C)O,9,CCCC[C@@H](CC)CON(C[C@@H](C)O)C[C@@H](C)O,9
CCCCC[C@@H](C)NC,10.82,base,CCCCC[C@@H](C)[NH2+]C,7,CCCCC[C@@H](C)NC,7
CCCCCCCCN,10.65,base,CCCCCCCC[NH3+],8,CCCCCCCCN,8
CCCCCC[C@@H](C)N,10.49,base,CCCCCC[C@@H](C)[NH3+],8,CCCCCC[C@@H](C)N,8
C/C(=N\O)C(C)(C)CCCCCN,9.12,base,C/C(=N\O)C(C)(C)CCCCC[NH3+],12,C/C(=N\O)C(C)(C)CCCCCN,12
CCCCC[C@H](O)C(C)(C)N,9.85,base,CCCCC[C@H](O)C(C)(C)[NH3+],9,CCCCC[C@H](O)C(C)(C)N,9
CCCCCCCCN(C[C@@H](C)O)C[C@@H](C)O,8.3,base,CCCCCCCC[NH+](C[C@@H](C)O)C[C@@H](C)O,8,CCCCCCCCN(C[C@@H](C)O)C[C@@H](C)O,8
CCCCCCCCNCCCCCCCC,11.01,base,CCCCCCCC[NH2+]CCCCCCCC,8,CCCCCCCCNCCCCCCCC,8
CCCCCCCCCN,10.64,base,CCCCCCCCC[NH3+],9,CCCCCCCCCN,9
CCCCCCCCCCN,10.64,base,CCCCCCCCCC[NH3+],10,CCCCCCCCCCN,10
CCCCCCCCCCCN,10.63,base,CCCCCCCCCCC[NH3+],11,CCCCCCCCCCCN,11
CCCCCCCCCCCCN,10.63,base,CCCCCCCCCCCC[NH3+],12,CCCCCCCCCCCCN,12
NC1CCCCC1,10.68,base,[NH3+]C1CCCCC1,6,NC1CCCCC1,6
N[C@H]1CCCC[C@@H]1Cl,9.49,base,[NH3+][C@H]1CCCC[C@@H]1Cl,6,N[C@H]1CCCC[C@@H]1Cl,6
N[C@@H]1CCCC[C@H]1O,9.53,base,[NH3+][C@@H]1CCCC[C@H]1O,6,N[C@@H]1CCCC[C@H]1O,6
C[C@H]1CCC[C@@H](O)[C@@H]1N,9.39,base,C[C@H]1CCC[C@@H](O)[C@@H]1[NH3+],7,C[C@H]1CCC[C@@H](O)[C@@H]1N,7
CC1CCC(N)CC1,10.48,base,CC1CCC([NH3+])CC1,7,CC1CCC(N)CC1,7
CCCOc1ccc(C(=O)O)cc1,4.78,acid,CCCOc1ccc(C(=O)O)cc1,12,CCCOc1ccc(C(=O)[O-])cc1,12
C[C@@H](N)CC1CCCCC1,10.14,base,C[C@@H]([NH3+])CC1CCCCC1,9,C[C@@H](N)CC1CCCCC1,9
CN[C@H]1CCCC[C@@H]1Cl,9.85,base,C[NH2+][C@H]1CCCC[C@@H]1Cl,1,CN[C@H]1CCCC[C@@H]1Cl,1
c1ccc(C(NCC2CCCCC2)c2ccccc2)cc1,6.95,base,c1ccc(C([NH2+]CC2CCCCC2)c2ccccc2)cc1,13,c1ccc(C(NCC2CCCCC2)c2ccccc2)cc1,13
CN(C)[C@@H]1CCCC[C@H]1O,10.32,base,C[NH+](C)[C@@H]1CCCC[C@H]1O,1,CN(C)[C@@H]1CCCC[C@H]1O,1
CN[C@H](C)CC1CCCCC1,10.52,base,C[NH2+][C@H](C)CC1CCCCC1,9,CN[C@H](C)CC1CCCCC1,9
CC[C@H](C)CNC1CCCCC1,11.09,base,CC[C@H](C)C[NH2+]C1CCCCC1,5,CC[C@H](C)CNC1CCCCC1,5
C[Si](C)(C)CNC1CCCCC1,10.96,base,C[Si](C)(C)C[NH2+]C1CCCCC1,5,C[Si](C)(C)CNC1CCCCC1,5
N[C@@H]1C=CCCC1,10.42,base,[NH3+][C@@H]1C=CCCC1,6,N[C@@H]1C=CCCC1,6
CC1=CCCC[C@@H]1N,10.37,base,CC1=CCCC[C@@H]1[NH3+],7,CC1=CCCC[C@@H]1N,7
CC(C)Oc1cccc(C(=O)O)c1,4.15,acid,CC(C)Oc1cccc(C(=O)O)c1,12,CC(C)Oc1cccc(C(=O)[O-])c1,12
CC(C)Oc1ccc(C(=O)O)cc1,4.68,acid,CC(C)Oc1ccc(C(=O)O)cc1,12,CC(C)Oc1ccc(C(=O)[O-])cc1,12
CC(C)(C)Nc1ccc(Br)cc1,5.93,base,CC(C)(C)[NH2+]c1ccc(Br)cc1,4,CC(C)(C)Nc1ccc(Br)cc1,4
CN(C)c1ccccc1Br,4.31,base,C[NH+](C)c1ccccc1Br,1,CN(C)c1ccccc1Br,1
O=C(O)c1ccccc1Oc1ccccc1,3.53,acid,O=C(O)c1ccccc1Oc1ccccc1,15,O=C([O-])c1ccccc1Oc1ccccc1,15
CC(C)(C)c1cccc(N)c1,4.66,base,CC(C)(C)c1cccc([NH3+])c1,10,CC(C)(C)c1cccc(N)c1,10
O=C(O)c1ccc(Oc2ccccc2)cc1,4.52,acid,O=C(O)c1ccc(Oc2ccccc2)cc1,15,O=C([O-])c1ccc(Oc2ccccc2)cc1,15
CNc1ccc(Cl)cc1,3.9,base,C[NH2+]c1ccc(Cl)cc1,1,CNc1ccc(Cl)cc1,1
Nc1ccc(Cl)c([N+](=O)[O-])c1,1.9,base,[NH3+]c1ccc(Cl)c([N+](=O)[O-])c1,6,Nc1ccc(Cl)c([N+](=O)[O-])c1,6
N#Cc1ccccc1N,0.95,base,N#Cc1ccccc1[NH3+],8,N#Cc1ccccc1N,8
N#Cc1ccc(N)cc1,1.739,base,N#Cc1ccc([NH3+])cc1,8,N#Cc1ccc(N)cc1,8
O=C(O)c1cccc(Cl)c1CO,3.27,acid,O=C(O)c1cccc(Cl)c1CO,11,O=C([O-])c1cccc(Cl)c1CO,11
O=C(O)c1c(Cl)cccc1CO,2.26,acid,O=C(O)c1c(Cl)cccc1CO,9,O=C([O-])c1c(Cl)cccc1CO,9
Nc1c(Br)cccc1Br,0.35,base,[NH3+]c1c(Br)cccc1Br,7,Nc1c(Br)cccc1Br,7
COc1c(Br)cc(N)cc1Br,2.98,base,COc1c(Br)cc([NH3+])cc1Br,9,COc1c(Br)cc(N)cc1Br,9
Cc1cc(Br)c(N)c(Br)c1,0.69,base,Cc1cc(Br)c([NH3+])c(Br)c1,8,Cc1cc(Br)c(N)c(Br)c1,8
O=C(O)c1cccc([N+](=O)[O-])c1Cl,2.02,acid,O=C(O)c1cccc([N+](=O)[O-])c1Cl,12,O=C([O-])c1cccc([N+](=O)[O-])c1Cl,12
CC(C)(C)c1cc(N)cc(C(C)(C)C)c1[N+](=O)[O-],2.93,base,CC(C)(C)c1cc([NH3+])cc(C(C)(C)C)c1[N+](=O)[O-],17,CC(C)(C)c1cc(N)cc(C(C)(C)C)c1[N+](=O)[O-],17
Nc1cc(Cl)ccc1Cl,1.57,base,[NH3+]c1cc(Cl)ccc1Cl,7,Nc1cc(Cl)ccc1Cl,7
CCN(CC)c1ccc([N+](=O)[O-])cc1[N+](=O)[O-],0.18,base,CC[NH+](CC)c1ccc([N+](=O)[O-])cc1[N+](=O)[O-],2,CCN(CC)c1ccc([N+](=O)[O-])cc1[N+](=O)[O-],2
O=C(O)c1cc([N+](=O)[O-])ccc1Cl,2.17,acid,O=C(O)c1cc([N+](=O)[O-])ccc1Cl,11,O=C([O-])c1cc([N+](=O)[O-])ccc1Cl,11
O=C(O)c1c(Cl)cccc1[N+](=O)[O-],1.34,acid,O=C(O)c1c(Cl)cccc1[N+](=O)[O-],9,O=C([O-])c1c(Cl)cccc1[N+](=O)[O-],9
CN(C)c1cccc([N+](=O)[O-])c1,2.626,base,C[NH+](C)c1cccc([N+](=O)[O-])c1,1,CN(C)c1cccc([N+](=O)[O-])c1,1
CN(C)c1ccc([N+](=O)[O-])cc1,0.607,base,C[NH+](C)c1ccc([N+](=O)[O-])cc1,1,CN(C)c1ccc([N+](=O)[O-])cc1,1
Cc1cc([N+](=O)[O-])cc(C)c1N,0.98,base,Cc1cc([N+](=O)[O-])cc(C)c1[NH3+],7,Cc1cc([N+](=O)[O-])cc(C)c1N,7
Cc1cc(N)cc(C)c1[N+](=O)[O-],2.59,base,Cc1cc([NH3+])cc(C)c1[N+](=O)[O-],11,Cc1cc(N)cc(C)c1[N+](=O)[O-],11
O=C(O)c1c(Br)cccc1CO,2.25,acid,O=C(O)c1c(Br)cccc1CO,9,O=C([O-])c1c(Br)cccc1CO,9
CN(C)c1cccc(C(F)(F)F)c1,3.27,base,C[NH+](C)c1cccc(C(F)(F)F)c1,1,CN(C)c1cccc(C(F)(F)F)c1,1
CCOC(=O)c1ccccc1N,2.18,base,CCOC(=O)c1ccccc1[NH3+],11,CCOC(=O)c1ccccc1N,11
O=C(O)c1c(Br)cccc1[N+](=O)[O-],1.37,acid,O=C(O)c1c(Br)cccc1[N+](=O)[O-],9,O=C([O-])c1c(Br)cccc1[N+](=O)[O-],9
Nc1ccc(C=O)cc1,1.76,base,[NH3+]c1ccc(C=O)cc1,8,Nc1ccc(C=O)cc1,8
CC(C)C(C)(C)Nc1ccccc1,6.3,base,CC(C)C(C)(C)[NH2+]c1ccccc1,6,CC(C)C(C)(C)Nc1ccccc1,6
COc1cccc(C(=O)O)c1CO,3.58,acid,COc1cccc(C(=O)O)c1CO,12,COc1cccc(C(=O)[O-])c1CO,12
COC(=O)c1ccccc1N,2.23,base,COC(=O)c1ccccc1[NH3+],10,COC(=O)c1ccccc1N,10
COC(=O)c1ccccc1N(C)C,3.78,base,COC(=O)c1ccccc1[NH+](C)C,1,COC(=O)c1ccccc1N(C)C,1
COC(=O)c1cccc(N(C)C)c1,3.86,base,COC(=O)c1cccc([NH+](C)C)c1,1,COC(=O)c1cccc(N(C)C)c1,1
CNc1ccccc1C(=O)OC,3.53,base,C[NH2+]c1ccccc1C(=O)OC,1,CNc1ccccc1C(=O)OC,1
CNc1ccc(C(=O)OC)cc1,2.32,base,C[NH2+]c1ccc(C(=O)OC)cc1,1,CNc1ccc(C(=O)OC)cc1,1
COc1cc(N)cc([N+](=O)[O-])c1,2.11,base,COc1cc([NH3+])cc([N+](=O)[O-])c1,11,COc1cc(N)cc([N+](=O)[O-])c1,11
Cc1ccc(N)cc1[N+](=O)[O-],2.96,base,Cc1ccc([NH3+])cc1[N+](=O)[O-],10,Cc1ccc(N)cc1[N+](=O)[O-],10
CS(=O)(=O)c1cccc(N)c1,2.561,base,CS(=O)(=O)c1cccc([NH3+])c1,10,CS(=O)(=O)c1cccc(N)c1,10
CS(=O)(=O)c1ccc(N)cc1,1.35,base,CS(=O)(=O)c1ccc([NH3+])cc1,10,CS(=O)(=O)c1ccc(N)cc1,10
Nc1cccc([N+](=O)[O-])c1,2.466,base,[NH3+]c1cccc([N+](=O)[O-])c1,9,Nc1cccc([N+](=O)[O-])c1,9
c1ccc(Nc2ccccc2)cc1,0.79,base,c1ccc([NH2+]c2ccccc2)cc1,6,c1ccc(Nc2ccccc2)cc1,6
Nc1cccc(S(N)(=O)=O)c1,2.9,base,NS(=O)(=O)c1cccc([NH3+])c1,10,Nc1cccc(S(N)(=O)=O)c1,10
Cc1c(C)c([N+](=O)[O-])c(C)c(C)c1N,2.36,base,Cc1c(C)c([N+](=O)[O-])c(C)c(C)c1[NH3+],7,Cc1c(C)c([N+](=O)[O-])c(C)c(C)c1N,7
CS(=O)(=O)c1cccc(C(=O)O)c1,3.52,acid,CS(=O)(=O)c1cccc(C(=O)O)c1,12,CS(=O)(=O)c1cccc(C(=O)[O-])c1,12
C[Si](C)(C)c1cccc(N)c1,4.64,base,C[Si](C)(C)c1cccc([NH3+])c1,10,C[Si](C)(C)c1cccc(N)c1,10
C[Si](C)(C)c1ccc(N)cc1,4.36,base,C[Si](C)(C)c1ccc([NH3+])cc1,10,C[Si](C)(C)c1ccc(N)cc1,10
C[N+](C)(C)c1cccc([NH3+])c1,2.22,base,C[N+](C)(C)c1cccc([NH3+])c1,10,C[N+](C)(C)c1cccc(N)c1,10
CS(=O)(=O)c1ccc(C(=O)O)cc1,3.64,acid,CS(=O)(=O)c1ccc(C(=O)O)cc1,12,CS(=O)(=O)c1ccc(C(=O)[O-])cc1,12
C[N+](C)(C)c1ccc([NH3+])cc1,2.44,base,C[N+](C)(C)c1ccc([NH3+])cc1,10,C[N+](C)(C)c1ccc(N)cc1,10
C[NH+](C)c1cccc([N+](C)(C)C)c1,2.6,base,C[NH+](C)c1cccc([N+](C)(C)C)c1,1,CN(C)c1cccc([N+](C)(C)C)c1,1
C[NH+](C)c1ccc([N+](C)(C)C)cc1,2.64,base,C[NH+](C)c1ccc([N+](C)(C)C)cc1,1,CN(C)c1ccc([N+](C)(C)C)cc1,1
Nc1cccc2cc3ccccc3cc12,4.1,base,[NH3+]c1cccc2cc3ccccc3cc12,11,Nc1cccc2cc3ccccc3cc12,11
O=C(O)c1cccc2c1C(=O)c1ccccc1C2=O,3.37,acid,O=C(O)c1cccc2c1C(=O)c1ccccc1C2=O,18,O=C([O-])c1cccc2c1C(=O)c1ccccc1C2=O,18
O=C(O)c1ccc2c(c1)C(=O)c1ccccc1C2=O,3.42,acid,O=C(O)c1ccc2c(c1)C(=O)c1ccccc1C2=O,18,O=C([O-])c1ccc2c(c1)C(=O)c1ccccc1C2=O,18
NCCCCc1ccccc1,10.5,base,[NH3+]CCCCc1ccccc1,10,NCCCCc1ccccc1,10
NCCc1ccc(O)c(O)c1,8.87,base,[NH3+]CCc1ccc(O)c(O)c1,8,NCCc1ccc(O)c(O)c1,8
CC[C@H](N)[C@@H](O)c1ccc(O)c(O)c1,8.42,base,CC[C@H]([NH3+])[C@@H](O)c1ccc(O)c(O)c1,13,CC[C@H](N)[C@@H](O)c1ccc(O)c(O)c1,13
Cc1ccccc1CC(=O)O,4.35,acid,Cc1ccccc1CC(=O)O,10,Cc1ccccc1CC(=O)[O-],10
NC[C@H](O)c1ccc(O)cc1,9.53,base,[NH3+]C[C@H](O)c1ccc(O)cc1,8,NC[C@H](O)c1ccc(O)cc1,8
C[C@@H](N)[C@@H](O)c1ccccc1,9.05,base,C[C@@H]([NH3+])[C@@H](O)c1ccccc1,10,C[C@@H](N)[C@@H](O)c1ccccc1,10
C[C@@H](N)[C@@H](O)c1ccc(O)cc1,8.7,base,C[C@@H]([NH3+])[C@@H](O)c1ccc(O)cc1,11,C[C@@H](N)[C@@H](O)c1ccc(O)cc1,11
CC(C)(N)c1ccccc1,10.27,base,CC(C)([NH3+])c1ccccc1,9,CC(C)(N)c1ccccc1,9
C[Si](C)(CN)c1ccccc1,10.36,base,C[Si](C)(C[NH3+])c1ccccc1,4,C[Si](C)(CN)c1ccccc1,4
CC(C)(CN)c1ccccc1,10.03,base,CC(C)(C[NH3+])c1ccccc1,4,CC(C)(CN)c1ccccc1,4
NC(CCc1ccccc1)CCc1ccccc1,8.8,base,[NH3+]C(CCc1ccccc1)CCc1ccccc1,17,NC(CCc1ccccc1)CCc1ccccc1,17
NC(Cc1ccccc1)Cc1ccccc1,8.0,base,[NH3+]C(Cc1ccccc1)Cc1ccccc1,15,NC(Cc1ccccc1)Cc1ccccc1,15
COc1ccc(C[C@@H](C)N)cc1OC,9.6,base,COc1ccc(C[C@@H](C)[NH3+])cc1OC,13,COc1ccc(C[C@@H](C)N)cc1OC,13
CC(C)c1ccc(CC(=O)O)cc1,4.39,acid,CC(C)c1ccc(CC(=O)O)cc1,12,CC(C)c1ccc(CC(=O)[O-])cc1,12
C[C@@H](N)Cc1ccc(O)cc1,9.7,base,C[C@@H]([NH3+])Cc1ccc(O)cc1,10,C[C@@H](N)Cc1ccc(O)cc1,10
COc1ccc(C[C@@H](C)N)cc1,9.99,base,COc1ccc(C[C@@H](C)[NH3+])cc1,11,COc1ccc(C[C@@H](C)N)cc1,11
c1ccc(CCCNC(CC2CCCCC2)CC2CCCCC2)cc1,7.8,base,c1ccc(CCC[NH2+]C(CC2CCCCC2)CC2CCCCC2)cc1,9,c1ccc(CCCNC(CC2CCCCC2)CC2CCCCC2)cc1,9
CCN(CC)CCOC(=O)c1ccc(Br)cc1,8.12,base,CC[NH+](CC)CCOC(=O)c1ccc(Br)cc1,2,CCN(CC)CCOC(=O)c1ccc(Br)cc1,2
CCN(CC)CCOC(=O)c1ccc(Cl)cc1,8.08,base,CC[NH+](CC)CCOC(=O)c1ccc(Cl)cc1,2,CCN(CC)CCOC(=O)c1ccc(Cl)cc1,2
[H]/N=C(\c1ccccc1)c1ccccc1Cl,5.59,base,[NH2+]=C(c1ccccc1)c1ccccc1Cl,7,[H]/N=C(\c1ccccc1)c1ccccc1Cl,1
[H]/N=C(\c1ccccc1)c1cccc(Cl)c1,5.69,base,[NH2+]=C(c1ccccc1)c1cccc(Cl)c1,7,[H]/N=C(\c1ccccc1)c1cccc(Cl)c1,1
C[C@H](Cc1ccccc1)NCCC#N,7.23,base,C[C@H](Cc1ccccc1)[NH2+]CCC#N,9,C[C@H](Cc1ccccc1)NCCC#N,9
c1ccc(CCCNC(Cc2ccccc2)Cc2ccccc2)cc1,7.2,base,c1ccc(CCC[NH2+]C(Cc2ccccc2)Cc2ccccc2)cc1,9,c1ccc(CCCNC(Cc2ccccc2)Cc2ccccc2)cc1,9
CC(C)N[C@H](C(C)C)[C@H](O)c1ccc(O)c(O)c1,8.85,base,CC(C)[NH2+][C@H](C(C)C)[C@H](O)c1ccc(O)c(O)c1,14,CC(C)N[C@H](C(C)C)[C@H](O)c1ccc(O)c(O)c1,14
O=C(O)C(c1ccccc1)c1ccccc1,3.94,acid,O=C(O)C(c1ccccc1)c1ccccc1,15,O=C([O-])C(c1ccccc1)c1ccccc1,15
CNC[C@H](O)c1ccc(O)c(O)c1,8.71,base,C[NH2+]C[C@H](O)c1ccc(O)c(O)c1,1,CNC[C@H](O)c1ccc(O)c(O)c1,1
Oc1ccc([C@@H](O)CNc2ccccc2)cc1O,8.85,base,Oc1ccc([C@@H](O)C[NH2+]c2ccccc2)cc1O,6,Oc1ccc([C@@H](O)CNc2ccccc2)cc1O,6
CCCNC[C@H](O)c1ccc(O)c(O)c1,8.57,base,CCC[NH2+]C[C@H](O)c1ccc(O)c(O)c1,3,CCCNC[C@H](O)c1ccc(O)c(O)c1,3
CNCCc1ccc(O)c(O)c1,8.9,base,C[NH2+]CCc1ccc(O)c(O)c1,1,CNCCc1ccc(O)c(O)c1,1
CN[C@H](C)Cc1ccc(OC)c(OC)c1,9.81,base,C[NH2+][C@H](C)Cc1ccc(OC)c(OC)c1,13,CN[C@H](C)Cc1ccc(OC)c(OC)c1,13
CN(C)C[C@H](O)c1ccc(O)cc1,9.56,base,C[NH+](C)C[C@H](O)c1ccc(O)cc1,1,CN(C)C[C@H](O)c1ccc(O)cc1,1
C[C@H](Cc1ccccc1)N(C)C,9.4,base,C[C@H](Cc1ccccc1)[NH+](C)C,9,C[C@H](Cc1ccccc1)N(C)C,9
O=C(O)C(c1ccccc1)(c1ccccc1)c1ccccc1,3.96,acid,O=C(O)C(c1ccccc1)(c1ccccc1)c1ccccc1,21,O=C([O-])C(c1ccccc1)(c1ccccc1)c1ccccc1,21
[H]/N=C(\c1ccccc1)c1ccccc1O,5.0,base,[NH2+]=C(c1ccccc1)c1ccccc1O,7,[H]/N=C(\c1ccccc1)c1ccccc1O,1
[H]/N=C(\c1ccccc1)c1cccc(O)c1,5.08,base,[NH2+]=C(c1ccccc1)c1cccc(O)c1,7,[H]/N=C(\c1ccccc1)c1cccc(O)c1,1
CC(C)NCC(=O)c1ccc(O)cc1,7.53,base,CC(C)[NH2+]CC(=O)c1ccc(O)cc1,3,CC(C)NCC(=O)c1ccc(O)cc1,3
CN[C@H](C)[C@@H](O)c1ccccc1,9.61,base,C[NH2+][C@H](C)[C@@H](O)c1ccccc1,10,CN[C@H](C)[C@@H](O)c1ccccc1,10
[H]/N=C(\c1ccccc1)c1ccc(OC)cc1OC,8.3,base,COc1ccc(C(=[NH2+])c2ccccc2)c(OC)c1,11,[H]/N=C(\c1ccccc1)c1ccc(OC)cc1OC,1
[H]/N=C(\c1ccccc1)c1ccc(C)cc1C,6.79,base,Cc1ccc(C(=[NH2+])c2ccccc2)c(C)c1,9,[H]/N=C(\c1ccccc1)c1ccc(C)cc1C,1
[H]/N=C(\c1ccccc1)c1cc(C)ccc1C,6.79,base,Cc1ccc(C)c(C(=[NH2+])c2ccccc2)c1,8,[H]/N=C(\c1ccccc1)c1cc(C)ccc1C,1
[H]/N=C(\c1ccccc1)c1c(C)cccc1C,6.29,base,Cc1cccc(C)c1C(=[NH2+])c1ccccc1,8,[H]/N=C(\c1ccccc1)c1c(C)cccc1C,1
[H]/N=C(\c1ccccc1)c1cc(C)cc(C)c1,7.18,base,Cc1cc(C)cc(C(=[NH2+])c2ccccc2)c1,8,[H]/N=C(\c1ccccc1)c1cc(C)cc(C)c1,1
[H]/N=C(\c1ccccc1)c1cccc(OC)c1,6.59,base,COc1cccc(C(=[NH2+])c2ccccc2)c1,9,[H]/N=C(\c1ccccc1)c1cccc(OC)c1,1
CC(C)NCCc1ccccc1,10.02,base,CC(C)[NH2+]CCc1ccccc1,3,CC(C)NCCc1ccccc1,3
CNCCCCc1ccccc1,10.8,base,C[NH2+]CCCCc1ccccc1,1,CNCCCCc1ccccc1,1
CNC[C@H](C)c1ccccc1,10.07,base,C[NH2+]C[C@H](C)c1ccccc1,3,CNC[C@H](C)c1ccccc1,3
NCc1ccccc1,9.62,base,[NH3+]Cc1ccccc1,7,NCc1ccccc1,7
c1ccc(CNC(CC2CCCCC2)CC2CCCCC2)cc1,7.7,base,c1ccc(C[NH2+]C(CC2CCCCC2)CC2CCCCC2)cc1,7,c1ccc(CNC(CC2CCCCC2)CC2CCCCC2)cc1,7
COc1ccc(CNC(CC2CCCCC2)CC2CCCCC2)cc1,7.8,base,COc1ccc(C[NH2+]C(CC2CCCCC2)CC2CCCCC2)cc1,9,COc1ccc(CNC(CC2CCCCC2)CC2CCCCC2)cc1,9
O=C(O)CCCc1ccccc1,4.76,acid,O=C(O)CCCc1ccccc1,11,O=C([O-])CCCc1ccccc1,11
Clc1ccc(CNC(Cc2ccccc2)Cc2ccccc2)cc1,6.1,base,Clc1ccc(C[NH2+]C(Cc2ccccc2)Cc2ccccc2)cc1,15,Clc1ccc(CNC(Cc2ccccc2)Cc2ccccc2)cc1,15
CCOc1cccc(CNC(Cc2ccccc2)Cc2ccccc2)c1,6.4,base,CCOc1cccc(C[NH2+]C(Cc2ccccc2)Cc2ccccc2)c1,10,CCOc1cccc(CNC(Cc2ccccc2)Cc2ccccc2)c1,10
CCN(CC)Cc1ccccc1,9.44,base,CC[NH+](CC)Cc1ccccc1,2,CCN(CC)Cc1ccccc1,2
COc1cccc(CN)c1OC,9.41,base,COc1cccc(C[NH3+])c1OC,11,COc1cccc(CN)c1OC,11
COc1ccc(CN)cc1OC,9.39,base,COc1ccc(C[NH3+])cc1OC,11,COc1ccc(CN)cc1OC,11
O=C(O)/C=C/c1ccccc1,4.45,acid,O=C(O)/C=C/c1ccccc1,10,O=C([O-])/C=C/c1ccccc1,10
c1ccc(CNCC(c2ccccc2)c2ccccc2)cc1,7.6,base,c1ccc(C[NH2+]CC(c2ccccc2)c2ccccc2)cc1,7,c1ccc(CNCC(c2ccccc2)c2ccccc2)cc1,7
COc1ccccc1CN,9.7,base,COc1ccccc1C[NH3+],9,COc1ccccc1CN,9
NCc1ccc2c(c1)OCO2,9.37,base,[NH3+]Cc1ccc2c(c1)OCO2,7,NCc1ccc2c(c1)OCO2,7
NCc1c(F)c(F)c(F)c(F)c1F,7.67,base,[NH3+]Cc1c(F)c(F)c(F)c(F)c1F,12,NCc1c(F)c(F)c(F)c(F)c1F,12
NCc1ccccc1S(N)(=O)=O,8.53,base,NS(=O)(=O)c1ccccc1C[NH3+],7,NCc1ccccc1S(N)(=O)=O,7
Cc1ccccc1/C=C/C(=O)O,4.49,acid,Cc1ccccc1/C=C/C(=O)O,11,Cc1ccccc1/C=C/C(=O)[O-],11
NCc1ccc(S(N)(=O)=O)cc1,8.52,base,NS(=O)(=O)c1ccc(C[NH3+])cc1,7,NCc1ccc(S(N)(=O)=O)cc1,7
Nc1cccc2c1Cc1ccccc1-2,3.87,base,[NH3+]c1cccc2c1Cc1ccccc1-2,13,Nc1cccc2c1Cc1ccccc1-2,13
Nc1ccc2c(c1)Cc1ccccc1-2,4.64,base,[NH3+]c1ccc2c(c1)Cc1ccccc1-2,13,Nc1ccc2c(c1)Cc1ccccc1-2,13
Nc1cccc2c1-c1ccccc1C2,3.39,base,[NH3+]c1cccc2c1-c1ccccc1C2,13,Nc1cccc2c1-c1ccccc1C2,13
Cc1ccc(/C=C/C(=O)O)cc1,4.56,acid,Cc1ccc(/C=C/C(=O)O)cc1,11,Cc1ccc(/C=C/C(=O)[O-])cc1,11
NC1Cc2ccccc2C1,9.57,base,[NH3+]C1Cc2ccccc2C1,9,NC1Cc2ccccc2C1,9
N[C@@H]1Cc2ccccc2[C@H]1O,8.13,base,[NH3+][C@@H]1Cc2ccccc2[C@H]1O,10,N[C@@H]1Cc2ccccc2[C@H]1O,10
c1ccc2c(c1)CC[C@@H]2N[C@H]1CCc2ccccc21,6.46,base,c1ccc2c(c1)CC[C@@H]2[NH2+][C@H]1CCc2ccccc21,9,c1ccc2c(c1)CC[C@@H]2N[C@H]1CCc2ccccc21,9
C[C@H](N[C@H]1CCc2ccccc21)c1ccccc1,6.87,base,C[C@H]([NH2+][C@H]1CCc2ccccc21)c1ccccc1,8,C[C@H](N[C@H]1CCc2ccccc21)c1ccccc1,8
c1ccc(N[C@H]2CCc3ccccc32)cc1,1.8,base,c1ccc([NH2+][C@H]2CCc3ccccc32)cc1,6,c1ccc(N[C@H]2CCc3ccccc32)cc1,6
Cc1ccccc1N[C@H]1CCc2ccccc21,0.83,base,Cc1ccccc1[NH2+][C@H]1CCc2ccccc21,7,Cc1ccccc1N[C@H]1CCc2ccccc21,7
Cc1cccc(N[C@H]2CCc3ccccc32)c1,2.49,base,Cc1cccc([NH2+][C@H]2CCc3ccccc32)c1,7,Cc1cccc(N[C@H]2CCc3ccccc32)c1,7
Cc1ccc(N[C@H]2CCc3ccccc32)cc1,1.8,base,Cc1ccc([NH2+][C@H]2CCc3ccccc32)cc1,7,Cc1ccc(N[C@H]2CCc3ccccc32)cc1,7
Nc1ccc2ccccc2c1,4.16,base,[NH3+]c1ccc2ccccc2c1,10,Nc1ccc2ccccc2c1,10
Nc1cc(Cl)cc2ccccc12,2.69,base,[NH3+]c1cc(Cl)cc2ccccc12,10,Nc1cc(Cl)cc2ccccc12,10
Nc1cccc2cc(Cl)ccc12,3.48,base,[NH3+]c1cccc2cc(Cl)ccc12,10,Nc1cccc2cc(Cl)ccc12,10
Nc1cccc2ccc(Cl)cc12,3.48,base,[NH3+]c1cccc2ccc(Cl)cc12,10,Nc1cccc2ccc(Cl)cc12,10
Nc1cc(Cl)c2ccccc2c1,3.38,base,[NH3+]c1cc(Cl)c2ccccc2c1,11,Nc1cc(Cl)c2ccccc2c1,11
Nc1ccc2ccc(Cl)cc2c1,3.71,base,[NH3+]c1ccc2ccc(Cl)cc2c1,11,Nc1ccc2ccc(Cl)cc2c1,11
Nc1cc(I)cc2ccccc12,2.82,base,[NH3+]c1cc(I)cc2ccccc12,10,Nc1cc(I)cc2ccccc12,10
COc1cc(N)c2ccccc2c1,3.26,base,COc1cc([NH3+])c2ccccc2c1,12,COc1cc(N)c2ccccc2c1,12
COc1ccc2c(N)cccc2c1,3.9,base,COc1ccc2c([NH3+])cccc2c1,12,COc1ccc2c(N)cccc2c1,12
COc1ccc2cccc(N)c2c1,4.07,base,COc1ccc2cccc([NH3+])c2c1,12,COc1ccc2cccc(N)c2c1,12
COc1cc(N)cc2ccccc12,4.05,base,COc1cc([NH3+])cc2ccccc12,12,COc1cc(N)cc2ccccc12,12
COc1ccc2cc(N)ccc2c1,4.64,base,COc1ccc2cc([NH3+])ccc2c1,12,COc1ccc2cc(N)ccc2c1,12
COC(=O)c1cc(N)c2ccccc2c1,3.12,base,COC(=O)c1cc([NH3+])c2ccccc2c1,14,COC(=O)c1cc(N)c2ccccc2c1,14
Nc1ccc([N+](=O)[O-])c2ccccc12,0.54,base,[NH3+]c1ccc([N+](=O)[O-])c2ccccc12,13,Nc1ccc([N+](=O)[O-])c2ccccc12,13
Nc1cccc2c([N+](=O)[O-])cccc12,2.73,base,[NH3+]c1cccc2c([N+](=O)[O-])cccc12,13,Nc1cccc2c([N+](=O)[O-])cccc12,13
Nc1cccc2cc([N+](=O)[O-])ccc12,2.89,base,[NH3+]c1cccc2cc([N+](=O)[O-])ccc12,10,Nc1cccc2cc([N+](=O)[O-])ccc12,10
Nc1cccc2ccc([N+](=O)[O-])cc12,2.55,base,[NH3+]c1cccc2ccc([N+](=O)[O-])cc12,10,Nc1cccc2ccc([N+](=O)[O-])cc12,10
Nc1cc2ccccc2cc1[N+](=O)[O-],1.48,base,[NH3+]c1cc2ccccc2cc1[N+](=O)[O-],10,Nc1cc2ccccc2cc1[N+](=O)[O-],10
Nc1cc([N+](=O)[O-])c2ccccc2c1,2.43,base,[NH3+]c1cc([N+](=O)[O-])c2ccccc2c1,13,Nc1cc([N+](=O)[O-])c2ccccc2c1,13
Nc1ccc2c([N+](=O)[O-])cccc2c1,3.01,base,[NH3+]c1ccc2c([N+](=O)[O-])cccc2c1,13,Nc1ccc2c([N+](=O)[O-])cccc2c1,13
Nc1ccc2cc([N+](=O)[O-])ccc2c1,2.62,base,[NH3+]c1ccc2cc([N+](=O)[O-])ccc2c1,13,Nc1ccc2cc([N+](=O)[O-])ccc2c1,13
Nc1ccc2cccc([N+](=O)[O-])c2c1,2.73,base,[NH3+]c1ccc2cccc([N+](=O)[O-])c2c1,13,Nc1ccc2cccc([N+](=O)[O-])c2c1,13
N[C@@H]1CCCc2ccccc21,9.63,base,[NH3+][C@@H]1CCCc2ccccc21,10,N[C@@H]1CCCc2ccccc21,10
N[C@@H]1CCc2ccccc2C1,9.93,base,[NH3+][C@@H]1CCc2ccccc2C1,10,N[C@@H]1CCc2ccccc2C1,10
CCCCN(C)[C@@H]1CCc2ccccc2C1,9.71,base,CCCC[N@H+](C)[C@@H]1CCc2ccccc2C1,4,CCCCN(C)[C@@H]1CCc2ccccc2C1,4
CN(C)[C@@H]1CCc2ccccc2C1,9.5,base,C[NH+](C)[C@@H]1CCc2ccccc2C1,1,CN(C)[C@@H]1CCc2ccccc2C1,1
CCCN(C)[C@@H]1CCc2ccccc2C1,9.83,base,CCC[N@H+](C)[C@@H]1CCc2ccccc2C1,3,CCCN(C)[C@@H]1CCc2ccccc2C1,3
CN1CCCCC(=O)[C@H](O)CCCC1,9.1,base,C[N@@H+]1CCCCC(=O)[C@H](O)CCCC1,1,CN1CCCCC(=O)[C@H](O)CCCC1,1
C1CCCNCC1,11.1,base,C1CCC[NH2+]CC1,4,C1CCCNCC1,4
C1CN1,8.0,base,C1C[NH2+]1,2,C1CN1,2
O=C(O)Cc1ccccc1Cl,4.07,acid,O=C(O)Cc1ccccc1Cl,9,O=C([O-])Cc1ccccc1Cl,9
CC[C@@H]1C[N@]1CC,8.18,base,CC[C@@H]1C[N@H+]1CC,4,CC[C@@H]1C[N@]1CC,4
CC1(C)CN1,8.64,base,CC1(C)C[NH2+]1,3,CC1(C)CN1,3
C[C@@H]1N[C@H]1C,8.7,base,C[C@@H]1[NH2+][C@H]1C,3,C[C@@H]1N[C@H]1C,3
CCN1CC1,7.93,base,CC[NH+]1CC1,2,CCN1CC1,2
CCN1[C@H](C)[C@@H]1C,8.56,base,CC[NH+]1[C@H](C)[C@@H]1C,2,CCN1[C@H](C)[C@@H]1C,2
CN1CC1,7.9,base,C[NH+]1CC1,1,CN1CC1,1
CC(C)(C)N1CCCC(=O)[C@H](O)CCC1,7.6,base,CC(C)(C)[N@H+]1CCCC(=O)[C@H](O)CCC1,4,CC(C)(C)N1CCCC(=O)[C@H](O)CCC1,4
O=C(O)Cc1cccc(Cl)c1,4.14,acid,O=C(O)Cc1cccc(Cl)c1,10,O=C([O-])Cc1cccc(Cl)c1,10
CCN1CCCC(=O)[C@H](O)CCC1,9.2,base,CC[N@H+]1CCCC(=O)[C@H](O)CCC1,2,CCN1CCCC(=O)[C@H](O)CCC1,2
CN1CCCC(=O)[C@H](O)CCC1,9.2,base,C[N@H+]1CCCC(=O)[C@H](O)CCC1,1,CN1CCCC(=O)[C@H](O)CCC1,1
C=CCN1CCCCC1,9.65,base,C=CC[NH+]1CCCCC1,3,C=CCN1CCCCC1,3
O=C(O)Cc1ccc(Cl)cc1,4.19,acid,O=C(O)Cc1ccc(Cl)cc1,9,O=C([O-])Cc1ccc(Cl)cc1,9
C[C@@H]1C[C@H](Oc2ccccc2)CC(C)(C)N1,9.54,base,C[C@@H]1C[C@H](Oc2ccccc2)CC(C)(C)[NH2+]1,6,C[C@@H]1C[C@H](Oc2ccccc2)CC(C)(C)N1,6
CCCCN1CCCCC1,10.43,base,CCCC[NH+]1CCCCC1,4,CCCCN1CCCCC1,4
CCCCN1CCCC[C@H]1C,10.7,base,CCCC[N@H+]1CCCC[C@H]1C,4,CCCCN1CCCC[C@H]1C,4
C[C@@H]1CCCCN1C,10.22,base,C[C@@H]1CCCC[N@H+]1C,6,C[C@@H]1CCCCN1C,6
O=C(O)Cc1ccccc1Br,4.05,acid,O=C(O)Cc1ccccc1Br,9,O=C([O-])Cc1ccccc1Br,9
CCN1CCCC[C@H]1C,10.66,base,CC[N@@H+]1CCCC[C@H]1C,2,CCN1CCCC[C@H]1C,2
C[C@@H]1CCC[C@H](C)N1CC(C)(C)O,10.5,base,C[C@@H]1CCC[C@H](C)[NH+]1CC(C)(C)O,6,C[C@@H]1CCC[C@H](C)N1CC(C)(C)O,6
O=C(O)Cc1ccc(Br)cc1,4.19,acid,O=C(O)Cc1ccc(Br)cc1,9,O=C([O-])Cc1ccc(Br)cc1,9
C[C@@H]1CCCCN1,11.08,base,C[C@@H]1CCCC[NH2+]1,6,C[C@@H]1CCCCN1,6
C[C@H]1CCCNC1,11.07,base,C[C@H]1CCC[NH2+]C1,5,C[C@H]1CCCNC1,5
CN1CCC(c2ccccc2)(c2ccccc2)CC1,8.65,base,C[NH+]1CCC(c2ccccc2)(c2ccccc2)CC1,1,CN1CCC(c2ccccc2)(c2ccccc2)CC1,1
C[C@@H](C=C(c1cccs1)c1cccs1)N1CCCCC1,8.41,base,C[C@@H](C=C(c1cccs1)c1cccs1)[NH+]1CCCCC1,14,C[C@@H](C=C(c1cccs1)c1cccs1)N1CCCCC1,14
C[C@@H]1CCCCN1[C@@H](C)C=C(c1cccs1)c1cccs1,7.41,base,C[C@@H]1CCCC[N@@H+]1[C@@H](C)C=C(c1cccs1)c1cccs1,6,C[C@@H]1CCCCN1[C@@H](C)C=C(c1cccs1)c1cccs1,6
C[C@@H]1CCCN([C@@H](C)C=C(c2cccs2)c2cccs2)C1,8.23,base,C[C@@H]1CCC[N@H+]([C@@H](C)C=C(c2cccs2)c2cccs2)C1,5,C[C@@H]1CCCN([C@@H](C)C=C(c2cccs2)c2cccs2)C1,5
CC1CCN([C@@H](C)C=C(c2cccs2)c2cccs2)CC1,8.15,base,CC1CC[NH+]([C@@H](C)C=C(c2cccs2)c2cccs2)CC1,4,CC1CCN([C@@H](C)C=C(c2cccs2)c2cccs2)CC1,4
CC[C@@H](C)N1CCC(c2ccccc2)(c2ccccc2)CC1,9.67,base,CC[C@@H](C)[NH+]1CCC(c2ccccc2)(c2ccccc2)CC1,4,CC[C@@H](C)N1CCC(c2ccccc2)(c2ccccc2)CC1,4
O=C(O)Cc1ccccc1I,4.04,acid,O=C(O)Cc1ccccc1I,9,O=C([O-])Cc1ccccc1I,9
CN1C(C)(C)CCCC1(C)C,11.19,base,C[NH+]1C(C)(C)CCCC1(C)C,6,CN1C(C)(C)CCCC1(C)C,6
CCC[C@@H]1CCCCN1,10.9,base,CCC[C@@H]1CCCC[NH2+]1,8,CCC[C@@H]1CCCCN1,8
C[C@H]1CCN(C)C(C)(C)C1,10.18,base,C[C@H]1CC[N@H+](C)C(C)(C)C1,4,C[C@H]1CCN(C)C(C)(C)C1,4
O=C(O)Cc1cccc(I)c1,4.16,acid,O=C(O)Cc1cccc(I)c1,10,O=C([O-])Cc1cccc(I)c1,10
O=C(O)Cc1ccc(I)cc1,4.18,acid,O=C(O)Cc1ccc(I)cc1,9,O=C([O-])Cc1ccc(I)cc1,9
CN(C)CCN(Cc1ccccc1)c1ccccn1,8.96,base,C[NH+](C)CCN(Cc1ccccc1)c1ccccn1,1,CN(C)CCN(Cc1ccccc1)c1ccccn1,1
C[NH+](C)CCN(Cc1ccccc1)c1cccc[nH+]1,3.92,base,C[NH+](C)CCN(Cc1ccccc1)c1cccc[nH+]1,18,C[NH+](C)CCN(Cc1ccccc1)c1ccccn1,18
O=C(O)CCc1cccc(Cl)c1,4.59,acid,O=C(O)CCc1cccc(Cl)c1,11,O=C([O-])CCc1cccc(Cl)c1,11
O=C(O)/C=C/c1ccccc1Cl,4.41,acid,O=C(O)/C=C/c1ccccc1Cl,10,O=C([O-])/C=C/c1ccccc1Cl,10
O=C(O)/C=C/c1cccc(Cl)c1,4.29,acid,O=C(O)/C=C/c1cccc(Cl)c1,11,O=C([O-])/C=C/c1cccc(Cl)c1,11
CN(C)CCc1ccccn1,8.75,base,C[NH+](C)CCc1ccccn1,1,CN(C)CCc1ccccn1,1
CN(C)CCc1ccncc1,8.7,base,C[NH+](C)CCc1ccncc1,1,CN(C)CCc1ccncc1,1
CN(C)Cc1ccccn1,8.12,base,C[NH+](C)Cc1ccccn1,1,CN(C)Cc1ccccn1,1
CN(C)Cc1cccnc1,8.0,base,C[NH+](C)Cc1cccnc1,1,CN(C)Cc1cccnc1,1
C[C@](O)(C(=O)O)c1ccccc1,3.53,acid,C[C@](O)(C(=O)O)c1ccccc1,10,C[C@](O)(C(=O)[O-])c1ccccc1,10
O=C(O)C[C@H](O)c1ccccc1,4.398,acid,O=C(O)C[C@H](O)c1ccccc1,10,O=C([O-])C[C@H](O)c1ccccc1,10
O=Cc1ccncc1O,6.77,acid,O=Cc1ccncc1O,8,O=Cc1ccncc1[O-],8
O=C(O)C(O)(c1ccccc1)c1ccccc1,3.05,acid,O=C(O)C(O)(c1ccccc1)c1ccccc1,15,O=C([O-])C(O)(c1ccccc1)c1ccccc1,15
O=C(O)/C=C/c1ccccc1O,4.61,acid,O=C(O)/C=C/c1ccccc1O,10,O=C([O-])/C=C/c1ccccc1O,10
O=C(O)/C=C/c1cccc(O)c1,4.396,acid,O=C(O)/C=C/c1cccc(O)c1,11,O=C([O-])/C=C/c1cccc(O)c1,11
CNCc1ccccn1,8.82,base,C[NH2+]Cc1ccccn1,1,CNCc1ccccn1,1
O=C(O)Cc1ccccc1[N+](=O)[O-],4.004,acid,O=C(O)Cc1ccccc1[N+](=O)[O-],9,O=C([O-])Cc1ccccc1[N+](=O)[O-],9
CN(C(=O)c1ccccc1)c1ccccn1,1.44,base,CN(C(=O)c1ccccc1)c1cccc[nH+]1,7,CN(C(=O)c1ccccc1)c1ccccn1,7
CNc1cccc(C)n1,8.84,base,CNc1cccc(C)[nH+]1,6,CNc1cccc(C)n1,6
O=C(O)CCc1ccccc1[N+](=O)[O-],4.504,acid,O=C(O)CCc1ccccc1[N+](=O)[O-],10,O=C([O-])CCc1ccccc1[N+](=O)[O-],10
O=C(O)/C=C/c1ccccc1[N+](=O)[O-],4.15,acid,O=C(O)/C=C/c1ccccc1[N+](=O)[O-],10,O=C([O-])/C=C/c1ccccc1[N+](=O)[O-],10
c1ccc(CCN2CCCCC2)nc1,9.29,base,c1ccc(CC[NH+]2CCCCC2)nc1,8,c1ccc(CCN2CCCCC2)nc1,8
c1cc(CCN2CCCCC2)ccn1,9.06,base,c1cc(CC[NH+]2CCCCC2)ccn1,8,c1cc(CCN2CCCCC2)ccn1,8
c1cncc(CN2CCCCC2)c1,8.3,base,c1cncc(C[NH+]2CCCCC2)c1,7,c1cncc(CN2CCCCC2)c1,7
c1cc(CN2CCCCC2)ccn1,7.88,base,c1cc(C[NH+]2CCCCC2)ccn1,7,c1cc(CN2CCCCC2)ccn1,7
c1ccc([C@H]2CCCCN2)nc1,9.1,base,c1ccc([C@H]2CCCC[NH2+]2)nc1,11,c1ccc([C@H]2CCCCN2)nc1,11
c1ccc(CCN2CCCC2)nc1,9.39,base,c1ccc(CC[NH+]2CCCC2)nc1,8,c1ccc(CCN2CCCC2)nc1,8
c1cncc(CCN2CCCC2)c1,9.28,base,c1cncc(CC[NH+]2CCCC2)c1,8,c1cncc(CCN2CCCC2)c1,8
c1cc(CCN2CCCC2)ccn1,9.27,base,c1cc(CC[NH+]2CCCC2)ccn1,8,c1cc(CCN2CCCC2)ccn1,8
c1ccc(CN2CCCC2)nc1,8.56,base,c1ccc(C[NH+]2CCCC2)nc1,7,c1ccc(CN2CCCC2)nc1,7
c1cncc(CN2CCCC2)c1,8.36,base,c1cncc(C[NH+]2CCCC2)c1,7,c1cncc(CN2CCCC2)c1,7
c1cc(CN2CCCC2)ccn1,8.16,base,c1cc(C[NH+]2CCCC2)ccn1,7,c1cc(CN2CCCC2)ccn1,7
CC1=CCCCN1,9.53,base,CC1=CCCC[NH2+]1,6,CC1=CCCCN1,6
COc1ccc(CC(=O)O)cc1OC,4.33,acid,COc1ccc(CC(=O)O)cc1OC,13,COc1ccc(CC(=O)[O-])cc1OC,13
O=C(O)c1cc[n+]([O-])cc1,2.86,acid,O=C(O)c1cc[n+]([O-])cc1,9,O=C([O-])c1cc[n+]([O-])cc1,9
COc1ccccc1/C=C/C(=O)O,4.46,acid,COc1ccccc1/C=C/C(=O)O,12,COc1ccccc1/C=C/C(=O)[O-],12
C1CCNC1,11.3,base,C1CC[NH2+]C1,3,C1CCNC1,3
c1ccc(CN2CCCC2)cc1,9.51,base,c1ccc(C[NH+]2CCCC2)cc1,7,c1ccc(CN2CCCC2)cc1,7
c1ccc(C[C@@H]2CCCN2)cc1,10.31,base,c1ccc(C[C@@H]2CCC[NH2+]2)cc1,11,c1ccc(C[C@@H]2CCCN2)cc1,11
CCCCN1CCCC1,10.36,base,CCCC[NH+]1CCCC1,4,CCCCN1CCCC1,4
COc1cccc(/C=C/C(=O)O)c1,4.38,acid,COc1cccc(/C=C/C(=O)O)c1,12,COc1cccc(/C=C/C(=O)[O-])c1,12
C[C@@H]1CCCN1C,10.2,base,C[C@@H]1CCC[N@H+]1C,5,C[C@@H]1CCCN1C,5
CC[C@@H]1CCCN1,10.43,base,CC[C@@H]1CCC[NH2+]1,6,CC[C@@H]1CCCN1,6
COc1ccc(/C=C/C(=O)O)cc1,4.54,acid,COc1ccc(/C=C/C(=O)O)cc1,12,COc1ccc(/C=C/C(=O)[O-])cc1,12
COc1ccc([C@@H]2CCCN2C)cc1,8.9,base,COc1ccc([C@@H]2CCC[N@H+]2C)cc1,1,COc1ccc([C@@H]2CCCN2C)cc1,1
CN1CCCC1,10.3,base,C[NH+]1CCCC1,1,CN1CCCC1,1
CN1CCC[C@H]1c1ccccc1,8.8,base,C[N@@H+]1CCC[C@H]1c1ccccc1,1,CN1CCC[C@H]1c1ccccc1,1
CCC[C@@H]1CCCN1C,9.78,base,CCC[C@@H]1CCC[N@H+]1C,7,CCC[C@@H]1CCCN1C,7
O=C(O)CCSCc1ccccc1,4.46,acid,O=C(O)CCSCc1ccccc1,12,O=C([O-])CCSCc1ccccc1,12
c1csc([C@@H]2CCCN2)c1,9.35,base,c1csc([C@@H]2CCC[NH2+]2)c1,9,c1csc([C@@H]2CCCN2)c1,9
C1=C(Cc2ccccc2)NCC1,7.06,base,C1=C(Cc2ccccc2)[NH2+]CC1,11,C1=C(Cc2ccccc2)NCC1,11
CCCCC1=CCCN1C,11.84,base,CCCCC1=CCC[N@@H+]1C,8,CCCCC1=CCCN1C,8
CCC1=CCCN1,7.87,base,CCC1=CCC[NH2+]1,6,CCC1=CCCN1,6
Cc1ccc(C2=CCCN2)cc1,7.55,base,Cc1ccc(C2=CCC[NH2+]2)cc1,11,Cc1ccc(C2=CCCN2)cc1,11
CN1CC=CC1,9.88,base,C[NH+]1CC=CC1,1,CN1CC=CC1,1
O=C(O)[C@H](O)c1cccc(F)c1,4.24,acid,O=C(O)[C@H](O)c1cccc(F)c1,10,O=C([O-])[C@H](O)c1cccc(F)c1,10
O=C(O)[C@H](O)c1cccc(Br)c1,3.23,acid,O=C(O)[C@H](O)c1cccc(Br)c1,10,O=C([O-])[C@H](O)c1cccc(Br)c1,10
C1COCCN1,8.5,base,C1COCC[NH2+]1,5,C1COCCN1,5
O=C(O)[C@H](O)c1cccc(I)c1,3.26,acid,O=C(O)[C@H](O)c1cccc(I)c1,10,O=C([O-])[C@H](O)c1cccc(I)c1,10
CC(=O)C(CCN1CCOCC1)(c1ccccc1)c1ccccc1,6.83,base,CC(=O)C(CC[NH+]1CCOCC1)(c1ccccc1)c1ccccc1,6,CC(=O)C(CCN1CCOCC1)(c1ccccc1)c1ccccc1,6
CC(=O)[C@H](CN1CCOCC1)c1ccccc1,6.23,base,CC(=O)[C@H](C[NH+]1CCOCC1)c1ccccc1,5,CC(=O)[C@H](CN1CCOCC1)c1ccccc1,5
C=CCN1CCOCC1,7.02,base,C=CC[NH+]1CCOCC1,3,C=CCN1CCOCC1,3
O=C(c1ccccc1)[C@@H](CN1CCOCC1)c1ccccc1,6.17,base,O=C(c1ccccc1)[C@@H](C[NH+]1CCOCC1)c1ccccc1,8,O=C(c1ccccc1)[C@@H](CN1CCOCC1)c1ccccc1,8
N#CC(CCN1CCOCC1)(c1ccccc1)c1ccccc1,6.04,base,N#CC(CC[NH+]1CCOCC1)(c1ccccc1)c1ccccc1,9,N#CC(CCN1CCOCC1)(c1ccccc1)c1ccccc1,9
C[C@H](CC(C#N)(c1ccccc1)c1ccccc1)N1CCOCC1,6.05,base,C[C@H](CC(C#N)(c1ccccc1)c1ccccc1)[NH+]1CCOCC1,18,C[C@H](CC(C#N)(c1ccccc1)c1ccccc1)N1CCOCC1,18
CCCC(=O)C(CCN1CCOCC1)(c1ccccc1)c1ccccc1,7.17,base,CCCC(=O)C(CC[NH+]1CCOCC1)(c1ccccc1)c1ccccc1,8,CCCC(=O)C(CCN1CCOCC1)(c1ccccc1)c1ccccc1,8
CCC(=O)C(CCN1CCOCC1)(c1ccccc1)c1ccccc1,6.95,base,CCC(=O)C(CC[NH+]1CCOCC1)(c1ccccc1)c1ccccc1,7,CCC(=O)C(CCN1CCOCC1)(c1ccccc1)c1ccccc1,7
CCC(=O)C(C[C@H](C)N1CCOCC1)(c1ccccc1)c1ccccc1,6.68,base,CCC(=O)C(C[C@H](C)[NH+]1CCOCC1)(c1ccccc1)c1ccccc1,8,CCC(=O)C(C[C@H](C)N1CCOCC1)(c1ccccc1)c1ccccc1,8
CCC(=O)C(c1ccccc1)(c1ccccc1)[C@H](C)CN1CCOCC1,7.12,base,CCC(=O)C(c1ccccc1)(c1ccccc1)[C@H](C)C[NH+]1CCOCC1,20,CCC(=O)C(c1ccccc1)(c1ccccc1)[C@H](C)CN1CCOCC1,20
C[C@@H](CC(c1ccccc1)c1ccccc1)N1CCOCC1,6.85,base,C[C@@H](CC(c1ccccc1)c1ccccc1)[NH+]1CCOCC1,16,C[C@@H](CC(c1ccccc1)c1ccccc1)N1CCOCC1,16
CC(=O)N1CCNCC1,7.9,base,CC(=O)N1CC[NH2+]CC1,6,CC(=O)N1CCNCC1,6
O=C(c1ccccc1)N1CCNCC1,7.75,base,O=C(c1ccccc1)N1CC[NH2+]CC1,11,O=C(c1ccccc1)N1CCNCC1,11
CN1CCN(C(=O)c2ccccc2)CC1,6.78,base,C[NH+]1CCN(C(=O)c2ccccc2)CC1,1,CN1CCN(C(=O)c2ccccc2)CC1,1
CCOC(=O)N1CCNCC1,8.2,base,CCOC(=O)N1CC[NH2+]CC1,8,CCOC(=O)N1CCNCC1,8
CCOC(=O)N1CCN(C)CC1,7.31,base,CCOC(=O)N1CC[NH+](C)CC1,8,CCOC(=O)N1CCN(C)CC1,8
O=C(O)CCC(=O)c1ccc2ccccc2c1,4.96,acid,O=C(O)CCC(=O)c1ccc2ccccc2c1,16,O=C([O-])CCC(=O)c1ccc2ccccc2c1,16
Oc1ccnnc1,8.72,acid,Oc1ccnnc1,6,[O-]c1ccnnc1,6
COC(=O)CC(C(=O)O)(c1ccccc1)c1ccccc1,3.899,acid,COC(=O)CC(C(=O)O)(c1ccccc1)c1ccccc1,20,COC(=O)CC(C(=O)[O-])(c1ccccc1)c1ccccc1,20
COC(=O)CCC(C(=O)O)(c1ccccc1)c1ccccc1,4.0,acid,COC(=O)CCC(C(=O)O)(c1ccccc1)c1ccccc1,21,COC(=O)CCC(C(=O)[O-])(c1ccccc1)c1ccccc1,21
Nc1nc(-c2ccccc2)cc(-c2ccccc2)n1,3.74,base,Nc1nc(-c2ccccc2)cc(-c2ccccc2)[nH+]1,11,Nc1nc(-c2ccccc2)cc(-c2ccccc2)n1,11
Cn1cc(Br)c(O)nc1=O,7.84,acid,Cn1cc(Br)c(O)nc1=O,8,Cn1cc(Br)c([O-])nc1=O,8
CNc1ncc(Br)cn1,2.09,base,CNc1ncc(Br)c[nH+]1,3,CNc1ncc(Br)cn1,3
CCCCNc1ncccn1,4.14,base,CCCCNc1nccc[nH+]1,6,CCCCNc1ncccn1,6
O=C(O)c1ncccn1,2.85,acid,O=C(O)c1ncccn1,8,O=C([O-])c1ncccn1,8
CNc1nccc(Cl)n1,2.59,base,CNc1nc(Cl)cc[nH+]1,3,CNc1nccc(Cl)n1,3
Cn1ccc(O)nc1=O,9.71,acid,Cn1ccc(O)nc1=O,8,Cn1ccc([O-])nc1=O,8
COC(=O)[C@H](CC(=O)O)c1ccccc1,4.36,acid,COC(=O)[C@H](CC(=O)O)c1ccccc1,8,COC(=O)[C@H](CC(=O)[O-])c1ccccc1,8
CN(C)c1cc(O)ncn1,10.49,acid,CN(C)c1cc(O)ncn1,9,CN(C)c1cc([O-])ncn1,9
COC(=O)C[C@@H](C(=O)O)c1ccccc1,4.05,acid,COC(=O)C[C@@H](C(=O)O)c1ccccc1,14,COC(=O)C[C@@H](C(=O)[O-])c1ccccc1,14
CNc1nc(C)cc(C)n1,5.23,base,CNc1nc(C)cc(C)[nH+]1,6,CNc1nc(C)cc(C)n1,6
CCOc1ccnc(O)n1,10.7,acid,CCOc1ccnc(O)n1,9,CCOc1ccnc([O-])n1,9
CCNc1ncccn1,3.89,base,CCNc1nccc[nH+]1,4,CCNc1ncccn1,4
COc1cncnc1O,8.64,acid,COc1cncnc1O,8,COc1cncnc1[O-],8
COc1nc(C)cc(O)n1,8.5,acid,COc1nc(C)cc(O)n1,9,COc1nc(C)cc([O-])n1,9
Cc1cc(O)ncn1,9.1,acid,Cc1cc(O)ncn1,7,Cc1cc([O-])ncn1,7
CNc1nccc(OC)n1,5.74,base,CNc1nc(OC)cc[nH+]1,3,CNc1nccc(OC)n1,3
CCCCCNc1ncccn1,4.03,base,CCCCCNc1nccc[nH+]1,7,CCCCCNc1ncccn1,7
C1CSCCN1,9.0,base,C1CSCC[NH2+]1,5,C1CSCCN1,5
NCCc1cscn1,9.48,base,[NH3+]CCc1cscn1,7,NCCc1cscn1,7
O=C(O)/C=C\C(=O)O,2.0,acid,O=C(O)/C=C\C(=O)O,7,O=C([O-])/C=C\C(=O)O,4
O=C([O-])/C=C\C(=O)O,6.25,acid,O=C([O-])/C=C\C(=O)O,7,O=C([O-])/C=C\C(=O)[O-],7
Oc1cncc2ccccc12,8.7,acid,Oc1cncc2ccccc12,10,[O-]c1cncc2ccccc12,10
Oc1ccc2cnccc2c1,9.17,acid,Oc1ccc2cnccc2c1,10,[O-]c1ccc2cnccc2c1,10
Oc1cccc2ccncc12,8.42,acid,Oc1cccc2ccncc12,10,[O-]c1cccc2ccncc12,10
c1ccc2c(c1)CCNC2,9.41,base,c1ccc2c(c1)CC[NH2+]C2,8,c1ccc2c(c1)CCNC2,8
C[n+]1cc([O-])c2ccccc2c1,4.9,acid,C[n+]1cc(O)c2ccccc2c1,11,C[n+]1cc([O-])c2ccccc2c1,11
C[n+]1ccc2c([O-])cccc2c1,6.87,acid,C[n+]1ccc2c(O)cccc2c1,11,C[n+]1ccc2c([O-])cccc2c1,11
C[n+]1ccc2ccc([O-])cc2c1,7.06,acid,C[n+]1ccc2ccc(O)cc2c1,11,C[n+]1ccc2ccc([O-])cc2c1,11
CC(C)(C)C(=O)O,5.03,acid,CC(C)(C)C(=O)O,6,CC(C)(C)C(=O)[O-],6
O=C(O)c1ccc(O)c2ncccc12,4.8,acid,O=C(O)c1ccc(O)c2ncccc12,13,O=C([O-])c1ccc(O)c2ncccc12,13
Oc1c(Cl)ccc2cccnc12,8.7,acid,Oc1c(Cl)ccc2cccnc12,10,[O-]c1c(Cl)ccc2cccnc12,10
Oc1c(Cl)cc(Cl)c2cccnc12,7.62,acid,Oc1c(Cl)cc(Cl)c2cccnc12,10,[O-]c1c(Cl)cc(Cl)c2cccnc12,10
CCN(CC)Cc1ccc2cccnc2c1O,11.3,base,CC[NH+](CC)Cc1ccc2cccnc2c1O,2,CCN(CC)Cc1ccc2cccnc2c1O,2
Oc1ccccn1,11.62,acid,Oc1ccccn1,6,[O-]c1ccccn1,6
CN(C)Cc1ccc2cccnc2c1O,11.0,base,C[NH+](C)Cc1ccc2cccnc2c1O,1,CN(C)Cc1ccc2cccnc2c1O,1
Cc1ccnc2c(O)cccc12,10.0,acid,Cc1ccnc2c(O)cccc12,11,Cc1ccnc2c([O-])cccc12,11
Oc1ccc2ccccc2n1,11.76,acid,Oc1ccc2ccccc2n1,10,[O-]c1ccc2ccccc2n1,10
Oc1ccnc2ccccc12,11.28,acid,Oc1ccnc2ccccc12,10,[O-]c1ccnc2ccccc12,10
Oc1cccc2ncccc12,8.56,acid,Oc1cccc2ncccc12,10,[O-]c1cccc2ncccc12,10
Oc1ccc2ncccc2c1,8.9,acid,Oc1ccc2ncccc2c1,10,[O-]c1ccc2ncccc2c1,10
Oc1ccc2cccnc2c1,8.87,acid,Oc1ccc2cccnc2c1,10,[O-]c1ccc2cccnc2c1,10
Cc1cc2cccc(O)c2nc1C,10.2,acid,Cc1cc2cccc(O)c2nc1C,12,Cc1cc2cccc([O-])c2nc1C,12
CCCc1ccc(O)c2ncccc12,9.7,acid,CCCc1ccc(O)c2ncccc12,13,CCCc1ccc([O-])c2ncccc12,13
Oc1cccc(O)c1,9.15,acid,Oc1cccc(O)c1,7,[O-]c1cccc(O)c1,6
Oc1ccc(O)cc1,9.91,acid,Oc1ccc(O)cc1,6,[O-]c1ccc(O)cc1,7
C[n+]1cc([O-])cc2ccccc21,5.39,acid,C[n+]1cc(O)cc2ccccc21,11,C[n+]1cc([O-])cc2ccccc21,11
C1CN2CCC1CC2,10.95,base,C1C[NH+]2CCC1CC2,2,C1CN2CCC1CC2,2
c1ccc([C@@H]2CN3CCC2CC3)cc1,10.23,base,c1ccc([C@@H]2C[NH+]3CCC2CC3)cc1,8,c1ccc([C@@H]2CN3CCC2CC3)cc1,8
C1=C(c2ccccc2)C2CCN1CC2,9.1,base,C1=C(c2ccccc2)C2CC[NH+]1CC2,8,C1=C(c2ccccc2)C2CCN1CC2,8
Oc1cc2ccccc2nn1,8.63,acid,Oc1cc2ccccc2nn1,10,[O-]c1cc2ccccc2nn1,10
Oc1cnnc2ccccc12,9.3,acid,Oc1cnnc2ccccc12,10,[O-]c1cnnc2ccccc12,10
Oc1ccc2nnccc2c1,7.55,acid,Oc1ccc2nnccc2c1,10,[O-]c1ccc2nnccc2c1,10
Oc1ccc2ccnnc2c1,7.59,acid,Oc1ccc2ccnnc2c1,10,[O-]c1ccc2ccnnc2c1,10
Oc1cccc2ccnnc12,8.22,acid,Oc1cccc2ccnnc12,10,[O-]c1cccc2ccnnc12,10
Cc1cnnc2c(O)cccc12,8.36,acid,Cc1cnnc2c(O)cccc12,11,Cc1cnnc2c([O-])cccc12,11
Oc1cncc2cccnc12,8.35,acid,Oc1cncc2cccnc12,10,[O-]c1cncc2cccnc12,10
Oc1nccc2cccnc12,12.04,acid,Oc1nccc2cccnc12,10,[O-]c1nccc2cccnc12,10
N#Cc1ccc(O)cc1,7.95,acid,N#Cc1ccc(O)cc1,8,N#Cc1ccc([O-])cc1,8
Cc1cc(O)cc(C)c1C#N,8.21,acid,Cc1cc(O)cc(C)c1C#N,10,Cc1cc([O-])cc(C)c1C#N,10
Oc1ccc(Cl)cc1Cc1cc(Cl)ccc1O,7.6,acid,Oc1ccc(Cl)cc1Cc1cc(Cl)ccc1O,16,[O-]c1ccc(Cl)cc1Cc1cc(Cl)ccc1O,14
Oc1c(Cl)cc(Cl)cc1Cc1cc(Cl)cc(Cl)c1O,10.65,acid,Oc1c(Cl)cc(Cl)cc1Cc1cc(Cl)cc(Cl)c1O,16,[O-]c1c(Cl)cc(Cl)cc1Cc1cc(Cl)cc(Cl)c1O,13
Oc1ncc2ccccc2n1,10.73,acid,Oc1ncc2ccccc2n1,10,[O-]c1ncc2ccccc2n1,10
Oc1ncnc2ccccc12,9.87,acid,Oc1ncnc2ccccc12,10,[O-]c1ncnc2ccccc12,10
Oc1cccc2ncncc12,7.41,acid,Oc1cccc2ncncc12,10,[O-]c1cccc2ncncc12,10
Oc1ccc2ncncc2c1,8.21,acid,Oc1ccc2ncncc2c1,6,[O-]c1ccc2ncncc2c1,6
Cc1nc(C)c2cccc(O)c2n1,9.41,acid,Cc1nc(C)c2cccc(O)c2n1,12,Cc1nc(C)c2cccc([O-])c2n1,12
Cc1ncnc2c(O)cccc12,8.77,acid,Cc1ncnc2c(O)cccc12,11,Cc1ncnc2c([O-])cccc12,11
Cc1cc(O)cc(C)c1[N+](=O)[O-],8.25,acid,Cc1cc(O)cc(C)c1[N+](=O)[O-],11,Cc1cc([O-])cc(C)c1[N+](=O)[O-],11
Oc1cnc2ccccc2n1,9.14,acid,Oc1cnc2ccccc2n1,10,[O-]c1cnc2ccccc2n1,10
Oc1cccc2nccnc12,8.68,acid,Oc1cccc2nccnc12,6,[O-]c1cccc2nccnc12,6
Cc1nc2ccccc2nc1O,9.9,acid,Cc1nc2ccccc2nc1O,11,Cc1nc2ccccc2nc1[O-],11
Cc1cc(C)c([N+](=O)[O-])c(C)c1O,8.86,acid,Cc1cc(C)c([N+](=O)[O-])c(C)c1O,11,Cc1cc(C)c([N+](=O)[O-])c(C)c1[O-],11
Oc1ncc2cccnc2n1,8.98,acid,Oc1ncc2cccnc2n1,10,[O-]c1ncc2cccnc2n1,10
O=S(=O)(O)c1cccc2ccccc12,0.16,acid,O=S(=O)(O)c1cccc2ccccc12,13,O=S(=O)([O-])c1cccc2ccccc12,13
CCOP(=O)(CN(CC)CC)OCC,6.4,base,CCOP(=O)(C[NH+](CC)CC)OCC,2,CCOP(=O)(CN(CC)CC)OCC,2
CCOP(=O)(OCC)OCCN(CC)CC,8.4,base,CCOP(=O)(OCC)OCC[NH+](CC)CC,2,CCOP(=O)(OCC)OCCN(CC)CC,2
CCOP(=O)(OCC)OCCN(C)C,8.0,base,CCOP(=O)(OCC)OCC[NH+](C)C,11,CCOP(=O)(OCC)OCCN(C)C,11
CC(C)OP(=O)(OCCN(C)C)OC(C)C,8.06,base,CC(C)OP(=O)(OCC[NH+](C)C)OC(C)C,9,CC(C)OP(=O)(OCCN(C)C)OC(C)C,9
CC(C)OP(=O)(OC(C)C)SCCN(C)C,7.7,base,CC(C)OP(=O)(OC(C)C)SCC[NH+](C)C,13,CC(C)OP(=O)(OC(C)C)SCCN(C)C,13
CCO[P@](C)(=O)SCCN(C)C,7.77,base,CCO[P@](C)(=O)SCC[NH+](C)C,9,CCO[P@](C)(=O)SCCN(C)C,9
CNCCCCO,9.55,base,C[NH2+]CCCCO,1,CNCCCCO,1
CC[C@H](O)CN(CC)CCO,9.1,base,CC[C@H](O)C[N@H+](CC)CCO,4,CC[C@H](O)CN(CC)CCO,4
Cc1ccc([C@@H]2C[C@H]2N)cc1,8.33,base,Cc1ccc([C@@H]2C[C@H]2[NH3+])cc1,10,Cc1ccc([C@@H]2C[C@H]2N)cc1,10
C1CCC(NC2CCCC2)C1,10.93,base,C1CCC([NH2+]C2CCCC2)C1,5,C1CCC(NC2CCCC2)C1,5
Nc1ccc2c3c(cccc13)CC2,4.58,base,[NH3+]c1ccc2c3c(cccc13)CC2,10,Nc1ccc2c3c(cccc13)CC2,10
COCCCN(C)C,9.4,base,COCCC[NH+](C)C,1,COCCCN(C)C,1
C=CC(C)(C)NC(C)(C)CC,10.8,base,C=CC(C)(C)[NH2+]C(C)(C)CC,5,C=CC(C)(C)NC(C)(C)CC,5
C#CC(C)(C)NC(C)(C)CC,9.0,base,C#CC(C)(C)[NH2+]C(C)(C)CC,5,C#CC(C)(C)NC(C)(C)CC,5
CC[C@@H](C)C[C@@H](C)N,10.55,base,CC[C@@H](C)C[C@@H](C)[NH3+],7,CC[C@@H](C)C[C@@H](C)N,7
CCCCCCN(CCO)C[C@@H](O)CC,9.0,base,CCCCCC[N@@H+](CCO)C[C@@H](O)CC,6,CCCCCCN(CCO)C[C@@H](O)CC,6
CC(C)(C)Sc1ccc(N)cc1,3.44,base,CC(C)(C)Sc1ccc([NH3+])cc1,11,CC(C)(C)Sc1ccc(N)cc1,11
Nc1cccc(C(=O)OC(F)(F)C(F)(F)F)c1,3.24,base,[NH3+]c1cccc(C(=O)OC(F)(F)C(F)(F)F)c1,6,Nc1cccc(C(=O)OC(F)(F)C(F)(F)F)c1,6
Nc1ccc(C(=O)OC(F)(F)C(F)(F)F)cc1,3.78,base,[NH3+]c1ccc(C(=O)OC(F)(F)C(F)(F)F)cc1,16,Nc1ccc(C(=O)OC(F)(F)C(F)(F)F)cc1,16
Nc1ccc2c(c1)Cc1c-2ccc2ccccc12,4.67,base,[NH3+]c1ccc2c(c1)Cc1c-2ccc2ccccc12,17,Nc1ccc2c(c1)Cc1c-2ccc2ccccc12,17
CC(C)(C)N1CCCC1,11.13,base,CC(C)(C)[NH+]1CCCC1,4,CC(C)(C)N1CCCC1,4
C[C@@H]1[C@@H](C)C(C)(C)NC1(C)C,11.4,base,C[C@@H]1[C@@H](C)C(C)(C)[NH2+]C1(C)C,4,C[C@@H]1[C@@H](C)C(C)(C)NC1(C)C,4
CC(=O)OCCN(C)C,8.4,base,CC(=O)OCC[NH+](C)C,6,CC(=O)OCCN(C)C,6
NCCCl,8.56,base,[NH3+]CCCl,3,NCCCl,3
NCCF,9.0,base,[NH3+]CCF,3,NCCF,3
CCCC(=O)OCCN(C)C,8.31,base,CCCC(=O)OCC[NH+](C)C,8,CCCC(=O)OCCN(C)C,8
CCCC(=O)SCCN(C)C,8.32,base,CCCC(=O)SCC[NH+](C)C,8,CCCC(=O)SCCN(C)C,8
CCC(=O)OCCN(C)C,8.29,base,CCC(=O)OCC[NH+](C)C,7,CCC(=O)OCCN(C)C,7
CCC(=O)SCCN(C)C,8.28,base,CCC(=O)SCC[NH+](C)C,7,CCC(=O)SCCN(C)C,7
CCNC[Si](C)(C)C,11.12,base,CC[NH2+]C[Si](C)(C)C,2,CCNC[Si](C)(C)C,2
CC(=O)OCCCN(C)C,9.0,base,CC(=O)OCCC[NH+](C)C,7,CC(=O)OCCCN(C)C,7
NCC(Cl)(Cl)C(Cl)(Cl)Cl,6.58,base,[NH3+]CC(Cl)(Cl)C(Cl)(Cl)Cl,8,NCC(Cl)(Cl)C(Cl)(Cl)Cl,8
C=CC(C)(C)NC(C)(C)C=C,10.1,base,C=CC(C)(C)[NH2+]C(C)(C)C=C,5,C=CC(C)(C)NC(C)(C)C=C,5
CCC[C@H](N)c1ccccc1,9.45,base,CCC[C@H]([NH3+])c1ccccc1,10,CCC[C@H](N)c1ccccc1,10
C[C@H](N)c1cccc(Br)c1,9.88,base,C[C@H]([NH3+])c1cccc(Br)c1,9,C[C@H](N)c1cccc(Br)c1,9
C[C@H](N)c1ccccc1Cl,8.8,base,C[C@H]([NH3+])c1ccccc1Cl,9,C[C@H](N)c1ccccc1Cl,9
C[C@H](N)c1ccc(Cl)cc1,9.1,base,C[C@H]([NH3+])c1ccc(Cl)cc1,9,C[C@H](N)c1ccc(Cl)cc1,9
C[C@H](N)c1ccc(F)cc1,9.22,base,C[C@H]([NH3+])c1ccc(F)cc1,9,C[C@H](N)c1ccc(F)cc1,9
COc1ccc([C@H](C)N)cc1,9.47,base,COc1ccc([C@H](C)[NH3+])cc1,10,COc1ccc([C@H](C)N)cc1,10
Cc1cccc([C@H](C)N)c1,9.41,base,Cc1cccc([C@H](C)[NH3+])c1,9,Cc1cccc([C@H](C)N)c1,9
C[C@H](N)c1cccc([N+](=O)[O-])c1,8.56,base,C[C@H]([NH3+])c1cccc([N+](=O)[O-])c1,11,C[C@H](N)c1cccc([N+](=O)[O-])c1,11
C[C@H](N)c1ccc([N+](=O)[O-])cc1,8.5,base,C[C@H]([NH3+])c1ccc([N+](=O)[O-])cc1,11,C[C@H](N)c1ccc([N+](=O)[O-])cc1,11
C[C@H](N)c1cccc(C(F)(F)F)c1,8.77,base,C[C@H]([NH3+])c1cccc(C(F)(F)F)c1,12,C[C@H](N)c1cccc(C(F)(F)F)c1,12
CCCCC[C@@H](N)c1ccccc1,8.87,base,CCCCC[C@@H]([NH3+])c1ccccc1,12,CCCCC[C@@H](N)c1ccccc1,12
NC[C@H](O)c1ccc(Cl)c(Cl)c1,8.78,base,[NH3+]C[C@H](O)c1ccc(Cl)c(Cl)c1,8,NC[C@H](O)c1ccc(Cl)c(Cl)c1,8
COc1ccc(OC)c(C[C@@H](N)CO)c1,9.18,base,COc1ccc(OC)c(C[C@@H]([NH3+])CO)c1,12,COc1ccc(OC)c(C[C@@H](N)CO)c1,12
CC(C)C[C@H](N)c1ccccc1,9.47,base,CC(C)C[C@H]([NH3+])c1ccccc1,11,CC(C)C[C@H](N)c1ccccc1,11
CC(C)C[C@H](N)c1ccc(Cl)cc1,8.47,base,CC(C)C[C@H]([NH3+])c1ccc(Cl)cc1,12,CC(C)C[C@H](N)c1ccc(Cl)cc1,12
CC(C)C[C@H](N)c1ccc(F)cc1,9.25,base,CC(C)C[C@H]([NH3+])c1ccc(F)cc1,12,CC(C)C[C@H](N)c1ccc(F)cc1,12
CC(C)CC[C@H](N)c1ccccc1,9.02,base,CC(C)CC[C@H]([NH3+])c1ccccc1,12,CC(C)CC[C@H](N)c1ccccc1,12
CCCC[C@H](N)c1ccccc1,9.45,base,CCCC[C@H]([NH3+])c1ccccc1,11,CCCC[C@H](N)c1ccccc1,11
CCCC[C@H](N)c1ccc(Cl)cc1,8.85,base,CCCC[C@H]([NH3+])c1ccc(Cl)cc1,12,CCCC[C@H](N)c1ccc(Cl)cc1,12
CCCC[C@H](N)c1ccc(F)cc1,9.15,base,CCCC[C@H]([NH3+])c1ccc(F)cc1,12,CCCC[C@H](N)c1ccc(F)cc1,12
CC[C@@H](N)c1ccccc1,9.3,base,CC[C@@H]([NH3+])c1ccccc1,9,CC[C@@H](N)c1ccccc1,9
CC[C@@H](C)C(=O)O,4.81,acid,CC[C@@H](C)C(=O)O,6,CC[C@@H](C)C(=O)[O-],6
CC[C@@H](N)c1ccc(Br)cc1,9.08,base,CC[C@@H]([NH3+])c1ccc(Br)cc1,10,CC[C@@H](N)c1ccc(Br)cc1,10
CC[C@@H](N)c1ccc(Cl)cc1,9.1,base,CC[C@@H]([NH3+])c1ccc(Cl)cc1,10,CC[C@@H](N)c1ccc(Cl)cc1,10
OCCN(CCO)CCc1ccccc1,7.6,base,OCC[NH+](CCO)CCc1ccccc1,8,OCCN(CCO)CCc1ccccc1,8
CC(C)NC[C@H](O)c1ccccc1Br,9.4,base,CC(C)[NH2+]C[C@H](O)c1ccccc1Br,3,CC(C)NC[C@H](O)c1ccccc1Br,3
CC(C)NC[C@H](O)c1cccc(Br)c1,9.37,base,CC(C)[NH2+]C[C@H](O)c1cccc(Br)c1,3,CC(C)NC[C@H](O)c1cccc(Br)c1,3
CC(C)NC[C@H](O)c1ccc(Br)cc1,9.26,base,CC(C)[NH2+]C[C@H](O)c1ccc(Br)cc1,3,CC(C)NC[C@H](O)c1ccc(Br)cc1,3
CCCCOc1ccc([C@@H](O)CNC)cc1OC,9.51,base,CCCCOc1ccc([C@@H](O)C[NH2+]C)cc1OC,15,CCCCOc1ccc([C@@H](O)CNC)cc1OC,15
CC(C)(C)NC[C@H](O)c1ccc(F)c(F)c1,9.51,base,CC(C)(C)[NH2+]C[C@H](O)c1ccc(F)c(F)c1,4,CC(C)(C)NC[C@H](O)c1ccc(F)c(F)c1,4
CCCCNC[C@H](O)c1ccc(OC)c(OC)c1,9.56,base,CCCC[NH2+]C[C@H](O)c1ccc(OC)c(OC)c1,4,CCCCNC[C@H](O)c1ccc(OC)c(OC)c1,4
CC[C@@H](C)NC[C@H](O)c1ccc(OC)c(OC)c1,9.48,base,CC[C@@H](C)[NH2+]C[C@H](O)c1ccc(OC)c(OC)c1,4,CC[C@@H](C)NC[C@H](O)c1ccc(OC)c(OC)c1,4
COc1ccc([C@@H](O)CNC(C)(C)C)cc1OC,9.73,base,COc1ccc([C@@H](O)C[NH2+]C(C)(C)C)cc1OC,4,COc1ccc([C@@H](O)CNC(C)(C)C)cc1OC,4
CC(C)NC[C@H](O)c1ccccc1Cl,9.43,base,CC(C)[NH2+]C[C@H](O)c1ccccc1Cl,3,CC(C)NC[C@H](O)c1ccccc1Cl,3
CC(C)NC[C@H](O)c1cccc(Cl)c1,9.42,base,CC(C)[NH2+]C[C@H](O)c1cccc(Cl)c1,3,CC(C)NC[C@H](O)c1cccc(Cl)c1,3
CC(C)NC[C@H](O)c1ccc(Cl)cc1,9.21,base,CC(C)[NH2+]C[C@H](O)c1ccc(Cl)cc1,3,CC(C)NC[C@H](O)c1ccc(Cl)cc1,3
CC(C)NC[C@H](O)c1cccc(C#N)c1,9.33,base,CC(C)[NH2+]C[C@H](O)c1cccc(C#N)c1,3,CC(C)NC[C@H](O)c1cccc(C#N)c1,3
CNC[C@H](O)c1ccc(C2CCCCC2)cc1,9.01,base,C[NH2+]C[C@H](O)c1ccc(C2CCCCC2)cc1,1,CNC[C@H](O)c1ccc(C2CCCCC2)cc1,1
CC(C)NC[C@H](O)c1ccc(Br)c(Br)c1,9.29,base,CC(C)[NH2+]C[C@H](O)c1ccc(Br)c(Br)c1,3,CC(C)NC[C@H](O)c1ccc(Br)c(Br)c1,3
CCN(CC)CCCCC(O)(c1ccccc1)c1ccccc1,10.08,base,CC[NH+](CC)CCCCC(O)(c1ccccc1)c1ccccc1,2,CCN(CC)CCCCC(O)(c1ccccc1)c1ccccc1,2
CCN(CC)CCCCC(c1ccccc1)c1ccccc1,10.1,base,CC[NH+](CC)CCCCC(c1ccccc1)c1ccccc1,2,CCN(CC)CCCCC(c1ccccc1)c1ccccc1,2
CCN(CC)CCC(c1ccccc1)c1ccccc1,10.1,base,CC[NH+](CC)CCC(c1ccccc1)c1ccccc1,2,CCN(CC)CCC(c1ccccc1)c1ccccc1,2
CC(C)NC[C@H](O)c1ccc(F)c(F)c1,9.36,base,CC(C)[NH2+]C[C@H](O)c1ccc(F)c(F)c1,3,CC(C)NC[C@H](O)c1ccc(F)c(F)c1,3
CN(C)C[C@H](O)c1ccc(O)c(O)c1,9.257,base,C[NH+](C)C[C@H](O)c1ccc(O)c(O)c1,1,CN(C)C[C@H](O)c1ccc(O)c(O)c1,1
COc1cc([C@@H](O)CN(C)C)ccc1O,9.52,base,COc1cc([C@@H](O)C[NH+](C)C)ccc1O,1,COc1cc([C@@H](O)CN(C)C)ccc1O,1
CCNC[C@H](O)c1ccc(OC)c(OC)c1,9.61,base,CC[NH2+]C[C@H](O)c1ccc(OC)c(OC)c1,2,CCNC[C@H](O)c1ccc(OC)c(OC)c1,2
CCNC[C@H](O)c1cccc(O)c1,8.983,base,CC[NH2+]C[C@H](O)c1cccc(O)c1,2,CCNC[C@H](O)c1cccc(O)c1,2
CC(C)NC[C@H](O)c1ccc(F)cc1,9.35,base,CC(C)[NH2+]C[C@H](O)c1ccc(F)cc1,3,CC(C)NC[C@H](O)c1ccc(F)cc1,3
CNC[C@H](O)c1ccc(O)c(OC)c1,9.52,base,C[NH2+]C[C@H](O)c1ccc(O)c(OC)c1,1,CNC[C@H](O)c1ccc(O)c(OC)c1,1
COc1ccc([C@@H](O)CNCC(C)C)cc1OC,9.28,base,COc1ccc([C@@H](O)C[NH2+]CC(C)C)cc1OC,4,COc1ccc([C@@H](O)CNCC(C)C)cc1OC,4
CC(C)NC[C@H](O)c1ccccc1,9.5,base,CC(C)[NH2+]C[C@H](O)c1ccccc1,3,CC(C)NC[C@H](O)c1ccccc1,3
COc1ccc([C@@H](O)CNC(C)C)cc1OC,9.58,base,COc1ccc([C@@H](O)C[NH2+]C(C)C)cc1OC,3,COc1ccc([C@@H](O)CNC(C)C)cc1OC,3
Cc1ccc([C@@H](O)CNC(C)C)cc1C,9.38,base,Cc1ccc([C@@H](O)C[NH2+]C(C)C)cc1C,10,Cc1ccc([C@@H](O)CNC(C)C)cc1C,10
CC(C)NC[C@H](O)c1ccccc1I,9.32,base,CC(C)[NH2+]C[C@H](O)c1ccccc1I,3,CC(C)NC[C@H](O)c1ccccc1I,3
COc1ccccc1[C@@H](O)CNC(C)C,9.69,base,COc1ccccc1[C@@H](O)C[NH2+]C(C)C,3,COc1ccccc1[C@@H](O)CNC(C)C,3
COc1cccc([C@@H](O)CNC(C)C)c1,9.54,base,COc1cccc([C@@H](O)C[NH2+]C(C)C)c1,3,COc1cccc([C@@H](O)CNC(C)C)c1,3
COc1ccc([C@@H](O)CNC(C)C)cc1,9.26,base,COc1ccc([C@@H](O)C[NH2+]C(C)C)cc1,3,COc1ccc([C@@H](O)CNC(C)C)cc1,3
Cc1ccc([C@@H](O)CNC(C)C)cc1,9.35,base,Cc1ccc([C@@H](O)C[NH2+]C(C)C)cc1,9,Cc1ccc([C@@H](O)CNC(C)C)cc1,9
CC(C)NC[C@H](O)c1ccc(S(C)(=O)=O)cc1,9.25,base,CC(C)[NH2+]C[C@H](O)c1ccc(S(C)(=O)=O)cc1,3,CC(C)NC[C@H](O)c1ccc(S(C)(=O)=O)cc1,3
CSc1ccccc1[C@@H](O)CNC(C)C,9.41,base,CSc1ccccc1[C@@H](O)C[NH2+]C(C)C,3,CSc1ccccc1[C@@H](O)CNC(C)C,3
CSc1ccc([C@@H](O)CNC(C)C)cc1,9.06,base,CSc1ccc([C@@H](O)C[NH2+]C(C)C)cc1,3,CSc1ccc([C@@H](O)CNC(C)C)cc1,3
CC(C)NC[C@H](O)c1ccccc1[N+](=O)[O-],9.35,base,CC(C)[NH2+]C[C@H](O)c1ccccc1[N+](=O)[O-],3,CC(C)NC[C@H](O)c1ccccc1[N+](=O)[O-],3
CC(C)NC[C@H](O)c1cccc([N+](=O)[O-])c1,9.21,base,CC(C)[NH2+]C[C@H](O)c1cccc([N+](=O)[O-])c1,3,CC(C)NC[C@H](O)c1cccc([N+](=O)[O-])c1,3
CC(C)NC[C@H](O)c1ccc([N+](=O)[O-])cc1,9.27,base,CC(C)[NH2+]C[C@H](O)c1ccc([N+](=O)[O-])cc1,3,CC(C)NC[C@H](O)c1ccc([N+](=O)[O-])cc1,3
CC(C)NC[C@H](O)c1cccc(-c2ccccc2)c1,9.49,base,CC(C)[NH2+]C[C@H](O)c1cccc(-c2ccccc2)c1,3,CC(C)NC[C@H](O)c1cccc(-c2ccccc2)c1,3
CC(C)NC[C@H](O)c1ccccc1C(F)(F)F,9.31,base,CC(C)[NH2+]C[C@H](O)c1ccccc1C(F)(F)F,3,CC(C)NC[C@H](O)c1ccccc1C(F)(F)F,3
CC(C)NC[C@H](O)c1cccc(C(F)(F)F)c1,9.3,base,CC(C)[NH2+]C[C@H](O)c1cccc(C(F)(F)F)c1,3,CC(C)NC[C@H](O)c1cccc(C(F)(F)F)c1,3
CNCC[C@H](O)c1ccccc1,9.565,base,C[NH2+]CC[C@H](O)c1ccccc1,1,CNCC[C@H](O)c1ccccc1,1
CNC(C)(C)Cc1ccccc1,10.37,base,C[NH2+]C(C)(C)Cc1ccccc1,10,CNC(C)(C)Cc1ccccc1,10
OCCN(CCO)Cc1ccccc1,7.68,base,OCC[NH+](CCO)Cc1ccccc1,7,OCCN(CCO)Cc1ccccc1,7
Cc1ccccc1CN(CCO)CCO,7.1,base,Cc1ccccc1C[NH+](CCO)CCO,8,Cc1ccccc1CN(CCO)CCO,8
Cc1cccc(CN(CCO)CCO)c1,7.0,base,Cc1cccc(C[NH+](CCO)CCO)c1,8,Cc1cccc(CN(CCO)CCO)c1,8
Cc1ccc(CN(CCO)CCO)cc1,7.2,base,Cc1ccc(C[NH+](CCO)CCO)cc1,8,Cc1ccc(CN(CCO)CCO)cc1,8
Cc1cc(C)c(CN(CCO)CCO)c(C)c1,7.45,base,Cc1cc(C)c(C[NH+](CCO)CCO)c(C)c1,9,Cc1cc(C)c(CN(CCO)CCO)c(C)c1,9
NCc1cccc(Br)c1,8.98,base,[NH3+]Cc1cccc(Br)c1,8,NCc1cccc(Br)c1,8
NCc1ccc(Br)cc1,9.13,base,[NH3+]Cc1ccc(Br)cc1,7,NCc1ccc(Br)cc1,7
N#Cc1ccc(CN)cc1,8.52,base,N#Cc1ccc(C[NH3+])cc1,7,N#Cc1ccc(CN)cc1,7
CN(C)Cc1cccc([N+](=O)[O-])c1,8.2,base,C[NH+](C)Cc1cccc([N+](=O)[O-])c1,1,CN(C)Cc1cccc([N+](=O)[O-])c1,1
CN(C)Cc1ccc([N+](=O)[O-])cc1,8.14,base,C[NH+](C)Cc1ccc([N+](=O)[O-])cc1,1,CN(C)Cc1ccc([N+](=O)[O-])cc1,1
NCc1cccc(F)c1,9.04,base,[NH3+]Cc1cccc(F)c1,8,NCc1cccc(F)c1,8
OCCN(CCO)Cc1cccc(F)c1,6.5,base,OCC[NH+](CCO)Cc1cccc(F)c1,8,OCCN(CCO)Cc1cccc(F)c1,8
OCCN(CCO)Cc1ccc(F)cc1,6.8,base,OCC[NH+](CCO)Cc1ccc(F)cc1,7,OCCN(CCO)Cc1ccc(F)cc1,7
CN(C)Cc1ccc(F)cc1,8.94,base,C[NH+](C)Cc1ccc(F)cc1,1,CN(C)Cc1ccc(F)cc1,1
COc1cccc(CN(C)C)c1,9.04,base,COc1cccc(C[NH+](C)C)c1,1,COc1cccc(CN(C)C)c1,1
CNCc1ccc(OC)cc1,9.97,base,C[NH2+]Cc1ccc(OC)cc1,1,CNCc1ccc(OC)cc1,1
CNCc1cccc([N+](=O)[O-])c1,8.77,base,C[NH2+]Cc1cccc([N+](=O)[O-])c1,1,CNCc1cccc([N+](=O)[O-])c1,1
CNCc1ccc([N+](=O)[O-])cc1,8.63,base,C[NH2+]Cc1ccc([N+](=O)[O-])cc1,1,CNCc1ccc([N+](=O)[O-])cc1,1
NCc1ccc([N+](=O)[O-])cc1,8.5,base,[NH3+]Cc1ccc([N+](=O)[O-])cc1,7,NCc1ccc([N+](=O)[O-])cc1,7
Cc1ccc(CN(C)C)cc1,9.22,base,Cc1ccc(C[NH+](C)C)cc1,8,Cc1ccc(CN(C)C)cc1,8
CC(=O)c1ccc(-c2ccc(N)cc2)cc1,3.98,base,CC(=O)c1ccc(-c2ccc([NH3+])cc2)cc1,15,CC(=O)c1ccc(-c2ccc(N)cc2)cc1,15
CN1CCCCCC1,10.3,base,C[NH+]1CCCCCC1,1,CN1CCCCCC1,1
C[C@@H]1CCCN(C)C1,10.02,base,C[C@@H]1CCC[N@H+](C)C1,5,C[C@@H]1CCCN(C)C1,5
C[C@@H]1CCN[C@H](C)C1,10.73,base,C[C@@H]1CC[NH2+][C@H](C)C1,4,C[C@@H]1CCN[C@H](C)C1,4
CC1(C)CCCNC1,10.38,base,CC1(C)CCC[NH2+]C1,5,CC1(C)CCCNC1,5
C=C1CCN(C)[C@@H](C)C1,9.25,base,C=C1CC[N@H+](C)[C@@H](C)C1,7,C=C1CCN(C)[C@@H](C)C1,7
C=C1CCN(C)C[C@H]1C,9.09,base,C=C1CC[N@@H+](C)C[C@H]1C,3,C=C1CCN(C)C[C@H]1C,3
CCN1CCC[C@@H](C)C1,10.33,base,CC[N@H+]1CCC[C@@H](C)C1,2,CCN1CCC[C@@H](C)C1,2
CCN1CCC(C)CC1,10.28,base,CC[NH+]1CCC(C)CC1,2,CCN1CCC(C)CC1,2
O[C@H](c1ccccc1)[C@@H]1CCCCN1,9.57,base,O[C@H](c1ccccc1)[C@@H]1CCCC[NH2+]1,12,O[C@H](c1ccccc1)[C@@H]1CCCCN1,12
CC1(C)CC(O)CC(C)(C)N1,10.05,base,CC1(C)CC(O)CC(C)(C)[NH2+]1,6,CC1(C)CC(O)CC(C)(C)N1,6
CC(C)CN1CCCCC1,10.44,base,CC(C)C[NH+]1CCCCC1,4,CC(C)CN1CCCCC1,4
CC(C)[C@H]1CCCNC1,10.75,base,CC(C)[C@H]1CCC[NH2+]C1,7,CC(C)[C@H]1CCCNC1,7
CC(C)=C1CCCNC1,10.47,base,CC(C)=C1CCC[NH2+]C1,6,CC(C)=C1CCCNC1,6
C=C(C)CC(=O)O[C@@H](C)N1CCCCC1,8.37,base,C=C(C)CC(=O)O[C@@H](C)[NH+]1CCCCC1,2,C=C(C)CC(=O)O[C@@H](C)N1CCCCC1,2
C=C1CCCN(C)C1,9.31,base,C=C1CCC[N@H+](C)C1,1,C=C1CCCN(C)C1,1
C=C1CCN(C)CC1,9.03,base,C=C1CC[NH+](C)CC1,1,C=C1CCN(C)CC1,1
C/C=C(\C)N1CCCCC1,8.35,base,C/C=C(\C)[NH+]1CCCCC1,4,C/C=C(\C)N1CCCCC1,4
CN1CC(C)(C)CC(C)(C)C1,9.43,base,C[NH+]1CC(C)(C)CC(C)(C)C1,5,CN1CC(C)(C)CC(C)(C)C1,5
CC1(C)CNCC(C)(C)C1,10.1,base,CC1(C)C[NH2+]CC(C)(C)C1,5,CC1(C)CNCC(C)(C)C1,5
CC1(C)CC(=O)CC(C)(C)N1,7.9,base,CC1(C)CC(=O)CC(C)(C)[NH2+]1,7,CC1(C)CC(=O)CC(C)(C)N1,7
C[C@H]1CCN(C)[C@@H](C)C1,10.09,base,C[C@H]1CC[N@H+](C)[C@@H](C)C1,4,C[C@H]1CCN(C)[C@@H](C)C1,4
C[C@@H]1C[C@H](C)CN(C)C1,10.0,base,C[C@@H]1C[C@H](C)C[NH+](C)C1,5,C[C@@H]1C[C@H](C)CN(C)C1,5
Nc1cccc(Br)n1,2.6,base,Nc1cccc(Br)[nH+]1,3,Nc1cccc(Br)n1,3
Nc1cc(Cl)ccn1,5.7,base,Nc1cc(Cl)cc[nH+]1,2,Nc1cc(Cl)ccn1,2
N#Cc1ccc(N)nc1,3.41,base,N#Cc1ccc(N)[nH+]c1,3,N#Cc1ccc(N)nc1,3
CCOC(=O)c1cccnc1N,4.73,base,CCOC(=O)c1ccc[nH+]c1N,9,CCOC(=O)c1cccnc1N,9
CCOC(=O)c1ccnc(N)c1,5.25,base,CCOC(=O)c1cc[nH+]c(N)c1,8,CCOC(=O)c1ccnc(N)c1,8
Nc1cnccc1O,11.38,acid,Nc1cnccc1O,6,Nc1cnccc1[O-],6
COc1cccc(N)n1,4.64,base,COc1cccc(N)[nH+]1,7,COc1cccc(N)n1,7
COC(=O)c1cccnc1N,4.78,base,COC(=O)c1ccc[nH+]c1N,8,COC(=O)c1cccnc1N,8
COC(=O)c1ccnc(N)c1,5.21,base,COC(=O)c1cc[nH+]c(N)c1,7,COC(=O)c1ccnc(N)c1,7
Cc1cc([N+](=O)[O-])cnc1N,3.58,base,Cc1cc([N+](=O)[O-])c[nH+]c1N,5,Cc1cc([N+](=O)[O-])cnc1N,5
Cc1cnc(N)c([N+](=O)[O-])c1,2.98,base,Cc1c[nH+]c(N)c([N+](=O)[O-])c1,5,Cc1cnc(N)c([N+](=O)[O-])c1,5
Nc1ncccc1[N+](=O)[O-],2.33,base,Nc1[nH+]cccc1[N+](=O)[O-],4,Nc1ncccc1[N+](=O)[O-],4
CC(C)CN1CCOCC1,7.82,base,CC(C)C[NH+]1CCOCC1,4,CC(C)CN1CCOCC1,4
CCCCCN1CCOCC1,7.69,base,CCCCC[NH+]1CCOCC1,5,CCCCCN1CCOCC1,5
O=C(O)c1ncc(-c2ccc(Cl)cc2)o1,1.68,acid,O=C(O)c1ncc(-c2ccc(Cl)cc2)o1,13,O=C([O-])c1ncc(-c2ccc(Cl)cc2)o1,13
Cc1nc(C)c(C(=O)O)o1,3.08,acid,Cc1nc(C)c(C(=O)O)o1,9,Cc1nc(C)c(C(=O)[O-])o1,9
O=C(O)c1nc(-c2ccccc2)oc1-c1ccccc1,3.4,acid,O=C(O)c1nc(-c2ccccc2)oc1-c1ccccc1,19,O=C([O-])c1nc(-c2ccccc2)oc1-c1ccccc1,19
O=C(O)c1ncc(-c2ccccc2)o1,1.78,acid,O=C(O)c1ncc(-c2ccccc2)o1,13,O=C([O-])c1ncc(-c2ccccc2)o1,13
C=CCc1c(C)nc(N)nc1C,5.1,base,C=CCc1c(C)nc(N)[nH+]c1C,6,C=CCc1c(C)nc(N)nc1C,6
CC(C)(C)c1nc(N)ncc1Br,2.88,base,CC(C)(C)c1nc(N)[nH+]cc1Br,7,CC(C)(C)c1nc(N)ncc1Br,7
Cc1nc(N)nc(C)c1Br,3.3,base,Cc1nc(N)[nH+]c(C)c1Br,6,Cc1nc(N)nc(C)c1Br,6
Nc1ncc(-c2ccc(Br)cc2)cn1,3.06,base,Nc1ncc(-c2ccc(Br)cc2)c[nH+]1,8,Nc1ncc(-c2ccc(Br)cc2)cn1,8
CC(C)(C)c1ccnc(N)n1,4.58,base,CC(C)(C)c1cc[nH+]c(N)n1,7,CC(C)(C)c1ccnc(N)n1,7
NC(=O)c1cnc(N)nc1,2.06,base,NC(=O)c1cnc(N)[nH+]c1,5,NC(=O)c1cnc(N)nc1,5
CCCc1c(C)nc(N)nc1C,5.42,base,CCCc1c(C)nc(N)[nH+]c1C,5,CCCc1c(C)nc(N)nc1C,5
CC[C@@H](C)Nc1nc(C)cc(C)n1,5.12,base,CC[C@@H](C)Nc1nc(C)cc(C)[nH+]1,6,CC[C@@H](C)Nc1nc(C)cc(C)n1,6
COc1ncc(-c2ccc(N(C)C)cc2)cn1,4.31,base,COc1ncc(-c2ccc([NH+](C)C)cc2)cn1,1,COc1ncc(-c2ccc(N(C)C)cc2)cn1,1
Cc1cc(C)nc(O)n1,10.5,acid,Cc1cc(C)nc(O)n1,7,Cc1cc(C)nc([O-])n1,7
Cc1cc(O)nc(C)n1,9.82,acid,Cc1cc(O)nc(C)n1,8,Cc1cc([O-])nc(C)n1,8
CCCc1c(C)nc(O)nc1C,10.89,acid,CCCc1c(C)nc(O)nc1C,10,CCCc1c(C)nc([O-])nc1C,10
CC#Cc1c(C)nc(O)nc1C,9.49,acid,CC#Cc1c(C)nc(O)nc1C,10,CC#Cc1c(C)nc([O-])nc1C,10
C#CCc1c(C)nc(O)nc1C,10.25,acid,C#CCc1c(C)nc(O)nc1C,7,C#CCc1c(C)nc([O-])nc1C,7
COc1cc(O)ncn1,8.47,acid,COc1cc(O)ncn1,8,COc1cc([O-])ncn1,8
Cc1cncnc1O,9.17,acid,Cc1cncnc1O,7,Cc1cncnc1[O-],7
CSc1cc(O)ncn1,8.52,acid,CSc1cc(O)ncn1,8,CSc1cc([O-])ncn1,8
O=[N+]([O-])c1ccc(-c2cnc(O)nc2)cc1,8.17,acid,O=[N+]([O-])c1ccc(-c2cnc(O)nc2)cc1,12,O=[N+]([O-])c1ccc(-c2cnc([O-])nc2)cc1,12
Cc1nc(O)nc(C)c1C,10.85,acid,Cc1nc(O)nc(C)c1C,8,Cc1nc([O-])nc(C)c1C,8
C[C@H]1CN=C(C(C)(C)C)S1,5.027,base,C[C@H]1C[NH+]=C(C(C)(C)C)S1,3,C[C@H]1CN=C(C(C)(C)C)S1,3
Cc1csc(C(=O)O)n1,3.18,acid,Cc1csc(C(=O)O)n1,8,Cc1csc(C(=O)[O-])n1,8
CCC1=N[C@@H](CC)CS1,5.36,base,CCC1=[NH+][C@@H](CC)CS1,6,CCC1=N[C@@H](CC)CS1,6
CC1=NC[C@H](C)S1,5.256,base,CC1=[NH+]C[C@H](C)S1,3,CC1=NC[C@H](C)S1,3
CC(C)C1=NC[C@H](C)S1,5.164,base,CC(C)C1=[NH+]C[C@H](C)S1,3,CC(C)C1=NC[C@H](C)S1,3
CC(C)c1cccc(=O)c(O)c1Br,4.68,acid,CC(C)c1cccc(=O)c(O)c1Br,12,CC(C)c1cccc(=O)c([O-])c1Br,12
CC(C)c1cc(O)c(=O)ccc1Br,4.54,acid,CC(C)c1cc(O)c(=O)ccc1Br,12,CC(C)c1cc([O-])c(=O)ccc1Br,12
CC(C)c1ccc(Br)c(=O)c(O)c1,4.28,acid,CC(C)c1ccc(Br)c(=O)c(O)c1,11,CC(C)c1ccc(Br)c(=O)c([O-])c1,11
CC(C)c1ccc(Br)c(=O)c(O)c1Br,4.44,acid,CC(C)c1ccc(Br)c(=O)c(O)c1Br,12,CC(C)c1ccc(Br)c(=O)c([O-])c1Br,12
C1CC2CCC1CNC2,10.57,base,C1CC2CCC1C[NH2+]C2,7,C1CC2CCC1CNC2,7
CN1CC2CCC(CC2)C1,10.24,base,C[NH+]1CC2CCC(CC2)C1,1,CN1CC2CCC(CC2)C1,1
C1CC[C@@H]2CNCC[C@H]2C1,11.32,base,C1CC[C@@H]2C[NH2+]CC[C@H]2C1,5,C1CC[C@@H]2CNCC[C@H]2C1,5
C1CC[C@H]2NCCC[C@H]2C1,11.29,base,C1CC[C@H]2[NH2+]CCC[C@H]2C1,9,C1CC[C@H]2NCCC[C@H]2C1,9
C[C@@H]1C[C@H](Cl)[C@@H]2CCCC[C@@H]2N1,9.67,base,C[C@@H]1C[C@H](Cl)[C@@H]2CCCC[C@@H]2[NH2+]1,10,C[C@@H]1C[C@H](Cl)[C@@H]2CCCC[C@@H]2N1,10
C[C@H]1C[C@H](O[N+](=O)[O-])[C@@H]2CCCC[C@H]2N1,9.36,base,C[C@H]1C[C@H](O[N+](=O)[O-])[C@@H]2CCCC[C@H]2[NH2+]1,10,C[C@H]1C[C@H](O[N+](=O)[O-])[C@@H]2CCCC[C@H]2N1,10
ClCCN(CCCl)c1cc(Cl)cc2c1OCOC2,6.9,base,ClCC[NH+](CCCl)c1cc(Cl)cc2c1OCOC2,10,ClCCN(CCCl)c1cc(Cl)cc2c1OCOC2,10
Nc1cccc(-c2cc(=O)c3c(ccc4ccccc43)o2)c1,3.23,base,[NH3+]c1cccc(-c2cc(=O)c3c(ccc4ccccc43)o2)c1,21,Nc1cccc(-c2cc(=O)c3c(ccc4ccccc43)o2)c1,21
Nc1ccc(-c2cc(=O)c3c(ccc4ccccc43)o2)cc1,2.97,base,[NH3+]c1ccc(-c2cc(=O)c3c(ccc4ccccc43)o2)cc1,21,Nc1ccc(-c2cc(=O)c3c(ccc4ccccc43)o2)cc1,21
CN(C)CCCN1c2ccccc2Sc2ccc(Cl)cc21,9.24,base,C[NH+](C)CCCN1c2ccccc2Sc2ccc(Cl)cc21,1,CN(C)CCCN1c2ccccc2Sc2ccc(Cl)cc21,1
c1ccc(CNc2ccccc2)cc1,4.04,base,c1ccc(C[NH2+]c2ccccc2)cc1,7,c1ccc(CNc2ccccc2)cc1,7
Nc1ccc(Cc2ccccc2)cc1,4.78,base,[NH3+]c1ccc(Cc2ccccc2)cc1,13,Nc1ccc(Cc2ccccc2)cc1,13
CCN(CC)c1ccc(Br)cc1,5.81,base,CC[NH+](CC)c1ccc(Br)cc1,2,CCN(CC)c1ccc(Br)cc1,2
Cc1cc(N)ccc1Br,4.05,base,Cc1cc([NH3+])ccc1Br,8,Cc1cc(N)ccc1Br,8
Nc1cc([N+](=O)[O-])ccc1Br,0.52,base,[NH3+]c1cc([N+](=O)[O-])ccc1Br,9,Nc1cc([N+](=O)[O-])ccc1Br,9
Nc1ccc(Br)c([N+](=O)[O-])c1,1.8,base,[NH3+]c1ccc(Br)c([N+](=O)[O-])c1,6,Nc1ccc(Br)c([N+](=O)[O-])c1,6
CCCCOc1ccc(N)c([N+](=O)[O-])c1,0.74,base,CCCCOc1ccc([NH3+])c([N+](=O)[O-])c1,14,CCCCOc1ccc(N)c([N+](=O)[O-])c1,14
Nc1ccc(F)c(Cl)c1,3.66,base,[NH3+]c1ccc(F)c(Cl)c1,6,Nc1ccc(F)c(Cl)c1,6
COc1ccc(Cl)cc1N,3.56,base,COc1ccc(Cl)cc1[NH3+],8,COc1ccc(Cl)cc1N,8
Cc1cc(Cl)ccc1N,3.848,base,Cc1cc(Cl)ccc1[NH3+],7,Cc1cc(Cl)ccc1N,7
CS(=O)(=O)c1ccc(N)cc1Cl,0.47,base,CS(=O)(=O)c1ccc([NH3+])cc1Cl,11,CS(=O)(=O)c1ccc(N)cc1Cl,11
Nc1cc([N+](=O)[O-])ccc1Cl,0.64,base,[NH3+]c1cc([N+](=O)[O-])ccc1Cl,9,Nc1cc([N+](=O)[O-])ccc1Cl,9
N#Cc1cc(N)cc([N+](=O)[O-])c1,0.45,base,N#Cc1cc([NH3+])cc([N+](=O)[O-])c1,6,N#Cc1cc(N)cc([N+](=O)[O-])c1,6
Nc1ccc(C2CCC2)cc1,4.8,base,[NH3+]c1ccc(C2CCC2)cc1,10,Nc1ccc(C2CCC2)cc1,10
Nc1ccc(C2CCCC2)cc1,5.1,base,[NH3+]c1ccc(C2CCCC2)cc1,11,Nc1ccc(C2CCCC2)cc1,11
Nc1ccccc1C1CC1,4.3,base,[NH3+]c1ccccc1C1CC1,9,Nc1ccccc1C1CC1,9
Nc1ccc(C2CC2)cc1,4.9,base,[NH3+]c1ccc(C2CC2)cc1,9,Nc1ccc(C2CC2)cc1,9
Nc1cc(Br)ccc1Br,1.44,base,[NH3+]c1cc(Br)ccc1Br,7,Nc1cc(Br)ccc1Br,7
CCCCOc1ccc(OCCCC)c(N)c1,3.96,base,CCCCOc1ccc(OCCCC)c([NH3+])c1,11,CCCCOc1ccc(OCCCC)c(N)c1,11
Nc1c(Cl)cccc1Cl,0.422,base,[NH3+]c1c(Cl)cccc1Cl,7,Nc1c(Cl)cccc1Cl,7
Nc1cc(Cl)cc(Cl)c1,2.371,base,[NH3+]c1cc(Cl)cc(Cl)c1,8,Nc1cc(Cl)cc(Cl)c1,8
CSc1cc(Cl)c(N)cc1Cl,1.7,base,CSc1cc(Cl)c([NH3+])cc1Cl,9,CSc1cc(Cl)c(N)cc1Cl,9
CSc1c(Cl)cc(N)cc1Cl,1.67,base,CSc1c(Cl)cc([NH3+])cc1Cl,9,CSc1c(Cl)cc(N)cc1Cl,9
CCOc1ccc(OCC)c(N)c1,3.94,base,CCOc1ccc(OCC)c([NH3+])c1,9,CCOc1ccc(OCC)c(N)c1,9
CCN(CC)c1ccc([N+](=O)[O-])cc1,1.75,base,CC[NH+](CC)c1ccc([N+](=O)[O-])cc1,2,CCN(CC)c1ccc([N+](=O)[O-])cc1,2
CSc1c(I)cc(N)cc1I,1.15,base,CSc1c(I)cc([NH3+])cc1I,9,CSc1c(I)cc(N)cc1I,9
Nc1cc([N+](=O)[O-])cc([N+](=O)[O-])c1,0.229,base,[NH3+]c1cc([N+](=O)[O-])cc([N+](=O)[O-])c1,12,Nc1cc([N+](=O)[O-])cc([N+](=O)[O-])c1,12
CCOC(=O)c1cc(N)cc([N+](=O)[O-])c1,0.98,base,CCOC(=O)c1cc([NH3+])cc([N+](=O)[O-])c1,14,CCOC(=O)c1cc(N)cc([N+](=O)[O-])c1,14
CCC(CC)C[N@@H+](CC[N+]1(C)CCCCC1)c1ccccc1,3.79,base,CCC(CC)C[N@@H+](CC[N+]1(C)CCCCC1)c1ccccc1,6,CCC(CC)CN(CC[N+]1(C)CCCCC1)c1ccccc1,6
Nc1ccc(F)c([N+](=O)[O-])c1,2.44,base,[NH3+]c1ccc(F)c([N+](=O)[O-])c1,6,Nc1ccc(F)c([N+](=O)[O-])c1,6
CCCCCCC[N@@H+](CC[N+]1(C)CCCCC1)c1ccccc1,3.21,base,CCCCCCC[N@@H+](CC[N+]1(C)CCCCC1)c1ccccc1,7,CCCCCCCN(CC[N+]1(C)CCCCC1)c1ccccc1,7
CCCCCC[N@@H+](CC[N+]1(C)CCCCC1)c1ccccc1,3.13,base,CCCCCC[N@@H+](CC[N+]1(C)CCCCC1)c1ccccc1,6,CCCCCCN(CC[N+]1(C)CCCCC1)c1ccccc1,6
Nc1cc(I)cc([N+](=O)[O-])c1,1.44,base,[NH3+]c1cc(I)cc([N+](=O)[O-])c1,10,Nc1cc(I)cc([N+](=O)[O-])c1,10
CC(C)C[N@@H+](CC[N+]1(C)CCCCC1)c1ccccc1,3.02,base,CC(C)C[N@@H+](CC[N+]1(C)CCCCC1)c1ccccc1,4,CC(C)CN(CC[N+]1(C)CCCCC1)c1ccccc1,4
CC(C)CC[N@@H+](CC[N+]1(C)CCCCC1)c1ccccc1,3.06,base,CC(C)CC[N@@H+](CC[N+]1(C)CCCCC1)c1ccccc1,5,CC(C)CCN(CC[N+]1(C)CCCCC1)c1ccccc1,5
CC(C)c1ccc(N)cc1,4.85,base,CC(C)c1ccc([NH3+])cc1,9,CC(C)c1ccc(N)cc1,9
CC(C)[N@H+](CC[N+]1(C)CCCCC1)c1ccccc1,3.26,base,CC(C)[N@H+](CC[N+]1(C)CCCCC1)c1ccccc1,3,CC(C)N(CC[N+]1(C)CCCCC1)c1ccccc1,3
CC(C)Nc1ccc([N+](=O)[O-])cc1,1.32,base,CC(C)[NH2+]c1ccc([N+](=O)[O-])cc1,3,CC(C)Nc1ccc([N+](=O)[O-])cc1,3
CC(C)S(=O)(=O)c1ccc(N)cc1,1.4,base,CC(C)S(=O)(=O)c1ccc([NH3+])cc1,12,CC(C)S(=O)(=O)c1ccc(N)cc1,12
CC(C)Sc1ccc(N)cc1,3.89,base,CC(C)Sc1ccc([NH3+])cc1,10,CC(C)Sc1ccc(N)cc1,10
COC(=O)c1ccc(N)cc1C,2.73,base,COC(=O)c1ccc([NH3+])cc1C,11,COC(=O)c1ccc(N)cc1C,11
COc1ccc([N+](=O)[O-])cc1N,2.49,base,COc1ccc([N+](=O)[O-])cc1[NH3+],8,COc1ccc([N+](=O)[O-])cc1N,8
COc1ccc(N)c([N+](=O)[O-])c1,0.77,base,COc1ccc([NH3+])c([N+](=O)[O-])c1,11,COc1ccc(N)c([N+](=O)[O-])c1,11
COc1ccc(N)cc1[N+](=O)[O-],3.36,base,COc1ccc([NH3+])cc1[N+](=O)[O-],11,COc1ccc(N)cc1[N+](=O)[O-],11
COc1ccc(Sc2ccc(N)cc2)cc1,3.94,base,COc1ccc(Sc2ccc([NH3+])cc2)cc1,15,COc1ccc(Sc2ccc(N)cc2)cc1,15
C[N@H+](CC[N+]1(C)CCCCC1)c1ccccc1,2.61,base,C[N@H+](CC[N+]1(C)CCCCC1)c1ccccc1,1,CN(CC[N+]1(C)CCCCC1)c1ccccc1,1
CNc1ccccc1SC,3.71,base,C[NH2+]c1ccccc1SC,1,CNc1ccccc1SC,1
CNc1ccc([N+](=O)[O-])cc1,0.55,base,C[NH2+]c1ccc([N+](=O)[O-])cc1,1,CNc1ccc([N+](=O)[O-])cc1,1
Cc1ccc([N+](=O)[O-])cc1N,2.345,base,Cc1ccc([N+](=O)[O-])cc1[NH3+],7,Cc1ccc([N+](=O)[O-])cc1N,7
Cc1cc(N)cc([N+](=O)[O-])c1,2.38,base,Cc1cc([NH3+])cc([N+](=O)[O-])c1,10,Cc1cc(N)cc([N+](=O)[O-])c1,10
CCCCCCCC[N@@H+](CC[N+]1(C)CCCCC1)c1ccccc1,3.32,base,CCCCCCCC[N@@H+](CC[N+]1(C)CCCCC1)c1ccccc1,8,CCCCCCCCN(CC[N+]1(C)CCCCC1)c1ccccc1,8
CCCCC[N@@H+](CC[N+]1(C)CCCCC1)c1ccccc1,2.96,base,CCCCC[N@@H+](CC[N+]1(C)CCCCC1)c1ccccc1,5,CCCCCN(CC[N+]1(C)CCCCC1)c1ccccc1,5
CCC[C@@H](C)[N@@H+](CC[N+]1(C)CCCCC1)c1ccccc1,3.42,base,CCC[C@@H](C)[N@@H+](CC[N+]1(C)CCCCC1)c1ccccc1,5,CCC[C@@H](C)N(CC[N+]1(C)CCCCC1)c1ccccc1,5
CCC[N@@H+](CC[N+]1(C)CCCCC1)c1ccccc1,2.82,base,CCC[N@@H+](CC[N+]1(C)CCCCC1)c1ccccc1,3,CCCN(CC[N+]1(C)CCCCC1)c1ccccc1,3
CSc1ccccc1N,3.45,base,CSc1ccccc1[NH3+],8,CSc1ccccc1N,8
CSc1ccc(N)cc1[N+](=O)[O-],2.47,base,CSc1ccc([NH3+])cc1[N+](=O)[O-],11,CSc1ccc(N)cc1[N+](=O)[O-],11
Nc1cc([N+](=O)[O-])cc(C(F)(F)F)c1,0.82,base,[NH3+]c1cc([N+](=O)[O-])cc(C(F)(F)F)c1,6,Nc1cc([N+](=O)[O-])cc(C(F)(F)F)c1,6
Cc1cc(C)c(N(C)C)c(C)c1,4.84,base,Cc1cc(C)c([NH+](C)C)c(C)c1,8,Cc1cc(C)c(N(C)C)c(C)c1,8
C=C(c1ccccc1)c1ccc(N)cc1,4.18,base,C=C(c1ccccc1)c1ccc([NH3+])cc1,14,C=C(c1ccccc1)c1ccc(N)cc1,14
Nc1ccccc1Sc1ccccc1,2.5,base,[NH3+]c1ccccc1Sc1ccccc1,13,Nc1ccccc1Sc1ccccc1,13
Nc1cccc(OC(F)(F)C(F)F)c1,3.38,base,[NH3+]c1cccc(OC(F)(F)C(F)F)c1,13,Nc1cccc(OC(F)(F)C(F)F)c1,13
Nc1ccc(OC(F)(F)C(F)F)cc1,3.98,base,[NH3+]c1ccc(OC(F)(F)C(F)F)cc1,6,Nc1ccc(OC(F)(F)C(F)F)cc1,6
Nc1cccc(SC(F)(F)C(F)F)c1,3.39,base,[NH3+]c1cccc(SC(F)(F)C(F)F)c1,13,Nc1cccc(SC(F)(F)C(F)F)c1,13
Nc1ccc(SC(F)(F)C(F)F)cc1,2.87,base,[NH3+]c1ccc(SC(F)(F)C(F)F)cc1,6,Nc1ccc(SC(F)(F)C(F)F)cc1,6
CNc1c(C)cc(C)cc1C,5.47,base,C[NH2+]c1c(C)cc(C)cc1C,8,CNc1c(C)cc(C)cc1C,8
Nc1cc(Cl)c(Cl)cc1Cl,1.09,base,[NH3+]c1cc(Cl)c(Cl)cc1Cl,9,Nc1cc(Cl)c(Cl)cc1Cl,9
Nc1cccc(OC(F)(F)F)c1,3.25,base,[NH3+]c1cccc(OC(F)(F)F)c1,11,Nc1cccc(OC(F)(F)F)c1,11
Nc1ccccc1OC(F)(F)F,2.44,base,[NH3+]c1ccccc1OC(F)(F)F,6,Nc1ccccc1OC(F)(F)F,6
Nc1ccc(OC(F)(F)F)cc1,3.82,base,[NH3+]c1ccc(OC(F)(F)F)cc1,6,Nc1ccc(OC(F)(F)F)cc1,6
Nc1cccc(S(=O)(=O)C(F)(F)F)c1,1.79,base,[NH3+]c1cccc(S(=O)(=O)C(F)(F)F)c1,13,Nc1cccc(S(=O)(=O)C(F)(F)F)c1,13
Nc1cccc(SC(F)(F)F)c1,3.3,base,[NH3+]c1cccc(SC(F)(F)F)c1,11,Nc1cccc(SC(F)(F)F)c1,11
Nc1ccc(SC(F)(F)F)cc1,2.78,base,[NH3+]c1ccc(SC(F)(F)F)cc1,6,Nc1ccc(SC(F)(F)F)cc1,6
CNc1ccc(C)cc1C,4.56,base,C[NH2+]c1ccc(C)cc1C,8,CNc1ccc(C)cc1C,8
O=C1C(O)=C(Oc2ccccc2)C(=O)C(O)=C1Oc1ccccc1,2.0,acid,O=C1C(O)=C(Oc2ccccc2)C(=O)C(O)=C1Oc1ccccc1,23,O=C1C(O)=C(Oc2ccccc2)C(=O)C([O-])=C1Oc1ccccc1,15
O=C1C(O)=C(Oc2ccccc2)C(=O)C([O-])=C1Oc1ccccc1,3.0,acid,O=C1C(O)=C(Oc2ccccc2)C(=O)C([O-])=C1Oc1ccccc1,23,O=C1C([O-])=C(Oc2ccccc2)C(=O)C([O-])=C1Oc1ccccc1,23
C[C@@]12CC[C@H]3c4ccc(O)cc4CC[C@@H]3[C@@H]1CCC2=O,10.91,acid,C[C@@]12CC[C@H]3c4ccc(O)cc4CC[C@@H]3[C@@H]1CCC2=O,19,C[C@@]12CC[C@H]3c4ccc([O-])cc4CC[C@@H]3[C@@H]1CCC2=O,19
CC(C)(C)c1cc(C(C)(C)C)c(O)c(C(C)(C)C)c1,12.19,acid,CC(C)(C)c1cc(C(C)(C)C)c(O)c(C(C)(C)C)c1,14,CC(C)(C)c1cc(C(C)(C)C)c([O-])c(C(C)(C)C)c1,14
O=P(O)(Oc1ccc2ccccc2c1)Oc1ccc2ccccc2c1,0.74,acid,O=P(O)(Oc1ccc2ccccc2c1)Oc1ccc2ccccc2c1,13,O=P([O-])(Oc1ccc2ccccc2c1)Oc1ccc2ccccc2c1,13
CC(=O)Oc1cccc(C(=O)O)c1,4.0,acid,CC(=O)Oc1cccc(C(=O)O)c1,12,CC(=O)Oc1cccc(C(=O)[O-])c1,12
CC(=O)c1ccccc1C(=O)O,4.13,acid,CC(=O)c1ccccc1C(=O)O,11,CC(=O)c1ccccc1C(=O)[O-],11
CC(=O)c1cccc(C(=O)O)c1,3.83,acid,CC(=O)c1cccc(C(=O)O)c1,11,CC(=O)c1cccc(C(=O)[O-])c1,11
CC(=O)c1ccc(C(=O)O)cc1,3.7,acid,CC(=O)c1ccc(C(=O)O)cc1,11,CC(=O)c1ccc(C(=O)[O-])cc1,11
C=CC[C@@H](C)C(=O)O,4.72,acid,C=CC[C@@H](C)C(=O)O,7,C=CC[C@@H](C)C(=O)[O-],7
CC[C@@H](N)C(=O)OC,7.64,base,CC[C@@H]([NH3+])C(=O)OC,7,CC[C@@H](N)C(=O)OC,7
NCCc1ccccn1,9.78,base,[NH3+]CCc1ccccn1,8,NCCc1ccccn1,8
Cc1ccc(CN)cn1,8.7,base,Cc1ccc(C[NH3+])cn1,8,Cc1ccc(CN)cn1,8
Nc1ccc(CC(=O)O)cc1,3.6,acid,Nc1ccc(CC(=O)O)cc1,9,Nc1ccc(CC(=O)[O-])cc1,9
[NH3+]c1ccc(CC(=O)[O-])cc1,5.26,base,[NH3+]c1ccc(CC(=O)[O-])cc1,10,Nc1ccc(CC(=O)[O-])cc1,10
C1CCCNCCC1,11.1,base,C1CCC[NH2+]CCC1,4,C1CCCNCCC1,4
C/C=C/C(=O)O,4.44,acid,C/C=C/C(=O)O,5,C/C=C/C(=O)[O-],5
CCCC[P@@H](=O)O,3.41,acid,CCCC[P@@H](=O)O,6,CCCC[P@@H](=O)[O-],6
CC[C@H](Cl)C(=O)O,2.86,acid,CC[C@H](Cl)C(=O)O,5,CC[C@H](Cl)C(=O)[O-],5
C[C@@H](Cl)CC(=O)O,4.05,acid,C[C@@H](Cl)CC(=O)O,5,C[C@@H](Cl)CC(=O)[O-],5
O=C(O)CCCCl,4.5,acid,O=C(O)CCCCl,4,O=C([O-])CCCCl,4
C/C=C(\Cl)C(=O)O,2.8,acid,C/C=C(\Cl)C(=O)O,5,C/C=C(\Cl)C(=O)[O-],5
O=C(O)[C@H](O)CCl,3.12,acid,O=C(O)[C@H](O)CCl,4,O=C([O-])[C@H](O)CCl,4
C[C@H](Oc1ccc(Cl)cc1)C(=O)O,3.26,acid,C[C@H](Oc1ccc(Cl)cc1)C(=O)O,4,C[C@H](Oc1ccc(Cl)cc1)C(=O)[O-],4
Cc1c(N)cccc1Cl,2.49,base,Cc1c([NH3+])cccc1Cl,8,Cc1c(N)cccc1Cl,8
Cc1ccc(Cl)cc1N,3.85,base,Cc1ccc(Cl)cc1[NH3+],7,Cc1ccc(Cl)cc1N,7
Cc1cccc(Cl)c1N,3.62,base,Cc1cccc(Cl)c1[NH3+],7,Cc1cccc(Cl)c1N,7
O=C(O)C(Br)Br,1.39,acid,O=C(O)C(Br)Br,3,O=C([O-])C(Br)Br,3
CC(Br)(Br)C(=O)O,1.48,acid,CC(Br)(Br)C(=O)O,4,CC(Br)(Br)C(=O)[O-],4
O=C(O)[C@@H](Br)CBr,2.33,acid,O=C(O)[C@@H](Br)CBr,4,O=C([O-])[C@@H](Br)CBr,4
O=C(O)CC(=O)C(Cl)Cl,2.11,acid,O=C(O)CC(=O)C(Cl)Cl,8,O=C([O-])CC(=O)C(Cl)Cl,8
O=C(O)[C@@H](Cl)CCl,2.85,acid,O=C(O)[C@@H](Cl)CCl,4,O=C([O-])[C@@H](Cl)CCl,4
C1CCC(NC2CCCCC2)CC1,11.25,base,C1CCC([NH2+]C2CCCCC2)CC1,6,C1CCC(NC2CCCCC2)CC1,6
CCOCCNCCOCC,8.47,base,CCOCC[NH2+]CCOCC,5,CCOCCNCCOCC,5
CCN(CC)CCOC(=O)c1ccccc1,8.85,base,CC[NH+](CC)CCOC(=O)c1ccccc1,2,CCN(CC)CCOC(=O)c1ccccc1,2
O=C(O)C(F)F,1.33,acid,O=C(O)C(F)F,3,O=C([O-])C(F)F,3
Cc1c(O)cccc1O,10.05,acid,Cc1c(O)cccc1O,8,Cc1c([O-])cccc1O,7
O=C(O)C(CO)(CO)CO,4.46,acid,O=C(O)C(CO)(CO)CO,8,O=C([O-])C(CO)(CO)CO,8
COCCNCCOC,9.51,base,COCC[NH2+]CCOC,4,COCCNCCOC,4
COc1cc(O)cc(OC)c1,9.345,acid,COc1cc(O)cc(OC)c1,10,COc1cc([O-])cc(OC)c1,10
O=CC(=O)O,3.18,acid,O=CC(=O)O,4,O=CC(=O)[O-],4
CCOC(=O)CCN,9.1,base,CCOC(=O)CC[NH3+],7,CCOC(=O)CCN,7
O=C(O)C[N+](=O)[O-],1.48,acid,O=C(O)C[N+](=O)[O-],3,O=C([O-])C[N+](=O)[O-],3
CC[P@@H](=O)O,3.29,acid,CC[P@@H](=O)O,4,CC[P@@H](=O)[O-],4
CCN1CCCC1,10.43,base,CC[NH+]1CCCC1,2,CCN1CCCC1,2
CCN1C[C@@H](C)C[C@@H](O)[C@@H]1[C@H](C)c1ccc2c(c1C)C[C@@H]1[C@H]2CC=C2C[C@H](O)CC[C@@]21C,7.4,base,CC[N@@H+]1C[C@@H](C)C[C@@H](O)[C@@H]1[C@H](C)c1ccc2c(c1C)C[C@@H]1[C@H]2CC=C2C[C@H](O)CC[C@@]21C,2,CCN1C[C@@H](C)C[C@@H](O)[C@@H]1[C@H](C)c1ccc2c(c1C)C[C@@H]1[C@H]2CC=C2C[C@H](O)CC[C@@]21C,2
C[Si](C)(C)N[Si](C)(C)C,7.55,base,C[Si](C)(C)[NH2+][Si](C)(C)C,4,C[Si](C)(C)N[Si](C)(C)C,4
CCCCCC(=O)O,4.849,acid,CCCCCC(=O)O,7,CCCCCC(=O)[O-],7
CC/C=C(/CC)C(=O)O,4.58,acid,CC/C=C(/CC)C(=O)O,8,CC/C=C(/CC)C(=O)[O-],8
O=C(O)c1cc(Cl)ccc1O,2.63,acid,O=C(O)c1cc(Cl)ccc1O,9,O=C([O-])c1cc(Cl)ccc1O,9
COc1cc(C(=O)O)ccc1O,4.355,acid,COc1cc(C(=O)O)ccc1O,11,COc1cc(C(=O)[O-])ccc1O,11
O=C(O)Cc1ccccc1CO,4.12,acid,O=C(O)Cc1ccccc1CO,9,O=C([O-])Cc1ccccc1CO,9
Cc1cccc(C(=O)O)c1O,2.99,acid,Cc1cccc(C(=O)O)c1O,10,Cc1cccc(C(=O)[O-])c1O,10
Cc1ccc(C(=O)O)c(O)c1,3.17,acid,Cc1ccc(C(=O)O)c(O)c1,10,Cc1ccc(C(=O)[O-])c(O)c1,10
Cc1ccc(O)c(C(=O)O)c1,4.08,acid,Cc1ccc(O)c(C(=O)O)c1,9,Cc1ccc(O)c(C(=O)[O-])c1,9
Cc1cccc(O)c1C(=O)O,3.32,acid,Cc1cccc(O)c1C(=O)O,9,Cc1cccc(O)c1C(=O)[O-],9
O=C(O)c1c(O)ccc2ccccc12,3.29,acid,O=C(O)c1c(O)ccc2ccccc12,12,O=C([O-])c1c(O)ccc2ccccc12,12
O=C(O)c1cccc([N+](=O)[O-])c1O,1.87,acid,O=C(O)c1cccc([N+](=O)[O-])c1O,12,O=C([O-])c1cccc([N+](=O)[O-])c1O,12
O=C(O)c1c(O)cccc1[N+](=O)[O-],2.24,acid,O=C(O)c1c(O)cccc1[N+](=O)[O-],9,O=C([O-])c1c(O)cccc1[N+](=O)[O-],9
Oc1ccc(C(F)(F)F)cc1,8.675,acid,Oc1ccc(C(F)(F)F)cc1,10,[O-]c1ccc(C(F)(F)F)cc1,10
CC(C)(C)CC(=O)O,4.79,acid,CC(C)(C)CC(=O)O,7,CC(C)(C)CC(=O)[O-],7
CC(C)[P@@H](=O)O,3.56,acid,CC(C)[P@@H](=O)O,5,CC(C)[P@@H](=O)[O-],5
CCOC(=O)[C@@H](N)CC(C)C,7.57,base,CCOC(=O)[C@@H]([NH3+])CC(C)C,10,CCOC(=O)[C@@H](N)CC(C)C,10
COCC(=O)O,3.57,acid,COCC(=O)O,5,COCC(=O)[O-],5
COC(=O)CN,7.66,base,COC(=O)C[NH3+],5,COC(=O)CN,5
Cc1c(C(=O)O)cc([N+](=O)[O-])cc1[N+](=O)[O-],2.97,acid,Cc1c(C(=O)O)cc([N+](=O)[O-])cc1[N+](=O)[O-],15,Cc1c(C(=O)[O-])cc([N+](=O)[O-])cc1[N+](=O)[O-],15
CC1CCNCC1,11.23,base,CC1CC[NH2+]CC1,4,CC1CCNCC1,4
C[C@@H](C(=O)O)[N+](=O)[O-],3.79,acid,C[C@@H](C(=O)O)[N+](=O)[O-],4,C[C@@H](C(=O)[O-])[N+](=O)[O-],4
O=C(O)[C@H](CO)c1ccccc1,3.53,acid,O=C(O)[C@H](CO)c1ccccc1,11,O=C([O-])[C@H](CO)c1ccccc1,11
O=C(O)[C@H]1CCCNC1,3.35,acid,O=C(O)[C@H]1CCCNC1,8,O=C([O-])[C@H]1CCCNC1,8
O=C([O-])[C@H]1CCC[NH2+]C1,10.64,base,O=C([O-])[C@H]1CCC[NH2+]C1,4,O=C([O-])[C@H]1CCCNC1,4
O=C(O)[C@H]1CCCN1,1.99,acid,O=C(O)[C@H]1CCCN1,7,O=C([O-])[C@H]1CCCN1,7
O=C([O-])[C@H]1CCC[NH2+]1,10.96,base,O=C([O-])[C@H]1CCC[NH2+]1,3,O=C([O-])[C@H]1CCCN1,3
C[C@H]1CN1,8.18,base,C[C@H]1C[NH2+]1,3,C[C@H]1CN1,3
O=C(O)n1cccc1,4.45,acid,O=C(O)n1cccc1,7,O=C([O-])n1cccc1,7
O=C(O)c1c(Br)cc(Br)cc1Br,1.41,acid,O=C(O)c1c(Br)cc(Br)cc1Br,9,O=C([O-])c1c(Br)cc(Br)cc1Br,9
O=C(O)CC(Cl)(Cl)Cl,0.52,acid,O=C(O)CC(Cl)(Cl)Cl,3,O=C([O-])CC(Cl)(Cl)Cl,3
O=C(O)[C@H](O)C(Cl)(Cl)Cl,2.34,acid,O=C(O)[C@H](O)C(Cl)(Cl)Cl,3,O=C([O-])[C@H](O)C(Cl)(Cl)Cl,3
Cc1ccc(O)c(C)c1C,10.59,acid,Cc1ccc(O)c(C)c1C,9,Cc1ccc([O-])c(C)c1C,9
Cc1cc(O)cc(C)c1C,10.25,acid,Cc1cc(O)cc(C)c1C,9,Cc1cc([O-])cc(C)c1C,9
O=[N+]([O-])c1ccc(O)cc1[N+](=O)[O-],5.42,acid,O=[N+]([O-])c1ccc(O)cc1[N+](=O)[O-],6,O=[N+]([O-])c1ccc([O-])cc1[N+](=O)[O-],6
O=C(O)COc1ccc([N+](=O)[O-])cc1,2.893,acid,O=C(O)COc1ccc([N+](=O)[O-])cc1,13,O=C([O-])COc1ccc([N+](=O)[O-])cc1,13
CNCCc1ccc(O)cc1,9.36,base,C[NH2+]CCc1ccc(O)cc1,1,CNCCc1ccc(O)cc1,1
CC(C)c1ccccc1C(=O)O,3.63,acid,CC(C)c1ccccc1C(=O)O,11,CC(C)c1ccccc1C(=O)[O-],11
O=C(O)CCCC[C@@H]1CCSS1,5.4,acid,O=C(O)CCCC[C@@H]1CCSS1,11,O=C([O-])CCCC[C@@H]1CCSS1,11
O=C(O)CCc1ccc(Cl)cc1,4.61,acid,O=C(O)CCc1ccc(Cl)cc1,10,O=C([O-])CCc1ccc(Cl)cc1,10
CCN(CC)CCO,9.87,base,CC[NH+](CC)CCO,2,CCN(CC)CCO,2
N#Cc1ccc(OCC(=O)O)cc1,2.93,acid,N#Cc1ccc(OCC(=O)O)cc1,12,N#Cc1ccc(OCC(=O)[O-])cc1,12
NCCCCO,10.35,base,[NH3+]CCCCO,5,NCCCCO,5
O=C(O)COc1cccc([N+](=O)[O-])c1,2.95,acid,O=C(O)COc1cccc([N+](=O)[O-])c1,10,O=C([O-])COc1cccc([N+](=O)[O-])c1,10
CC(=O)Oc1ccccc1C(=O)O,3.5,acid,CC(=O)Oc1ccccc1C(=O)O,12,CC(=O)Oc1ccccc1C(=O)[O-],12
CC(C)(O)C(=O)O,4.04,acid,CC(C)(O)C(=O)O,5,CC(C)(O)C(=O)[O-],5
COc1cccc(CN)c1O,10.52,base,COc1cccc(C[NH3+])c1O,10,COc1cccc(CN)c1O,10
C[C@@H]1CCC[C@H](C)N1C,10.15,base,C[C@@H]1CCC[C@H](C)[NH+]1C,6,C[C@@H]1CCC[C@H](C)N1C,6
C[C@@H](O)CN(C)CCO,8.7,base,C[C@@H](O)C[N@H+](C)CCO,3,C[C@@H](O)CN(C)CCO,3
O=C(O)COc1cccc(Br)c1,3.095,acid,O=C(O)COc1cccc(Br)c1,11,O=C([O-])COc1cccc(Br)c1,11
C[N+](C)(C)c1cccc([O-])c1,8.06,acid,C[N+](C)(C)c1cccc(O)c1,10,C[N+](C)(C)c1cccc([O-])c1,10
Oc1ccc(Cl)c2cccnc12,9.05,acid,Oc1ccc(Cl)c2cccnc12,10,[O-]c1ccc(Cl)c2cccnc12,10
CCOP(=O)(OCC)c1cccc(C(=O)O)c1,3.65,acid,CCOP(=O)(OCC)c1cccc(C(=O)O)c1,13,CCOP(=O)(OCC)c1cccc(C(=O)[O-])c1,13
CN1[C@@H]2CC[C@H]1CC(O)C2,10.06,base,C[NH+]1[C@@H]2CC[C@H]1CC(O)C2,1,CN1[C@@H]2CC[C@H]1CC(O)C2,1
Oc1cnc2ncccc2n1,7.88,acid,Oc1cnc2ncccc2n1,10,[O-]c1cnc2ncccc2n1,10
NCCc1ccc(O)cc1,10.9,base,[NH3+]CCc1ccc(O)cc1,8,NCCc1ccc(O)cc1,8
CC[C@@](C)(CN(C)C)OC(=O)c1ccccc1,8.09,base,CC[C@@](C)(C[NH+](C)C)OC(=O)c1ccccc1,5,CC[C@@](C)(CN(C)C)OC(=O)c1ccccc1,5
C=C(CC)C(=O)c1ccc(OCC(=O)O)c(Cl)c1Cl,3.1,acid,C=C(CC)C(=O)c1ccc(OCC(=O)O)c(Cl)c1Cl,18,C=C(CC)C(=O)c1ccc(OCC(=O)[O-])c(Cl)c1Cl,18
Cc1cc([N+](=O)[O-])cc(C)c1O,7.19,acid,Cc1cc([N+](=O)[O-])cc(C)c1O,7,Cc1cc([N+](=O)[O-])cc(C)c1[O-],7
CC(C)c1cccc(=O)c(O)c1,7.21,acid,CC(C)c1cccc(=O)c(O)c1,11,CC(C)c1cccc(=O)c([O-])c1,11
COC(=O)[C@](C)(CC(=O)O)c1ccc([N+](=O)[O-])cc1,4.07,acid,COC(=O)[C@](C)(CC(=O)O)c1ccc([N+](=O)[O-])cc1,5,COC(=O)[C@](C)(CC(=O)[O-])c1ccc([N+](=O)[O-])cc1,5
Oc1ccncc1,11.12,acid,Oc1ccncc1,6,[O-]c1ccncc1,6
Cc1ccc(CC(=O)O)cc1,4.37,acid,Cc1ccc(CC(=O)O)cc1,10,Cc1ccc(CC(=O)[O-])cc1,10
O=C(O)c1ccc2cccccc1-2,5.5,acid,O=C(O)c1ccc2cccccc1-2,12,O=C([O-])c1ccc2cccccc1-2,12
COC(=O)C1=CCCN(C)C1,7.64,base,COC(=O)C1=CCC[N@H+](C)C1,1,COC(=O)C1=CCCN(C)C1,1
CCc1cccc(O)c1,9.9,acid,CCc1cccc(O)c1,8,CCc1cccc([O-])c1,8
Nc1ncc2nccnc2n1,4.26,base,Nc1nc2nccnc2c[nH+]1,7,Nc1ncc2nccnc2n1,7
CC(C)NC[C@H](O)c1cccc(F)c1,9.48,base,CC(C)[NH2+]C[C@H](O)c1cccc(F)c1,3,CC(C)NC[C@H](O)c1cccc(F)c1,3
CC[C@@H](C)CC(=O)O,4.766,acid,CC[C@@H](C)CC(=O)O,7,CC[C@@H](C)CC(=O)[O-],7
C[C@H](CC(C#N)(c1ccccc1)c1ccccc1)N1CCCCC1,7.68,base,C[C@H](CC(C#N)(c1ccccc1)c1ccccc1)[NH+]1CCCCC1,18,C[C@H](CC(C#N)(c1ccccc1)c1ccccc1)N1CCCCC1,18
O=C(O)[C@H](O)c1ccccc1,3.19,acid,O=C(O)[C@H](O)c1ccccc1,9,O=C([O-])[C@H](O)c1ccccc1,9
CC[C@@H](N)CO,9.52,base,CC[C@@H]([NH3+])CO,5,CC[C@@H](N)CO,5
O=[N+]([O-])c1cccc([N+](=O)[O-])c1O,3.71,acid,O=[N+]([O-])c1cccc([N+](=O)[O-])c1O,9,O=[N+]([O-])c1cccc([N+](=O)[O-])c1[O-],9
O=C(O)CI,3.18,acid,O=C(O)CI,3,O=C([O-])CI,3
C=CCN(C[C@@H](C)O)C[C@@H](C)O,8.2,base,C=CC[NH+](C[C@@H](C)O)C[C@@H](C)O,3,C=CCN(C[C@@H](C)O)C[C@@H](C)O,3
CC(=O)CCC(=O)O,4.64,acid,CC(=O)CCC(=O)O,7,CC(=O)CCC(=O)[O-],7
C=C[C@@H](Cl)C(=O)O,2.54,acid,C=C[C@@H](Cl)C(=O)O,5,C=C[C@@H](Cl)C(=O)[O-],5
C[C@H](O)C(=O)O,3.861,acid,C[C@H](O)C(=O)O,4,C[C@H](O)C(=O)[O-],4
O=[N+]([O-])c1cc(Cl)cc([N+](=O)[O-])c1O,2.97,acid,O=[N+]([O-])c1cc(Cl)cc([N+](=O)[O-])c1O,9,O=[N+]([O-])c1cc(Cl)cc([N+](=O)[O-])c1[O-],9
CCN(CCO)C[C@@H](C)O,8.9,base,CC[N@@H+](CCO)C[C@@H](C)O,2,CCN(CCO)C[C@@H](C)O,2
CC(=O)C(=O)O,2.49,acid,CC(=O)C(=O)O,5,CC(=O)C(=O)[O-],5
Cc1ccc(CCC(=O)O)cc1,4.68,acid,Cc1ccc(CCC(=O)O)cc1,11,Cc1ccc(CCC(=O)[O-])cc1,11
CC#CC(=O)O,2.65,acid,CC#CC(=O)O,5,CC#CC(=O)[O-],5
CC(=O)OCCCCN(C)C,9.4,base,CC(=O)OCCCC[NH+](C)C,8,CC(=O)OCCCCN(C)C,8
O=C(O)Cc1ccc(F)cc1,4.25,acid,O=C(O)Cc1ccc(F)cc1,9,O=C([O-])Cc1ccc(F)cc1,9
O=C(O)/C=C/Cl,3.79,acid,O=C(O)/C=C/Cl,5,O=C([O-])/C=C/Cl,5
CNCCCc1ccccc1,10.43,base,C[NH2+]CCCc1ccccc1,1,CNCCCc1ccccc1,1
N#CCC(=O)O,2.45,acid,N#CCC(=O)O,5,N#CCC(=O)[O-],5
C[S@](=O)O,1.65,acid,C[S@](=O)O,3,C[S@](=O)[O-],3
CN[C@H](C)Cc1ccccc1,9.99,base,C[NH2+][C@H](C)Cc1ccccc1,9,CN[C@H](C)Cc1ccccc1,9
Cc1ccc2cccc(O)c2n1,10.31,acid,Cc1ccc2cccc(O)c2n1,11,Cc1ccc2cccc([O-])c2n1,11
NCC(Cl)(Cl)CCl,6.0,base,[NH3+]CC(Cl)(Cl)CCl,6,NCC(Cl)(Cl)CCl,6
NC1CCCC1,10.65,base,[NH3+]C1CCCC1,5,NC1CCCC1,5
CCCCC(=O)O,4.85,acid,CCCCC(=O)O,6,CCCCC(=O)[O-],6
COc1ccc(CC(=O)O)cc1,4.36,acid,COc1ccc(CC(=O)O)cc1,11,COc1ccc(CC(=O)[O-])cc1,11
O=[S@](O)Cc1ccccc1,1.45,acid,O=[S@](O)Cc1ccccc1,9,O=[S@]([O-])Cc1ccccc1,9
CC[C@@H](C)N[C@H](C)CC,10.91,base,CC[C@@H](C)[NH2+][C@H](C)CC,4,CC[C@@H](C)N[C@H](C)CC,4
CCOP(=O)(CCCN(CC)CC)OCC,9.35,base,CCOP(=O)(CCC[NH+](CC)CC)OCC,2,CCOP(=O)(CCCN(CC)CC)OCC,2
O=C(O)CC(=O)O,2.85,acid,O=C(O)CC(=O)O,3,O=C([O-])CC(=O)O,6
O=C(O)/C=C/c1ccccc1Br,4.33,acid,O=C(O)/C=C/c1ccccc1Br,10,O=C([O-])/C=C/c1ccccc1Br,10
CCC[C@H](C)C(=O)O,4.782,acid,CCC[C@H](C)C(=O)O,7,CCC[C@H](C)C(=O)[O-],7
CN(C)C(C)(C)C,10.29,base,C[NH+](C)C(C)(C)C,4,CN(C)C(C)(C)C,4
O=C(O)Cc1cccc2ccccc12,4.23,acid,O=C(O)Cc1cccc2ccccc12,13,O=C([O-])Cc1cccc2ccccc12,13
CC(C)(C)c1cccc(C(=O)O)c1,4.204,acid,CC(C)(C)c1cccc(C(=O)O)c1,12,CC(C)(C)c1cccc(C(=O)[O-])c1,12
O=C(O)c1ccc([N+](=O)[O-])cc1Cl,1.96,acid,O=C(O)c1ccc([N+](=O)[O-])cc1Cl,12,O=C([O-])c1ccc([N+](=O)[O-])cc1Cl,12
CC(=O)O,4.55,acid,CC(=O)O,3,CC(=O)[O-],3
Cc1cc2ccccc2c(C(=O)O)c1C,3.28,acid,Cc1cc2ccccc2c(C(=O)O)c1C,14,Cc1cc2ccccc2c(C(=O)[O-])c1C,14
Cc1cccc(CN)c1,9.45,base,Cc1cccc(C[NH3+])c1,8,Cc1cccc(CN)c1,8
CNCc1ccccc1,9.59,base,C[NH2+]Cc1ccccc1,1,CNCc1ccccc1,1
CCOP(=O)(OCC)c1ccc(C(=O)O)cc1,3.6,acid,CCOP(=O)(OCC)c1ccc(C(=O)O)cc1,13,CCOP(=O)(OCC)c1ccc(C(=O)[O-])cc1,13
CN1[C@@H]2CC[C@H]1CC(OC(=O)[C@H](CO)c1ccccc1)C2,9.84,base,C[NH+]1[C@@H]2CC[C@H]1CC(OC(=O)[C@H](CO)c1ccccc1)C2,1,CN1[C@@H]2CC[C@H]1CC(OC(=O)[C@H](CO)c1ccccc1)C2,1
C[C@H](N)c1ccccc1,9.35,base,C[C@H]([NH3+])c1ccccc1,8,C[C@H](N)c1ccccc1,8
Nc1ccc(S(=O)(=O)c2ccc(Cl)cc2)cc1,1.38,base,[NH3+]c1ccc(S(=O)(=O)c2ccc(Cl)cc2)cc1,6,Nc1ccc(S(=O)(=O)c2ccc(Cl)cc2)cc1,6
O=C(O)Cc1c[nH]c2ccccc12,4.75,acid,O=C(O)Cc1c[nH]c2ccccc12,12,O=C([O-])Cc1c[nH]c2ccccc12,12
O=C(O)[C@H]1CCCC[C@@H]1O,4.34,acid,O=C(O)[C@H]1CCCC[C@@H]1O,8,O=C([O-])[C@H]1CCCC[C@@H]1O,8
O=[N+]([O-])c1ccc(O)c([N+](=O)[O-])c1,4.073,acid,O=[N+]([O-])c1ccc(O)c([N+](=O)[O-])c1,12,O=[N+]([O-])c1ccc([O-])c([N+](=O)[O-])c1,12
O=C(O)c1ccc(O)cc1O,3.22,acid,O=C(O)c1ccc(O)cc1O,10,O=C([O-])c1ccc(O)cc1O,10
NC[C@H](O)c1ccccc1,8.79,base,[NH3+]C[C@H](O)c1ccccc1,8,NC[C@H](O)c1ccccc1,8
CC(=O)O[C@H](C)CN(C)C,8.32,base,CC(=O)O[C@H](C)C[NH+](C)C,3,CC(=O)O[C@H](C)CN(C)C,3
O=[N+]([O-])c1ccc([N+](=O)[O-])c(O)c1,5.21,acid,O=[N+]([O-])c1ccc([N+](=O)[O-])c(O)c1,9,O=[N+]([O-])c1ccc([N+](=O)[O-])c([O-])c1,9
O=C(O)Cc1ccc2ccccc2c1,4.3,acid,O=C(O)Cc1ccc2ccccc2c1,13,O=C([O-])Cc1ccc2ccccc2c1,13
O=C(O)CCc1ccc([N+](=O)[O-])cc1,4.54,acid,O=C(O)CCc1ccc([N+](=O)[O-])cc1,10,O=C([O-])CCc1ccc([N+](=O)[O-])cc1,10
Cc1cc(C#N)cc(C)c1O,8.27,acid,Cc1cc(C#N)cc(C)c1O,7,Cc1cc(C#N)cc(C)c1[O-],7
Cc1cc(Cl)ccc1OCC(=O)O,3.28,acid,Cc1cc(Cl)ccc1OCC(=O)O,11,Cc1cc(Cl)ccc1OCC(=O)[O-],11
COc1cc(CN)ccc1O,8.94,base,COc1cc(C[NH3+])ccc1O,10,COc1cc(CN)ccc1O,10
Nc1ccc([C@@]23CCCC[C@@H]2C3)cc1,4.78,base,[NH3+]c1ccc([C@@]23CCCC[C@@H]2C3)cc1,13,Nc1ccc([C@@]23CCCC[C@@H]2C3)cc1,13
CNc1nc(C)c(Br)c(C)n1,3.52,base,CNc1nc(C)c(Br)c(C)[nH+]1,6,CNc1nc(C)c(Br)c(C)n1,6
O=C(O)CCc1ccccc1,4.664,acid,O=C(O)CCc1ccccc1,10,O=C([O-])CCc1ccccc1,10
Cc1cc([N+](=O)[O-])ccc1C(=O)O,2.95,acid,Cc1cc([N+](=O)[O-])ccc1C(=O)O,9,Cc1cc([N+](=O)[O-])ccc1C(=O)[O-],9
O=C(O)Cc1ccc([N+](=O)[O-])cc1,3.85,acid,O=C(O)Cc1ccc([N+](=O)[O-])cc1,9,O=C([O-])Cc1ccc([N+](=O)[O-])cc1,9
O=C(O)c1ccccc1O,2.78,acid,O=C(O)c1ccccc1O,8,O=C([O-])c1ccccc1O,8
CNC[C@H](O)c1ccc(O)cc1,9.6,base,C[NH2+]C[C@H](O)c1ccc(O)cc1,1,CNC[C@H](O)c1ccc(O)cc1,1
COC(=O)[C@@H]1[C@@H](OC(=O)c2ccccc2)C[C@@H]2CC[C@H]1N2C,8.7,base,COC(=O)[C@@H]1[C@@H](OC(=O)c2ccccc2)C[C@@H]2CC[C@H]1[N@H+]2C,1,COC(=O)[C@@H]1[C@@H](OC(=O)c2ccccc2)C[C@@H]2CC[C@H]1N2C,1
Cc1ccc2ccccc2c1C(=O)O,3.107,acid,Cc1ccc2ccccc2c1C(=O)O,13,Cc1ccc2ccccc2c1C(=O)[O-],13
O=C(O)CF,2.59,acid,O=C(O)CF,3,O=C([O-])CF,3
O=C(O)CCl,2.87,acid,O=C(O)CCl,3,O=C([O-])CCl,3
O=C(O)CBr,2.89,acid,O=C(O)CBr,3,O=C([O-])CBr,3
O=C(O)C(Cl)Cl,1.26,acid,O=C(O)C(Cl)Cl,3,O=C([O-])C(Cl)Cl,3
O=C(O)C(Cl)(Cl)Cl,0.51,acid,O=C(O)C(Cl)(Cl)Cl,6,O=C([O-])C(Cl)(Cl)Cl,6
O=C(O)CCCl,3.99,acid,O=C(O)CCCl,5,O=C([O-])CCCl,5
O=C(O)CCI,4.09,acid,O=C(O)CCI,5,O=C([O-])CCI,5
C/C=C/C=C/C(=O)O,4.5,acid,C/C=C/C=C/C(=O)O,7,C/C=C/C=C/C(=O)[O-],7
COC(=O)c1ccccc1S(=O)(=O)NC(=O)Nc1nc(C)cc(C)n1,5.2,acid,COC(=O)c1ccccc1S(=O)(=O)NC(=O)Nc1nc(C)cc(C)n1,10,COC(=O)c1ccccc1S(=O)(=O)[N-]C(=O)Nc1nc(C)cc(C)n1,10
COC(=O)c1sccc1S(=O)(=O)NC(=O)Nc1nc(C)nc(OC)n1,4.0,acid,COC(=O)c1sccc1S(=O)(=O)NC(=O)Nc1nc(C)nc(OC)n1,12,COC(=O)c1sccc1S(=O)(=O)[N-]C(=O)Nc1nc(C)nc(OC)n1,12
O=C(O)CS,10.4,acid,O=C(O)CS,4,O=C(O)C[S-],4
O=C([O-])CS,10.4,acid,O=C([O-])CS,4,O=C([O-])C[S-],4
COc1nc(C)nc(NC(=O)NS(=O)(=O)c2ccccc2OCCCl)n1,4.64,acid,COc1nc(C)nc(NC(=O)NS(=O)(=O)c2ccccc2OCCCl)n1,12,COc1nc(C)nc(NC(=O)[N-]S(=O)(=O)c2ccccc2OCCCl)n1,12
COC(=O)c1ccccc1S(=O)(=O)NC(=O)N(C)c1nc(C)nc(OC)n1,4.7,acid,COC(=O)c1ccccc1S(=O)(=O)NC(=O)N(C)c1nc(C)nc(OC)n1,13,COC(=O)c1ccccc1S(=O)(=O)[N-]C(=O)N(C)c1nc(C)nc(OC)n1,13
O=C(O)COc1nc(Cl)c(Cl)cc1Cl,3.97,acid,O=C(O)COc1nc(Cl)c(Cl)cc1Cl,12,O=C([O-])COc1nc(Cl)c(Cl)cc1Cl,12
COC(=O)c1cccc(C)c1S(=O)(=O)NC(=O)Nc1nc(OCC(F)(F)F)nc(N(C)C)n1,4.4,acid,COC(=O)c1cccc(C)c1S(=O)(=O)NC(=O)Nc1nc(OCC(F)(F)F)nc(N(C)C)n1,10,COC(=O)c1cccc(C)c1S(=O)(=O)[N-]C(=O)Nc1nc(OCC(F)(F)F)nc(N(C)C)n1,10
CC(=O)c1ccc(S)cc1,5.33,acid,CC(=O)c1ccc(S)cc1,9,CC(=O)c1ccc([S-])cc1,9
OC[C@@H](O)[C@@H](O)[C@H](O)[C@@H](O)CS,9.35,acid,OC[C@@H](O)[C@@H](O)[C@H](O)[C@@H](O)CS,6,OC[C@@H](O)[C@@H](O)[C@H](O)[C@@H](O)C[S-],6
OCC(F)F,13.11,acid,OCC(F)F,4,[O-]CC(F)F,4
CS(=O)(=O)CCS,7.9,acid,CS(=O)(=O)CCS,6,CS(=O)(=O)CC[S-],6
Sc1cccc(Cl)c1,5.78,acid,Sc1cccc(Cl)c1,7,[S-]c1cccc(Cl)c1,7
COc1cccc(S)c1,6.39,acid,COc1cccc(S)c1,8,COc1cccc([S-])c1,8
Cc1cccc(S)c1,6.66,acid,Cc1cccc(S)c1,7,Cc1cccc([S-])c1,7
Sc1ccc(Br)cc1,6.02,acid,Sc1ccc(Br)cc1,6,[S-]c1ccc(Br)cc1,6
CCCc1ccc(O)cc1,10.34,acid,CCCc1ccc(O)cc1,9,CCCc1ccc([O-])cc1,9
COC(=O)c1ccccc1CS(=O)(=O)NC(=O)Nc1nc(OC)cc(OC)n1,5.2,acid,COC(=O)c1ccccc1CS(=O)(=O)NC(=O)Nc1nc(OC)cc(OC)n1,11,COC(=O)c1ccccc1CS(=O)(=O)[N-]C(=O)Nc1nc(OC)cc(OC)n1,11
CC(C)N1C(=O)c2ccccc2NS1(=O)=O,3.3,acid,CC(C)N1C(=O)c2ccccc2NS1(=O)=O,12,CC(C)N1C(=O)c2ccccc2[N-]S1(=O)=O,12
Cc1ccc(-n2nc(C(C)(C)C)cc2NC(=O)Nc2ccc(OCCN3CCOCC3)c3ccccc23)cc1,6.41,base,Cc1ccc(-n2nc(C(C)(C)C)cc2NC(=O)Nc2ccc(OCC[NH+]3CCOCC3)c3ccccc23)cc1,33,Cc1ccc(-n2nc(C(C)(C)C)cc2NC(=O)Nc2ccc(OCCN3CCOCC3)c3ccccc23)cc1,33
CCCN1CCCC[C@H]1C(=O)Nc1c(C)cccc1C,8.07,base,CCC[N@@H+]1CCCC[C@H]1C(=O)Nc1c(C)cccc1C,3,CCCN1CCCC[C@H]1C(=O)Nc1c(C)cccc1C,3
Cc1cc(C[N@@H+](CC(=O)Nc2ccc(Cl)cc2Cl)C2CCCCC2)ccc1OCC(=O)[O-],6.7,base,Cc1cc(C[N@@H+](CC(=O)Nc2ccc(Cl)cc2Cl)C2CCCCC2)ccc1OCC(=O)[O-],13,Cc1cc(CN(CC(=O)Nc2ccc(Cl)cc2Cl)C2CCCCC2)ccc1OCC(=O)[O-],13
CCCCN1CCCC[C@@H]1C(=O)Nc1c(C)cccc1C,8.16,base,CCCC[N@H+]1CCCC[C@@H]1C(=O)Nc1c(C)cccc1C,4,CCCCN1CCCC[C@@H]1C(=O)Nc1c(C)cccc1C,4
COc1ccc(OC)c([C@@H](O)CNC(=O)CN)c1,7.59,base,COc1ccc(OC)c([C@@H](O)CNC(=O)C[NH3+])c1,14,COc1ccc(OC)c([C@@H](O)CNC(=O)CN)c1,14
CCN(CC)CC#CCOC(=O)[C@](O)(c1ccccc1)C1CCCCC1,7.5,base,CC[NH+](CC)CC#CCOC(=O)[C@](O)(c1ccccc1)C1CCCCC1,2,CCN(CC)CC#CCOC(=O)[C@](O)(c1ccccc1)C1CCCCC1,2
COc1cccc([C@@]2(O)CCCC[C@@H]2CN(C)C)c1,8.3,base,COc1cccc([C@@]2(O)CCCC[C@@H]2C[NH+](C)C)c1,1,COc1cccc([C@@]2(O)CCCC[C@@H]2CN(C)C)c1,1
CC(=O)NC[C@H]1CN(c2ccc(N3CCOCC3)c(F)c2)C(=O)O1,6.81,base,CC(=O)NC[C@H]1CN(c2ccc([NH+]3CCOCC3)c(F)c2)C(=O)O1,18,CC(=O)NC[C@H]1CN(c2ccc(N3CCOCC3)c(F)c2)C(=O)O1,18
Cc1ncc([N+](=O)[O-])n1CCO,2.51,base,Cc1[nH+]cc([N+](=O)[O-])n1CCO,2,Cc1ncc([N+](=O)[O-])n1CCO,2
CCOC(=O)C1=C(COCCN)NC(C)=C(C(=O)OC)[C@@H]1c1ccccc1Cl,8.6,base,CCOC(=O)C1=C(COCC[NH3+])NC(C)=C(C(=O)OC)[C@@H]1c1ccccc1Cl,27,CCOC(=O)C1=C(COCCN)NC(C)=C(C(=O)OC)[C@@H]1c1ccccc1Cl,27
COc1ccc2cc([C@H](C)C(=O)O)ccc2c1,4.2,acid,COc1ccc2cc([C@H](C)C(=O)O)ccc2c1,16,COc1ccc2cc([C@H](C)C(=O)[O-])ccc2c1,16
Cc1cc(C[N@H+]2Cc3ccccc3[C@@H]2C(=O)Nc2ccc(Cl)cc2Cl)ccc1OCC(=O)[O-],5.6,base,Cc1cc(C[N@H+]2Cc3ccccc3[C@@H]2C(=O)Nc2ccc(Cl)cc2Cl)ccc1OCC(=O)[O-],13,Cc1cc(CN2Cc3ccccc3[C@@H]2C(=O)Nc2ccc(Cl)cc2Cl)ccc1OCC(=O)[O-],13
C=C[C@H]1C[N@@]2CC[C@H]1C[C@H]2[C@H](O)c1ccnc2ccc(OC)cc12,8.8,base,C=C[C@H]1C[N@@H+]2CC[C@H]1C[C@H]2[C@H](O)c1ccnc2ccc(OC)cc12,18,C=C[C@H]1C[N@@]2CC[C@H]1C[C@H]2[C@H](O)c1ccnc2ccc(OC)cc12,18
N#Cc1ccc(C(=O)N2CCC3(CC2)N=C(N)c2c(F)ccc(F)c2N3)cc1,8.15,base,N#Cc1ccc(C(=O)N2CCC3(CC2)Nc2c(F)ccc(F)c2C(N)=[NH+]3)cc1,24,N#Cc1ccc(C(=O)N2CCC3(CC2)N=C(N)c2c(F)ccc(F)c2N3)cc1,24
O=C(O)/C=C(/c1ccccc1)C(F)(F)F,2.41,acid,O=C(O)/C=C(/c1ccccc1)C(F)(F)F,10,O=C([O-])/C=C(/c1ccccc1)C(F)(F)F,10
CCC(CC)NC(=O)c1nnn(-c2ccccc2)c1NS(=O)(=O)c1ccc(C)cc1,3.3,acid,CCC(CC)NC(=O)c1nnn(-c2ccccc2)c1NS(=O)(=O)c1ccc(C)cc1,19,CCC(CC)NC(=O)c1nnn(-c2ccccc2)c1[N-]S(=O)(=O)c1ccc(C)cc1,19
CCC(CC)n1nc(C)c(C(=O)N[C@@H](C)C(C)(C)C)c1NS(=O)(=O)c1ccc(C)cc1,4.6,acid,CCC(CC)n1nc(C)c(C(=O)N[C@@H](C)C(C)(C)C)c1NS(=O)(=O)c1ccc(C)cc1,20,CCC(CC)n1nc(C)c(C(=O)N[C@@H](C)C(C)(C)C)c1[N-]S(=O)(=O)c1ccc(C)cc1,20
Cc1nn(C2CCOCC2)c(NS(=O)(=O)c2ccc(C3CC3)cc2)c1C(=O)N[C@@H](C)C(C)(C)C,5.0,acid,Cc1nn(C2CCOCC2)c(NS(=O)(=O)c2ccc(C3CC3)cc2)c1C(=O)N[C@@H](C)C(C)(C)C,12,Cc1nn(C2CCOCC2)c([N-]S(=O)(=O)c2ccc(C3CC3)cc2)c1C(=O)N[C@@H](C)C(C)(C)C,12
O=C(c1ccc(-c2nn[n-]n2)cc1)N1CCC([NH+]2CCC(Oc3ccc(Cl)c(Cl)c3)CC2)CC1,3.6,acid,O=C(c1ccc(-c2nn[nH]n2)cc1)N1CCC([NH+]2CCC(Oc3ccc(Cl)c(Cl)c3)CC2)CC1,8,O=C(c1ccc(-c2nn[n-]n2)cc1)N1CCC([NH+]2CCC(Oc3ccc(Cl)c(Cl)c3)CC2)CC1,8
O=C([N-]S(=O)(=O)c1ccccc1)N1CCC([NH+]2CCC(Oc3ccc(Cl)c(Cl)c3)CC2)CC1,8.1,base,O=C([N-]S(=O)(=O)c1ccccc1)N1CCC([NH+]2CCC(Oc3ccc(Cl)c(Cl)c3)CC2)CC1,18,O=C([N-]S(=O)(=O)c1ccccc1)N1CCC(N2CCC(Oc3ccc(Cl)c(Cl)c3)CC2)CC1,18
CC(C)N1CCN(Cc2cnc(-c3cc(-c4cccc5[nH]ccc45)cc4[nH]ncc34)o2)CC1,8.26,base,CC(C)N1CC[NH+](Cc2cnc(-c3cc(-c4cccc5[nH]ccc45)cc4[nH]ncc34)o2)CC1,6,CC(C)N1CCN(Cc2cnc(-c3cc(-c4cccc5[nH]ccc45)cc4[nH]ncc34)o2)CC1,6
C[C@H](CO)Nc1nc(SCc2cccc(F)c2F)nc2[nH]c(=O)ccc12,10.5,acid,C[C@H](CO)Nc1nc(SCc2cccc(F)c2F)nc2[nH]c(=O)ccc12,11,C[C@H](CO)Nc1nc(SCc2cccc(F)c2F)nc2[n-]c(=O)ccc12,11
CC1(C)S[C@@H]2[C@H](NC(=O)Cc3ccccc3)C(=O)N2[C@H]1C(=O)O,3.32,acid,CC1(C)S[C@@H]2[C@H](NC(=O)Cc3ccccc3)C(=O)N2[C@H]1C(=O)O,21,CC1(C)S[C@@H]2[C@H](NC(=O)Cc3ccccc3)C(=O)N2[C@H]1C(=O)[O-],21
NC1=Nc2cccc3cccc(c23)N1,7.6,base,NC1=[NH+]c2cccc3cccc(c23)N1,12,NC1=Nc2cccc3cccc(c23)N1,12
NC[C@@H]1Cc2c1ccc(O)c2O,8.5,base,[NH3+]C[C@@H]1Cc2c1ccc(O)c2O,9,NC[C@@H]1Cc2c1ccc(O)c2O,9
[NH3+]C[C@@H]1Cc2c1ccc([O-])c2O,10.4,acid,[NH3+]C[C@@H]1Cc2c1ccc(O)c2O,11,[NH3+]C[C@@H]1Cc2c1ccc([O-])c2O,11
[NH3+]C[C@@H]1Cc2c1ccc(O)c2[O-],10.4,acid,[NH3+]C[C@@H]1Cc2c1ccc(O)c2O,10,[NH3+]C[C@@H]1Cc2c1ccc(O)c2[O-],10
c1ccc(CSc2nc3ccccc3o2)nc1,4.3,base,c1ccc(CSc2nc3ccccc3o2)[nH+]c1,16,c1ccc(CSc2nc3ccccc3o2)nc1,16
NC1=N[C@H](c2ccco2)Nc2ccccc21,9.13,base,NC1=[NH+][C@H](c2ccco2)Nc2ccccc21,7,NC1=N[C@H](c2ccco2)Nc2ccccc21,7
Cc1n[nH]c(C)c1Cc1sc2c(c1C(=O)N1C[C@H](O)CO1)c(=O)n(C)c(=O)n2CC(C)C,3.4,base,Cc1[nH][nH+]c(C)c1Cc1sc2c(c1C(=O)N1C[C@H](O)CO1)c(=O)n(C)c(=O)n2CC(C)C,4,Cc1n[nH]c(C)c1Cc1sc2c(c1C(=O)N1C[C@H](O)CO1)c(=O)n(C)c(=O)n2CC(C)C,4
CN1CCc2cccc3c2[C@H]1Cc1ccc(O)c(O)c1-3,8.92,base,C[N@@H+]1CCc2cccc3c2[C@H]1Cc1ccc(O)c(O)c1-3,1,CN1CCc2cccc3c2[C@H]1Cc1ccc(O)c(O)c1-3,1
O=C(NCC12CC3CC(CC(C3)C1)C2)c1ccnc(N2CCNCC2)c1Cl,8.7,base,O=C(NCC12CC3CC(CC(C3)C1)C2)c1ccnc(N2CC[NH2+]CC2)c1Cl,24,O=C(NCC12CC3CC(CC(C3)C1)C2)c1ccnc(N2CCNCC2)c1Cl,24
Cc1ccnc(N)c1N,7.2,base,Cc1cc[nH+]c(N)c1N,4,Cc1ccnc(N)c1N,4
CCN(CC)CCNC(=O)c1ccc(N)cc1,9.29,base,CC[NH+](CC)CCNC(=O)c1ccc(N)cc1,2,CCN(CC)CCNC(=O)c1ccc(N)cc1,2
c1ccc2c(CC3=NCCN3)cccc2c1,10.3,base,c1ccc2c(CC3=[NH+]CCN3)cccc2c1,12,c1ccc2c(CC3=NCCN3)cccc2c1,12
COC(=O)CCc1ccc(OC[C@H](O)CNC(C)C)cc1,9.5,base,COC(=O)CCc1ccc(OC[C@H](O)C[NH2+]C(C)C)cc1,3,COC(=O)CCc1ccc(OC[C@H](O)CNC(C)C)cc1,3
CN1CCN(CC(=O)N2c3ccccc3C(=O)Nc3cccnc32)CC1,7.88,base,C[NH+]1CCN(CC(=O)N2c3ccccc3C(=O)Nc3cccnc32)CC1,1,CN1CCN(CC(=O)N2c3ccccc3C(=O)Nc3cccnc32)CC1,1
C[NH+]1CCN(CC(=O)N2c3ccccc3C(=O)[N-]c3cccnc32)CC1,10.71,acid,C[NH+]1CCN(CC(=O)N2c3ccccc3C(=O)[N-]c3cccnc32)CC1,1,C[NH+]1CCN(CC(=O)N2c3ccccc3C(=O)Nc3cccnc32)CC1,1
CN1CC[NH+](CC(=O)N2c3ccccc3C(=O)[N-]c3cccnc32)CC1,10.71,acid,CN1CC[NH+](CC(=O)N2c3ccccc3C(=O)[N-]c3cccnc32)CC1,4,CN1CC[NH+](CC(=O)N2c3ccccc3C(=O)Nc3cccnc32)CC1,4
O=C(CCl)NO,8.4,acid,O=C(CCl)NO,4,O=C(CCl)N[O-],4
C[C@H](CCC(=O)O)[C@H]1CC[C@H]2[C@@H]3[C@H](O)C[C@@H]4C[C@H](O)CC[C@]4(C)[C@H]3C[C@H](O)[C@]12C,4.98,acid,C[C@H](CCC(=O)O)[C@H]1CC[C@H]2[C@@H]3[C@H](O)C[C@@H]4C[C@H](O)CC[C@]4(C)[C@H]3C[C@H](O)[C@]12C,6,C[C@H](CCC(=O)[O-])[C@H]1CC[C@H]2[C@@H]3[C@H](O)C[C@@H]4C[C@H](O)CC[C@]4(C)[C@H]3C[C@H](O)[C@]12C,6
[NH3+][C@H]1CCN(c2c(F)cc3c(=O)c(C(=O)[O-])cn(C4CC4)c3c2Cl)C1,9.1,base,[NH3+][C@H]1CCN(c2c(F)cc3c(=O)c(C(=O)[O-])cn(C4CC4)c3c2Cl)C1,12,N[C@H]1CCN(c2c(F)cc3c(=O)c(C(=O)[O-])cn(C4CC4)c3c2Cl)C1,12
O=C(O)c1nc(Cl)ccc1Cl,2.32,acid,O=C(O)c1nc(Cl)ccc1Cl,9,O=C([O-])c1nc(Cl)ccc1Cl,9
C/C(=N\NC(=O)Nc1cc(F)cc(F)c1)c1ncccc1C(=O)O,3.18,acid,C/C(=N\NC(=O)Nc1cc(F)cc(F)c1)c1ncccc1C(=O)O,23,C/C(=N\NC(=O)Nc1cc(F)cc(F)c1)c1ncccc1C(=O)[O-],23
CC[C@H](C)c1cc([N+](=O)[O-])cc([N+](=O)[O-])c1O,4.62,acid,CC[C@H](C)c1cc([N+](=O)[O-])cc([N+](=O)[O-])c1O,10,CC[C@H](C)c1cc([N+](=O)[O-])cc([N+](=O)[O-])c1[O-],10
CCOc1nc(NC)nc(NC(=O)NS(=O)(=O)c2ccccc2C(=O)OC)n1,4.2,acid,CCOc1nc(NC)nc(NC(=O)NS(=O)(=O)c2ccccc2C(=O)OC)n1,12,CCOc1nc(NC)nc(NC(=O)[N-]S(=O)(=O)c2ccccc2C(=O)OC)n1,12
COC(=O)c1ccc(C(F)(F)F)nc1S(=O)(=O)NC(=O)Nc1nc(OC)cc(OC)n1,4.9,acid,COC(=O)c1ccc(C(F)(F)F)nc1S(=O)(=O)NC(=O)Nc1nc(OC)cc(OC)n1,11,COC(=O)c1ccc(C(F)(F)F)nc1S(=O)(=O)[N-]C(=O)Nc1nc(OC)cc(OC)n1,11
C/C=C\c1ccc(O)c(OC)c1,9.88,acid,C/C=C\c1ccc(O)c(OC)c1,11,C/C=C\c1ccc([O-])c(OC)c1,11
CCCCNC,10.9,base,CCCC[NH2+]C,4,CCCCNC,4
CC(=O)N[C@@H](CS)C(=O)[O-],9.52,acid,CC(=O)N[C@@H](CS)C(=O)[O-],6,CC(=O)N[C@@H](C[S-])C(=O)[O-],6
O=C(O)c1c(Cl)ccc2cc(Cl)cnc12,4.34,acid,O=C(O)c1c(Cl)ccc2cc(Cl)cnc12,13,O=C([O-])c1c(Cl)ccc2cc(Cl)cnc12,13
Cc1cnc2c(C(=O)O)c(Cl)ccc2c1,3.96,acid,Cc1cnc2c(C(=O)O)c(Cl)ccc2c1,13,Cc1cnc2c(C(=O)[O-])c(Cl)ccc2c1,13
C[C@@H]1CN(c2c(F)c(N)c3c(=O)c(C(=O)[O-])cn(C4CC4)c3c2F)C[C@H](C)[NH2+]1,8.94,base,C[C@@H]1CN(c2c(F)c(N)c3c(=O)c(C(=O)[O-])cn(C4CC4)c3c2F)C[C@H](C)[NH2+]1,6,C[C@@H]1CN(c2c(F)c(N)c3c(=O)c(C(=O)[O-])cn(C4CC4)c3c2F)C[C@H](C)N1,6
Oc1c(Cl)cc(Cl)cc1Cl,6.23,acid,Oc1c(Cl)cc(Cl)cc1Cl,7,[O-]c1c(Cl)cc(Cl)cc1Cl,7
Oc1cc(Cl)ccc1Cl,7.51,acid,Oc1cc(Cl)ccc1Cl,7,[O-]c1cc(Cl)ccc1Cl,7
Oc1c(Cl)cc(Br)cc1Cl,6.21,acid,Oc1c(Cl)cc(Br)cc1Cl,7,[O-]c1c(Cl)cc(Br)cc1Cl,7
O=C(O)c1cc(Cl)cc(Cl)c1,3.54,acid,O=C(O)c1cc(Cl)cc(Cl)c1,10,O=C([O-])c1cc(Cl)cc(Cl)c1,10
Cc1ccc([N+](=O)[O-])c(O)c1,7.25,acid,Cc1ccc([N+](=O)[O-])c(O)c1,7,Cc1ccc([N+](=O)[O-])c([O-])c1,7
O=C(O)C(=O)O,1.27,acid,O=C(O)C(=O)O,5,O=C([O-])C(=O)O,4
O=C([O-])C(=O)O,4.29,acid,O=C([O-])C(=O)O,5,O=C([O-])C(=O)[O-],5
Cc1cc(O)cc(C)c1Cl,9.7,acid,Cc1cc(O)cc(C)c1Cl,9,Cc1cc([O-])cc(C)c1Cl,9
[NH3+]C1CCC(C(=O)[O-])CC1,10.5,base,[NH3+]C1CCC(C(=O)[O-])CC1,9,NC1CCC(C(=O)[O-])CC1,9
CC(C)C(=O)O,4.84,acid,CC(C)C(=O)O,5,CC(C)C(=O)[O-],5
O=C(O)CCCCc1ccccc1,4.56,acid,O=C(O)CCCCc1ccccc1,12,O=C([O-])CCCCc1ccccc1,12
C[N+](C)(C)c1cccc(CC(=O)[O-])c1,3.66,acid,C[N+](C)(C)c1cccc(CC(=O)O)c1,13,C[N+](C)(C)c1cccc(CC(=O)[O-])c1,13
COc1cc2ccccc2cc1C(=O)O,3.8,acid,COc1cc2ccccc2cc1C(=O)O,14,COc1cc2ccccc2cc1C(=O)[O-],14
COC(=O)C[C@@](C)(C(=O)O)c1ccccc1,4.15,acid,COC(=O)C[C@@](C)(C(=O)O)c1ccccc1,15,COC(=O)C[C@@](C)(C(=O)[O-])c1ccccc1,15
CCCCc1ccc([C@@H](O)C(=O)O)cc1,3.58,acid,CCCCc1ccc([C@@H](O)C(=O)O)cc1,13,CCCCc1ccc([C@@H](O)C(=O)[O-])cc1,13
CCCc1ccc(O)c(CCC)c1,10.91,acid,CCCc1ccc(O)c(CCC)c1,12,CCCc1ccc([O-])c(CCC)c1,12
C[N+](C)(C)c1cccc(CCC(=O)[O-])c1,4.17,acid,C[N+](C)(C)c1cccc(CCC(=O)O)c1,14,C[N+](C)(C)c1cccc(CCC(=O)[O-])c1,14
C[N+](C)(C)c1ccc(CCC(=O)[O-])cc1,4.22,acid,C[N+](C)(C)c1ccc(CCC(=O)O)cc1,14,C[N+](C)(C)c1ccc(CCC(=O)[O-])cc1,14
COC(=O)[C@@](C)(CC(=O)O)Cc1ccc([N+](=O)[O-])cc1,4.45,acid,COC(=O)[C@@](C)(CC(=O)O)Cc1ccc([N+](=O)[O-])cc1,15,COC(=O)[C@@](C)(CC(=O)[O-])Cc1ccc([N+](=O)[O-])cc1,15
Oc1c(/N=N/c2nccs2)ccc2ccccc12,9.1,acid,Oc1c(/N=N/c2nccs2)ccc2ccccc12,10,[O-]c1c(/N=N/c2nccs2)ccc2ccccc12,10
CC(C)(C)c1ccc(O)c(C(C)(C)C)c1,11.72,acid,CC(C)(C)c1ccc(O)c(C(C)(C)C)c1,14,CC(C)(C)c1ccc([O-])c(C(C)(C)C)c1,14
CC(C)(C)c1cccc(C(C)(C)C)c1O,11.7,acid,CC(C)(C)c1cccc(C(C)(C)C)c1O,10,CC(C)(C)c1cccc(C(C)(C)C)c1[O-],10
Oc1c(/N=N/c2ccccn2)ccc2ccccc12,7.9,acid,Oc1c(/N=N/c2ccccn2)ccc2ccccc12,10,[O-]c1c(/N=N/c2ccccn2)ccc2ccccc12,10
O=C(c1cc([N+](=O)[O-])cc(C(F)(F)F)c1)N(O)c1ccccc1,7.85,acid,O=C(c1cc([N+](=O)[O-])cc(C(F)(F)F)c1)N(O)c1ccccc1,22,O=C(c1cc([N+](=O)[O-])cc(C(F)(F)F)c1)N([O-])c1ccccc1,22
O=C(c1ccccc1C(F)(F)F)N(O)c1ccccc1,7.88,acid,O=C(c1ccccc1C(F)(F)F)N(O)c1ccccc1,19,O=C(c1ccccc1C(F)(F)F)N([O-])c1ccccc1,19
Oc1ccc2ccccc2c1/N=N/c1ccccn1,11.2,acid,Oc1ccc2ccccc2c1/N=N/c1ccccn1,18,[O-]c1ccc2ccccc2c1/N=N/c1ccccn1,18
CC(=O)c1cc(C(C)(C)C)c(O)c(C(C)(C)C)c1,8.68,acid,CC(=O)c1cc(C(C)(C)C)c(O)c(C(C)(C)C)c1,13,CC(=O)c1cc(C(C)(C)C)c([O-])c(C(C)(C)C)c1,13
CC1(C)S[C@H]2[C@H](NC(=O)Cc3ccccc3)C(=O)N2[C@@H]1C(=O)O,2.72,acid,CC1(C)S[C@H]2[C@H](NC(=O)Cc3ccccc3)C(=O)N2[C@@H]1C(=O)O,21,CC1(C)S[C@H]2[C@H](NC(=O)Cc3ccccc3)C(=O)N2[C@@H]1C(=O)[O-],21
[H]/N=C(/C)N,12.4,base,CC(N)=[NH2+],2,[H]/N=C(/C)N,1
CCO[Si](C)(CN)OCC,9.2,base,CCO[Si](C)(C[NH3+])OCC,6,CCO[Si](C)(CN)OCC,6
CC(C)(O)CN,9.25,base,CC(C)(O)C[NH3+],4,CC(C)(O)CN,4
CC(C)(N)CO,9.71,base,CC(C)([NH3+])CO,5,CC(C)(N)CO,5
CC(C)(C)N,10.68,base,CC(C)(C)[NH3+],4,CC(C)(C)N,4
C[Si](C)(C)CCCN,10.73,base,C[Si](C)(C)CCC[NH3+],7,C[Si](C)(C)CCCN,7
CC(C)N(CCCl)CCCl,6.98,base,CC(C)[NH+](CCCl)CCCl,3,CC(C)N(CCCl)CCCl,3
N#Cc1ccc(C(=O)O)cc1,3.55,acid,N#Cc1ccc(C(=O)O)cc1,10,N#Cc1ccc(C(=O)[O-])cc1,10
O=C(O)c1cccc([N+](=O)[O-])c1[N+](=O)[O-],1.85,acid,O=C(O)c1cccc([N+](=O)[O-])c1[N+](=O)[O-],14,O=C([O-])c1cccc([N+](=O)[O-])c1[N+](=O)[O-],14
CC(C)N(CCO)C(C)C,10.08,base,CC(C)[NH+](CCO)C(C)C,3,CC(C)N(CCO)C(C)C,3
CC(C)CNCC(C)C,10.91,base,CC(C)C[NH2+]CC(C)C,4,CC(C)CNCC(C)C,4
CC(C)NC[Si](C)(C)C,10.8,base,CC(C)[NH2+]C[Si](C)(C)C,3,CC(C)NC[Si](C)(C)C,3
CCCCN,10.7,base,CCCC[NH3+],4,CCCCN,4
CCCCN(CCCC)CCCC,9.93,base,CCCC[NH+](CCCC)CCCC,4,CCCCN(CCCC)CCCC,4
CCC(=O)C(C[C@H](C)N(C)C)(c1ccccc1)c1ccccc1,8.94,base,CCC(=O)C(C[C@H](C)[NH+](C)C)(c1ccccc1)c1ccccc1,8,CCC(=O)C(C[C@H](C)N(C)C)(c1ccccc1)c1ccccc1,8
C[C@@H](C=C(c1ccccc1)c1ccccc1)N(C)C,9.21,base,C[C@@H](C=C(c1ccccc1)c1ccccc1)[NH+](C)C,16,C[C@@H](C=C(c1ccccc1)c1ccccc1)N(C)C,16
CCCCCCCCCCN(C[C@@H](C)O)C[C@@H](C)O,7.6,base,CCCCCCCCCC[NH+](C[C@@H](C)O)C[C@@H](C)O,10,CCCCCCCCCCN(C[C@@H](C)O)C[C@@H](C)O,10
CCCOc1ccccc1C(=O)O,4.24,acid,CCCOc1ccccc1C(=O)O,12,CCCOc1ccccc1C(=O)[O-],12
CNC1CCCC1,10.85,base,C[NH2+]C1CCCC1,1,CNC1CCCC1,1
NCC1CCCCC1,10.49,base,[NH3+]CC1CCCCC1,7,NCC1CCCCC1,7
CC1(N)CCCCC1,10.36,base,CC1([NH3+])CCCCC1,7,CC1(N)CCCCC1,7
C[C@@H]1CCCC[C@@H]1N,10.5,base,C[C@@H]1CCCC[C@@H]1[NH3+],7,C[C@@H]1CCCC[C@@H]1N,7
CNC1CCCCC1,11.04,base,C[NH2+]C1CCCCC1,1,CNC1CCCCC1,1
CCCCOc1cccc(C(=O)O)c1,4.25,acid,CCCCOc1cccc(C(=O)O)c1,13,CCCCOc1cccc(C(=O)[O-])c1,13
O=C(O)c1cccc(Oc2ccccc2)c1,3.95,acid,O=C(O)c1cccc(Oc2ccccc2)c1,15,O=C([O-])c1cccc(Oc2ccccc2)c1,15
Clc1ccc(/C=N/c2ccccc2)cc1,2.8,base,Clc1ccc(/C=[NH+]/c2ccccc2)cc1,6,Clc1ccc(/C=N/c2ccccc2)cc1,6
COc1cc(N)cc(Cl)c1,3.1,base,COc1cc([NH3+])cc(Cl)c1,9,COc1cc(N)cc(Cl)c1,9
Nc1ccc(Cl)cc1Cl,2.0,base,[NH3+]c1ccc(Cl)cc1Cl,8,Nc1ccc(Cl)cc1Cl,8
O=C(O)c1cccc(Br)c1CO,3.28,acid,O=C(O)c1cccc(Br)c1CO,11,O=C([O-])c1cccc(Br)c1CO,11
Cc1c(N)ccc([N+](=O)[O-])c1C,1.96,base,Cc1c([NH3+])ccc([N+](=O)[O-])c1C,7,Cc1c(N)ccc([N+](=O)[O-])c1C,7
CCOC(=O)c1ccccc1N(C)C,5.48,base,CCOC(=O)c1ccccc1[NH+](C)C,11,CCOC(=O)c1ccccc1N(C)C,11
CCc1cccc(N)c1,4.7,base,CCc1cccc([NH3+])c1,8,CCc1cccc(N)c1,8
O=C(O)c1cccc(I)c1CO,3.18,acid,O=C(O)c1cccc(I)c1CO,11,O=C([O-])c1cccc(I)c1CO,11
Cc1cc(N)ccc1[N+](=O)[O-],1.5,base,Cc1cc([NH3+])ccc1[N+](=O)[O-],10,Cc1cc(N)ccc1[N+](=O)[O-],10
NCCc1ccccc1,9.84,base,[NH3+]CCc1ccccc1,8,NCCc1ccccc1,8
C[C@@H](N)CCCc1ccccc1,9.99,base,C[C@@H]([NH3+])CCCc1ccccc1,11,C[C@@H](N)CCCc1ccccc1,11
NCCCCCc1ccccc1,10.44,base,[NH3+]CCCCCc1ccccc1,11,NCCCCCc1ccccc1,11
C[C@@H](N)CCCc1ccc(O)cc1,9.4,base,C[C@@H]([NH3+])CCCc1ccc(O)cc1,12,C[C@@H](N)CCCc1ccc(O)cc1,12
C[C@@H](N)Cc1ccccc1,9.94,base,C[C@@H]([NH3+])Cc1ccccc1,9,C[C@@H](N)Cc1ccccc1,9
NCCCc1ccccc1,10.16,base,[NH3+]CCCc1ccccc1,9,NCCCc1ccccc1,9
C[C@@H](N)Cc1ccc2c(c1)OCO2,9.67,base,C[C@@H]([NH3+])Cc1ccc2c(c1)OCO2,12,C[C@@H](N)Cc1ccc2c(c1)OCO2,12
CC(C)(C)c1ccc(CC(=O)O)cc1,4.42,acid,CC(C)(C)c1ccc(CC(=O)O)cc1,13,CC(C)(C)c1ccc(CC(=O)[O-])cc1,13
C[C@H]([C@@H](O)c1ccccc1)N(C)C,9.2,base,C[C@H]([C@@H](O)c1ccccc1)[NH+](C)C,10,C[C@H]([C@@H](O)c1ccccc1)N(C)C,10
CNC[C@H](O)c1cccc(O)c1,8.86,base,C[NH2+]C[C@H](O)c1cccc(O)c1,1,CNC[C@H](O)c1cccc(O)c1,1
Cc1ccccc1CCC(=O)O,4.66,acid,Cc1ccccc1CCC(=O)O,11,Cc1ccccc1CCC(=O)[O-],11
[H]/N=C(\c1ccccc1)c1ccccc1OC,7.29,base,COc1ccccc1C(=[NH2+])c1ccccc1,9,[H]/N=C(\c1ccccc1)c1ccccc1OC,1
Cc1cccc(CCC(=O)O)c1,4.68,acid,Cc1cccc(CCC(=O)O)c1,11,Cc1cccc(CCC(=O)[O-])c1,11
CNCCc1ccccc1,10.08,base,C[NH2+]CCc1ccccc1,1,CNCCc1ccccc1,1
CN(Cc1ccccc1)CC(c1ccccc1)c1ccccc1,7.5,base,C[N@H+](Cc1ccccc1)CC(c1ccccc1)c1ccccc1,1,CN(Cc1ccccc1)CC(c1ccccc1)c1ccccc1,1
CCNCc1ccccc1,9.64,base,CC[NH2+]Cc1ccccc1,2,CCNCc1ccccc1,2
Cc1ccccc1CN,9.19,base,Cc1ccccc1C[NH3+],8,Cc1ccccc1CN,8
NCc1cccc(S(N)(=O)=O)c1,8.55,base,NS(=O)(=O)c1cccc(C[NH3+])c1,11,NCc1cccc(S(N)(=O)=O)c1,11
Cc1cccc(/C=C/C(=O)O)c1,4.44,acid,Cc1cccc(/C=C/C(=O)O)c1,11,Cc1cccc(/C=C/C(=O)[O-])c1,11
Cc1cc(C)cc(N[C@H]2CCc3ccccc32)c1,1.3,base,Cc1cc(C)cc([NH2+][C@H]2CCc3ccccc32)c1,7,Cc1cc(C)cc(N[C@H]2CCc3ccccc32)c1,7
Nc1cc(Br)c2ccccc2c1,3.4,base,[NH3+]c1cc(Br)c2ccccc2c1,11,Nc1cc(Br)c2ccccc2c1,11
Nc1cccc2c(Cl)cccc12,3.34,base,[NH3+]c1cccc2c(Cl)cccc12,11,Nc1cccc2c(Cl)cccc12,11
N#Cc1cc(N)c2ccccc2c1,2.26,base,N#Cc1cc([NH3+])c2ccccc2c1,10,N#Cc1cc(N)c2ccccc2c1,10
COc1ccc2ccc(N)cc2c1,4.19,base,COc1ccc2ccc([NH3+])cc2c1,12,COc1ccc2ccc(N)cc2c1,12
Cc1cc(N)c2ccccc2c1,3.96,base,Cc1cc([NH3+])c2ccccc2c1,11,Cc1cc(N)c2ccccc2c1,11
Nc1cc([N+](=O)[O-])cc2ccccc12,2.07,base,[NH3+]c1cc([N+](=O)[O-])cc2ccccc12,10,Nc1cc([N+](=O)[O-])cc2ccccc12,10
Nc1ccc2ccc([N+](=O)[O-])cc2c1,3.1,base,[NH3+]c1ccc2ccc([N+](=O)[O-])cc2c1,13,Nc1ccc2ccc([N+](=O)[O-])cc2c1,13
O=C(O)[C@@H](Br)c1ccccc1,2.21,acid,O=C(O)[C@@H](Br)c1ccccc1,9,O=C([O-])[C@@H](Br)c1ccccc1,9
C1CNC1,11.3,base,C1C[NH2+]C1,2,C1CNC1,2
CN1CCC1,10.4,base,C[NH+]1CCC1,1,CN1CCC1,1
CCCCN1CC1,7.86,base,CCCC[NH+]1CC1,4,CCCCN1CC1,4
CC[C@H]1CN1,8.31,base,CC[C@H]1C[NH2+]1,4,CC[C@H]1CN1,4
CN1CCCC(=O)CCC1,8.75,base,C[NH+]1CCCC(=O)CCC1,1,CN1CCCC(=O)CCC1,1
CC(C)(C#N)N1CCCCC1,9.22,base,CC(C)(C#N)[NH+]1CCCCC1,5,CC(C)(C#N)N1CCCCC1,5
O=C(CCN1CCCCC1)C(c1ccccc1)c1ccccc1,9.45,base,O=C(CC[NH+]1CCCCC1)C(c1ccccc1)c1ccccc1,17,O=C(CCN1CCCCC1)C(c1ccccc1)c1ccccc1,17
c1ccc(C(CCN2CCCCC2)c2ccccc2)cc1,8.91,base,c1ccc(C(CC[NH+]2CCCCC2)c2ccccc2)cc1,9,c1ccc(C(CCN2CCCCC2)c2ccccc2)cc1,9
CCC(=O)C(CCN1CCCCC1)(c1ccccc1)c1ccccc1,8.81,base,CCC(=O)C(CC[NH+]1CCCCC1)(c1ccccc1)c1ccccc1,7,CCC(=O)C(CCN1CCCCC1)(c1ccccc1)c1ccccc1,7
CCC(=O)C(C[C@H](C)N1CCCCC1)(c1ccccc1)c1ccccc1,8.53,base,CCC(=O)C(C[C@H](C)[NH+]1CCCCC1)(c1ccccc1)c1ccccc1,8,CCC(=O)C(C[C@H](C)N1CCCCC1)(c1ccccc1)c1ccccc1,8
CCCN1CCCCC1,10.5,base,CCC[NH+]1CCCCC1,3,CCCN1CCCCC1,3
c1cncc([C@H]2CCCCN2)c1,11.0,base,c1cncc([C@H]2CCCC[NH2+]2)c1,11,c1cncc([C@H]2CCCCN2)c1,11
C[C@H]1CCNC(C)(C)C1,11.04,base,C[C@H]1CC[NH2+]C(C)(C)C1,4,C[C@H]1CCNC(C)(C)C1,4
C[C@H]1CCCC(C)(C)N1,11.21,base,C[C@H]1CCCC(C)(C)[NH2+]1,6,C[C@H]1CCCC(C)(C)N1,6
O=C(O)CCc1ccccc1Cl,4.58,acid,O=C(O)CCc1ccccc1Cl,10,O=C([O-])CCc1ccccc1Cl,10
CN(C)CC[C@@H](c1ccc(Cl)cc1)c1ccccn1,9.26,base,C[NH+](C)CC[C@@H](c1ccc(Cl)cc1)c1ccccn1,1,CN(C)CC[C@@H](c1ccc(Cl)cc1)c1ccccn1,1
Nc1ccc(N)nc1,6.48,base,Nc1ccc(N)[nH+]c1,3,Nc1ccc(N)nc1,3
Nc1ccc([NH3+])c[nH+]1,2.13,base,Nc1ccc([NH3+])c[nH+]1,6,Nc1ccc(N)[nH+]c1,6
O=C(O)/C=C/c1ccc(Cl)cc1,4.41,acid,O=C(O)/C=C/c1ccc(Cl)cc1,10,O=C([O-])/C=C/c1ccc(Cl)cc1,10
CN(C)CCc1cccnc1,8.86,base,C[NH+](C)CCc1cccnc1,1,CN(C)CCc1cccnc1,1
O=C(O)Cc1ccc([N+](=O)[O-])cc1[N+](=O)[O-],3.502,acid,O=C(O)Cc1ccc([N+](=O)[O-])cc1[N+](=O)[O-],15,O=C([O-])Cc1ccc([N+](=O)[O-])cc1[N+](=O)[O-],15
c1cncc(CCN2CCCCC2)c1,8.81,base,c1cncc(CC[NH+]2CCCCC2)c1,8,c1cncc(CCN2CCCCC2)c1,8
CC1=CCCCN1C,11.38,base,CC1=CCCC[N@H+]1C,6,CC1=CCCCN1C,6
O=C(O)c1ccc[n+]([O-])c1,2.79,acid,O=C(O)c1ccc[n+]([O-])c1,9,O=C([O-])c1ccc[n+]([O-])c1,9
COc1ccccc1CCC(=O)O,4.804,acid,COc1ccccc1CCC(=O)O,12,COc1ccccc1CCC(=O)[O-],12
COc1cccc(CCC(=O)O)c1,4.65,acid,COc1cccc(CCC(=O)O)c1,12,COc1cccc(CCC(=O)[O-])c1,12
CCCC[C@@H]1CCCN1C,10.2,base,CCCC[C@@H]1CCC[N@H+]1C,8,CCCC[C@@H]1CCCN1C,8
CCN1CCC[C@H]1C,10.56,base,CC[N@@H+]1CCC[C@H]1C,2,CCN1CCC[C@H]1C,2
Cc1ccc([C@@H]2CCCN2)cc1,9.95,base,Cc1ccc([C@@H]2CCC[NH2+]2)cc1,11,Cc1ccc([C@@H]2CCCN2)cc1,11
O=C(O)CSCCc1ccccc1,3.79,acid,O=C(O)CSCCc1ccccc1,12,O=C([O-])CSCCc1ccccc1,12
NC[C@H]1C=CCS1,8.92,base,[NH3+]C[C@H]1C=CCS1,6,NC[C@H]1C=CCS1,6
O=C(O)[C@H](O)c1cccc(Cl)c1,3.24,acid,O=C(O)[C@H](O)c1cccc(Cl)c1,10,O=C([O-])[C@H](O)c1cccc(Cl)c1,10
c1ccc(C(CCN2CCOCC2)c2ccccc2)cc1,7.2,base,c1ccc(C(CC[NH+]2CCOCC2)c2ccccc2)cc1,9,c1ccc(C(CCN2CCOCC2)c2ccccc2)cc1,9
CN1CCOCC1,7.4,base,C[NH+]1CCOCC1,1,CN1CCOCC1,1
Oc1cnccn1,8.25,acid,Oc1cnccn1,6,[O-]c1cnccn1,6
O=C(O)CCC(=O)c1cccc2ccccc12,4.48,acid,O=C(O)CCC(=O)c1cccc2ccccc12,16,O=C([O-])CCC(=O)c1cccc2ccccc12,16
CCc1cnc(NC)nc1,4.29,base,CCc1cnc(NC)[nH+]c1,4,CCc1cnc(NC)nc1,4
Cc1ccnc(O)n1,9.9,acid,Cc1ccnc(O)n1,7,Cc1ccnc([O-])n1,7
Oc1cccc2cnccc12,8.47,acid,Oc1cccc2cnccc12,10,[O-]c1cccc2cnccc12,10
Oc1cnc2ccccc2c1,8.08,acid,Oc1cnc2ccccc2c1,10,[O-]c1cnc2ccccc2c1,10
Cc1cnc2c(O)cccc2c1,9.75,acid,Cc1cnc2c(O)cccc2c1,11,Cc1cnc2c([O-])cccc2c1,11
Oc1c(C(F)(F)F)ccc2cccnc12,9.08,acid,Oc1c(C(F)(F)F)ccc2cccnc12,10,[O-]c1c(C(F)(F)F)ccc2cccnc12,10
Oc1nncc2ccccc12,11.99,acid,Oc1nncc2ccccc12,10,[O-]c1nncc2ccccc12,10
Oc1ccc2cncnc2c1,7.39,acid,Oc1ccc2cncnc2c1,10,[O-]c1ccc2cncnc2c1,10
O=[N+]([O-])c1ccccc1O,7.21,acid,O=[N+]([O-])c1ccccc1O,9,O=[N+]([O-])c1ccccc1[O-],9
O=[N+]([O-])c1cccc(O)c1,8.38,acid,O=[N+]([O-])c1cccc(O)c1,6,O=[N+]([O-])c1cccc([O-])c1,6
O=C1c2ccccc2C(=O)c2c1cccc2S(=O)(=O)O,0.268,acid,O=C1c2ccccc2C(=O)c2c1cccc2S(=O)(=O)O,19,O=C1c2ccccc2C(=O)c2c1cccc2S(=O)(=O)[O-],19
CCO[P@@](C)(=O)OCCN(C)C,8.14,base,CCO[P@@](C)(=O)OCC[NH+](C)C,9,CCO[P@@](C)(=O)OCCN(C)C,9
N[C@@H]1C[C@H]1c1ccc(Cl)cc1,8.11,base,[NH3+][C@@H]1C[C@H]1c1ccc(Cl)cc1,9,N[C@@H]1C[C@H]1c1ccc(Cl)cc1,9
COc1ccc([C@@H]2C[C@H]2N)cc1,8.32,base,COc1ccc([C@@H]2C[C@H]2[NH3+])cc1,11,COc1ccc([C@@H]2C[C@H]2N)cc1,11
Nc1cc2c3c(cccc3c1)CC2,4.5,base,[NH3+]c1cc2c3c(cccc3c1)CC2,12,Nc1cc2c3c(cccc3c1)CC2,12
Nc1ccc(/C=C/c2ccccc2)cc1,4.18,base,[NH3+]c1ccc(/C=C/c2ccccc2)cc1,14,Nc1ccc(/C=C/c2ccccc2)cc1,14
CN(C)CCCO,9.3,base,C[NH+](C)CCCO,1,CN(C)CCCO,1
C#CC(C)(C)NC(C)(C)C=C,8.2,base,C#CC(C)(C)[NH2+]C(C)(C)C=C,5,C#CC(C)(C)NC(C)(C)C=C,5
NCC(Cl)=C(Cl)Cl,7.28,base,[NH3+]CC(Cl)=C(Cl)Cl,6,NCC(Cl)=C(Cl)Cl,6
CC1=C(C)C(C)(C)N(C)C1(C)C,10.8,base,CC1=C(C)C(C)(C)[NH+](C)C1(C)C,4,CC1=C(C)C(C)(C)N(C)C1(C)C,4
CC1=C(C)C(C)(C)NC1(C)C,10.5,base,CC1=C(C)C(C)(C)[NH2+]C1(C)C,4,CC1=C(C)C(C)(C)NC1(C)C,4
CC(=O)SCCN(C)C,8.27,base,CC(=O)SCC[NH+](C)C,6,CC(=O)SCCN(C)C,6
NCC(Cl)Cl,7.25,base,[NH3+]CC(Cl)Cl,4,NCC(Cl)Cl,4
CC(C)c1ccc([C@H](C)N)cc1,9.42,base,CC(C)c1ccc([C@H](C)[NH3+])cc1,11,CC(C)c1ccc([C@H](C)N)cc1,11
CCCc1ccc([C@H](C)N)cc1,9.45,base,CCCc1ccc([C@H](C)[NH3+])cc1,11,CCCc1ccc([C@H](C)N)cc1,11
COc1ccc([C@@H](O)CN)cc1OC,9.18,base,COc1ccc([C@@H](O)C[NH3+])cc1OC,12,COc1ccc([C@@H](O)CN)cc1OC,12
CCCCNC[C@H](O)c1ccc(O)cc1,9.034,base,CCCC[NH2+]C[C@H](O)c1ccc(O)cc1,4,CCCCNC[C@H](O)c1ccc(O)cc1,4
CCOC(=O)c1ccc([C@@H](O)CNC(C)C)cc1,9.43,base,CCOC(=O)c1ccc([C@@H](O)C[NH2+]C(C)C)cc1,13,CCOC(=O)c1ccc([C@@H](O)CNC(C)C)cc1,13
CC(C)NC[C@H](O)c1ccccc1F,9.41,base,CC(C)[NH2+]C[C@H](O)c1ccccc1F,3,CC(C)NC[C@H](O)c1ccccc1F,3
CC(C)NC[C@H](O)c1cccc(I)c1,9.36,base,CC(C)[NH2+]C[C@H](O)c1cccc(I)c1,3,CC(C)NC[C@H](O)c1cccc(I)c1,3
CC(C)NC[C@H](O)c1ccc(C(F)(F)F)cc1,9.34,base,CC(C)[NH2+]C[C@H](O)c1ccc(C(F)(F)F)cc1,3,CC(C)NC[C@H](O)c1ccc(C(F)(F)F)cc1,3
CNC[C@H](O)c1ccc(OC)c(OC)c1,9.51,base,C[NH2+]C[C@H](O)c1ccc(OC)c(OC)c1,1,CNC[C@H](O)c1ccc(OC)c(OC)c1,1
c1ccc(CNCc2ccccc2)cc1,8.52,base,c1ccc(C[NH2+]Cc2ccccc2)cc1,7,c1ccc(CNCc2ccccc2)cc1,7
CCOc1ccc(CN(CCO)CCO)cc1,7.6,base,CCOc1ccc(C[NH+](CCO)CCO)cc1,10,CCOc1ccc(CN(CCO)CCO)cc1,10
NCc1cccc([N+](=O)[O-])c1,8.65,base,[NH3+]Cc1cccc([N+](=O)[O-])c1,10,NCc1cccc([N+](=O)[O-])c1,10
COc1ccnc(N)c1,7.62,base,COc1cc[nH+]c(N)c1,5,COc1ccnc(N)c1,5
Cc1nc(C(=O)O)c(C)o1,4.17,acid,Cc1nc(C(=O)O)c(C)o1,9,Cc1nc(C(=O)[O-])c(C)o1,9
Cc1nc(C(=O)O)co1,3.59,acid,Cc1nc(C(=O)O)co1,8,Cc1nc(C(=O)[O-])co1,8
Cc1ncoc1C(=O)O,2.88,acid,Cc1ncoc1C(=O)O,8,Cc1ncoc1C(=O)[O-],8
C=CCc1c(C)nc(O)nc1C,10.74,acid,C=CCc1c(C)nc(O)nc1C,7,C=CCc1c(C)nc([O-])nc1C,7
Cc1nc(N)ncc1Br,2.61,base,Cc1nc(N)[nH+]cc1Br,4,Cc1nc(N)ncc1Br,4
Nc1ncc(-c2ccc(F)cc2)cn1,3.25,base,Nc1ncc(-c2ccc(F)cc2)c[nH+]1,8,Nc1ncc(-c2ccc(F)cc2)cn1,8
CSc1ncnc(O)c1C,9.12,acid,CSc1ncnc(O)c1C,9,CSc1ncnc([O-])c1C,9
Cc1ccc(-c2cnc(O)nc2)cc1,8.74,acid,Cc1ccc(-c2cnc(O)nc2)cc1,13,Cc1ccc(-c2cnc([O-])nc2)cc1,13
CCC1=NC[C@H](C)S1,5.231,base,CCC1=[NH+]C[C@H](C)S1,3,CCC1=NC[C@H](C)S1,3
CC1=NC(C)(C)CS1,5.39,base,CC1=[NH+]C(C)(C)CS1,2,CC1=NC(C)(C)CS1,2
CC(C)c1cc(O)c(=O)c(Br)cc1Br,4.28,acid,CC(C)c1cc(O)c(=O)c(Br)cc1Br,13,CC(C)c1cc([O-])c(=O)c(Br)cc1Br,13
CC(C)c1c(Br)cc(Br)c(=O)c(O)c1Br,6.0,acid,CC(C)c1c(Br)cc(Br)c(=O)c(O)c1Br,12,CC(C)c1c(Br)cc(Br)c(=O)c([O-])c1Br,12
COC(=O)[C@H]1C[C@H](C)N[C@@H]2CCCC[C@H]12,9.9,base,COC(=O)[C@H]1C[C@H](C)[NH2+][C@@H]2CCCC[C@H]12,10,COC(=O)[C@H]1C[C@H](C)N[C@@H]2CCCC[C@H]12,10
C[C@H]1CC[C@@H]2CCCC[C@H]2N1,10.91,base,C[C@H]1CC[C@@H]2CCCC[C@H]2[NH2+]1,10,C[C@H]1CC[C@@H]2CCCC[C@H]2N1,10
C[C@H](CN1c2ccccc2Sc2ccccc21)N(C)C,9.1,base,C[C@H](CN1c2ccccc2Sc2ccccc21)[NH+](C)C,17,C[C@H](CN1c2ccccc2Sc2ccccc21)N(C)C,17
CCOc1ccc(NC(C)=O)cc1,11.8,acid,CCOc1ccc(NC(C)=O)cc1,9,CCOc1ccc([N-]C(C)=O)cc1,9
Nc1ccc([N+](=O)[O-])c(Cl)c1,0.26,base,[NH3+]c1ccc([N+](=O)[O-])c(Cl)c1,6,Nc1ccc([N+](=O)[O-])c(Cl)c1,6
Nc1cc(I)cc(I)c1,2.368,base,[NH3+]c1cc(I)cc(I)c1,8,Nc1cc(I)cc(I)c1,8
CCOC(=O)COc1ccc(N)cc1,5.09,base,CCOC(=O)COc1ccc([NH3+])cc1,13,CCOC(=O)COc1ccc(N)cc1,13
CCNc1cccc(C)c1,5.25,base,CC[NH2+]c1cccc(C)c1,2,CCNc1cccc(C)c1,2
CC[N@@H+](CC[N+]1(C)CCCCC1)c1ccccc1,2.77,base,CC[N@@H+](CC[N+]1(C)CCCCC1)c1ccccc1,2,CCN(CC[N+]1(C)CCCCC1)c1ccccc1,2
CCNc1ccc([N+](=O)[O-])cc1,0.94,base,CC[NH2+]c1ccc([N+](=O)[O-])cc1,2,CCNc1ccc([N+](=O)[O-])cc1,2
CCSc1ccc(N)cc1,4.0,base,CCSc1ccc([NH3+])cc1,9,CCSc1ccc(N)cc1,9
Nc1cc([N+](=O)[O-])ccc1F,1.09,base,[NH3+]c1cc([N+](=O)[O-])ccc1F,9,Nc1cc([N+](=O)[O-])ccc1F,9
Nc1ccccc1C=O,1.36,base,[NH3+]c1ccccc1C=O,8,Nc1ccccc1C=O,8
CC(C)Nc1ccccc1[N+](=O)[O-],0.09,base,CC(C)[NH2+]c1ccccc1[N+](=O)[O-],3,CC(C)Nc1ccccc1[N+](=O)[O-],3
CS(=O)(=O)c1ccccc1N,0.33,base,CS(=O)(=O)c1ccccc1[NH3+],10,CS(=O)(=O)c1ccccc1N,10
Nc1cccc(OC(F)(F)C(F)(F)F)c1,3.24,base,[NH3+]c1cccc(OC(F)(F)C(F)(F)F)c1,14,Nc1cccc(OC(F)(F)C(F)(F)F)c1,14
Nc1ccc(Sc2ccccc2)cc1,3.8,base,[NH3+]c1ccc(Sc2ccccc2)cc1,13,Nc1ccc(Sc2ccccc2)cc1,13
Cc1ccc(N(C)C)c(C)c1,5.28,base,Cc1ccc([NH+](C)C)c(C)c1,8,Cc1ccc(N(C)C)c(C)c1,8
CC(C)(C)[P@@H](=O)O,4.24,acid,CC(C)(C)[P@@H](=O)O,6,CC(C)(C)[P@@H](=O)[O-],6
N#CC(=O)O,2.46,acid,N#CC(=O)O,4,N#CC(=O)[O-],4
O=C(O)c1ccc(O)c(O)c1,4.48,acid,O=C(O)c1ccc(O)c(O)c1,8,O=C([O-])c1ccc(O)c(O)c1,8
CCOCCN,8.0,base,CCOCC[NH3+],5,CCOCCN,5
CCOc1ccccc1O,10.11,acid,CCOc1ccccc1O,9,CCOc1ccccc1[O-],9
OC(=S)CCCCC(O)=S,3.382,acid,OC(=S)CCCCC(O)=S,9,[O-]C(=S)CCCCC(O)=S,5
[O-]C(=S)CCCCC(O)=S,4.352,acid,[O-]C(=S)CCCCC(O)=S,9,[O-]C(=S)CCCCC([O-])=S,9
O=[N+]([O-])c1cc([N+](=O)[O-])c(Nc2c([N+](=O)[O-])cc([N+](=O)[O-])cc2[N+](=O)[O-])c([N+](=O)[O-])c1,5.42,acid,O=[N+]([O-])c1cc([N+](=O)[O-])c(Nc2c([N+](=O)[O-])cc([N+](=O)[O-])cc2[N+](=O)[O-])c([N+](=O)[O-])c1,9,O=[N+]([O-])c1cc([N+](=O)[O-])c([N-]c2c([N+](=O)[O-])cc([N+](=O)[O-])cc2[N+](=O)[O-])c([N+](=O)[O-])c1,9
CC[C@@H](O)C(=O)O,3.68,acid,CC[C@@H](O)C(=O)O,5,CC[C@@H](O)C(=O)[O-],5
CCCc1ccccc1O,10.5,acid,CCCc1ccccc1O,9,CCCc1ccccc1[O-],9
CC[C@H](S)C(=O)O,3.53,acid,CC[C@H](S)C(=O)O,5,CC[C@H](S)C(=O)[O-],5
O=C(O)[C@@H](O)CO,3.52,acid,O=C(O)[C@@H](O)CO,4,O=C([O-])[C@@H](O)CO,4
COc1ccc([P@@H](=O)O)cc1,2.35,acid,COc1ccc([P@@H](=O)O)cc1,10,COc1ccc([P@@H](=O)[O-])cc1,10
CNCc1cccc(C)n1,9.15,base,C[NH2+]Cc1cccc(C)n1,8,CNCc1cccc(C)n1,8
CCC[P@@H](=O)O,3.46,acid,CCC[P@@H](=O)O,5,CCC[P@@H](=O)[O-],5
O=C(O)CO,3.83,acid,O=C(O)CO,3,O=C([O-])CO,3
O=C(O)c1c(O)cccc1O,1.1,acid,O=C(O)c1c(O)cccc1O,9,O=C([O-])c1c(O)cccc1O,9
COCCN,9.61,base,COCC[NH3+],4,COCCN,4
Oc1ccncn1,8.63,acid,Oc1ccncn1,6,[O-]c1ccncn1,6
NCC(Cl)(Cl)Cl,5.47,base,[NH3+]CC(Cl)(Cl)Cl,5,NCC(Cl)(Cl)Cl,5
O=C(O)c1ccc(O)cc1,4.54,acid,O=C(O)c1ccc(O)cc1,8,O=C([O-])c1ccc(O)cc1,8
CCC(=O)O[C@H](C)CN(C)C,8.26,base,CCC(=O)O[C@H](C)C[NH+](C)C,8,CCC(=O)O[C@H](C)CN(C)C,8
Cc1nc2ccncc2nc1O,8.33,acid,Cc1nc2ccncc2nc1O,11,Cc1nc2ccncc2nc1[O-],11
Oc1cccnc1,8.72,acid,Oc1cccnc1,6,[O-]c1cccnc1,6
Oc1cccc2cc3ccccc3nc12,9.75,acid,Oc1cccc2cc3ccccc3nc12,14,[O-]c1cccc2cc3ccccc3nc12,14
COc1ccc(CN)cc1,9.47,base,COc1ccc(C[NH3+])cc1,9,COc1ccc(CN)cc1,9
NC(CO)(CO)CO,8.08,base,[NH3+]C(CO)(CO)CO,6,NC(CO)(CO)CO,6
CC(C)NC[C@H](O)c1ccc(O)cc1,9.57,base,CC(C)[NH2+]C[C@H](O)c1ccc(O)cc1,3,CC(C)NC[C@H](O)c1ccc(O)cc1,3
OCCNC(CO)(CO)CO,7.83,base,OCC[NH2+]C(CO)(CO)CO,3,OCCNC(CO)(CO)CO,3
C/C=C(/C)C(=O)O,4.29,acid,C/C=C(/C)C(=O)O,6,C/C=C(/C)C(=O)[O-],6
COC(=O)C(CCC(=O)O)(c1ccccc1)c1ccccc1,4.66,acid,COC(=O)C(CCC(=O)O)(c1ccccc1)c1ccccc1,9,COC(=O)C(CCC(=O)[O-])(c1ccccc1)c1ccccc1,9
O=C(O)Cc1ccccc1,4.31,acid,O=C(O)Cc1ccccc1,9,O=C([O-])Cc1ccccc1,9
O=C(O)c1ccccc1,3.98,acid,O=C(O)c1ccccc1,8,O=C([O-])c1ccccc1,8
CCC(=O)O,4.874,acid,CCC(=O)O,4,CCC(=O)[O-],4
CN(C)Cc1ccccc1,8.91,base,C[NH+](C)Cc1ccccc1,1,CN(C)Cc1ccccc1,1
CCOCC(=O)O,3.84,acid,CCOCC(=O)O,6,CCOCC(=O)[O-],6
OCC(Cl)(Cl)Cl,12.24,acid,OCC(Cl)(Cl)Cl,5,[O-]CC(Cl)(Cl)Cl,5
O=C(O)c1c(Cl)ccc(Cl)c1Cl,1.5,acid,O=C(O)c1c(Cl)ccc(Cl)c1Cl,9,O=C([O-])c1c(Cl)ccc(Cl)c1Cl,9
O=C(O)COc1cc(Cl)c(Cl)cc1Cl,2.85,acid,O=C(O)COc1cc(Cl)c(Cl)cc1Cl,13,O=C([O-])COc1cc(Cl)c(Cl)cc1Cl,13
OCCC(F)F,12.74,acid,OCCC(F)F,2,[O-]CCC(F)F,2
O=[N+]([O-])c1ccc(S)cc1,4.6,acid,O=[N+]([O-])c1ccc(S)cc1,9,O=[N+]([O-])c1ccc([S-])cc1,9
Clc1ccc2nsnc2c1NC1=NCCN1,7.52,base,Clc1ccc2nsnc2c1NC1=[NH+]CCN1,11,Clc1ccc2nsnc2c1NC1=NCCN1,11
CCCN[C@@H](C)C(=O)Nc1ccccc1C,7.9,base,CCC[NH2+][C@@H](C)C(=O)Nc1ccccc1C,3,CCCN[C@@H](C)C(=O)Nc1ccccc1C,3
CCCc1nc(C(C)(C)O)c(C(=O)OCc2oc(=O)oc2C)n1Cc1ccc(-c2ccccc2-c2nnn[nH]2)cc1,4.29,acid,CCCc1nc(C(C)(C)O)c(C(=O)OCc2oc(=O)oc2C)n1Cc1ccc(-c2ccccc2-c2nnn[nH]2)cc1,22,CCCc1nc(C(C)(C)O)c(C(=O)OCc2oc(=O)oc2C)n1Cc1ccc(-c2ccccc2-c2nnn[n-]2)cc1,22
CCCc1[nH+]c(C(C)(C)O)c(C(=O)OCc2oc(=O)oc2C)n1Cc1ccc(-c2ccccc2-c2nnn[n-]2)cc1,6.05,base,CCCc1[nH+]c(C(C)(C)O)c(C(=O)OCc2oc(=O)oc2C)n1Cc1ccc(-c2ccccc2-c2nnn[n-]2)cc1,4,CCCc1nc(C(C)(C)O)c(C(=O)OCc2oc(=O)oc2C)n1Cc1ccc(-c2ccccc2-c2nnn[n-]2)cc1,4
Cc1nnc(C(C)C)n1C1C[C@H]2CC[C@@H](C1)N2CC[C@H](NC(=O)C1CCC(F)(F)CC1)c1ccccc1,9.66,base,Cc1nnc(C(C)C)n1C1C[C@H]2CC[C@@H](C1)[NH+]2CC[C@H](NC(=O)C1CCC(F)(F)CC1)c1ccccc1,13,Cc1nnc(C(C)C)n1C1C[C@H]2CC[C@@H](C1)N2CC[C@H](NC(=O)C1CCC(F)(F)CC1)c1ccccc1,13
C[C@H]1CN=C(N)c2sccc2O1,11.0,base,C[C@H]1C[NH+]=C(N)c2sccc2O1,3,C[C@H]1CN=C(N)c2sccc2O1,3
CCc1cc(C(N)=S)ccn1,4.4,base,CCc1cc(C(N)=S)cc[nH+]1,7,CCc1cc(C(N)=S)ccn1,7
C[C@H](CS)C(=O)N1CCC[C@H]1C(=O)O,3.45,acid,C[C@H](CS)C(=O)N1CCC[C@H]1C(=O)O,13,C[C@H](CS)C(=O)N1CCC[C@H]1C(=O)[O-],13
CN[C@@H](C)[C@@H](O)c1ccccc1,9.86,base,C[NH2+][C@@H](C)[C@@H](O)c1ccccc1,10,CN[C@@H](C)[C@@H](O)c1ccccc1,10
N[C@@H]1CCc2c(ccc(O)c2O)C1,10.5,base,[NH3+][C@@H]1CCc2c(ccc(O)c2O)C1,10,N[C@@H]1CCc2c(ccc(O)c2O)C1,10
[NH3+][C@@H]1CCc2c(ccc([O-])c2O)C1,8.9,acid,[NH3+][C@@H]1CCc2c(ccc(O)c2O)C1,12,[NH3+][C@@H]1CCc2c(ccc([O-])c2O)C1,12
[NH3+][C@@H]1CCc2c(ccc(O)c2[O-])C1,8.9,acid,[NH3+][C@@H]1CCc2c(ccc(O)c2O)C1,11,[NH3+][C@@H]1CCc2c(ccc(O)c2[O-])C1,11
Cc1cc(CN2Cc3ccccc3C[C@H]2C(=O)Nc2ccc(Cl)cc2Cl)ccc1OCC(=O)O,3.1,acid,Cc1cc(CN2Cc3ccccc3C[C@H]2C(=O)Nc2ccc(Cl)cc2Cl)ccc1OCC(=O)O,11,Cc1cc(CN2Cc3ccccc3C[C@H]2C(=O)Nc2ccc(Cl)cc2Cl)ccc1OCC(=O)[O-],11
Cc1cc(C[N@@H+]2Cc3ccccc3C[C@H]2C(=O)Nc2ccc(Cl)cc2Cl)ccc1OCC(=O)[O-],6.2,base,Cc1cc(C[N@@H+]2Cc3ccccc3C[C@H]2C(=O)Nc2ccc(Cl)cc2Cl)ccc1OCC(=O)[O-],13,Cc1cc(CN2Cc3ccccc3C[C@H]2C(=O)Nc2ccc(Cl)cc2Cl)ccc1OCC(=O)[O-],13
CCOC(=O)N1CCC2(CC1)N=C(N)c1sccc1N2,10.47,base,CCOC(=O)N1CCC2(CC1)Nc1ccsc1C(N)=[NH+]2,18,CCOC(=O)N1CCC2(CC1)N=C(N)c1sccc1N2,18
NC1=N[C@H](c2ccccc2)Nc2ccccc21,9.83,base,NC1=[NH+][C@H](c2ccccc2)Nc2ccccc21,15,NC1=N[C@H](c2ccccc2)Nc2ccccc21,15
CCC(CC)NC(=O)c1cn(-c2ccccc2)nc1NS(=O)(=O)c1ccc(C)cc1,5.3,acid,CCC(CC)NC(=O)c1cn(-c2ccccc2)nc1NS(=O)(=O)c1ccc(C)cc1,13,CCC(CC)NC(=O)c1cn(-c2ccccc2)nc1[N-]S(=O)(=O)c1ccc(C)cc1,13
CC(C)(C)c1cc(NC(=O)NCc2ccccc2Sc2ccc3nnc(-c4ccccc4SCCO)n3c2)n(-c2ccc(O)c(Cl)c2)n1,7.17,acid,CC(C)(C)c1cc(NC(=O)NCc2ccccc2Sc2ccc3nnc(-c4ccccc4SCCO)n3c2)n(-c2ccc(O)c(Cl)c2)n1,16,CC(C)(C)c1cc(NC(=O)NCc2ccccc2Sc2ccc3nnc(-c4ccccc4SCCO)n3c2)n(-c2ccc([O-])c(Cl)c2)n1,16
CC[C@H](N)C(=O)N[C@H](C#N)Cc1ccc(-c2ccccc2)cc1,7.3,base,CC[C@H]([NH3+])C(=O)N[C@H](C#N)Cc1ccc(-c2ccccc2)cc1,22,CC[C@H](N)C(=O)N[C@H](C#N)Cc1ccc(-c2ccccc2)cc1,22
COc1cc2nc(-c3ccc(N4CCN(C)CC4)cc3)nc(NCCN3CCOCC3)c2cc1OC,7.93,base,COc1cc2nc(-c3ccc(N4CC[NH+](C)CC4)cc3)nc(NCCN3CCOCC3)c2cc1OC,1,COc1cc2nc(-c3ccc(N4CCN(C)CC4)cc3)nc(NCCN3CCOCC3)c2cc1OC,1
O=C([O-])[C@H](Cc1ccccc1)N1CCC(C[NH+]2CCC(Oc3ccc(Cl)c(Cl)c3)CC2)CC1,9.25,base,O=C([O-])[C@H](Cc1ccccc1)N1CCC(C[NH+]2CCC(Oc3ccc(Cl)c(Cl)c3)CC2)CC1,18,O=C([O-])[C@H](Cc1ccccc1)N1CCC(CN2CCC(Oc3ccc(Cl)c(Cl)c3)CC2)CC1,18
O=C([O-])[C@H](Cc1ccccc1)[NH+]1CCC(CN2CCC(Oc3ccc(Cl)c(Cl)c3)CC2)CC1,9.25,base,O=C([O-])[C@H](Cc1ccccc1)[NH+]1CCC(CN2CCC(Oc3ccc(Cl)c(Cl)c3)CC2)CC1,11,O=C([O-])[C@H](Cc1ccccc1)N1CCC(CN2CCC(Oc3ccc(Cl)c(Cl)c3)CC2)CC1,11
O=C([N-]S(=O)(=O)c1ccc(Cl)cc1)N1CCC([NH+]2CCC(Oc3ccc(Cl)c(Cl)c3)CC2)CC1,8.2,base,O=C([N-]S(=O)(=O)c1ccc(Cl)cc1)N1CCC([NH+]2CCC(Oc3ccc(Cl)c(Cl)c3)CC2)CC1,18,O=C([N-]S(=O)(=O)c1ccc(Cl)cc1)N1CCC(N2CCC(Oc3ccc(Cl)c(Cl)c3)CC2)CC1,18
O=C(NC[C@@H](O)CN1CCC(Oc2ccc(Cl)c(Cl)c2)CC1)c1c[nH]c(=O)cc1C(F)(F)F,7.7,base,O=C(NC[C@@H](O)C[NH+]1CCC(Oc2ccc(Cl)c(Cl)c2)CC1)c1c[nH]c(=O)cc1C(F)(F)F,10,O=C(NC[C@@H](O)CN1CCC(Oc2ccc(Cl)c(Cl)c2)CC1)c1c[nH]c(=O)cc1C(F)(F)F,10
O=C(NC[C@@H](O)C[NH+]1CCC(Oc2ccc(Cl)c(Cl)c2)CC1)c1c[n-]c(=O)cc1C(F)(F)F,8.3,acid,O=C(NC[C@@H](O)C[NH+]1CCC(Oc2ccc(Cl)c(Cl)c2)CC1)c1c[nH]c(=O)cc1C(F)(F)F,21,O=C(NC[C@@H](O)C[NH+]1CCC(Oc2ccc(Cl)c(Cl)c2)CC1)c1c[n-]c(=O)cc1C(F)(F)F,21
CCc1nc2c(C)cc(C)nc2[nH]1,5.5,base,CCc1nc2c(C)cc(C)[nH+]c2[nH]1,10,CCc1nc2c(C)cc(C)nc2[nH]1,10
O=C(NCC12CC3CC(CC(C3)C1)C2)c1cc(CC2CCNCC2)ccc1Cl,10.1,base,O=C(NCC12CC3CC(CC(C3)C1)C2)c1cc(CC2CC[NH2+]CC2)ccc1Cl,10,O=C(NCC12CC3CC(CC(C3)C1)C2)c1cc(CC2CCNCC2)ccc1Cl,10
O=C(c1ccccc1)N1CCN(Cc2ccccc2)CC1,6.2,base,O=C(c1ccccc1)N1CC[NH+](Cc2ccccc2)CC1,7,O=C(c1ccccc1)N1CCN(Cc2ccccc2)CC1,7
N#Cc1ccc2[nH]c(-c3ccc(F)cc3)c(CCCC(=O)NS(N)(=O)=O)c2c1,5.9,acid,N#Cc1ccc2[nH]c(-c3ccc(F)cc3)c(CCCC(=O)NS(N)(=O)=O)c2c1,22,N#Cc1ccc2[nH]c(-c3ccc(F)cc3)c(CCCC(=O)[N-]S(N)(=O)=O)c2c1,22
c1ccc(CSc2nc3ccccc3[nH]2)nc1,4.4,base,c1ccc(CSc2nc3ccccc3[nH]2)[nH+]c1,16,c1ccc(CSc2nc3ccccc3[nH]2)nc1,16
CCc1ncc[nH]1,7.8,base,CCc1[nH]cc[nH+]1,6,CCc1ncc[nH]1,6
CCOC(=O)N1CCC(c2cc(=O)n(-c3ccccc3)[nH]2)CC1,6.8,acid,CCOC(=O)N1CCC(c2cc(=O)n(-c3ccccc3)[nH]2)CC1,16,CCOC(=O)N1CCC(c2cc(=O)n(-c3ccccc3)[n-]2)CC1,16
NC1=N[C@H](c2ccco2)Nc2c(F)ccc(F)c21,8.2,base,NC1=[NH+][C@H](c2ccco2)Nc2c(F)ccc(F)c21,14,NC1=N[C@H](c2ccco2)Nc2c(F)ccc(F)c21,14
CN(C)S(=O)(=O)NC(=O)CCCc1c(-c2ccc(F)cc2)[nH]c2ccc(C#N)cc12,5.5,acid,CN(C)S(=O)(=O)NC(=O)CCCc1c(-c2ccc(F)cc2)[nH]c2ccc(C#N)cc12,6,CN(C)S(=O)(=O)[N-]C(=O)CCCc1c(-c2ccc(F)cc2)[nH]c2ccc(C#N)cc12,6
Cc1ccc(S(=O)(=O)NC(=O)NN2C[C@H]3CCC[C@H]3C2)cc1,5.98,acid,Cc1ccc(S(=O)(=O)NC(=O)NN2C[C@H]3CCC[C@H]3C2)cc1,10,Cc1ccc(S(=O)(=O)[N-]C(=O)NN2C[C@H]3CCC[C@H]3C2)cc1,10
C=CCOc1ccccc1OC[C@H](O)CNC(C)C,9.69,base,C=CCOc1ccccc1OC[C@H](O)C[NH2+]C(C)C,3,C=CCOc1ccccc1OC[C@H](O)CNC(C)C,3
O=C(O)c1ccc(-c2ccc(Cl)c(C(=O)NCC34CC5CC(CC(C5)C3)C4)c2)cc1,4.1,acid,O=C(O)c1ccc(-c2ccc(Cl)c(C(=O)NCC34CC5CC(CC(C5)C3)C4)c2)cc1,29,O=C([O-])c1ccc(-c2ccc(Cl)c(C(=O)NCC34CC5CC(CC(C5)C3)C4)c2)cc1,29
C[C@H](C(=O)O)c1cccc(C(=O)c2ccccc2)c1,3.96,acid,C[C@H](C(=O)O)c1cccc(C(=O)c2ccccc2)c1,18,C[C@H](C(=O)[O-])c1cccc(C(=O)c2ccccc2)c1,18
CCOC(=O)C1(c2ccccc2)CCN(C)CC1,10.5,base,CCOC(=O)C1(c2ccccc2)CC[NH+](C)CC1,8,CCOC(=O)C1(c2ccccc2)CCN(C)CC1,8
CCN(CC)CCOC(=O)C1(c2ccccc2)CCCC1,8.4,base,CC[NH+](CC)CCOC(=O)C1(c2ccccc2)CCCC1,2,CCN(CC)CCOC(=O)C1(c2ccccc2)CCCC1,2
CCc1cccc2c3c([nH]c12)[C@](CC)(CC(=O)O)OCC3,4.15,acid,CCc1cccc2c3c([nH]c12)[C@](CC)(CC(=O)O)OCC3,20,CCc1cccc2c3c([nH]c12)[C@](CC)(CC(=O)[O-])OCC3,20
COc1ccc([C@H](CN(C)C)C2(O)CCCCC2)cc1,9.64,base,COc1ccc([C@H](C[NH+](C)C)C2(O)CCCCC2)cc1,1,COc1ccc([C@H](CN(C)C)C2(O)CCCCC2)cc1,1
COc1ccc2c3c1O[C@H]1C[C@@H](O)C=C[C@@]31CCN(C)C2,8.21,base,COc1ccc2c3c1O[C@H]1C[C@@H](O)C=C[C@@]31CC[N@@H+](C)C2,1,COc1ccc2c3c1O[C@H]1C[C@@H](O)C=C[C@@]31CCN(C)C2,1
c1ccc(CC2=NCCN2)cc1,10.7,base,c1ccc(CC2=[NH+]CCN2)cc1,8,c1ccc(CC2=NCCN2)cc1,8
SC1CCCCC1,10.69,acid,SC1CCCCC1,6,[S-]C1CCCCC1,6
CC(Cl)(Cl)C(=O)O,1.74,acid,CC(Cl)(Cl)C(=O)O,4,CC(Cl)(Cl)C(=O)[O-],4
COc1c(Cl)ccc(Cl)c1C(=O)O,1.97,acid,COc1c(Cl)ccc(Cl)c1C(=O)O,10,COc1c(Cl)ccc(Cl)c1C(=O)[O-],10
CN(C)CCOC(c1ccccc1)c1ccccc1,9.1,base,C[NH+](C)CCOC(c1ccccc1)c1ccccc1,1,CN(C)CCOC(c1ccccc1)c1ccccc1,1
CS(=O)(=O)NC(=O)c1cc(Oc2ccc(C(F)(F)F)cc2Cl)ccc1[N+](=O)[O-],2.83,acid,CS(=O)(=O)NC(=O)c1cc(Oc2ccc(C(F)(F)F)cc2Cl)ccc1[N+](=O)[O-],4,CS(=O)(=O)[N-]C(=O)c1cc(Oc2ccc(C(F)(F)F)cc2Cl)ccc1[N+](=O)[O-],4
COc1cc(OC)nc(NC(=O)NS(=O)(=O)c2cc(NC=O)ccc2C(=O)N(C)C)n1,4.6,acid,COc1cc(OC)nc(NC(=O)NS(=O)(=O)c2cc(NC=O)ccc2C(=O)N(C)C)n1,14,COc1cc(OC)nc(NC(=O)[N-]S(=O)(=O)c2cc(NC=O)ccc2C(=O)N(C)C)n1,14
CCn1cc(C(=O)[O-])c(=O)c2cc(F)c(N3CC[NH2+][C@H](C)C3)c(F)c21,8.87,base,CCn1cc(C(=O)[O-])c(=O)c2cc(F)c(N3CC[NH2+][C@H](C)C3)c(F)c21,17,CCn1cc(C(=O)[O-])c(=O)c2cc(F)c(N3CCN[C@H](C)C3)c(F)c21,17
Cc1cc(Cl)ccc1OCCCC(=O)O,4.5,acid,Cc1cc(Cl)ccc1OCCCC(=O)O,13,Cc1cc(Cl)ccc1OCCCC(=O)[O-],13
COc1cccc(OC)c1C(=O)N[C@@H]1C(=O)N2[C@@H]1SC(C)(C)[C@@H]2C(=O)O,2.77,acid,COc1cccc(OC)c1C(=O)N[C@@H]1C(=O)N2[C@@H]1SC(C)(C)[C@@H]2C(=O)O,24,COc1cccc(OC)c1C(=O)N[C@@H]1C(=O)N2[C@@H]1SC(C)(C)[C@@H]2C(=O)[O-],24
C[C@@H]1COc2c(N3CC[NH+](C)CC3)c(F)cc3c(=O)c(C(=O)[O-])cn1c23,8.1,base,C[C@@H]1COc2c(N3CC[NH+](C)CC3)c(F)cc3c(=O)c(C(=O)[O-])cn1c23,18,C[C@@H]1COc2c(N3CCN(C)CC3)c(F)cc3c(=O)c(C(=O)[O-])cn1c23,18
O=C(NO)c1ccc(Cl)cc1,9.59,acid,O=C(NO)c1ccc(Cl)cc1,9,O=C(N[O-])c1ccc(Cl)cc1,9
C[C@@H]1CCCCN1CCCOC(=O)c1ccc(Cl)c(Cl)c1,8.9,base,C[C@@H]1CCCC[N@@H+]1CCCOC(=O)c1ccc(Cl)c(Cl)c1,6,C[C@@H]1CCCCN1CCCOC(=O)c1ccc(Cl)c(Cl)c1,6
COc1ccc(C(=O)NO)cc1,9.0,acid,COc1ccc(C(=O)NO)cc1,11,COc1ccc(C(=O)N[O-])cc1,11
O=C(NO)c1ccc([N+](=O)[O-])cc1,8.01,acid,O=C(NO)c1ccc([N+](=O)[O-])cc1,9,O=C(N[O-])c1ccc([N+](=O)[O-])cc1,9
COC(=O)c1ccccc1S(=O)(=O)NC(=O)Nc1nc(OC(F)F)cc(OC(F)F)n1,3.47,acid,COC(=O)c1ccccc1S(=O)(=O)NC(=O)Nc1nc(OC(F)F)cc(OC(F)F)n1,13,COC(=O)c1ccccc1S(=O)(=O)[N-]C(=O)Nc1nc(OC(F)F)cc(OC(F)F)n1,13
Oc1c(Cl)cccc1Cl,6.79,acid,Oc1c(Cl)cccc1Cl,7,[O-]c1c(Cl)cccc1Cl,7
O=[N+]([O-])c1ccc(Cl)cc1O,6.05,acid,O=[N+]([O-])c1ccc(Cl)cc1O,7,O=[N+]([O-])c1ccc(Cl)cc1[O-],7
Cc1cc(Cl)c(O)c(Cl)c1,7.19,acid,Cc1cc(Cl)c(O)c(Cl)c1,8,Cc1cc(Cl)c([O-])c(Cl)c1,8
COc1ccc(O)c([N+](=O)[O-])c1,7.33,acid,COc1ccc(O)c([N+](=O)[O-])c1,11,COc1ccc([O-])c([N+](=O)[O-])c1,11
N#Cc1cc(Br)c(O)c(Br)c1,3.95,acid,N#Cc1cc(Br)c(O)c(Br)c1,7,N#Cc1cc(Br)c([O-])c(Br)c1,7
O=C(O)CCC(=O)O,4.21,acid,O=C(O)CCC(=O)O,7,O=C([O-])CCC(=O)O,4
O=C([O-])CCC(=O)O,5.64,acid,O=C([O-])CCC(=O)O,7,O=C([O-])CCC(=O)[O-],7
O=C(O)Cc1cccc(F)c1,4.13,acid,O=C(O)Cc1cccc(F)c1,10,O=C([O-])Cc1cccc(F)c1,10
[NH3+]C1(C(=O)[O-])CCCCC1,10.03,base,[NH3+]C1(C(=O)[O-])CCCCC1,9,NC1(C(=O)[O-])CCCCC1,9
COC(=O)C[C@@H](C(=O)O)c1ccc([N+](=O)[O-])cc1,3.69,acid,COC(=O)C[C@@H](C(=O)O)c1ccc([N+](=O)[O-])cc1,17,COC(=O)C[C@@H](C(=O)[O-])c1ccc([N+](=O)[O-])cc1,17
COC(=O)c1cc(O)c(O)c(O)c1CN(C)C,6.8,base,COC(=O)c1cc(O)c(O)c(O)c1C[NH+](C)C,1,COC(=O)c1cc(O)c(O)c(O)c1CN(C)C,1
C[N+](C)(C)CCc1cccc([O-])c1,9.43,acid,C[N+](C)(C)CCc1cccc(O)c1,12,C[N+](C)(C)CCc1cccc([O-])c1,12
C[N+](C)(C)CCc1ccc([O-])cc1,9.8,acid,C[N+](C)(C)CCc1ccc(O)cc1,12,C[N+](C)(C)CCc1ccc([O-])cc1,12
Cc1cc(C(=O)O)c2ccccc2c1,3.72,acid,Cc1cc(C(=O)O)c2ccccc2c1,13,Cc1cc(C(=O)[O-])c2ccccc2c1,13
COC(=O)c1cc(O)cc2ccccc12,8.88,acid,COC(=O)c1cc(O)cc2ccccc12,14,COC(=O)c1cc([O-])cc2ccccc12,14
O=C(O)c1ccc(C2CCCC2)cc1,4.21,acid,O=C(O)c1ccc(C2CCCC2)cc1,13,O=C([O-])c1ccc(C2CCCC2)cc1,13
CCCCc1cc(C)c(O)cc1C,10.74,acid,CCCCc1cc(C)c(O)cc1C,11,CCCCc1cc(C)c([O-])cc1C,11
CC(C)c1cccc(C(C)C)c1O,11.1,acid,CC(C)c1cccc(C(C)C)c1O,9,CC(C)c1cccc(C(C)C)c1[O-],9
Oc1cc(-c2ccccc2)ccc1Cl,8.07,acid,Oc1cc(-c2ccccc2)ccc1Cl,12,[O-]c1cc(-c2ccccc2)ccc1Cl,12
CCc1ccc(O)c2sc(C)c(C)c12,9.56,acid,CCc1ccc(O)c2sc(C)c(C)c12,13,CCc1ccc([O-])c2sc(C)c(C)c12,13
Oc1ccc(C2CCCCC2)cc1Cl,8.66,acid,Oc1ccc(C2CCCCC2)cc1Cl,13,[O-]c1ccc(C2CCCCC2)cc1Cl,13
CC(C)(C)c1ccc(S(=O)(=O)CC(=O)O)cc1,2.598,acid,CC(C)(C)c1ccc(S(=O)(=O)CC(=O)O)cc1,16,CC(C)(C)c1ccc(S(=O)(=O)CC(=O)[O-])cc1,16
O=[N+]([O-])c1ccc(S(=O)(=O)Nc2ccccc2)cc1,7.42,acid,O=[N+]([O-])c1ccc(S(=O)(=O)Nc2ccccc2)cc1,6,O=[N+]([O-])c1ccc(S(=O)(=O)[N-]c2ccccc2)cc1,6
O=C(O)CCCCCCc1ccccc1,5.07,acid,O=C(O)CCCCCCc1ccccc1,14,O=C([O-])CCCCCCc1ccccc1,14
Oc1ccc2ccccc2c1/N=N/c1nccs1,8.94,acid,Oc1ccc2ccccc2c1/N=N/c1nccs1,17,[O-]c1ccc2ccccc2c1/N=N/c1nccs1,17
CC(=O)c1ccc(-c2ccccc2O)cc1,10.78,acid,CC(=O)c1ccc(-c2ccccc2O)cc1,15,CC(=O)c1ccc(-c2ccccc2[O-])cc1,15
O=P(O)(OCc1ccccc1)OCc1ccccc1,0.7,acid,O=P(O)(OCc1ccccc1)OCc1ccccc1,10,O=P([O-])(OCc1ccccc1)OCc1ccccc1,10
CC(C)(C)c1cc(Br)cc(C(C)(C)C)c1O,10.83,acid,CC(C)(C)c1cc(Br)cc(C(C)(C)C)c1O,10,CC(C)(C)c1cc(Br)cc(C(C)(C)C)c1[O-],10
CC(C)(C)c1cc(N=O)cc(C(C)(C)C)c1O,8.18,acid,CC(C)(C)c1cc(N=O)cc(C(C)(C)C)c1O,10,CC(C)(C)c1cc(N=O)cc(C(C)(C)C)c1[O-],10
CC(C)(C)c1cc([N+](=O)[O-])cc(C(C)(C)C)c1O,6.65,acid,CC(C)(C)c1cc([N+](=O)[O-])cc(C(C)(C)C)c1O,10,CC(C)(C)c1cc([N+](=O)[O-])cc(C(C)(C)C)c1[O-],10
O=C(c1ccc(C(F)(F)F)cc1)N(O)c1ccccc1,7.98,acid,O=C(c1ccc(C(F)(F)F)cc1)N(O)c1ccccc1,19,O=C(c1ccc(C(F)(F)F)cc1)N([O-])c1ccccc1,19
COc1cc(C(C)(C)C)c(O)c(C(C)(C)C)c1,12.15,acid,COc1cc(C(C)(C)C)c(O)c(C(C)(C)C)c1,10,COc1cc(C(C)(C)C)c([O-])c(C(C)(C)C)c1,10
C[Si](C)(C)CNC[Si](C)(C)C,11.4,base,C[Si](C)(C)C[NH2+]C[Si](C)(C)C,5,C[Si](C)(C)CNC[Si](C)(C)C,5
CCN(CC)CC,10.9,base,CC[NH+](CC)CC,2,CCN(CC)CC,2
CN(C)CCC(=O)C(c1ccccc1)c1ccccc1,8.71,base,C[NH+](C)CCC(=O)C(c1ccccc1)c1ccccc1,1,CN(C)CCC(=O)C(c1ccccc1)c1ccccc1,1
CCN(C)CC,10.5,base,CC[NH+](C)CC,2,CCN(C)CC,2
NCCSCCO,9.41,base,[NH3+]CCSCCO,6,NCCSCCO,6
CC(=O)CCCN(C)C,9.1,base,CC(=O)CCC[NH+](C)C,6,CC(=O)CCCN(C)C,6
CC(C)CN,10.72,base,CC(C)C[NH3+],4,CC(C)CN,4
CC(C)CN(C)C,10.08,base,CC(C)C[NH+](C)C,4,CC(C)CN(C)C,4
O=C(O)c1ccc([N+](=O)[O-])cc1[N+](=O)[O-],1.42,acid,O=C(O)c1ccc([N+](=O)[O-])cc1[N+](=O)[O-],14,O=C([O-])c1ccc([N+](=O)[O-])cc1[N+](=O)[O-],14
C=CCN,9.49,base,C=CC[NH3+],3,C=CCN,3
NCC=C(Cl)Cl,9.47,base,[NH3+]CC=C(Cl)Cl,5,NCC=C(Cl)Cl,5
C=CCN(CC=C)CC=C,8.31,base,C=CC[NH+](CC=C)CC=C,3,C=CCN(CC=C)CC=C,3
C=CCN(C)C,8.64,base,C=CC[NH+](C)C,1,C=CCN(C)C,1
O=C(O)c1cc([N+](=O)[O-])ccc1[N+](=O)[O-],1.62,acid,O=C(O)c1cc([N+](=O)[O-])ccc1[N+](=O)[O-],11,O=C([O-])c1cc([N+](=O)[O-])ccc1[N+](=O)[O-],11
CCC(N)(CO)CO,8.8,base,CCC([NH3+])(CO)CO,7,CCC(N)(CO)CO,7
NCCCC(Cl)(Cl)Cl,9.93,base,[NH3+]CCCC(Cl)(Cl)Cl,7,NCCCC(Cl)(Cl)Cl,7
C[C@@H](CC(c1ccccc1)c1ccccc1)N(C)C,9.43,base,C[C@@H](CC(c1ccccc1)c1ccccc1)[NH+](C)C,16,C[C@@H](CC(c1ccccc1)c1ccccc1)N(C)C,16
CCN(CC)[C@@H](C)C=C(c1cccs1)c1cccs1,8.85,base,CC[NH+](CC)[C@@H](C)C=C(c1cccs1)c1cccs1,2,CCN(CC)[C@@H](C)C=C(c1cccs1)c1cccs1,2
C#CCCN,8.25,base,C#CCC[NH3+],4,C#CCCN,4
CCC(N)CC,10.42,base,CCC([NH3+])CC,5,CCC(N)CC,5
CC(C)C(N)C(C)C,10.23,base,CC(C)C([NH3+])C(C)C,7,CC(C)C(N)C(C)C,7
CCC(N)(CC)CC,10.59,base,CCC([NH3+])(CC)CC,7,CCC(N)(CC)CC,7
CC(C)(C)CC(C)(C)N,10.73,base,CC(C)(C)CC(C)(C)[NH3+],8,CC(C)(C)CC(C)(C)N,8
NCCCCCCO,10.6,base,[NH3+]CCCCCCO,7,NCCCCCCO,7
CCCCCCCN,10.66,base,CCCCCCC[NH3+],7,CCCCCCCN,7
CN[C@@H]1CCC[C@H]1O,10.06,base,C[NH2+][C@@H]1CCC[C@H]1O,1,CN[C@@H]1CCC[C@H]1O,1
CCCOc1cccc(C(=O)O)c1,4.2,acid,CCCOc1cccc(C(=O)O)c1,12,CCCOc1cccc(C(=O)[O-])c1,12
C[C@H]1CC[C@@H](O)[C@@H](N)C1,9.38,base,C[C@H]1CC[C@@H](O)[C@@H]([NH3+])C1,7,C[C@H]1CC[C@@H](O)[C@@H](N)C1,7
CC(C)[C@@H]1CC[C@@H](C)C[C@@H]1N,10.35,base,CC(C)[C@@H]1CC[C@@H](C)C[C@@H]1[NH3+],7,CC(C)[C@@H]1CC[C@@H](C)C[C@@H]1N,7
C[C@@H]1CCC[C@@H](N)C1,10.56,base,C[C@@H]1CCC[C@@H]([NH3+])C1,7,C[C@@H]1CCC[C@@H](N)C1,7
CN(C)C1CCCCC1,10.72,base,C[NH+](C)C1CCCCC1,1,CN(C)C1CCCCC1,1
CCCCN(C)c1ccccc1,6.03,base,CCCC[N@H+](C)c1ccccc1,4,CCCCN(C)c1ccccc1,4
CCN(CC)c1cccc(C)c1,7.12,base,CC[NH+](CC)c1cccc(C)c1,2,CCN(CC)c1cccc(C)c1,2
COc1cc(N)cc(OC)c1,3.82,base,COc1cc([NH3+])cc(OC)c1,10,COc1cc(N)cc(OC)c1,10
CN(C)c1ccc(C(F)(F)F)cc1,2.67,base,C[NH+](C)c1ccc(C(F)(F)F)cc1,1,CN(C)c1ccc(C(F)(F)F)cc1,1
CN(C)c1ccc(C=O)cc1,1.62,base,C[NH+](C)c1ccc(C=O)cc1,1,CN(C)c1ccc(C=O)cc1,1
Nc1ccccc1I,2.6,base,[NH3+]c1ccccc1I,6,Nc1ccccc1I,6
CC(C)c1cccc(N)c1,4.67,base,CC(C)c1cccc([NH3+])c1,9,CC(C)c1cccc(N)c1,9
CCOc1cccc(C(=O)O)c1CO,3.62,acid,CCOc1cccc(C(=O)O)c1CO,13,CCOc1cccc(C(=O)[O-])c1CO,13
Cc1cc([N+](=O)[O-])ccc1N,1.04,base,Cc1cc([N+](=O)[O-])ccc1[NH3+],7,Cc1cc([N+](=O)[O-])ccc1N,7
Nc1ccc([N+](=O)[O-])cc1,1.0,base,[NH3+]c1ccc([N+](=O)[O-])cc1,6,Nc1ccc([N+](=O)[O-])cc1,6
C[Si](C)(C)CNc1ccccc1,5.3,base,C[Si](C)(C)C[NH2+]c1ccccc1,5,C[Si](C)(C)CNc1ccccc1,5
NC[C@H](O)c1cccc(O)c1,8.67,base,[NH3+]C[C@H](O)c1cccc(O)c1,9,NC[C@H](O)c1cccc(O)c1,9
C[C@@H](N)[C@@H](O)c1ccc(O)c(O)c1,8.75,base,C[C@@H]([NH3+])[C@@H](O)c1ccc(O)c(O)c1,12,C[C@@H](N)[C@@H](O)c1ccc(O)c(O)c1,12
CCc1ccc(CC(=O)O)cc1,4.37,acid,CCc1ccc(CC(=O)O)cc1,11,CCc1ccc(CC(=O)[O-])cc1,11
C[C@@H](CO)NCCc1ccc(O)c(O)c1,9.87,base,C[C@@H](CO)[NH2+]CCc1ccc(O)c(O)c1,4,C[C@@H](CO)NCCc1ccc(O)c(O)c1,4
[H]/N=C(\c1ccccc1)c1c(C)cc(O)cc1O,6.75,base,Cc1cc(O)cc(O)c1C(=[NH2+])c1ccccc1,8,[H]/N=C(\c1ccccc1)c1c(C)cc(O)cc1O,1
[H]/N=C(\c1ccccc1)c1ccc(O)cc1,6.45,base,[NH2+]=C(c1ccccc1)c1ccc(O)cc1,7,[H]/N=C(\c1ccccc1)c1ccc(O)cc1,1
CC(C)NCCc1ccc(O)cc1,9.49,base,CC(C)[NH2+]CCc1ccc(O)cc1,3,CC(C)NCCc1ccc(O)cc1,3
[H]/N=C(\c1ccccc1)c1ccccc1C,6.79,base,Cc1ccccc1C(=[NH2+])c1ccccc1,8,[H]/N=C(\c1ccccc1)c1ccccc1C,1
NCc1ccccc1Cl,8.8,base,[NH3+]Cc1ccccc1Cl,7,NCc1ccccc1Cl,7
CCCNCc1ccccc1,9.6,base,CCC[NH2+]Cc1ccccc1,3,CCCNCc1ccccc1,3
N[C@H]1CCc2ccccc21,9.21,base,[NH3+][C@H]1CCc2ccccc21,9,N[C@H]1CCc2ccccc21,9
Nc1cc(Br)cc2ccccc12,2.67,base,[NH3+]c1cc(Br)cc2ccccc12,10,Nc1cc(Br)cc2ccccc12,10
Nc1ccc(Br)c2ccccc12,3.21,base,[NH3+]c1ccc(Br)c2ccccc12,11,Nc1ccc(Br)c2ccccc12,11
Nc1cc(I)c2ccccc2c1,3.41,base,[NH3+]c1cc(I)c2ccccc2c1,11,Nc1cc(I)c2ccccc2c1,11
COC(=O)c1cc(N)cc2ccccc12,3.38,base,COC(=O)c1cc([NH3+])cc2ccccc12,14,COC(=O)c1cc(N)cc2ccccc12,14
Nc1cccc2cccc([N+](=O)[O-])c12,2.79,base,[NH3+]c1cccc2cccc([N+](=O)[O-])c12,10,Nc1cccc2cccc([N+](=O)[O-])c12,10
C[C@@H](C=C(c1cccs1)c1cccs1)N1CCCCCC1,7.91,base,C[C@@H](C=C(c1cccs1)c1cccs1)[NH+]1CCCCCC1,14,C[C@@H](C=C(c1cccs1)c1cccs1)N1CCCCCC1,14
CC(C)N1CCCC(=O)[C@H](O)CCC1,8.1,base,CC(C)[N@H+]1CCCC(=O)[C@H](O)CCC1,3,CC(C)N1CCCC(=O)[C@H](O)CCC1,3
C1CCNCC1,11.1,base,C1CC[NH2+]CC1,3,C1CCNCC1,3
C[C@@H]1CCC[C@H](C)N1,11.07,base,C[C@@H]1CCC[C@H](C)[NH2+]1,6,C[C@@H]1CCC[C@H](C)N1,6
CCN1CCCCC1,10.45,base,CC[NH+]1CCCCC1,2,CCN1CCCCC1,2
CN1CCCCC1,10.1,base,C[NH+]1CCCCC1,1,CN1CCCCC1,1
C[C@@H]1CCCC(C)(C)N1C,10.7,base,C[C@@H]1CCCC(C)(C)[N@H+]1C,6,C[C@@H]1CCCC(C)(C)N1C,6
CC1(C)CCCC(C)(C)N1,11.1,base,CC1(C)CCCC(C)(C)[NH2+]1,6,CC1(C)CCCC(C)(C)N1,6
CCN1CCCC=C1C,11.53,base,CC[N@H+]1CCCC=C1C,2,CCN1CCCC=C1C,2
Oc1ccccc1-c1ccccn1,9.98,acid,Oc1ccccc1-c1ccccn1,12,[O-]c1ccccc1-c1ccccn1,12
CN(c1ccccn1)S(C)(=O)=O,1.73,base,CN(c1cccc[nH+]1)S(C)(=O)=O,7,CN(c1ccccn1)S(C)(=O)=O,7
c1ccc(/N=N/c2ccccn2)cc1,2.0,base,c1ccc(/N=N/c2cccc[nH+]2)cc1,13,c1ccc(/N=N/c2ccccn2)cc1,13
c1ccc(CN2CCCCC2)nc1,8.51,base,c1ccc(C[NH+]2CCCCC2)nc1,7,c1ccc(CN2CCCCC2)nc1,7
CCCCN1CCC[C@H]1C,10.61,base,CCCC[N@@H+]1CCC[C@H]1C,4,CCCCN1CCC[C@H]1C,4
C1CCC([C@@H]2CCCN2)CC1,10.76,base,C1CCC([C@@H]2CCC[NH2+]2)CC1,10,C1CCC([C@@H]2CCCN2)CC1,10
CC[C@@H]1CCCN1C,9.78,base,CC[C@@H]1CCC[N@H+]1C,6,CC[C@@H]1CCCN1C,6
c1ccc([C@@H]2CCCN2)cc1,9.6,base,c1ccc([C@@H]2CCC[NH2+]2)cc1,10,c1ccc([C@@H]2CCCN2)cc1,10
C1=C(C2CCCCC2)NCC1,7.91,base,C1=C(C2CCCCC2)[NH2+]CC1,10,C1=C(C2CCCCC2)NCC1,10
CC1=CCCN1C,11.9,base,CC1=CCC[N@@H+]1C,5,CC1=CCCN1C,5
CCN1CCC=C1C,11.84,base,CC[N@H+]1CCC=C1C,2,CCN1CCC=C1C,2
C1=C(c2ccccc2)NCC1,6.84,base,C1=C(c2ccccc2)[NH2+]CC1,10,C1=C(c2ccccc2)NCC1,10
O=C(CCN1CCOCC1)C(c1ccccc1)c1ccccc1,6.39,base,O=C(CC[NH+]1CCOCC1)C(c1ccccc1)c1ccccc1,17,O=C(CCN1CCOCC1)C(c1ccccc1)c1ccccc1,17
Cc1ccc(S(=O)(=O)N2CCNCC2)cc1,7.4,base,Cc1ccc(S(=O)(=O)N2CC[NH2+]CC2)cc1,13,Cc1ccc(S(=O)(=O)N2CCNCC2)cc1,13
Oc1ccc(O)nn1,13.0,acid,Oc1ccc(O)nn1,6,[O-]c1ccc(O)nn1,7
Oc1cccnn1,10.5,acid,Oc1cccnn1,6,[O-]c1cccnn1,6
Nc1ncc(Br)cn1,1.95,base,Nc1ncc(Br)c[nH+]1,5,Nc1ncc(Br)cn1,5
[H]/N=c1/cc(SC)n(C)c(N)n1,11.9,base,CSc1cc(=[NH2+])nc(N)n1C,5,[H]/N=c1/cc(SC)n(C)c(N)n1,1
CNc1nccc(O)n1,3.9,base,CNc1nc(O)cc[nH+]1,3,CNc1nccc(O)n1,3
CCCNc1ncccn1,4.09,base,CCCNc1nccc[nH+]1,5,CCCNc1ncccn1,5
Oc1cc2ccccc2cn1,9.62,acid,Oc1cc2ccccc2cn1,10,[O-]c1cc2ccccc2cn1,10
Oc1ccc2ccncc2c1,8.9,acid,Oc1ccc2ccncc2c1,10,[O-]c1ccc2ccncc2c1,10
O=C(O)c1ccc2ncccc2c1,0.1,acid,O=C(O)c1ccc2ncccc2c1,12,O=C([O-])c1ccc2ncccc2c1,12
Oc1c(CN2CCCCC2)ccc2cccnc12,10.9,base,Oc1c(C[NH+]2CCCCC2)ccc2cccnc12,12,Oc1c(CN2CCCCC2)ccc2cccnc12,12
Oc1cc(C(F)(F)F)cc2cccnc12,10.1,acid,Oc1cc(C(F)(F)F)cc2cccnc12,10,[O-]c1cc(C(F)(F)F)cc2cccnc12,10
Oc1ccc(O)c2ccccc12,9.58,acid,Oc1ccc(O)c2ccccc12,11,[O-]c1ccc(O)c2ccccc12,10
N#C[C@H]1CN2CCC1CC2,7.81,base,N#C[C@H]1C[NH+]2CCC1CC2,2,N#C[C@H]1CN2CCC1CC2,2
COC(=O)[C@@H]1CN2CCC1CC2,9.4,base,COC(=O)[C@@H]1C[NH+]2CCC1CC2,6,COC(=O)[C@@H]1CN2CCC1CC2,6
Oc1cccc2nnccc12,7.42,acid,Oc1cccc2nnccc12,10,[O-]c1cccc2nnccc12,10
Oc1ccnc2cccnc12,10.03,acid,Oc1ccnc2cccnc12,8,[O-]c1ccnc2cccnc12,8
Oc1c(Cl)cc(Cl)c(Cl)c1Cc1c(O)c(Cl)cc(Cl)c1Cl,10.1,acid,Oc1c(Cl)cc(Cl)c(Cl)c1Cc1c(O)c(Cl)cc(Cl)c1Cl,19,[O-]c1c(Cl)cc(Cl)c(Cl)c1Cc1c(O)c(Cl)cc(Cl)c1Cl,18
O=[N+]([O-])c1ccc(O)cc1,7.15,acid,O=[N+]([O-])c1ccc(O)cc1,9,O=[N+]([O-])c1ccc([O-])cc1,9
Oc1ccc2nccnc2c1,7.94,acid,Oc1ccc2nccnc2c1,6,[O-]c1ccc2nccnc2c1,6
Nc1ccc2nccnc2n1,4.25,base,Nc1ccc2[nH+]ccnc2n1,6,Nc1ccc2nccnc2n1,6
O=C1c2ccccc2C(=O)c2cc(S(=O)(=O)O)ccc21,0.378,acid,O=C1c2ccccc2C(=O)c2cc(S(=O)(=O)O)ccc21,19,O=C1c2ccccc2C(=O)c2cc(S(=O)(=O)[O-])ccc21,19
CCOP(=O)(CN(C)C)OCC,5.85,base,CCOP(=O)(C[NH+](C)C)OCC,6,CCOP(=O)(CN(C)C)OCC,6
CCOP(=O)(CCN(CC)CC)OCC,8.2,base,CCOP(=O)(CC[NH+](CC)CC)OCC,2,CCOP(=O)(CCN(CC)CC)OCC,2
CCOP(=O)(OCC)SCCN(C)C,7.73,base,CCOP(=O)(OCC)SCC[NH+](C)C,11,CCOP(=O)(OCC)SCCN(C)C,11
CC[C@H](O)CN(CC)C[C@@H](O)CC,9.2,base,CC[C@H](O)C[NH+](CC)C[C@@H](O)CC,4,CC[C@H](O)CN(CC)C[C@@H](O)CC,4
N[C@@H]1C[C@H]1c1ccc(Br)cc1,8.13,base,[NH3+][C@@H]1C[C@H]1c1ccc(Br)cc1,9,N[C@@H]1C[C@H]1c1ccc(Br)cc1,9
N[C@@H]1C[C@H]1c1ccc(F)cc1,8.25,base,[NH3+][C@@H]1C[C@H]1c1ccc(F)cc1,9,N[C@@H]1C[C@H]1c1ccc(F)cc1,9
N[C@@H]1C[C@H]1c1ccccc1,8.27,base,[NH3+][C@@H]1C[C@H]1c1ccccc1,9,N[C@@H]1C[C@H]1c1ccccc1,9
N[C@@H]1C[C@@H]2CC[C@H]1C2,10.5,base,[NH3+][C@@H]1C[C@@H]2CC[C@H]1C2,7,N[C@@H]1C[C@@H]2CC[C@H]1C2,7
NC12CC3CC(CC(C3)C1)C2,10.68,base,[NH3+]C12CC3CC(CC(C3)C1)C2,10,NC12CC3CC(CC(C3)C1)C2,10
C#CCN(CC)CC,7.97,base,C#CC[NH+](CC)CC,2,C#CCN(CC)CC,2
CC(C)CN1CCCC1,10.38,base,CC(C)C[NH+]1CCCC1,4,CC(C)CN1CCCC1,4
CCCO[P@@](C)(=O)OCCN(C)C,8.24,base,CCCO[P@@](C)(=O)OCC[NH+](C)C,10,CCCO[P@@](C)(=O)OCCN(C)C,10
CCCO[P@](C)(=O)SCCN(C)C,7.77,base,CCCO[P@](C)(=O)SCC[NH+](C)C,10,CCCO[P@](C)(=O)SCCN(C)C,10
C[C@@H](O)CN(CCO)C(C)(C)C,9.2,base,C[C@@H](O)C[N@H+](CCO)C(C)(C)C,3,C[C@@H](O)CN(CCO)C(C)(C)C,3
CCC[C@H](N)c1ccc(C)cc1,9.62,base,CCC[C@H]([NH3+])c1ccc(C)cc1,11,CCC[C@H](N)c1ccc(C)cc1,11
C[C@H](N)c1ccc(Br)cc1,8.95,base,C[C@H]([NH3+])c1ccc(Br)cc1,9,C[C@H](N)c1ccc(Br)cc1,9
CCCCOc1ccc([C@H](C)N)cc1,9.45,base,CCCCOc1ccc([C@H](C)[NH3+])cc1,13,CCCCOc1ccc([C@H](C)N)cc1,13
CC(C)[C@H](N)c1ccccc1,9.85,base,CC(C)[C@H]([NH3+])c1ccccc1,10,CC(C)[C@H](N)c1ccccc1,10
CC[C@@H](N)c1cccc(Br)c1,8.9,base,CC[C@@H]([NH3+])c1cccc(Br)c1,10,CC[C@@H](N)c1cccc(Br)c1,10
CC(C)NC[C@H](O)c1ccc(Cl)c(Cl)c1,9.27,base,CC(C)[NH2+]C[C@H](O)c1ccc(Cl)c(Cl)c1,3,CC(C)NC[C@H](O)c1ccc(Cl)c(Cl)c1,3
CNC[C@H](O)c1ccc(Cl)c(Cl)c1,9.11,base,C[NH2+]C[C@H](O)c1ccc(Cl)c(Cl)c1,1,CNC[C@H](O)c1ccc(Cl)c(Cl)c1,1
CCN(CC)CC(c1ccccc1)c1ccccc1,9.8,base,CC[NH+](CC)CC(c1ccccc1)c1ccccc1,2,CCN(CC)CC(c1ccccc1)c1ccccc1,2
CNC[C@H](O)c1ccc(F)c(F)c1,9.23,base,C[NH2+]C[C@H](O)c1ccc(F)c(F)c1,1,CNC[C@H](O)c1ccc(F)c(F)c1,1
Cc1ccccc1[C@@H](O)CNC(C)C,9.01,base,Cc1ccccc1[C@@H](O)C[NH2+]C(C)C,9,Cc1ccccc1[C@@H](O)CNC(C)C,9
Cc1cccc([C@@H](O)CNC(C)C)c1,9.45,base,Cc1cccc([C@@H](O)C[NH2+]C(C)C)c1,9,Cc1cccc([C@@H](O)CNC(C)C)c1,9
CSc1cccc([C@@H](O)CNC(C)C)c1,9.42,base,CSc1cccc([C@@H](O)C[NH2+]C(C)C)c1,3,CSc1cccc([C@@H](O)CNC(C)C)c1,3
CC(C)NC[C@H](O)c1ccc(-c2ccccc2)cc1,9.2,base,CC(C)[NH2+]C[C@H](O)c1ccc(-c2ccccc2)cc1,3,CC(C)NC[C@H](O)c1ccc(-c2ccccc2)cc1,3
OCCN(CCO)Cc1cccc(Br)c1,8.98,base,OCC[NH+](CCO)Cc1cccc(Br)c1,8,OCCN(CCO)Cc1cccc(Br)c1,8
NCc1ccc(F)cc1,9.3,base,[NH3+]Cc1ccc(F)cc1,7,NCc1ccc(F)cc1,7
COc1ccc(CN(C)C)cc1,9.32,base,COc1ccc(C[NH+](C)C)cc1,1,COc1ccc(CN(C)C)cc1,1
C=CCC(=O)OCCN1CCCCC1,8.35,base,C=CCC(=O)OCC[NH+]1CCCCC1,8,C=CCC(=O)OCCN1CCCCC1,8
CC1CCN(C)CC1,10.05,base,CC1CC[NH+](C)CC1,4,CC1CCN(C)CC1,4
CC(C)C1CCNCC1,10.85,base,CC(C)C1CC[NH2+]CC1,6,CC(C)C1CCNCC1,6
CN1CCCC(C)(C)C1,9.77,base,C[N@H+]1CCCC(C)(C)C1,5,CN1CCCC(C)(C)C1,5
Nc1ncc(Cl)cc1Cl,2.75,base,Nc1[nH+]cc(Cl)cc1Cl,3,Nc1ncc(Cl)cc1Cl,3
Nc1ccc([N+](=O)[O-])cn1,2.78,base,Nc1ccc([N+](=O)[O-])c[nH+]1,3,Nc1ccc([N+](=O)[O-])cn1,3
Cn1cc[nH+]c1C(=O)[O-],7.25,base,Cn1cc[nH+]c1C(=O)[O-],4,Cn1ccnc1C(=O)[O-],4
C=CCc1c(C)nc(NC)nc1C,5.31,base,C=CCc1c(C)nc(NC)[nH+]c1C,6,C=CCc1c(C)nc(NC)nc1C,6
Cc1nc(N)nc(C)c1C(N)=O,3.31,base,Cc1nc(N)[nH+]c(C)c1C(N)=O,6,Cc1nc(N)nc(C)c1C(N)=O,6
CNc1ncc(C(N)=O)cn1,2.05,base,CNc1ncc(C(N)=O)c[nH+]1,3,CNc1ncc(C(N)=O)cn1,3
COc1ccc(-c2cnc(O)nc2)cc1,8.86,acid,COc1ccc(-c2cnc(O)nc2)cc1,14,COc1ccc(-c2cnc([O-])nc2)cc1,14
CC[C@H]1CSC(C(C)C)=N1,5.276,base,CC[C@H]1CSC(C(C)C)=[NH+]1,6,CC[C@H]1CSC(C(C)C)=N1,6
CC[C@H]1CSC(C)=N1,5.301,base,CC[C@H]1CSC(C)=[NH+]1,6,CC[C@H]1CSC(C)=N1,6
CC1=NCC(C)(C)S1,5.67,base,CC1=[NH+]CC(C)(C)S1,2,CC1=NCC(C)(C)S1,2
Nc1cccc(-c2cc(=O)c3ccccc3o2)c1,3.56,base,[NH3+]c1cccc(-c2cc(=O)c3ccccc3o2)c1,17,Nc1cccc(-c2cc(=O)c3ccccc3o2)c1,17
Oc1nc(O)nc(O)n1,6.78,acid,Oc1nc(O)nc(O)n1,8,[O-]c1nc(O)nc(O)n1,6
CN(C)CCCN1c2ccccc2Sc2ccccc21,9.4,base,C[NH+](C)CCCN1c2ccccc2Sc2ccccc21,1,CN(C)CCCN1c2ccccc2Sc2ccccc21,1
c1ccc2c(c1)Sc1ccccc1N2CCN1CCCC1,9.7,base,c1ccc2c(c1)Sc1ccccc1N2CC[NH+]1CCCC1,16,c1ccc2c(c1)Sc1ccccc1N2CCN1CCCC1,16
CC(=O)c1ccc(Sc2ccc(N)cc2)cc1,3.31,base,CC(=O)c1ccc(Sc2ccc([NH3+])cc2)cc1,16,CC(=O)c1ccc(Sc2ccc(N)cc2)cc1,16
Nc1ccc([C@@]23CCC[C@@H]2C3)cc1,4.98,base,[NH3+]c1ccc([C@@]23CCC[C@@H]2C3)cc1,12,Nc1ccc([C@@]23CCC[C@@H]2C3)cc1,12
CC(C)(C)SNc1ccccc1,3.44,base,CC(C)(C)S[NH2+]c1ccccc1,5,CC(C)(C)SNc1ccccc1,5
Nc1ccc(C2CCCCC2)cc1,4.96,base,[NH3+]c1ccc(C2CCCCC2)cc1,12,Nc1ccc(C2CCCCC2)cc1,12
Nc1cccc(Cl)c1Cl,1.761,base,[NH3+]c1cccc(Cl)c1Cl,8,Nc1cccc(Cl)c1Cl,8
Nc1ccc(Cl)c(Cl)c1,2.968,base,[NH3+]c1ccc(Cl)c(Cl)c1,6,Nc1ccc(Cl)c(Cl)c1,6
CSc1cc(Cl)c(N)c(Cl)c1,0.35,base,CSc1cc(Cl)c([NH3+])c(Cl)c1,9,CSc1cc(Cl)c(N)c(Cl)c1,9
Cc1ccc(N)c([N+](=O)[O-])c1,0.403,base,Cc1ccc([NH3+])c([N+](=O)[O-])c1,10,Cc1ccc(N)c([N+](=O)[O-])c1,10
Nc1ccc(Cc2ccc([N+](=O)[O-])cc2)cc1,4.45,base,[NH3+]c1ccc(Cc2ccc([N+](=O)[O-])cc2)cc1,16,Nc1ccc(Cc2ccc([N+](=O)[O-])cc2)cc1,16
Nc1ccc(OC(F)(F)C(F)(F)F)cc1,3.78,base,[NH3+]c1ccc(OC(F)(F)C(F)(F)F)cc1,6,Nc1ccc(OC(F)(F)C(F)(F)F)cc1,6
COC(=O)CCCN,9.838,base,COC(=O)CCC[NH3+],7,COC(=O)CCCN,7
CCOC(=O)CCCCN,10.5,base,CCOC(=O)CCCC[NH3+],9,CCOC(=O)CCCCN,9
O=C1O[C@H]([C@@H](O)CO)C(O)=C1O,4.17,acid,O=C1O[C@H]([C@@H](O)CO)C(O)=C1O,8,O=C1O[C@H]([C@@H](O)CO)C(O)=C1[O-],8
O=C1O[C@H]([C@@H](O)CO)C(O)=C1[O-],11.57,acid,O=C1O[C@H]([C@@H](O)CO)C(O)=C1[O-],9,O=C1O[C@H]([C@@H](O)CO)C([O-])=C1[O-],9
O=C1O[C@H]([C@@H](O)CO)C([O-])=C1O,11.57,acid,O=C1O[C@H]([C@@H](O)CO)C([O-])=C1O,8,O=C1O[C@H]([C@@H](O)CO)C([O-])=C1[O-],8
O=C(O)CNC(=O)c1ccccc1,3.62,acid,O=C(O)CNC(=O)c1ccccc1,12,O=C([O-])CNC(=O)c1ccccc1,12
O=C(O)C(F)(F)Cl,0.46,acid,O=C(O)C(F)(F)Cl,6,O=C([O-])C(F)(F)Cl,6
C[C@](C#N)(C(=O)O)c1ccccc1,2.29,acid,C[C@](C#N)(C(=O)O)c1ccccc1,12,C[C@](C#N)(C(=O)[O-])c1ccccc1,12
CCOc1cccc(O)c1,9.655,acid,CCOc1cccc(O)c1,9,CCOc1cccc([O-])c1,9
O=C(O)CCCO,4.71,acid,O=C(O)CCCO,4,O=C([O-])CCCO,4
O=C(O)c1cc([N+](=O)[O-])ccc1O,2.12,acid,O=C(O)c1cc([N+](=O)[O-])ccc1O,11,O=C([O-])c1cc([N+](=O)[O-])ccc1O,11
CNCCO,9.88,base,C[NH2+]CCO,1,CNCCO,1
C[P@@H](=O)O,3.08,acid,C[P@@H](=O)O,3,C[P@@H](=O)[O-],3
CS(=O)(=O)CC(=O)O,2.36,acid,CS(=O)(=O)CC(=O)O,7,CS(=O)(=O)CC(=O)[O-],7
O=C(O)C(F)=C(F)F,1.79,acid,O=C(O)C(F)=C(F)F,6,O=C([O-])C(F)=C(F)F,6
NCCc1c[nH]c2ccccc12,10.2,base,[NH3+]CCc1c[nH]c2ccccc12,11,NCCc1c[nH]c2ccccc12,11
C=C(C)C(=O)O,4.66,acid,C=C(C)C(=O)O,5,C=C(C)C(=O)[O-],5
COc1ccc(CCC(=O)O)cc1,4.69,acid,COc1ccc(CCC(=O)O)cc1,12,COc1ccc(CCC(=O)[O-])cc1,12
COc1cccc(CN)c1,9.15,base,COc1cccc(C[NH3+])c1,9,COc1cccc(CN)c1,9
Cc1ccc(CN)cc1,9.36,base,Cc1ccc(C[NH3+])cc1,8,Cc1ccc(CN)cc1,8
NC1CC1,9.1,base,[NH3+]C1CC1,3,NC1CC1,3
CN(C)CCc1ccc(O)cc1,9.78,base,C[NH+](C)CCc1ccc(O)cc1,1,CN(C)CCc1ccc(O)cc1,1
Cc1cnc2c(O)cccc2c1C,10.05,acid,Cc1cnc2c(O)cccc2c1C,12,Cc1cnc2c([O-])cccc2c1C,12
Oc1cccc2cccnc12,9.81,acid,Oc1cccc2cccnc12,10,[O-]c1cccc2cccnc12,10
CC(=O)CCCC(=O)O,4.66,acid,CC(=O)CCCC(=O)O,8,CC(=O)CCCC(=O)[O-],8
COc1c(O)cccc1CN,8.89,base,COc1c(O)cccc1C[NH3+],10,COc1c(O)cccc1CN,10
C=CC(=O)O,4.25,acid,C=CC(=O)O,4,C=CC(=O)[O-],4
C[C@@H](O)CN(Cc1ccccc1)C[C@@H](C)O,7.5,base,C[C@@H](O)C[NH+](Cc1ccccc1)C[C@@H](C)O,3,C[C@@H](O)CN(Cc1ccccc1)C[C@@H](C)O,3
O=[N+]([O-])c1cc([N+](=O)[O-])c(O)c([N+](=O)[O-])c1,0.29,acid,O=[N+]([O-])c1cc([N+](=O)[O-])c(O)c([N+](=O)[O-])c1,9,O=[N+]([O-])c1cc([N+](=O)[O-])c([O-])c([N+](=O)[O-])c1,9
NCCc1c[nH]c2ccc(O)cc12,10.0,base,[NH3+]CCc1c[nH]c2ccc(O)cc12,12,NCCc1c[nH]c2ccc(O)cc12,12
Cc1cc(Br)ccc1C(=O)O,3.77,acid,Cc1cc(Br)ccc1C(=O)O,9,Cc1cc(Br)ccc1C(=O)[O-],9
O=C(O)c1ccc2ccccc2c1,4.18,acid,O=C(O)c1ccc2ccccc2c1,12,O=C([O-])c1ccc2ccccc2c1,12
O=C(O)Cc1cccc([N+](=O)[O-])c1,3.97,acid,O=C(O)Cc1cccc([N+](=O)[O-])c1,12,O=C([O-])Cc1cccc([N+](=O)[O-])c1,12
CNC[C@H](O)c1ccccc1,9.44,base,C[NH2+]C[C@H](O)c1ccccc1,1,CNC[C@H](O)c1ccccc1,1
CCC(CC)C(=O)O,4.73,acid,CCC(CC)C(=O)O,7,CCC(CC)C(=O)[O-],7
O=C(O)C(F)(F)F,0.3,acid,O=C(O)C(F)(F)F,6,O=C([O-])C(F)(F)F,6
Sc1ccccc1,6.62,acid,Sc1ccccc1,6,[S-]c1ccccc1,6
CCCC(CCC)C(=O)O,4.6,acid,CCCC(CCC)C(=O)O,9,CCCC(CCC)C(=O)[O-],9
