smiles,pKa,marvin_atom,kind,site_atoms,site_kinds,site_names
Brc1cc(Br)c(NC2=[NH+]CCN2)c(Br)c1,7.46,9,base,"[9, 7]","['base', 'base']","['guanidine', 'aniline_sec']"
Brc1cc2cccnc2c2ncccc12,4.2,9,base,"[9, 12]","['base', 'base']","['pyridine_N', 'pyridine_N']"
Brc1ccc(Br)c(N(CC2CC2)C2=[NH+]CCN2)c1,11.0,13,base,"[13, 7]","['base', 'base']","['guanidine', 'aniline_tert']"
Brc1ccc(N(CC2CC2)C2=[NH+]CCN2)c(Br)c1,11.2,14,base,"[14, 8]","['base', 'base']","['guanidine', 'aniline_tert']"
Brc1ccc(N2CCc3ccccc3C2)nc1,3.0,15,base,"[15, 8]","['base', 'base']","['pyridine_N', 'aniline_tert']"
Brc1ccc(NC2=[NH+]CCN2)cc1,9.65,8,base,"[8, 6]","['base', 'base']","['guanidine', 'aniline_sec']"
Brc1ccc(Nc2c3ccccc3nc3ccccc23)cc1,7.0,13,base,"[13, 14]","['base', 'base']","['pyridine_N', 'aniline_sec']"
Brc1ccc2[nH+]c3c(c(N4CCOCC4)c2c1)CCC3,6.38,10,base,"[10, 14]","['base', 'base']","['pyridine_N', 'aniline_tert']"
Brc1cccc(Br)c1N(C1=[NH+]CCN1)C1CCCC1,11.2,14,base,"[14, 7]","['base', 'base']","['guanidine', 'aniline_tert']"
Brc1cccc(Br)c1N(C1=[NH+]CCN1)C1CCCCC1,11.3,15,base,"[15, 7]","['base', 'base']","['guanidine', 'aniline_tert']"
Brc1cccc(Br)c1N(CC1CC1)C1=[NH+]CCN1,10.88,13,base,"[13, 7]","['base', 'base']","['guanidine', 'aniline_tert']"
Brc1cccc(Br)c1N(CC1CCC1)C1=[NH+]CCN1,10.9,14,base,"[14, 7]","['base', 'base']","['guanidine', 'aniline_tert']"
Brc1cccc(Br)c1N(CC1CCCC1)C1=[NH+]CCN1,10.9,15,base,"[15, 7]","['base', 'base']","['guanidine', 'aniline_tert']"
Brc1cccc(Br)c1N(CC1CCCCC1)C1=[NH+]CCN1,11.2,16,base,"[16, 7]","['base', 'base']","['guanidine', 'aniline_tert']"
Brc1cccc(Br)c1N(Cc1ccccc1)C1=[NH+]CCN1,10.4,17,base,"[17, 7]","['base', 'base']","['guanidine', 'aniline_tert']"
Brc1cccc(Br)c1N(Cc1ccco1)C1=[NH+]CCN1,10.5,15,base,"[15, 7]","['base', 'base']","['guanidine', 'aniline_tert']"
Brc1cccc(Br)c1N(Cc1cccs1)C1=[NH+]CCN1,10.51,15,base,"[15, 7]","['base', 'base']","['guanidine', 'aniline_tert']"
Brc1cccc(Br)c1NC1=[NH+]CCN1,7.85,9,base,"[9, 7]","['base', 'base']","['guanidine', 'aniline_sec']"
Brc1cccc(N(CC2CC2)C2=[NH+]CCN2)c1Br,11.1,14,base,"[14, 8]","['base', 'base']","['guanidine', 'aniline_tert']"
Brc1cccc(N2CCc3ccccc3C2)n1,2.0,15,base,"[15, 8]","['base', 'base']","['pyridine_N', 'aniline_tert']"
Brc1ccccc1N(CC1CC1)C1=[NH+]CCN1,11.2,12,base,"[12, 6]","['base', 'base']","['guanidine', 'aniline_tert']"
Brc1ccccc1Nc1c2ccccc2nc2ccccc12,6.41,13,base,"[13, 14]","['base', 'base']","['pyridine_N', 'aniline_sec']"
Brc1ccnc2c1ccc1cccnc12,4.03,12,base,"[9, 12]","['base', 'base']","['pyridine_N', 'pyridine_N']"
Brc1cnc2c(ccc3cc(Br)cnc32)c1,3.9,13,base,"[6, 13]","['base', 'base']","['pyridine_N', 'pyridine_N']"
C#CCN(C1=[NH+]CCN1)c1c(Br)cccc1Br,10.1,13,base,"[13, 3]","['base', 'base']","['guanidine', 'aniline_tert']"
C#CCNN,5.46,4,base,"[4, 3]","['base', 'base']","['prim_amine', 'sec_amine']"
C#CCOc1noc2c1C[NH2+]CC2,7.6,11,base,"[11, 8]","['base', 'base']","['sec_amine', 'pyridine_N']"
C(=C\c1ccccc1)/CN1CC[NH+](C(c2ccccc2)c2ccccc2)CC1,7.47,12,base,"[9, 12]","['base', 'base']","['tert_amine', 'tert_amine']"
C(Nc1ccccc1)=[NH+]c1ccccc1,6.3,8,base,"[8, 6]","['base', 'base']","['amidine', 'aniline_sec']"
C/C(N)=N/[NH+](C)C,10.0,2,base,"[2, 3]","['base', 'base']","['amidine', 'tert_amine']"
C/C(N)=[NH+]/O,5.9,2,base,"[3, 2]","['acid', 'base']","['oxime', 'amidine']"
C/C=C/CN(C1=[NH+]CCN1)c1c(Br)cccc1Br,11.0,14,base,"[14, 4]","['base', 'base']","['guanidine', 'aniline_tert']"
C/C=C/COc1noc2c1C[NH2+]CC2,7.7,12,base,"[12, 9]","['base', 'base']","['sec_amine', 'pyridine_N']"
C/C=C1/C[NH+]2[C@@H]3C[C@H]1C1[C@@H](O)[C@]4(C[C@@H]12)c1ccccc1N(C)[C@@H]34,8.5,4,base,"[4, 13]","['base', 'base']","['tert_amine', 'aniline_tert']"
C1=C(c2nc3ccccc3o2)C2CC[NH+]1CC2,7.23,11,base,"[11, 6]","['base', 'base']","['tert_amine', 'pyridine_N']"
C1=C(c2nc3ccccc3s2)C2CC[NH+]1CC2,7.4,11,base,"[11, 6]","['base', 'base']","['tert_amine', 'pyridine_N']"
C1=NC(c2ccccc2)[NH2+]C1,6.48,7,base,"[7, 10]","['base', 'base']","['sec_amine', 'imine_N']"
C1=NC[NH2+]C1,6.99,2,base,"[4, 2]","['base', 'base']","['sec_amine', 'imine_N']"
C1CC2CC1NN2,7.94,6,base,"[5, 6]","['base', 'base']","['sec_amine', 'sec_amine']"
C1CCN(N2CCCC2)C1,7.16,5,base,"[3, 5]","['base', 'base']","['tert_amine', 'tert_amine']"
C1CCN(N2CCCCC2)CC1,7.09,6,base,"[3, 6]","['base', 'base']","['tert_amine', 'tert_amine']"
C1CCN2CCCCN2C1,6.79,8,base,"[3, 8]","['base', 'base']","['tert_amine', 'tert_amine']"
C1CN2CCCN2C1,7.95,6,base,"[2, 6]","['base', 'base']","['tert_amine', 'tert_amine']"
C=C(Br)COc1noc2c1C[NH2+]CC2,7.6,11,base,"[11, 8]","['base', 'base']","['sec_amine', 'pyridine_N']"
C=C(C)CCN(C1=[NH+]CCN1)c1c(Br)cccc1Br,10.9,15,base,"[15, 5]","['base', 'base']","['guanidine', 'aniline_tert']"
C=C(C)CN(C1=[NH+]CCN1)c1c(Br)cccc1Br,10.71,14,base,"[14, 4]","['base', 'base']","['guanidine', 'aniline_tert']"
C=C(C)[C@H]1C[NH2+][C@H](C(=O)[O-])[C@H]1CC(=O)OC,9.52,5,base,"[15, 5]","['acid', 'base']","['carboxylic_acid', 'sec_amine']"
C=C(C)[C@H]1C[NH2+][C@H](C(=O)[O-])[C@H]1CC(N)=O,9.47,5,base,"[14, 5]","['acid', 'base']","['carboxylic_acid', 'sec_amine']"
C=CC1C[NH+]2CCC1C[C@H]2C(=O)[O-],10.6,4,base,"[12, 4]","['acid', 'base']","['carboxylic_acid', 'tert_amine']"
C=CCCN(C1=[NH+]CCN1)c1c(Br)cccc1Br,11.2,14,base,"[14, 4]","['base', 'base']","['guanidine', 'aniline_tert']"
C=CCN(C1=[NH+]CCN1)c1c(Br)cccc1Br,10.7,13,base,"[13, 3]","['base', 'base']","['guanidine', 'aniline_tert']"
C=CCN(C1=[NH+]CCN1)c1c(Cl)cccc1Cl,10.42,13,base,"[13, 3]","['base', 'base']","['guanidine', 'aniline_tert']"
C=CCNC(=O)c1ccc(-c2ccc(-c3ccccc3)n2Cc2cccc(N)n2)cc1,6.86,23,base,"[23, 24]","['base', 'base']","['pyridine_N', 'aniline']"
C=CCOc1noc2c1C[NH2+]CC2,7.5,11,base,"[11, 8]","['base', 'base']","['sec_amine', 'pyridine_N']"
C=CCn1c(C)c(C)c2cc(-n3ccccc3=O)nc(NCc3c(C)cccc3C)c21,4.0,14,base,"[14, 8]","['base', 'base']","['pyridine_N', 'aniline_sec']"
C=C[C@]1(O)C[NH+]2CC[C@H]1C[C@H]2[C@H](O)c1cc(=O)[nH]c2ccccc12,7.65,4,base,"[15, 4]","['acid', 'base']","['aromatic_lactam', 'tert_amine']"
CC#CCOc1noc2c1C[NH2+]CC2,7.6,12,base,"[12, 9]","['base', 'base']","['sec_amine', 'pyridine_N']"
CC#C[C@@H](CC(=O)[O-])c1ccc(OCc2ccc(CN3CCCc4cccc(OC)c43)s2)cc1,3.4,7,acid,"[7, 22]","['acid', 'base']","['carboxylic_acid', 'aniline_tert']"
CC#C[C@@H](CC(=O)[O-])c1ccc(OCc2ccc(N3CCC4(CCc5ccccc54)CC3)s2)cc1,3.4,7,acid,"[7, 21]","['acid', 'base']","['carboxylic_acid', 'aniline_tert']"
CC#C[C@@H](CC(=O)[O-])c1ccc(OCc2ccc3nc(-c4c(C)cccc4C)nn3c2)cc1,4.3,7,acid,"[7, 20]","['acid', 'base']","['carboxylic_acid', 'pyridine_N']"
CC#C[C@H](C)Oc1cc(N)c(Cl)cc1C(=O)N[C@@H]1C[C@H]2CC[C@@H](C1)[NH+]2C,9.95,22,base,"[22, 25]","['base', 'base']","['tert_amine', 'aniline']"
CC(=O)/[NH+]=c1/c(-c2c(Cl)cccc2Cl)cc2cnc(C)nc2n1C,2.5,2,base,"[2, 14]","['base', 'base']","['pyridine_N', 'pyridine_N']"
CC(=O)N(C)c1ccccn1,2.01,10,base,"[10, 3]","['base', 'base']","['pyridine_N', 'aniline_tert']"
CC(=O)N(C)c1cccnc1,3.52,9,base,"[9, 3]","['base', 'base']","['pyridine_N', 'aniline_tert']"
CC(=O)N(C)c1ccncc1,4.62,8,base,"[8, 3]","['base', 'base']","['pyridine_N', 'aniline_tert']"
CC(=O)N(C)c1nnc(S(N)(=O)=O)s1,7.4,13,acid,"[13, 3]","['acid', 'base']","['sulfonamide_1', 'aniline_tert']"
CC(=O)N(O)c1ccccc1,8.36,10,acid,"[10, 3]","['acid', 'base']","['hydroxamic_acid', 'aniline_tert']"
CC(=O)N(c1ccccc1)c1nnc(S(N)(=O)=O)s1,7.32,18,acid,"[18, 3]","['acid', 'base']","['sulfonamide_1', 'aniline_tert']"
CC(=O)N1CC[NH+](CCC[C@@]2(c3ccccc3)CC(c3cc(F)ccc3F)=NN2C(C)=O)CC1,6.7,6,base,"[6, 15]","['base', 'base']","['tert_amine', 'imine_N']"
CC(=O)N1N=C(c2cc(F)ccc2F)C[C@@]1(CCC[NH+]1CC(F)C1)c1ccccc1,7.1,19,base,"[19, 7]","['base', 'base']","['tert_amine', 'imine_N']"
CC(=O)N1N=C(c2cc(F)ccc2F)C[C@@]1(CCC[NH+]1CC2CCC1C2)c1ccccc1,10.1,19,base,"[19, 7]","['base', 'base']","['tert_amine', 'imine_N']"
CC(=O)N1N=C(c2cc(F)ccc2F)C[C@@]1(CCC[NH+]1CCCC1)c1ccccc1,9.4,19,base,"[19, 7]","['base', 'base']","['tert_amine', 'imine_N']"
CC(=O)N1N=C(c2cc(F)ccc2F)C[C@@]1(CCC[NH+]1CCOCC1)c1ccccc1,7.1,19,base,"[19, 7]","['base', 'base']","['tert_amine', 'imine_N']"
CC(=O)N1N=C(c2cc(F)ccc2F)C[C@@]1(CCC[NH+]1C[C@H]2C[C@@H]1CO2)c1ccccc1,8.0,19,base,"[19, 7]","['base', 'base']","['tert_amine', 'imine_N']"
CC(=O)NO,9.07,4,acid,"[4, 3]","['acid', 'base']","['hydroxamic_acid', 'hydroxylamine_N']"
CC(=O)N[C@@H](Cc1cc(F)cc(F)c1)[C@H](O)C[NH2+]C1(c2cc(CC(C)(C)C)no2)CCCCC1,6.4,16,base,"[16, 26]","['base', 'base']","['sec_amine', 'pyridine_N']"
CC(=O)Nc1ccc(Cc2c3ccccc3nc3ccccc23)cc1,7.51,18,base,"[18, 3]","['base', 'base']","['pyridine_N', 'aniline_sec']"
CC(=O)Nc1ccc(N)cc1,4.46,10,base,"[10, 3]","['base', 'base']","['aniline', 'aniline_sec']"
CC(=O)Nc1ccc(O)cc1,9.543333,10,acid,"[10, 3]","['acid', 'base']","['phenol', 'aniline_sec']"
CC(=O)Nc1ccc(S(N)(=O)=O)cc1,10.02,13,acid,"[13, 3]","['acid', 'base']","['sulfonamide_1', 'aniline_sec']"
CC(=O)Nc1ccc([S-])cc1,6.08,10,acid,"[10, 3]","['acid', 'base']","['thiol', 'aniline_sec']"
CC(=O)Nc1ccc2cc3ccccc3nc2c1,5.6,15,base,"[15, 3]","['base', 'base']","['pyridine_N', 'aniline_sec']"
CC(=O)Nc1ccc2nc3ccccc3cc2c1,4.7,17,base,"[17, 3]","['base', 'base']","['pyridine_N', 'aniline_sec']"
CC(=O)Nc1ccc2ncccc2c1,5.51,13,base,"[13, 3]","['base', 'base']","['pyridine_N', 'aniline_sec']"
CC(=O)Nc1cccc(O)c1,9.38,10,acid,"[10, 3]","['acid', 'base']","['phenol', 'aniline_sec']"
CC(=O)Nc1cccc2cc3ccccc3nc12,3.0,10,base,"[10, 3]","['base', 'base']","['pyridine_N', 'aniline_sec']"
CC(=O)Nc1cccc2nc3ccccc3cc12,4.4,17,base,"[17, 3]","['base', 'base']","['pyridine_N', 'aniline_sec']"
CC(=O)Nc1ccccn1,4.09,9,base,"[9, 3]","['base', 'base']","['pyridine_N', 'aniline_sec']"
CC(=O)Nc1cccnc1,4.44,8,base,"[8, 3]","['base', 'base']","['pyridine_N', 'aniline_sec']"
CC(=O)Nc1ccncc1,5.87,7,base,"[7, 3]","['base', 'base']","['pyridine_N', 'aniline_sec']"
CC(=O)OCCCS(=O)(=O)c1ccc(S(N)(=O)=O)s1,8.05,18,acid,"[18, 6]","['acid', 'acid']","['sulfonamide_1', 'sulfone_CH']"
CC(=O)OCCS(=O)(=O)c1ccc(S(N)(=O)=O)s1,8.65,17,acid,"[17, 5]","['acid', 'acid']","['sulfonamide_1', 'sulfone_CH']"
CC(=O)OCCc1cnc[nH]1,6.97,8,base,"[10, 8]","['acid', 'base']","['imidazole_NH', 'pyridine_N']"
CC(=O)c1ccc(Nc2c3ccccc3nc3ccccc23)cc1,6.12,17,base,"[17, 9]","['base', 'base']","['pyridine_N', 'aniline_sec']"
CC(=O)c1ccc(O)c2ncccc12,5.86,13,acid,"[13, 12]","['acid', 'base']","['phenol', 'pyridine_N']"
CC(=[NH2+])N1C2CC(OC(=O)C(CO)c3ccccc3)CC1C1OC12,10.74,2,base,"[2, 3]","['base', 'base']","['amidine', 'morpholine_N']"
CC(C#N)C(=O)[O-],2.37,6,acid,"[6, 1]","['acid', 'acid']","['carboxylic_acid', 'cyanoacetate']"
CC(C(=O)[O-])c1ccc(N2Cc3ccccc3C2=O)cc1,4.6,20,acid,"[20, 8]","['acid', 'base']","['carboxylic_acid', 'aniline_tert']"
CC(C(=O)[O-])c1ccc2oc(-c3ccc(Cl)cc3)nc2c1,6.9,20,acid,"[20, 8]","['acid', 'base']","['carboxylic_acid', 'pyridine_N']"
CC(C(=O)[O-])c1cccc2nc(-c3ccc(Cl)cc3)oc12,6.25,20,acid,"[20, 10]","['acid', 'base']","['carboxylic_acid', 'pyridine_N']"
CC(C(=O)[O-])c1cccc2nc(-c3ccccc3)oc12,6.2,19,acid,"[19, 10]","['acid', 'base']","['carboxylic_acid', 'pyridine_N']"
CC(C(N)=O)S(=O)(=O)NC(N)=O,5.21,8,acid,"[8, 1]","['acid', 'acid']","['sulfonamide_2', 'sulfone_CH']"
CC(C(N)=O)S(N)(=O)=O,9.86,8,acid,"[8, 1]","['acid', 'acid']","['sulfonamide_1', 'sulfone_CH']"
CC(C)(C)/C(N)=[NH+]/O,5.8,5,base,"[6, 5]","['acid', 'base']","['oxime', 'amidine']"
CC(C)(C)C(=O)NO,9.59,7,acid,"[7, 6]","['acid', 'base']","['hydroxamic_acid', 'hydroxylamine_N']"
CC(C)(C)C1CCC(CC2=C(OCOP(=O)([O-])[O-])C(=O)c3ccccc3C2=O)CC1,2.28,28,base,"[28, 29]","['acid', 'acid']","['phosphoric_acid', 'phosphoric_acid']"
CC(C)(C)C1CCC(CC2=C(OP(=O)([O-])[O-])C(=O)c3ccccc3C2=O)CC1,2.68,26,base,"[26, 27]","['acid', 'acid']","['phosphoric_acid', 'phosphoric_acid']"
CC(C)(C)N1NC2CCC1C2,9.12,10,base,"[10, 4]","['base', 'base']","['sec_amine', 'tert_amine']"
CC(C)(C)N1NC2CCC1C21CC1,9.33,12,base,"[12, 4]","['base', 'base']","['sec_amine', 'tert_amine']"
CC(C)(C)N1NC2CCC1CC2,9.54,9,base,"[9, 4]","['base', 'base']","['sec_amine', 'tert_amine']"
CC(C)(C)NC(=O)[C@@H]1C[C@@H]2CCCC[C@@H]2C[NH+]1C[C@@H](O)[C@H](Cc1ccccc1)NC(=O)[C@H](CC(N)=O)NC(=O)c1ccc2ccccc2n1,6.8,16,base,"[16, 47]","['base', 'base']","['tert_amine', 'pyridine_N']"
CC(C)(C)NNC(C)(C)C,8.31,5,base,"[4, 5]","['base', 'base']","['sec_amine', 'sec_amine']"
CC(C)(C)OC(=O)NC(CCC(N)=O)C(=O)[O-],3.66,16,acid,"[16, 7]","['acid', 'acid']","['carboxylic_acid', 'carbamate_NH']"
CC(C)(C)[NH+]1CCC(Oc2ccc3[nH]c(C(=O)N4CCOCC4)cc3c2)CC1,10.0,4,base,"[4, 22]","['base', 'base']","['tert_amine', 'morpholine_N']"
CC(C)(C)[NH2+]CC(O)COc1cccc2c1CCC(=O)N2,9.2,4,base,"[4, 19]","['base', 'base']","['sec_amine', 'aniline_sec']"
CC(C)(C)[NH2+]CC(O)c1cc(Cl)c(N)c(C(F)(F)F)c1,9.7,4,base,"[4, 14]","['base', 'base']","['sec_amine', 'aniline']"
CC(C)(C)c1ccccc1Nc1c2ccccc2nc2ccccc12,7.62,18,base,"[18, 10]","['base', 'base']","['pyridine_N', 'aniline_sec']"
CC(C)(C)c1cn2nc(S(N)(=O)=O)sc2[nH+]1,6.94,15,acid,"[15, 8]","['acid', 'base']","['sulfonamide_1', 'pyridine_N']"
CC(C)(CO[N+](=O)[O-])C(=O)Oc1ccccc1C(=O)[O-],3.69,19,acid,"[19, 5]","['acid', 'base']","['carboxylic_acid', 'tert_amine']"
CC(C)(O)CCS(=O)(=O)c1ccc(S(N)(=O)=O)cc1,9.28,17,acid,"[17, 4]","['acid', 'acid']","['sulfonamide_1', 'sulfone_CH']"
CC(C)=CCN(C1=[NH+]CCN1)c1c(Br)cccc1Br,10.75,14,base,"[14, 4]","['base', 'base']","['guanidine', 'aniline_tert']"
CC(C)C(Nc1ccccc1)C(=O)[O-],4.4,6,acid,"[6, 7]","['acid', 'base']","['carboxylic_acid', 'aniline_sec']"
CC(C)CC1CC([O-])=C(C(=O)Nc2ccc(C3CCCCC3)cc2)C(=O)N1,6.5,26,acid,"[26, 13]","['acid', 'base']","['enol', 'aniline_sec']"
CC(C)CCN(C1=[NH+]CCN1)c1c(Br)cccc1Br,10.9,15,base,"[15, 5]","['base', 'base']","['guanidine', 'aniline_tert']"
CC(C)CN(C1=[NH+]CCN1)c1c(Br)cccc1Br,11.02,14,base,"[14, 4]","['base', 'base']","['guanidine', 'aniline_tert']"
CC(C)CNC(=O)c1cnc(Nc2cccc(Cl)c2)cc1C(C)C,6.02,9,base,"[9, 16]","['base', 'base']","['pyridine_N', 'aniline_sec']"
CC(C)COCC(CN(Cc1ccccc1)c1ccccc1)[NH+]1CCCC1,9.3,22,base,"[22, 8]","['base', 'base']","['tert_amine', 'aniline_tert']"
CC(C)COc1noc2c1C[NH2+]CC2,7.7,12,base,"[12, 9]","['base', 'base']","['sec_amine', 'pyridine_N']"
CC(C)C[C@@H](C(=O)NCC#N)c1cccc(-c2ccc(N3CC[NH2+]CC3)cc2)c1,8.77,20,base,"[20, 17]","['base', 'base']","['sec_amine', 'aniline_tert']"
CC(C)C[C@H]([NH3+])C(=O)NCCCS(=O)(=O)Oc1ccc(C(F)(F)F)cc1,8.9,25,base,"[10, 25]","['acid', 'base']","['sulfone_CH', 'prim_amine']"
CC(C)C[C@H]([NH3+])C(=O)NCCCS(=O)(=O)Oc1ccc(Cl)cc1,9.6,22,base,"[10, 22]","['acid', 'base']","['sulfone_CH', 'prim_amine']"
CC(C)N(/C=[NH+]\c1ccn(C2CC(F)C(CO)O2)c(=O)n1)C(C)C,5.13,5,base,"[5, 12]","['base', 'base']","['amidine', 'pyridine_N']"
CC(C)N(/C=[NH+]\c1ccn(C2CCC(CO)O2)c(=O)n1)C(C)C,5.28,5,base,"[5, 12]","['base', 'base']","['amidine', 'pyridine_N']"
CC(C)N(C1=[NH+]CCN1)c1c(Br)cccc1Br,11.2,13,base,"[13, 3]","['base', 'base']","['guanidine', 'aniline_tert']"
CC(C)N(c1ccc(Oc2ccccc2C(F)(F)F)cc1C(=O)[O-])C(=O)[C@H]1CC[C@H](C)CC1,5.5,32,acid,"[32, 9]","['acid', 'base']","['carboxylic_acid', 'aniline_tert']"
CC(C)N=C1NS(=O)(=O)c2cc(Cl)ccc2S1,9.76,5,acid,"[5, 3]","['acid', 'base']","['sulfonamide_2', 'amidine']"
CC(C)NC(=O)c1ccc(-c2ccc(-c3ccccc3)n2Cc2cccc(N)n2)cc1,6.86,23,base,"[23, 24]","['base', 'base']","['pyridine_N', 'aniline']"
CC(C)Oc1cccc2c1NC(=[NH+]CC(F)F)NC2C,10.2,10,base,"[10, 8]","['base', 'base']","['guanidine', 'aniline_sec']"
CC(C)Oc1noc2c1C[NH2+]CC2,7.5,11,base,"[11, 8]","['base', 'base']","['sec_amine', 'pyridine_N']"
CC(C)[C@@]12C[NH2+][C@@H](C(=O)[O-])[C@@H]1CC(=O)O2,7.8,5,base,"[14, 5]","['acid', 'base']","['carboxylic_acid', 'sec_amine']"
CC(C)[NH+](Cc1no[n+]([O-])c1C#N)C(C)C,5.35,3,base,"[3, 10]","['base', 'base']","['tert_amine', 'pyridine_N']"
CC(C)[NH+]1CCC(C(=O)Nc2cccc(OCc3ccc(F)cc3)c2)CC1,9.4,3,base,"[3, 11]","['base', 'base']","['tert_amine', 'aniline_sec']"
CC(C)[NH+]1CCC(N(C(=O)Cc2ccccc2)c2ccc(Cl)cc2)CC1,8.7,3,base,"[3, 9]","['base', 'base']","['tert_amine', 'aniline_tert']"
CC(C)[NH+]1CCC(Oc2cc3[nH]c(C(=O)N4CCOCC4)cc3cc2F)CC1,9.5,3,base,"[3, 22]","['base', 'base']","['tert_amine', 'morpholine_N']"
CC(C)[NH+]1CCC(Oc2ccc3[nH]c(C(=O)N4CCOCC4)cc3c2)CC1,10.0,3,base,"[3, 21]","['base', 'base']","['tert_amine', 'morpholine_N']"
CC(C)[NH+]1CCC(Oc2ccc3c(c2)cc(C(=O)N2CCOCC2)n3CC(F)(F)F)CC1,9.7,3,base,"[3, 26]","['base', 'base']","['tert_amine', 'morpholine_N']"
CC(C)[NH+]1CCC(Oc2ccc3cc(C(=O)N4CCOCC4)[nH]c3c2)CC1,9.7,3,base,"[3, 21]","['base', 'base']","['tert_amine', 'morpholine_N']"
CC(C)[NH+]1CCC(Oc2ccc3cc(C(=O)N4CCOCC4)ccc3c2)CC1,9.3,3,base,"[3, 22]","['base', 'base']","['tert_amine', 'morpholine_N']"
CC(C)[NH+]1CCC(Oc2ccc3nc(C(=O)N4CCC4)ccc3c2)CC1,9.5,3,base,"[3, 19]","['base', 'base']","['tert_amine', 'pyridine_N']"
CC(C)[NH+]1CCC(Oc2ccc3nc(C(=O)N4CCC[C@H]4C#N)ccc3c2)CC1,9.5,3,base,"[3, 19]","['base', 'base']","['tert_amine', 'pyridine_N']"
CC(C)c1cc(Nc2ccc(C#N)c(Cl)c2)ncc1C(=O)NCC1CCOCC1,6.02,6,base,"[6, 19]","['base', 'base']","['pyridine_N', 'aniline_sec']"
CC(C)c1cc(Nc2ccc(Cl)cc2Cl)ncc1C(=O)NCC1CCOCC1,6.02,6,base,"[6, 19]","['base', 'base']","['pyridine_N', 'aniline_sec']"
CC(C)c1cc(Nc2cccc(Br)c2)ncc1C(=O)NCC1CCOCC1,6.02,6,base,"[6, 19]","['base', 'base']","['pyridine_N', 'aniline_sec']"
CC(C)c1cc(Nc2cccc(C#N)c2)ncc1C(=O)NCC1CCOCC1,6.02,6,base,"[6, 19]","['base', 'base']","['pyridine_N', 'aniline_sec']"
CC(C)c1cc(Nc2cccc(C(F)(F)F)c2F)ncc1C(=O)NCC1CCOCC1,6.02,6,base,"[6, 19]","['base', 'base']","['pyridine_N', 'aniline_sec']"
CC(C)c1cc(Nc2cccc(Cl)c2)ncc1C(=O)NC1CCOCC1,6.02,6,base,"[6, 18]","['base', 'base']","['pyridine_N', 'aniline_sec']"
CC(C)c1cc(Nc2cccc(Cl)c2)ncc1C(=O)NCC(C)(C)C,6.02,6,base,"[6, 17]","['base', 'base']","['pyridine_N', 'aniline_sec']"
CC(C)c1cc(Nc2cccc(Cl)c2)ncc1C(=O)NCC1CCCC1,6.02,6,base,"[6, 18]","['base', 'base']","['pyridine_N', 'aniline_sec']"
CC(C)c1cc(Nc2cccc(Cl)c2)ncc1C(=O)NCC1CCOCC1,6.02,6,base,"[6, 19]","['base', 'base']","['pyridine_N', 'aniline_sec']"
CC(C)c1cc(Nc2cccc(Cl)c2)ncc1C(=O)NCc1ccc(F)cc1,6.02,6,base,"[6, 20]","['base', 'base']","['pyridine_N', 'aniline_sec']"
CC(C)c1cccc(C(C)C)c1NC1=[NH+]CCN1,10.65,11,base,"[11, 9]","['base', 'base']","['guanidine', 'aniline_sec']"
CC(C)c1ccccc1Nc1c2ccccc2nc2ccccc12,7.64,17,base,"[17, 9]","['base', 'base']","['pyridine_N', 'aniline_sec']"
CC(C)c1nc2ccccc2[nH]1,6.23,11,base,"[4, 11]","['acid', 'base']","['imidazole_NH', 'pyridine_N']"
CC(C)n1c(N)nc2ccc(/C(=C\C(N)=O)c3cccc(F)c3F)cc21,6.7,10,base,"[10, 12]","['base', 'base']","['pyridine_N', 'aniline']"
CC(CN1c2ccccc2CCc2ccccc21)C[NH+](C)C,8.72,19,base,"[19, 3]","['base', 'base']","['tert_amine', 'aniline_tert']"
CC(CN1c2ccccc2Sc2ccccc21)C[NH+](C)C,9.235,18,base,"[18, 3]","['base', 'base']","['tert_amine', 'aniline_tert']"
CC(CN1c2ccccc2Sc2ccccc21)[NH+](C)C,9.07,17,base,"[17, 3]","['base', 'base']","['tert_amine', 'aniline_tert']"
CC(N)=[NH+]c1nsc2ccccc12,6.99,2,base,"[2, 11]","['base', 'base']","['amidine', 'pyridine_N']"
CC(Nc1ccc2c(c1)[C@@H](NC(=O)c1ccc(Br)cc1)[C@H](O)C2)=[NH+]Cc1ccc(F)cc1,8.49,2,base,"[2, 11]","['base', 'base']","['amidine', 'aniline_sec']"
CC(Nc1ccc2c(c1)[C@@H](NC(=O)c1ccc(Br)cc1)[C@H](O)C2)=[NH+]c1ccc(F)cc1,8.2,2,base,"[2, 10]","['base', 'base']","['amidine', 'aniline_sec']"
CC(Nc1ccccc1)=[NH+]c1ccccc1,8.3,2,base,"[2, 9]","['base', 'base']","['amidine', 'aniline_sec']"
CC(O)=CC(=O)Nc1ccc(C)cc1,10.15,13,acid,"[13, 7]","['acid', 'base']","['enol', 'aniline_sec']"
CC(O)=CC(=O)Nc1cccc(C)c1,10.0,13,acid,"[13, 7]","['acid', 'base']","['enol', 'aniline_sec']"
CC(O)=CC(=O)Nc1ccccc1,9.94,12,acid,"[12, 5]","['acid', 'base']","['enol', 'aniline_sec']"
CC/C(N)=[NH+]/O,5.95,3,base,"[4, 3]","['acid', 'base']","['oxime', 'amidine']"
CC/[NH+]=C(\N=[N+]=[N-])c1ccccc1O,9.4,10,acid,"[10, 2]","['acid', 'base']","['phenol', 'imine_N']"
CC1(C(=O)[O-])CCC=[N+]1[O-],2.95,9,base,"[9, 5]","['acid', 'base']","['carboxylic_acid', 'tert_amine']"
CC1(C)CCC(C(=O)[O-])=[N+]1[O-],2.8,9,base,"[9, 5]","['acid', 'base']","['carboxylic_acid', 'tert_amine']"
CC1(C)OC(=O)C[C@H]2[C@@H](C(=O)[O-])[NH2+]C[C@H]21,9.0,4,base,"[13, 4]","['acid', 'base']","['carboxylic_acid', 'sec_amine']"
CC1(C)O[C@@H]2[C@@H](CO[C@@]3(CNS(N)(=O)=O)OC(C)(C)O[C@@H]23)O1,10.7,16,acid,"[16, 20]","['acid', 'acid']","['sulfonamide_2', 'sulfonamide_1']"
CC1(C)O[C@H]2CC(=O)OC[C@]23[C@H]2CC[C@@]4(C)[C@H](c5ccoc5)OC(=O)[C@H]5O[C@]54[C@]2(C)/C(=N\OCC[NH+]2CCCCC2)C[C@@H]13,8.87,23,base,"[23, 19]","['base', 'base']","['tert_amine', 'imine_N']"
CC1(C)O[C@H]2CC(=O)OC[C@]23[C@H]2CC[C@]4(C)C(=CC(=O)O[C@H]4c4ccoc4)[C@]2(C)/C(=N\OCC[NH+]2CCOCC2)C[C@@H]13,6.84,22,base,"[22, 18]","['base', 'base']","['tert_amine', 'imine_N']"
CC1([N+](C)(C)C)CN(c2c(F)cc3c(=O)c(C(=O)[O-])cn(C4CC4)c3c2F)C1,6.03,19,acid,"[19, 3]","['acid', 'base']","['carboxylic_acid', 'aniline_tert']"
CC1C2c3ccccc3C(c3ccccc32)C1C(=O)Nc1ccccn1,5.27,19,base,"[19, 13]","['base', 'base']","['pyridine_N', 'aniline_sec']"
CC1C2c3ccccc3C(c3ccccc32)C1C(=O)Nc1cccnc1,4.14,18,base,"[18, 13]","['base', 'base']","['pyridine_N', 'aniline_sec']"
CC1C2c3ccccc3C(c3ccccc32)C1C(=O)Nc1ccncc1,5.27,17,base,"[17, 13]","['base', 'base']","['pyridine_N', 'aniline_sec']"
CC1CC(C(=O)[O-])=[N+]([O-])C1(C)C,2.85,11,base,"[11, 4]","['acid', 'base']","['carboxylic_acid', 'tert_amine']"
CC1CCN(C(=O)c2ccc3cc(OCCC[NH+]4CCCCC4)ccc3n2)CC1,9.7,23,base,"[23, 18]","['base', 'base']","['tert_amine', 'pyridine_N']"
CC1CCN([O-])C1(C)C,5.9,4,base,"[8, 4]","['acid', 'base']","['hydroxylamine_OH', 'tert_amine']"
CC1CCc2c(N3CCC(O)CC3)c(F)cc3c(=O)c(C(=O)[O-])cn1c23,6.8,25,acid,"[25, 15]","['acid', 'base']","['carboxylic_acid', 'aniline_tert']"
CC1N=CC[NH2+]1,7.86,5,base,"[2, 5]","['base', 'base']","['sec_amine', 'imine_N']"
CC1NC(=[NH+]CC(F)F)Nc2c(Cl)ccc(Cl)c21,7.8,10,base,"[10, 8]","['base', 'base']","['guanidine', 'aniline_sec']"
CC1NC(=[NH+]CC(F)F)Nc2ccc(Cl)c(Cl)c21,8.5,12,base,"[12, 10]","['base', 'base']","['guanidine', 'aniline_sec']"
CC1NC(=[NH+]CC(F)F)Nc2cccc(Cl)c21,8.9,11,base,"[11, 9]","['base', 'base']","['guanidine', 'aniline_sec']"
CC1NC(=[NH+]CC(F)F)Nc2ccccc21,9.7,10,base,"[10, 8]","['base', 'base']","['guanidine', 'aniline_sec']"
CC1[NH+]=C(N)Nc2cccc(Cl)c21,9.9,11,base,"[11, 9]","['base', 'base']","['guanidine', 'aniline_sec']"
CC1[NH+]=C(N)Nc2ccccc21,10.5,10,base,"[10, 8]","['base', 'base']","['guanidine', 'aniline_sec']"
CCC(=O)N(c1ccccc1)C1(COC)CC[NH+](CCc2cccs2)CC1,7.85,14,base,"[14, 4]","['base', 'base']","['tert_amine', 'aniline_tert']"
CCC(=O)N(c1ccccc1)C1(COC)CC[NH+](CCn2nnn(CC)c2=O)CC1,6.5,14,base,"[14, 4]","['base', 'base']","['tert_amine', 'aniline_tert']"
CCC(=O)N(c1ccccc1)C1CC[NH+](CCc2ccccc2)CC1,8.43,14,base,"[14, 4]","['base', 'base']","['tert_amine', 'aniline_tert']"
CCC(=O)NO,9.46,5,acid,"[5, 4]","['acid', 'base']","['hydroxamic_acid', 'hydroxylamine_N']"
CCC(=O)NS(=O)(=O)c1ccc(-c2c(-c3ccccc3)noc2C)cc1,4.9,4,acid,"[4, 17]","['acid', 'base']","['sulfonamide_2', 'pyridine_N']"
CCC(=O)c1nc(C(=O)[O-])cs1,3.7,11,acid,"[11, 5]","['acid', 'base']","['carboxylic_acid', 'pyridine_N']"
CCC(C(=O)Nc1c(C)cccc1C)[NH+](CC)CC,7.91,14,base,"[14, 5]","['base', 'base']","['tert_amine', 'aniline_sec']"
CCC(C(=O)[O-])C(=O)N1CCCCC1,3.86,13,acid,"[13, 2]","['acid', 'acid']","['carboxylic_acid', 'malonate_dicarbonyl']"
CCC(CC)CNC(=O)c1cnc(Nc2cccc(Cl)c2)cc1C(C)C,6.02,11,base,"[11, 18]","['base', 'base']","['pyridine_N', 'aniline_sec']"
CCC(CC)Nc1cc(C)[nH+]c(Oc2c(C)cc(C)cc2C)c1C,6.9,9,base,"[9, 5]","['base', 'base']","['pyridine_N', 'aniline_sec']"
CCC1(C)C(=O)Nc2ccc(S(=O)(=O)Nc3ccc(F)cc3F)cc2C(=O)N1C,7.1,19,acid,"[19, 5]","['acid', 'base']","['sulfonamide_2', 'aniline_sec']"
CCC1(C)NC(=O)c2cc(S(=O)(=O)Nc3ccc(Cl)cc3)ccc2N(C)C1=O,7.9,18,acid,"[18, 5]","['acid', 'base']","['sulfonamide_2', 'aniline_tert']"
CCC1(C)NC(=O)c2cc(S(=O)(=O)Nc3ccc(Cl)cc3)ccc2NC1=O,8.1,18,acid,"[18, 5]","['acid', 'base']","['sulfonamide_2', 'aniline_sec']"
CCC1(C)NC(=O)c2cc(S(=O)(=O)Nc3ccc(OC)cc3)ccc2NC1=O,5.6,18,acid,"[18, 5]","['acid', 'base']","['sulfonamide_2', 'aniline_sec']"
CCC1(C)NC(=O)c2cc(S(=O)(=O)Nc3ccccc3)ccc2NC1=O,8.7,18,acid,"[18, 5]","['acid', 'base']","['sulfonamide_2', 'aniline_sec']"
CCC1(C)NC(=O)c2cc(S(=O)(=O)Nc3ccccc3Cl)ccc2NC1=O,7.2,18,acid,"[18, 5]","['acid', 'base']","['sulfonamide_2', 'aniline_sec']"
CCC1(CC)CNc2ccc(S(=O)(=O)Nc3ccc(F)cc3F)cc2C(=O)N1,8.0,17,acid,"[17, 4]","['acid', 'base']","['sulfonamide_2', 'aniline_sec']"
CCC1C2CC3C4N(C)c5ccccc5C45CC(C2[C@H]5O)[NH+]3C1O,6.5,13,base,"[13, 22]","['base', 'base']","['tert_amine', 'aniline_tert']"
CCC1N=CC[NH2+]1,7.73,6,base,"[3, 6]","['base', 'base']","['sec_amine', 'imine_N']"
CCCC(=O)NO,9.48,6,acid,"[6, 5]","['acid', 'base']","['hydroxamic_acid', 'hydroxylamine_N']"
CCCC(=O)Nc1ccc(OCC(O)C[NH2+]C(C)C)c(C(C)=O)c1,9.596,19,base,"[19, 5]","['base', 'base']","['sec_amine', 'aniline_sec']"
CCCC(C(=O)Nc1c(C)cccc1C)[NH+](CC)CC,7.89,15,base,"[15, 6]","['base', 'base']","['tert_amine', 'aniline_sec']"
CCCC1=NC(=O)C(c2ccccc2)=C1[O-],4.6,9,acid,"[9, 4]","['acid', 'base']","['enol', 'imine_N']"
CCCCC(C(=O)Nc1c(C)cccc1C)[NH+](CC)CC,7.81,16,base,"[16, 7]","['base', 'base']","['tert_amine', 'aniline_sec']"
CCCCC/C(N)=N/[NH+](C)C,10.4,6,base,"[6, 7]","['base', 'base']","['amidine', 'tert_amine']"
CCCCCC(=O)NO,9.58,8,acid,"[8, 7]","['acid', 'base']","['hydroxamic_acid', 'hydroxylamine_N']"
CCCCCCC(=O)NO,9.62,9,acid,"[9, 8]","['acid', 'base']","['hydroxamic_acid', 'hydroxylamine_N']"
CCCCCCCC(=O)NO,9.19,10,acid,"[10, 9]","['acid', 'base']","['hydroxamic_acid', 'hydroxylamine_N']"
CCCCCCCCCCCCCC(=O)N(O)c1ccccc1,9.05,22,acid,"[22, 15]","['acid', 'base']","['hydroxamic_acid', 'aniline_tert']"
CCCCCCCNc1c2ccc(Cl)cc2[nH+]c2ccc(OC)cc12,7.5,15,base,"[15, 7]","['base', 'base']","['pyridine_N', 'aniline_sec']"
CCCCCCOc1ccc(-c2ccc(-c3ccccc3Cl)n2Cc2cccc(N)n2)cc1,6.86,24,base,"[24, 25]","['base', 'base']","['pyridine_N', 'aniline']"
CCCCCN(C1=[NH+]CCN1)c1c(Br)cccc1Br,11.0,15,base,"[15, 5]","['base', 'base']","['guanidine', 'aniline_tert']"
CCCCCNN,6.25,5,base,"[6, 5]","['base', 'base']","['prim_amine', 'sec_amine']"
CCCCCNc1nc2ccccc2n1CCc1ccccc1,7.4,7,base,"[7, 5]","['base', 'base']","['pyridine_N', 'aniline_sec']"
CCCCCOc1ccc(-c2ccc(-c3ccccc3Cl)n2Cc2cccc(N)n2)cc1,6.86,23,base,"[23, 24]","['base', 'base']","['pyridine_N', 'aniline']"
CCCCN(C)N(C)CCCC,7.16,6,base,"[4, 6]","['base', 'base']","['tert_amine', 'tert_amine']"
CCCCN(C1=[NH+]CCN1)c1c(Br)cccc1Br,10.97,14,base,"[14, 4]","['base', 'base']","['guanidine', 'aniline_tert']"
CCCCN=C(C)N[NH+](C)C,10.4,4,base,"[4, 8]","['base', 'base']","['amidine', 'tert_amine']"
CCCCNC(=O)NO,11.0,8,acid,"[8, 7]","['acid', 'base']","['hydroxamic_acid', 'hydroxylamine_N']"
CCCCNC(=O)c1ccc(-c2ccc(-c3ccccc3)n2Cc2cccc(N)n2)cc1,6.86,24,base,"[24, 25]","['base', 'base']","['pyridine_N', 'aniline']"
CCCCNN,7.82,4,base,"[5, 4]","['base', 'base']","['prim_amine', 'sec_amine']"
CCCCOc1cc(C(=O)NCC[NH+](CC)CC)c2ccccc2n1,8.85,20,base,"[20, 14]","['base', 'base']","['tert_amine', 'pyridine_N']"
CCCCOc1ccc(-c2ccc(-c3ccccc3Cl)n2Cc2cccc(N)n2)cc1,6.86,22,base,"[22, 23]","['base', 'base']","['pyridine_N', 'aniline']"
CCCCOc1noc2c1C[NH2+]CC2,7.6,12,base,"[12, 9]","['base', 'base']","['sec_amine', 'pyridine_N']"
CCCC[NH+]1CCCCC1C(=O)Nc1c(C)cccc1C,7.715,4,base,"[4, 12]","['base', 'base']","['tert_amine', 'aniline_sec']"
CCCC[NH+]=C1Nc2ccccc2C(C)N1,10.7,4,base,"[4, 6]","['base', 'base']","['guanidine', 'aniline_sec']"
CCCC[NH2+]CC(=O)Nc1c(C)cccc1C,8.04,4,base,"[4, 8]","['base', 'base']","['sec_amine', 'aniline_sec']"
CCCCc1ccc(C(=O)[O-])nc1,5.7,12,acid,"[12, 8]","['acid', 'base']","['carboxylic_acid', 'pyridine_N']"
CCCCc1nc(Cl)c(CC(=O)OC)n1Cc1ccc(NC(=O)c2ccc(Cl)cc2)cc1,4.5,5,base,"[5, 16]","['base', 'base']","['pyridine_N', 'aniline_sec']"
CCCN(C)N,7.35,5,base,"[5, 3]","['base', 'base']","['prim_amine', 'tert_amine']"
CCCN(C)N(C)CCC,7.05,5,base,"[3, 5]","['base', 'base']","['tert_amine', 'tert_amine']"
CCCN(C1=[NH+]CCN1)c1c(Br)cccc1Br,11.0,13,base,"[13, 3]","['base', 'base']","['guanidine', 'aniline_tert']"
CCCN(N)CCC,7.0,7,base,"[7, 3]","['base', 'base']","['prim_amine', 'tert_amine']"
CCCNC(=O)c1ccc(-c2ccc(-c3ccccc3)n2Cc2cccc(N)n2)cc1,6.86,23,base,"[23, 24]","['base', 'base']","['pyridine_N', 'aniline']"
CCCNN,7.92,3,base,"[4, 3]","['base', 'base']","['prim_amine', 'sec_amine']"
CCCOc1ccc(-c2ccc(-c3ccccc3Cl)n2Cc2cccc(N)n2)cc1,6.86,21,base,"[21, 22]","['base', 'base']","['pyridine_N', 'aniline']"
CCCOc1noc2c1C[NH2+]CC2,7.6,11,base,"[11, 8]","['base', 'base']","['sec_amine', 'pyridine_N']"
CCCS(=O)(=O)n1c2c(c3cc(C(=O)N4CCC(C)CC4)ccc31)C[NH+](C1CCOC1)CC2,5.8,17,base,"[2, 17]","['acid', 'base']","['sulfone_CH', 'tert_amine']"
CCCS(=O)(=O)n1c2c(c3cc(C(=O)N4CCC(C)CC4)ccc31)C[NH+](C1CCOCC1)CC2,7.3,17,base,"[2, 17]","['acid', 'base']","['sulfone_CH', 'tert_amine']"
CCCSC(=O)CCCc1cnc[nH]1,7.55,11,base,"[13, 11]","['acid', 'base']","['imidazole_NH', 'pyridine_N']"
CCC[NH+](CC)C(CC)C(=O)Nc1c(C)cccc1C,6.62,3,base,"[3, 11]","['base', 'base']","['tert_amine', 'aniline_sec']"
CCC[NH+](CCC)CC(=O)Nc1c(C)cccc1C,7.68,3,base,"[3, 10]","['base', 'base']","['tert_amine', 'aniline_sec']"
CCC[NH+](CCC)Cc1no[n+]([O-])c1C#N,5.46,3,base,"[3, 13]","['base', 'base']","['tert_amine', 'pyridine_N']"
CCC[NH+]1CCCC[C@H]1C(=O)Nc1c(C)cccc1C,8.07,3,base,"[3, 11]","['base', 'base']","['tert_amine', 'aniline_sec']"
CCC[NH+]1CCN(c2ccc(C#N)cc2)CC1,7.78,3,base,"[3, 6]","['base', 'base']","['tert_amine', 'aniline_tert']"
CCC[NH+]1CCN(c2ccc(C(F)(F)F)cc2)CC1,7.84,3,base,"[3, 6]","['base', 'base']","['tert_amine', 'aniline_tert']"
CCC[NH+]1CCN(c2ccc(C(N)=O)cc2)CC1,7.84,3,base,"[3, 6]","['base', 'base']","['tert_amine', 'aniline_tert']"
CCC[NH+]1CCN(c2ccc(C)cc2)CC1,7.92,3,base,"[3, 6]","['base', 'base']","['tert_amine', 'aniline_tert']"
CCC[NH+]1CCN(c2ccc(Cl)cc2)CC1,7.83,3,base,"[3, 6]","['base', 'base']","['tert_amine', 'aniline_tert']"
CCC[NH+]1CCN(c2ccc(OC)cc2)CC1,7.88,3,base,"[3, 6]","['base', 'base']","['tert_amine', 'aniline_tert']"
CCC[NH+]1CCN(c2cccc(C#N)c2)CC1,7.67,3,base,"[3, 6]","['base', 'base']","['tert_amine', 'aniline_tert']"
CCC[NH+]1CCN(c2cccc(C(F)(F)F)c2)CC1,7.81,3,base,"[3, 6]","['base', 'base']","['tert_amine', 'aniline_tert']"
CCC[NH+]1CCN(c2cccc(C(N)=O)c2)CC1,7.76,3,base,"[3, 6]","['base', 'base']","['tert_amine', 'aniline_tert']"
CCC[NH+]1CCN(c2cccc(C)c2)CC1,7.83,3,base,"[3, 6]","['base', 'base']","['tert_amine', 'aniline_tert']"
CCC[NH+]1CCN(c2cccc(Cl)c2)CC1,7.83,3,base,"[3, 6]","['base', 'base']","['tert_amine', 'aniline_tert']"
CCC[NH+]1CCN(c2cccc(OC)c2)CC1,7.86,3,base,"[3, 6]","['base', 'base']","['tert_amine', 'aniline_tert']"
CCC[NH+]1CCN(c2ccccc2)CC1,7.96,3,base,"[3, 6]","['base', 'base']","['tert_amine', 'aniline_tert']"
CCC[NH+]1CCN(c2ccccc2C#N)CC1,7.92,3,base,"[3, 6]","['base', 'base']","['tert_amine', 'aniline_tert']"
CCC[NH+]1CCN(c2ccccc2C(F)(F)F)CC1,8.8,3,base,"[3, 6]","['base', 'base']","['tert_amine', 'aniline_tert']"
CCC[NH+]1CCN(c2ccccc2C(N)=O)CC1,8.14,3,base,"[3, 6]","['base', 'base']","['tert_amine', 'aniline_tert']"
CCC[NH+]1CCN(c2ccccc2C)CC1,8.39,3,base,"[3, 6]","['base', 'base']","['tert_amine', 'aniline_tert']"
CCC[NH+]1CCN(c2ccccc2Cl)CC1,8.07,3,base,"[3, 6]","['base', 'base']","['tert_amine', 'aniline_tert']"
CCC[NH+]1CCN(c2ccccc2OC)CC1,8.29,3,base,"[3, 6]","['base', 'base']","['tert_amine', 'aniline_tert']"
CCC[NH+]=C1Nc2ccccc2C(C)N1,10.7,3,base,"[3, 5]","['base', 'base']","['guanidine', 'aniline_sec']"
CCC[NH2+]C(C)C(=O)Nc1ccccc1C,7.673333,3,base,"[3, 8]","['base', 'base']","['sec_amine', 'aniline_sec']"
CCC[NH2+]CC(=O)Nc1c(C)cccc1C,8.01,3,base,"[3, 7]","['base', 'base']","['sec_amine', 'aniline_sec']"
CCCc1[nH]cc[nH+]1,8.02,7,base,"[4, 7]","['acid', 'base']","['imidazole_NH', 'pyridine_N']"
CCCc1ccc(O)c(-c2cc(CCC)ccc2O)c1,9.3,19,acid,"[19, 15]","['acid', 'acid']","['phenol', 'phenol']"
CCCc1ccnc2c1ccc1cccnc12,5.45,6,base,"[6, 13]","['base', 'base']","['pyridine_N', 'pyridine_N']"
CCCc1nc2ccc(OCC)cc2[nH]1,6.12,11,base,"[4, 11]","['acid', 'base']","['imidazole_NH', 'pyridine_N']"
CCN(C)N,7.3,4,base,"[4, 2]","['base', 'base']","['prim_amine', 'tert_amine']"
CCN(C)N(C)C,6.38,2,base,"[2, 4]","['base', 'base']","['tert_amine', 'tert_amine']"
CCN(C)N(C)CC,6.8,4,base,"[2, 4]","['base', 'base']","['tert_amine', 'tert_amine']"
CCN(C)N(CC)CC,7.3,4,base,"[2, 4]","['base', 'base']","['tert_amine', 'tert_amine']"
CCN(C)NC,6.85,4,base,"[4, 2]","['base', 'base']","['sec_amine', 'tert_amine']"
CCN(C1=[NH+]CCN1)c1c(Br)cccc1Br,11.1,12,base,"[12, 2]","['base', 'base']","['guanidine', 'aniline_tert']"
CCN(CC)C(=O)NO,10.8,8,acid,"[8, 7]","['acid', 'base']","['hydroxamic_acid', 'hydroxylamine_N']"
CCN(CC)CCS(=O)(=O)c1ccc(OC)c(OC)c1OC,7.41,2,base,"[6, 2]","['acid', 'base']","['sulfone_CH', 'tert_amine']"
CCN(CC)N(C)C,6.88,2,base,"[2, 5]","['base', 'base']","['tert_amine', 'tert_amine']"
CCN(CC)N(CC)CC,7.31,5,base,"[2, 5]","['base', 'base']","['tert_amine', 'tert_amine']"
CCN(CC)NC,7.14,5,base,"[5, 2]","['base', 'base']","['sec_amine', 'tert_amine']"
CCN(CC)c1ccc(C)c2nc(-c3c(OC)cc(COC)cc3OC)c(C)cc12,5.86,2,base,"[14, 2]","['base', 'base']","['pyridine_N', 'aniline_tert']"
CCN(CC)c1ccc(OC)c2nc(-c3c(OC)cc(COC)cc3OC)c(C)cc12,6.01,2,base,"[14, 2]","['base', 'base']","['pyridine_N', 'aniline_tert']"
CCN(CC)c1ccccn1,7.32,10,base,"[10, 2]","['base', 'base']","['pyridine_N', 'aniline_tert']"
CCN(Cc1cc(C(F)(F)F)ccc1-c1cc(CC(=O)[O-])n2cccnc12)C(=O)C1CC1,3.7,22,acid,"[22, 15]","['acid', 'base']","['carboxylic_acid', 'pyridine_N']"
CCN(N)CC,7.63,5,base,"[5, 2]","['base', 'base']","['prim_amine', 'tert_amine']"
CCN([O-])CC,5.62,2,base,"[5, 2]","['acid', 'base']","['hydroxylamine_OH', 'tert_amine']"
CCN1CNS(=O)(=O)c2cc(Cl)ccc21,9.33,4,acid,"[4, 2]","['acid', 'base']","['sulfonamide_2', 'aniline_tert']"
CCNC(=O)c1ccc(-c2ccc(-c3ccccc3)n2Cc2cccc(N)n2)cc1,6.86,22,base,"[22, 23]","['base', 'base']","['pyridine_N', 'aniline']"
CCNN,7.95,2,base,"[3, 2]","['base', 'base']","['prim_amine', 'sec_amine']"
CCNN(C)C,6.58,2,base,"[2, 3]","['base', 'base']","['sec_amine', 'tert_amine']"
CCNN(C)CC,6.81,2,base,"[2, 3]","['base', 'base']","['sec_amine', 'tert_amine']"
CCNN(CC)CC,7.08,2,base,"[2, 3]","['base', 'base']","['sec_amine', 'tert_amine']"
CCNNC,7.5,3,base,"[2, 3]","['base', 'base']","['sec_amine', 'sec_amine']"
CCNNCC,7.66,3,base,"[2, 3]","['base', 'base']","['sec_amine', 'sec_amine']"
CCOC(=O)C1CCc2nc3c(ccn4ccnc34)cc2C1,4.08,17,base,"[17, 20]","['base', 'base']","['pyridine_N', 'pyridine_N']"
CCOC(=O)c1cc(-c2ccccc2)nnc1NCC[NH+]1CCOCC1,6.67,14,base,"[14, 11]","['base', 'base']","['tert_amine', 'aniline_sec']"
CCOC(=O)c1ccccc1NC(=O)C1=C(O)C(=O)N(C)C1,6.49,21,acid,"[21, 11]","['acid', 'base']","['enol', 'aniline_sec']"
CCO[C@@H]([C@H]1C[C@@H](C)[C@H]2[C@H](O1)[C@H](O)[C@@]1(C)[C@@H]3CC[C@H]4C(C)(C)[C@@H](O[C@H]5CN(C6C[NH+](CCO)C6)CCO5)CC[C@@]45C[C@@]35CC[C@]21C)C(C)(C)O,8.4,37,base,"[31, 37]","['base', 'base']","['tert_amine', 'tert_amine']"
CCO[C@@H]([C@H]1C[C@@H](C)[C@H]2[C@H](O1)[C@H](O)[C@@]1(C)[C@@H]3CC[C@H]4C(C)(C)[C@@H](O[C@H]5CN(C6C[NH2+]C6)CCO5)CC[C@@]45C[C@@]35CC[C@]21C)C(C)(C)O,10.7,37,base,"[37, 31]","['base', 'base']","['sec_amine', 'tert_amine']"
CCOc1ccc(NC(=O)c2cn3c(C)c(C)nc3c3c2CCC(c2ccccc2)O3)cc1,6.57,17,base,"[17, 9]","['base', 'base']","['pyridine_N', 'aniline_sec']"
CCOc1ccc2[nH+]c(/C=C/C=C/c3ccccc3)cc(N)c2c1,9.5,12,base,"[12, 23]","['base', 'base']","['pyridine_N', 'aniline']"
CCOc1ccc2[nH+]c(/C=C/c3ccccc3)cc(N)c2c1,9.5,12,base,"[12, 21]","['base', 'base']","['pyridine_N', 'aniline']"
CCOc1ccc2[nH+]c3c(c(N4CCOCC4)c2c1)CCC3,7.11,12,base,"[12, 16]","['base', 'base']","['pyridine_N', 'aniline_tert']"
CCOc1ccc2nc(C(C)C)[nH]c2c1,6.17,11,base,"[9, 11]","['acid', 'base']","['imidazole_NH', 'pyridine_N']"
CCOc1ccc2nc(C)[nH]c2c1,6.22,11,base,"[9, 11]","['acid', 'base']","['imidazole_NH', 'pyridine_N']"
CCOc1ccc2nc(CC(C)C)[nH]c2c1,6.07,11,base,"[9, 11]","['acid', 'base']","['imidazole_NH', 'pyridine_N']"
CCOc1ccc2nc(CC)[nH]c2c1,6.27,10,base,"[3, 10]","['acid', 'base']","['imidazole_NH', 'pyridine_N']"
CCOc1ccc2nc[nH]c2c1,5.57,11,base,"[9, 11]","['acid', 'base']","['imidazole_NH', 'pyridine_N']"
CCOc1ccccc1Nc1c2ccccc2nc2ccccc12,7.85,17,base,"[17, 9]","['base', 'base']","['pyridine_N', 'aniline_sec']"
CCOc1ccnc(=O)[nH]1,10.7,9,acid,"[9, 6]","['acid', 'base']","['aromatic_lactam', 'pyridine_N']"
CCOc1nccc(=O)[nH]1,8.2,4,acid,"[4, 9]","['acid', 'base']","['aromatic_lactam', 'pyridine_N']"
CCOc1noc2c1C[NH+](C)CC2,6.6,10,base,"[10, 7]","['base', 'base']","['tert_amine', 'pyridine_N']"
CCOc1noc2c1C[NH2+]CC2,7.6,10,base,"[10, 7]","['base', 'base']","['sec_amine', 'pyridine_N']"
CCS(=O)(=O)c1cc(OC)c(OC)c(C(=O)N[C@@H]2C[C@H]3CC[C@@H](C2)[NH+]3Cc2ccccc2)c1,8.9,25,base,"[1, 25]","['acid', 'base']","['sulfone_CH', 'tert_amine']"
CCS(=O)(=O)n1c2c(c3cc(C(=O)N4CCC(C)CC4)ccc31)C[NH+](C1CCOC1)CC2,5.9,16,base,"[1, 16]","['acid', 'base']","['sulfone_CH', 'tert_amine']"
CCS(=O)(=O)n1c2c(c3cc(C(=O)N4CCC(C)CC4)ccc31)C[NH+](C1CCOCC1)CC2,6.9,16,base,"[1, 16]","['acid', 'base']","['sulfone_CH', 'tert_amine']"
CC[C@]1(C)NC(=O)c2cc(S(=O)(=O)Nc3ccc(C(F)(F)F)cc3)ccc2NC1=O,6.9,18,acid,"[18, 5]","['acid', 'base']","['sulfonamide_2', 'aniline_sec']"
CC[C@]1(C)NC(=O)c2cc(S(=O)(=O)Nc3ccc(F)cc3F)ccc2NC1=O,7.3,18,acid,"[18, 5]","['acid', 'base']","['sulfonamide_2', 'aniline_sec']"
CC[C@]1(C)NC(=O)c2cc(S(=O)(=O)Nc3ccc(OC(F)F)cc3)ccc2NC1=O,7.9,18,acid,"[18, 5]","['acid', 'base']","['sulfonamide_2', 'aniline_sec']"
CC[C@]12CCC[NH+]3CC[C@@]4(c5cccc(OC)c5N(C(C)=O)[C@H]4CC1)[C@@H]32,7.57,6,base,"[6, 17]","['base', 'base']","['tert_amine', 'aniline_tert']"
CC[N+](C)(C)C1CN(c2cc3c(cc2F)c(=O)c(C(=O)[O-])cn3C2CC2)C1,6.46,26,acid,"[26, 7]","['acid', 'base']","['carboxylic_acid', 'aniline_tert']"
CC[NH+](C)Cc1no[n+]([O-])c1C#N,5.79,2,base,"[2, 10]","['base', 'base']","['tert_amine', 'pyridine_N']"
CC[NH+](CC)/N=C(\C)N,10.6,5,base,"[5, 2]","['base', 'base']","['amidine', 'tert_amine']"
CC[NH+](CC)C(C)C(=O)Nc1c(C)cccc1C,8.053333,2,base,"[2, 9]","['base', 'base']","['tert_amine', 'aniline_sec']"
CC[NH+](CC)C(C)CC(=O)Nc1c(C)cccc1C,9.03,2,base,"[2, 10]","['base', 'base']","['tert_amine', 'aniline_sec']"
CC[NH+](CC)C(C)CCC(=O)Nc1c(C)cccc1C,9.87,2,base,"[2, 11]","['base', 'base']","['tert_amine', 'aniline_sec']"
CC[NH+](CC)C(C)CCCC(=O)Nc1c(C)cccc1C,10.1,2,base,"[2, 12]","['base', 'base']","['tert_amine', 'aniline_sec']"
CC[NH+](CC)CC(=O)N(C)c1ccccc1C,8.74,2,base,"[2, 8]","['base', 'base']","['tert_amine', 'aniline_tert']"
CC[NH+](CC)CC(=O)Nc1c(C)cc(C)cc1C,7.9,2,base,"[2, 8]","['base', 'base']","['tert_amine', 'aniline_sec']"
CC[NH+](CC)CC(=O)Nc1c(C)cccc1C,7.873636,2,base,"[2, 8]","['base', 'base']","['tert_amine', 'aniline_sec']"
CC[NH+](CC)CC(=O)Nc1cc(C)cc(C)c1,8.01,2,base,"[2, 8]","['base', 'base']","['tert_amine', 'aniline_sec']"
CC[NH+](CC)CC(=O)Nc1cc(C)ccc1C,7.92,2,base,"[2, 8]","['base', 'base']","['tert_amine', 'aniline_sec']"
CC[NH+](CC)CC(=O)Nc1ccc(C)cc1,8.13,2,base,"[2, 8]","['base', 'base']","['tert_amine', 'aniline_sec']"
CC[NH+](CC)CC(=O)Nc1ccc(C)cc1C,7.95,2,base,"[2, 8]","['base', 'base']","['tert_amine', 'aniline_sec']"
CC[NH+](CC)CC(=O)Nc1ccccc1,8.0,2,base,"[2, 8]","['base', 'base']","['tert_amine', 'aniline_sec']"
CC[NH+](CC)CC(=O)Nc1ccccc1C,7.95,2,base,"[2, 8]","['base', 'base']","['tert_amine', 'aniline_sec']"
CC[NH+](CC)CCC(=O)Nc1c(C)cccc1C,8.895,2,base,"[2, 9]","['base', 'base']","['tert_amine', 'aniline_sec']"
CC[NH+](CC)CCCC(=O)Nc1c(C)cccc1C,9.52,2,base,"[2, 10]","['base', 'base']","['tert_amine', 'aniline_sec']"
CC[NH+](CC)CCCCC(=O)Nc1c(C)cccc1C,9.96,2,base,"[2, 11]","['base', 'base']","['tert_amine', 'aniline_sec']"
CC[NH+](CC)CCCCCC(=O)Nc1c(C)cccc1C,10.24,2,base,"[2, 12]","['base', 'base']","['tert_amine', 'aniline_sec']"
CC[NH+](CC)CCCCCCC(=O)Nc1c(C)cccc1C,10.24,2,base,"[2, 13]","['base', 'base']","['tert_amine', 'aniline_sec']"
CC[NH+](CC)CCCN1c2cc(F)ccc2CCc2ccc(F)cc21,7.65,2,base,"[2, 8]","['base', 'base']","['tert_amine', 'aniline_tert']"
CC[NH+](CC)CCN1C(=O)Nc2ccccc2C1c1ccccc1,10.23,2,base,"[2, 15]","['base', 'base']","['tert_amine', 'aniline_sec']"
CC[NH+](CC)CCNC(=O)c1cc(Cl)c(N)cc1OC,9.471667,2,base,"[2, 18]","['base', 'base']","['tert_amine', 'aniline']"
CC[NH+](CC)CCO/N=C1/C[C@H]2C(C)(C)O[C@H]3CC(=O)OC[C@]32[C@H]2CC[C@@]3(C)[C@H](c4ccoc4)OC(=O)[C@H]4O[C@]43[C@]12C,9.17,2,base,"[2, 8]","['base', 'base']","['tert_amine', 'imine_N']"
CC[NH+](CC)CCn1ccc(=O)c([O-])c1C,8.57,2,base,"[15, 2]","['acid', 'base']","['phenol', 'tert_amine']"
CC[NH+](CC)Cc1cn2nc(-c3ccccc3)cc(C)c2n1,8.79,2,base,"[2, 10]","['base', 'base']","['tert_amine', 'pyridine_N']"
CC[NH+](CC)Cc1no[n+]([O-])c1C#N,5.8,2,base,"[2, 11]","['base', 'base']","['tert_amine', 'pyridine_N']"
CC[NH+](Cc1ccccc1)Cc1no[n+]([O-])c1C#N,5.58,2,base,"[2, 16]","['base', 'base']","['tert_amine', 'pyridine_N']"
CC[NH+]1CCN(c2cc(=O)oc3c(C)c(O[C@@H]4OC(C)(C)[C@H](OC)[C@@H](OC(=O)c5ccc(C)[nH]5)[C@H]4O)ccc23)CC1,7.5,2,base,"[2, 5]","['base', 'base']","['tert_amine', 'aniline_tert']"
CC[NH+]1CCc2onc(OC)c2C1,7.0,2,base,"[2, 8]","['base', 'base']","['tert_amine', 'pyridine_N']"
CC[NH+]=C1Nc2ccccc2C(C)N1,10.8,2,base,"[2, 4]","['base', 'base']","['guanidine', 'aniline_sec']"
CC[NH2+]CC(=O)Nc1c(C)cccc1C,8.06,2,base,"[2, 6]","['base', 'base']","['sec_amine', 'aniline_sec']"
CCc1[nH]c(C)c[nH+]1,8.5,6,base,"[3, 6]","['acid', 'base']","['imidazole_NH', 'pyridine_N']"
CCc1[nH]cc[nH+]1,7.836667,6,base,"[3, 6]","['acid', 'base']","['imidazole_NH', 'pyridine_N']"
CCc1c[nH+]ccc1N,9.17,4,base,"[4, 8]","['base', 'base']","['pyridine_N', 'aniline']"
CCc1ccc(-n2c(Cl)cc3[nH]c(=O)c(-c4ccccc4)c([O-])c32)cc1,6.0,24,acid,"[24, 17]","['acid', 'acid']","['phenol', 'aromatic_lactam']"
CCc1ccc(C(=O)[O-])nc1,5.86,10,acid,"[10, 6]","['acid', 'base']","['carboxylic_acid', 'pyridine_N']"
CCc1cccc(C)c1CNc1cc(C(=O)N(C)C)[nH+]c2c(Br)c(C)[nH]c12,5.84,13,base,"[13, 9]","['base', 'base']","['pyridine_N', 'aniline_sec']"
CCc1cccc(C)c1CNc1cc(C(=O)N(C)C)[nH+]c2c(C)c(C)[nH]c12,7.57,13,base,"[13, 9]","['base', 'base']","['pyridine_N', 'aniline_sec']"
CCc1cccc(C)c1CNc1cc(C(=O)N(C)C)[nH+]c2c(CO)c(C)[nH]c12,7.07,13,base,"[13, 9]","['base', 'base']","['pyridine_N', 'aniline_sec']"
CCc1cccc(C)c1CNc1cc(C(=O)N(C)C)[nH+]c2cc(C)[nH]c12,7.39,13,base,"[13, 9]","['base', 'base']","['pyridine_N', 'aniline_sec']"
CCc1cccc(C)c1CNc1cc(C(N)=O)cn2c(C)c(C)nc12,6.1,16,base,"[16, 9]","['base', 'base']","['pyridine_N', 'aniline_sec']"
CCc1cccc(CC)c1NC1=[NH+]CCN1,10.606667,10,base,"[10, 8]","['base', 'base']","['guanidine', 'aniline_sec']"
CCc1ccccc1Nc1c2ccccc2nc2ccccc12,7.68,16,base,"[16, 8]","['base', 'base']","['pyridine_N', 'aniline_sec']"
CCc1ccnc2c1ccc1c(CC)ccnc12,5.6,12,base,"[5, 12]","['base', 'base']","['pyridine_N', 'pyridine_N']"
CCc1ccnc2c1ccc1cccnc12,5.44,5,base,"[5, 12]","['base', 'base']","['pyridine_N', 'pyridine_N']"
CCc1cnc(C(=O)[O-])cc1CC,6.58,12,acid,"[12, 5]","['acid', 'base']","['carboxylic_acid', 'pyridine_N']"
CCc1cnc2c(ccc3cccnc32)c1,4.98,14,base,"[11, 14]","['base', 'base']","['pyridine_N', 'pyridine_N']"
CCc1nc2c(-c3ccc(Cl)cc3Cl)ccnc2n1C(CC)C1CC1,3.86,3,base,"[3, 8]","['base', 'base']","['pyridine_N', 'pyridine_N']"
CCc1nc2cc3c(cc2[nH]1)CCCC3,6.64,10,base,"[3, 10]","['acid', 'base']","['imidazole_NH', 'pyridine_N']"
CCc1nc2cc3ccccc3cc2[nH]1,6.14,14,base,"[3, 14]","['acid', 'base']","['imidazole_NH', 'pyridine_N']"
CCc1nc2ccccc2[nH]1,6.2,10,base,"[3, 10]","['acid', 'base']","['imidazole_NH', 'pyridine_N']"
CCc1nn(CCC[NH+]2CCN(c3cccc(Cl)c3)CC2)c(=O)n1CCOc1ccccc1,6.645,20,base,"[20, 23]","['base', 'base']","['tert_amine', 'aniline_tert']"
CCc1nsc(=O)[nH]1,6.89,3,acid,"[3, 7]","['acid', 'base']","['aromatic_lactam', 'pyridine_N']"
CCn1c(=O)c2[nH]c(-c3ccccc3)nc2n(CC)c1=O,9.1,12,acid,"[12, 14]","['acid', 'base']","['imidazole_NH', 'pyridine_N']"
CCn1c(=O)nc2sc(S(N)(=O)=O)nn2c1=O,7.3,16,acid,"[16, 5]","['acid', 'base']","['sulfonamide_1', 'pyridine_N']"
CCn1c(C)c(C)c2cc(-n3ccccc3=O)nc(NCc3c(C)cccc3C)c21,4.0,8,base,"[8, 18]","['base', 'base']","['pyridine_N', 'aniline_sec']"
CN(C(=O)c1ccccc1)c1cccnc1,3.66,6,base,"[6, 1]","['base', 'base']","['pyridine_N', 'aniline_tert']"
CN(C(=O)c1ccccc1)c1ccncc1,4.68,5,base,"[5, 1]","['base', 'base']","['pyridine_N', 'aniline_tert']"
CN(C)/C=[NH+]/c1ccc(O)cc1,9.41,11,acid,"[11, 4]","['acid', 'base']","['phenol', 'amidine']"
CN(C)C(=O)Cn1c(-c2ccccc2)c(C2CCCCC2)c2ccc(-c3noc(=O)[nH]3)cc21,4.8,28,acid,"[28, 32]","['acid', 'base']","['aromatic_lactam', 'pyridine_N']"
CN(C)C(=O)N1N=C(c2cc(F)ccc2F)C[C@@]1(CCC[NH3+])c1ccccc1,10.3,21,base,"[21, 9]","['base', 'base']","['prim_amine', 'imine_N']"
CN(C)C(=O)n1nc(C(C)(C)C)nc1SCC(=O)[O-],3.49,18,acid,"[18, 5]","['acid', 'base']","['carboxylic_acid', 'pyridine_N']"
CN(C)C(=S)NCC(=O)[O-],3.71,9,acid,"[9, 5]","['acid', 'acid']","['carboxylic_acid', 'thiourea_NH']"
CN(C)N,7.16,3,base,"[3, 1]","['base', 'base']","['prim_amine', 'tert_amine']"
CN(C)N(C)C,6.19,3,base,"[1, 3]","['base', 'base']","['tert_amine', 'tert_amine']"
CN(C)[O-],5.2,1,base,"[3, 1]","['acid', 'base']","['hydroxylamine_OH', 'tert_amine']"
CN(C)c1cc[nH+]cc1,9.7,6,base,"[6, 1]","['base', 'base']","['pyridine_N', 'aniline_tert']"
CN(C)c1ccc(/N=N/c2ccccn2)cc1,3.25,1,base,"[16, 1]","['base', 'base']","['pyridine_N', 'aniline_tert']"
CN(C)c1ccc(N2CCOCC2)cc1,5.7,1,base,"[1, 9]","['base', 'base']","['aniline_tert', 'aniline_tert']"
CN(C)c1ccc(NC(=O)CN=O)cc1,4.94,1,base,"[9, 1]","['base', 'base']","['aniline_sec', 'aniline_tert']"
CN(C)c1ccc2cc3c(ccc4ccccc43)nc2c1,7.31,18,base,"[18, 1]","['base', 'base']","['pyridine_N', 'aniline_tert']"
CN(C)c1ccccc1C(=O)[O-],8.46,11,acid,"[11, 1]","['acid', 'base']","['carboxylic_acid', 'aniline_tert']"
CN(C)c1cccnc1,6.67,7,base,"[7, 1]","['base', 'base']","['pyridine_N', 'aniline_tert']"
CN(C)c1nc2c(s1)CCCC2,6.16,4,base,"[4, 1]","['base', 'base']","['pyridine_N', 'aniline_tert']"
CN(C)c1ncc(-c2ccccc2)s1,4.89,4,base,"[4, 1]","['base', 'base']","['pyridine_N', 'aniline_tert']"
CN(C)c1ncc(Br)s1,3.66,4,base,"[4, 1]","['base', 'base']","['pyridine_N', 'aniline_tert']"
CN(C1=[NH+]CCN1)c1c(Br)cccc1Br,10.7,11,base,"[11, 1]","['base', 'base']","['guanidine', 'aniline_tert']"
CN(C1=[NH+]CCO1)c1ccccc1,8.51,9,base,"[9, 1]","['base', 'base']","['amidine', 'aniline_tert']"
CN([O-])Cc1ccccc1,4.6,1,base,"[9, 1]","['acid', 'base']","['hydroxylamine_OH', 'tert_amine']"
CN1C(=O)[C@]2([NH+]=C1N)c1cc(-c3cccnc3F)ccc1O[C@H]1CCOC[C@@H]12,5.8,25,base,"[25, 22]","['base', 'base']","['guanidine', 'pyridine_N']"
CN1C(=[NH2+])C(C)(C)c2ccccc21,9.25,10,base,"[10, 8]","['base', 'base']","['amidine', 'aniline_tert']"
CN1C2CCC(C2)N1C,6.89,7,base,"[1, 7]","['base', 'base']","['tert_amine', 'tert_amine']"
CN1C2CCC(CC2)N1C,7.14,6,base,"[1, 6]","['base', 'base']","['tert_amine', 'tert_amine']"
CN1CC(C(=O)Nc2ccc(Cl)cc2)=C(O)C1=O,5.51,7,acid,"[7, 10]","['acid', 'base']","['enol', 'aniline_sec']"
CN1CC(C(=O)Nc2ccc(F)cc2)=C(O)C1=O,5.55,7,acid,"[7, 10]","['acid', 'base']","['enol', 'aniline_sec']"
CN1CC(C(=O)Nc2ccccc2)=C(O)C1=O,5.86,7,acid,"[7, 10]","['acid', 'base']","['enol', 'aniline_sec']"
CN1CC(O)c2cc(N=O)c(O)cc21,8.6,12,acid,"[12, 1]","['acid', 'base']","['phenol', 'aniline_tert']"
CN1CC=CCN1C,5.7,6,base,"[1, 6]","['base', 'base']","['tert_amine', 'tert_amine']"
CN1CCCCCN1C,6.66,7,base,"[1, 7]","['base', 'base']","['tert_amine', 'tert_amine']"
CN1CCCCN1C,6.66,6,base,"[1, 6]","['base', 'base']","['tert_amine', 'tert_amine']"
CN1CCCN1C,6.67,5,base,"[1, 5]","['base', 'base']","['tert_amine', 'tert_amine']"
CN1CC[NH+](C)c2cccc3cccc1c23,4.62,1,base,"[1, 4]","['base', 'base']","['aniline_tert', 'aniline_tert']"
CN1CC[NH+](Cc2ccc(OC3CN(C(=O)c4nnc(-c5ccccc5)o4)C3)cc2F)CC1,8.4,1,base,"[1, 4]","['base', 'base']","['tert_amine', 'tert_amine']"
CNC(=O)/C=C(\c1ccc2nc(N)n(C(C)C)c2c1)c1cccc(F)c1F,6.69,10,base,"[10, 12]","['base', 'base']","['pyridine_N', 'aniline']"
CNC(=O)/C=C(\c1ccc2nc(N)n(C3CCCC3)c2c1)c1ccccc1F,6.7,14,base,"[14, 15]","['base', 'base']","['pyridine_N', 'aniline']"
CNC(=O)CS(=O)(=O)NC(N)=O,4.89,8,acid,"[8, 4]","['acid', 'acid']","['sulfonamide_2', 'sulfone_CH']"
CNC(=O)Nc1ccc(Cc2c3ccccc3nc3ccccc23)cc1,7.77,19,base,"[19, 4]","['base', 'base']","['pyridine_N', 'aniline_sec']"
CNC(=O)c1cc(NCc2c(C)cccc2C)c2[nH]c(C)c(Br)c2[nH+]1,7.39,12,base,"[12, 8]","['base', 'base']","['pyridine_N', 'aniline_sec']"
CNC(=O)c1cc(NCc2c(C)cccc2C)c2[nH]c(C)cc2[nH+]1,7.33,12,base,"[12, 8]","['base', 'base']","['pyridine_N', 'aniline_sec']"
CNC(=O)c1cc(N[C@H]2c3ccccc3C[C@@H]2O)c2nc(C)c(C)n2c1,5.97,9,base,"[9, 10]","['base', 'base']","['pyridine_N', 'aniline_sec']"
CNC1=[NH+]c2ccc(Cl)cc2C(c2ccccc2)=[N+]([O-])C1,4.8,3,base,"[3, 11]","['base', 'base']","['amidine', 'tert_amine']"
CNN,7.87,1,base,"[2, 1]","['base', 'base']","['prim_amine', 'sec_amine']"
CNN(C)C,6.64,1,base,"[1, 2]","['base', 'base']","['sec_amine', 'tert_amine']"
CNNC,5.2,2,base,"[1, 2]","['base', 'base']","['sec_amine', 'sec_amine']"
CN[O-],6.05,1,base,"[2, 1]","['acid', 'base']","['hydroxylamine_OH', 'sec_amine']"
CNc1[nH]c(=O)[n+]([C@@H]2C[C@@H](O)[C@H](CO)O2)cc1C,4.04,6,acid,"[6, 8]","['acid', 'base']","['aromatic_lactam', 'aniline_sec']"
CNc1cc[n+](C)c(=O)[nH]1,4.47,8,acid,"[8, 1]","['acid', 'base']","['aromatic_lactam', 'aniline_sec']"
CNc1ccccn1,7.13,7,base,"[7, 1]","['base', 'base']","['pyridine_N', 'aniline_sec']"
CNc1cccnc1,6.41,6,base,"[6, 1]","['base', 'base']","['pyridine_N', 'aniline_sec']"
CNc1nnc(S(N)(=O)=O)s1,7.8,10,acid,"[10, 1]","['acid', 'base']","['sulfonamide_1', 'aniline_sec']"
CO/N=C(\C#N)C1=CCC[NH+](C)C1,7.65,1,base,"[1, 8]","['base', 'base']","['tert_amine', 'imine_N']"
CO/N=C(\C#N)C1=CCC[NH2+]C1,8.6,10,base,"[10, 2]","['base', 'base']","['sec_amine', 'imine_N']"
CO/N=C(\C#N)C1C[NH+]2CCC1CC2,8.96,8,base,"[8, 2]","['base', 'base']","['tert_amine', 'imine_N']"
CO/N=C(\F)C1=CCC[NH+](C)C1,7.39,1,base,"[1, 8]","['base', 'base']","['tert_amine', 'imine_N']"
COC(=O)C(CCCC[NH3+])NC(=O)OC(C)(C)C,10.79,13,base,"[7, 13]","['acid', 'base']","['carbamate_NH', 'prim_amine']"
COC(=O)C([NH3+])CCCCNC(=O)OC(C)(C)C,8.9,17,base,"[7, 17]","['acid', 'base']","['carbamate_NH', 'prim_amine']"
COC(=O)CC1c2ccc(Cl)cc2NC(=O)C1C#N,10.2,15,acid,"[15, 12]","['acid', 'base']","['cyanoacetate', 'aniline_sec']"
COC(=O)CC1c2ccc(Cl)cc2NC(=O)C1S(=O)(=O)c1ccccc1,10.8,15,acid,"[15, 12]","['acid', 'base']","['sulfone_CH', 'aniline_sec']"
COC(=O)CCCc1cnc[nH]1,7.33,9,base,"[11, 9]","['acid', 'base']","['imidazole_NH', 'pyridine_N']"
COC(=O)C[C@@H]1[C@@H](C(=O)[O-])[NH2+]C[C@H]1C(C)O,9.41,4,base,"[14, 4]","['acid', 'base']","['carboxylic_acid', 'sec_amine']"
COC(=O)Cc1csc(N)n1,4.83,9,base,"[9, 10]","['base', 'base']","['pyridine_N', 'aniline']"
COC(=O)Nc1ccc(Cc2c3ccccc3nc3ccccc23)cc1,7.64,19,base,"[4, 19]","['acid', 'base']","['carbamate_NH', 'pyridine_N']"
COC(=O)[C@H](Cc1cnc[nH]1)NC(C)=O,6.3,8,base,"[10, 8]","['acid', 'base']","['imidazole_NH', 'pyridine_N']"
COC(=O)c1cc(S(N)(=O)=O)ccc1S(=O)(=O)CCCO,8.9,20,acid,"[20, 13]","['acid', 'acid']","['sulfonamide_1', 'sulfone_CH']"
COC(=O)c1cc(S(N)(=O)=O)ccc1S(=O)(=O)CCO,9.2,19,acid,"[19, 13]","['acid', 'acid']","['sulfonamide_1', 'sulfone_CH']"
COC(=O)c1ccc(Nc2c3ccccc3nc3ccccc23)cc1,6.21,18,base,"[18, 10]","['base', 'base']","['pyridine_N', 'aniline_sec']"
COC(=O)c1ccccc1Nc1c2ccccc2nc2ccccc12,6.3,18,base,"[18, 10]","['base', 'base']","['pyridine_N', 'aniline_sec']"
COC1CCN(C(=O)c2ccc3cc(OC4CC[NH+](C(C)C)CC4)ccc3n2)CC1,9.5,3,base,"[3, 19]","['base', 'base']","['tert_amine', 'pyridine_N']"
COCC(=O)OCCCS(=O)(=O)c1ccc(S(N)(=O)=O)s1,8.1,20,acid,"[20, 8]","['acid', 'acid']","['sulfonamide_1', 'sulfone_CH']"
COCCCC/C(=N\OCC[NH3+])c1ccc(C(F)(F)F)cc1,9.45,11,base,"[11, 7]","['base', 'base']","['prim_amine', 'imine_N']"
COCCNC(=O)c1cc(N[C@H]2c3ccccc3C[C@@H]2O)c2nc(C)c(C)n2c1,6.01,9,base,"[9, 10]","['base', 'base']","['pyridine_N', 'aniline_sec']"
COCC[NH+]1CCC[C@@H](Cn2c(-c3ccccc3C)nc3cn(-c4ccc(Cl)cc4)nc3c2=O)C1,8.5,22,base,"[22, 8]","['base', 'base']","['tert_amine', 'pyridine_N']"
COCCc1[nH]c(C)c[nH+]1,8.13,3,base,"[5, 3]","['acid', 'base']","['imidazole_NH', 'pyridine_N']"
COCc1[nH]c(C)c[nH+]1,7.03,3,base,"[5, 3]","['acid', 'base']","['imidazole_NH', 'pyridine_N']"
CO[C@@H]1[C@@H](OC(=O)c2ccc(C)[nH]2)[C@@H](O)[C@H](Oc2ccc3c(N(C)CC[NH+](C)C)cc(=O)oc3c2C)OC1(C)C,8.2,36,base,"[36, 32]","['base', 'base']","['tert_amine', 'aniline_tert']"
CO[C@@H]1[C@@H](OC(=O)c2ccc(C)[nH]2)[C@@H](O)[C@H](Oc2ccc3c(N4CC(C)[NH2+]C(C)C4)cc(=O)oc3c2C)OC1(C)C,8.0,35,base,"[35, 32]","['base', 'base']","['sec_amine', 'aniline_tert']"
CO[C@@H]1[C@@H](OC(=O)c2ccc(C)[nH]2)[C@@H](O)[C@H](Oc2ccc3c(N4CCC([NH+](C)C)CC4)cc(=O)oc3c2C)OC1(C)C,9.0,38,base,"[38, 32]","['base', 'base']","['tert_amine', 'aniline_tert']"
CO[C@@H]1[C@@H](OC(=O)c2ccc(C)[nH]2)[C@@H](O)[C@H](Oc2ccc3c(N4CC[NH+](C)CC4)c(Cl)c(=O)oc3c2C)OC1(C)C,7.4,36,base,"[36, 33]","['base', 'base']","['tert_amine', 'aniline_tert']"
CO[C@@H]1[C@@H](OC(=O)c2ccc(C)[nH]2)[C@@H](O)[C@H](Oc2ccc3c(N4CC[NH+](C)CC4)cc(=O)oc3c2C)OC1(C)C,7.3,35,base,"[35, 32]","['base', 'base']","['tert_amine', 'aniline_tert']"
CO[C@@H]1[C@@H](OC(=O)c2ccc(C)[nH]2)[C@@H](O)[C@H](Oc2ccc3c(N4CC[NH2+]C(C)C4)cc(=O)oc3c2C)OC1(C)C,8.3,35,base,"[35, 32]","['base', 'base']","['sec_amine', 'aniline_tert']"
CO[C@@H]1[C@@H](OC(=O)c2ccc(C)[nH]2)[C@@H](O)[C@H](Oc2ccc3c(N4CC[NH2+]CC4)cc(=O)oc3c2C)OC1(C)C,8.3,35,base,"[35, 32]","['base', 'base']","['sec_amine', 'aniline_tert']"
CO[C@H]1C(=O)N2C(C(=O)C(C)(C)C)=C(C)C(Sc3nnc(C)s3)S(=O)(=O)[C@H]12,7.5,7,acid,"[7, 11]","['acid', 'acid']","['sulfone_CH', 'sulfone_CH']"
CO[C@H]1C(=O)N2C(C(=O)C(C)(C)C)=C(C)C(Sc3nnnn3C)S(=O)(=O)[C@H]12,7.9,13,acid,"[4, 13]","['acid', 'acid']","['sulfone_CH', 'sulfone_CH']"
COc1c(CC=C(C)C)c(O)c(C(=O)[O-])c(CCc2ccccc2)c1CC=C(C)C,3.5,20,acid,"[20, 17]","['acid', 'acid']","['carboxylic_acid', 'phenol']"
COc1c(Cl)ccc2c1C(C)NC(=[NH+]CC(F)F)N2,8.9,13,base,"[13, 11]","['base', 'base']","['guanidine', 'aniline_sec']"
COc1c[nH+]ccc1N,9.03,4,base,"[4, 8]","['base', 'base']","['pyridine_N', 'aniline']"
COc1cc(-c2cccc(Cl)c2)ncc1C1CCCN1C(=O)c1cncs1,5.0,5,base,"[5, 17]","['base', 'base']","['pyridine_N', 'pyridine_N']"
COc1cc(/C=C2\CCCN3C2=[NH+]OC3(C)c2ccc(F)cc2)ccc1-n1cnc(C)c1,6.7,5,base,"[21, 5]","['base', 'base']","['amidine', 'pyridine_N']"
COc1cc(/C=C2\CCCN3C2=[NH+]O[C@@]3(CO)c2ccc(F)cc2)ccc1-n1cnc(C)c1,5.8,5,base,"[21, 5]","['base', 'base']","['amidine', 'pyridine_N']"
COc1cc(=O)nc2sc(S(N)(=O)=O)nn12,7.1,15,acid,"[15, 6]","['acid', 'base']","['sulfonamide_1', 'pyridine_N']"
COc1cc(C(C#N)N2CC[NH+](C)CC2)cc(OC)c1OC,7.6,1,base,"[1, 4]","['base', 'base']","['tert_amine', 'tert_amine']"
COc1cc(C(F)(F)F)ccc1-c1cccc2cc(S(=O)(=O)Nc3cscn3)ccc12,7.2,21,acid,"[21, 26]","['acid', 'base']","['sulfonamide_2', 'pyridine_N']"
COc1cc(C(F)(F)F)ccc1-c1cccc2cc(S(=O)(=O)Nc3nccs3)ccc12,6.7,21,acid,"[21, 23]","['acid', 'base']","['sulfonamide_2', 'pyridine_N']"
COc1cc(C)c(-c2ncc[nH]2)cc1-c1ccc(C#CCO)s1,6.6,11,base,"[8, 11]","['acid', 'base']","['imidazole_NH', 'pyridine_N']"
COc1cc(C)c(-c2noc(=O)[nH]2)cc1-c1ccc(C#CCO)s1,5.5,8,acid,"[8, 12]","['acid', 'base']","['aromatic_lactam', 'pyridine_N']"
COc1cc(C)ccc1NC1=[NH+]CCN1,10.6,11,base,"[11, 9]","['base', 'base']","['guanidine', 'aniline_sec']"
COc1cc(C)ncn1,3.65,6,base,"[4, 6]","['base', 'base']","['pyridine_N', 'pyridine_N']"
COc1cc(Cl)c(NC2=[NH+]CCN2)c(Cl)c1,8.57,11,base,"[11, 9]","['base', 'base']","['guanidine', 'aniline_sec']"
COc1cc(Cl)c(Nc2ccccc2CC(=O)[O-])c(Cl)c1,4.2,19,acid,"[19, 9]","['acid', 'base']","['carboxylic_acid', 'aniline_sec']"
COc1cc(F)ccc1Cn1ccc2c3c(ncc21)C(=O)N(O)CC3,7.6,23,acid,"[23, 15]","['acid', 'base']","['hydroxamic_acid', 'pyridine_N']"
COc1cc(N)c(Cl)cc1C(=O)NC1CC[NH+](CCCOc2ccc(F)cc2)CC1OC,7.8,14,base,"[14, 31]","['base', 'base']","['tert_amine', 'aniline']"
COc1cc(N)c(Cl)cc1C(=O)NC1CC[NH+](Cc2ccccc2)CC1,8.59,14,base,"[14, 25]","['base', 'base']","['tert_amine', 'aniline']"
COc1cc(N)c(Cl)cc1C(=O)NC1CC[NH+]2C(C)CCCC2C1,9.2,6,base,"[6, 22]","['base', 'base']","['tert_amine', 'aniline']"
COc1cc(N)c(Cl)cc1C(=O)NC1CC[NH+]2CCOCC2C1,6.3,14,base,"[14, 22]","['base', 'base']","['tert_amine', 'aniline']"
COc1cc(OC)c(NC2=[NH+]CCN2)cc1Cl,10.15,10,base,"[10, 8]","['base', 'base']","['guanidine', 'aniline_sec']"
COc1cc(S(C)=O)ccc1-c1cn2ccncc2[nH+]1,2.88,16,base,"[13, 16]","['base', 'base']","['pyridine_N', 'pyridine_N']"
COc1cc2c(cc1OC)-c1c(-c3cnc(C(=O)N(C)C(C)(C)C)s3)ncn1CC2,4.0,17,base,"[9, 17]","['base', 'base']","['pyridine_N', 'pyridine_N']"
COc1cc2c(cc1OC)-c1c(-c3cncs3)nc(C)n1CC2,5.0,2,base,"[2, 20]","['base', 'base']","['pyridine_N', 'pyridine_N']"
COc1cc2c(cc1OC)-c1c(-c3cncs3)ncn1CC2,4.3,12,base,"[12, 19]","['base', 'base']","['pyridine_N', 'pyridine_N']"
COc1cc2c(cc1OC)NC(N)=[NH+]C2,11.1,12,base,"[12, 10]","['base', 'base']","['guanidine', 'aniline_sec']"
COc1cc2c(cc1OC)[C@]13CC[NH+]4CC5=CCO[C@@H]6CC(=O)N2[C@@H]1[C@@H]6[C@@H]5C[C@@H]43,5.86,15,base,"[15, 10]","['base', 'base']","['tert_amine', 'aniline_tert']"
COc1ccc(-c2cc(C(=O)[O-])[nH]n2)cc1,3.31,15,acid,"[15, 11]","['acid', 'acid']","['carboxylic_acid', 'pyrazole_NH']"
COc1ccc(-c2cc3c(C(=O)[O-])c[nH]c3cc2Cl)c(OC)n1,4.8,22,acid,"[22, 7]","['acid', 'base']","['carboxylic_acid', 'pyridine_N']"
COc1ccc(-c2cc3c(C(=O)[O-])c[nH]c3cc2Cl)cn1,2.4,20,acid,"[20, 7]","['acid', 'base']","['carboxylic_acid', 'pyridine_N']"
COc1ccc(-c2ccc(-c3ccccc3Cl)n2Cc2cccc(N)n2)cc1,6.86,19,base,"[19, 20]","['base', 'base']","['pyridine_N', 'aniline']"
COc1ccc(-c2cnc(-c3ccc(N)cc3)o2)cc1,3.22,19,base,"[10, 19]","['base', 'base']","['pyridine_N', 'aniline']"
COc1ccc(-c2nc3cnccc3n2C)c(OC)c1,6.16,5,base,"[5, 8]","['base', 'base']","['pyridine_N', 'pyridine_N']"
COc1ccc(-c2ncc(-c3ccc(N)cc3)o2)cc1,3.71,19,base,"[9, 19]","['base', 'base']","['pyridine_N', 'aniline']"
COc1ccc(-c2nnc(C(=O)N3CC(Oc4ccc(CN5CC[NH+](C)CC5)c(F)c4)C3)o2)cc1,8.4,1,base,"[1, 4]","['base', 'base']","['tert_amine', 'tert_amine']"
COc1ccc(-c2nnc(C(=O)N3CC(Oc4ccc(C[NH+](C)C)cn4)C3)o2)cc1,8.5,1,base,"[1, 8]","['base', 'base']","['tert_amine', 'pyridine_N']"
COc1ccc(-c2nnc(C(=O)N3CCC(Oc4ccc(CN5CC[NH+](C)CC5)cc4)CC3)o2)cc1,8.5,1,base,"[1, 4]","['base', 'base']","['tert_amine', 'tert_amine']"
COc1ccc(-c2nnc(C(=O)N3CCC(Oc4ccc(C[NH+]5CCCC5)cn4)CC3)o2)cc1,9.2,29,base,"[29, 27]","['base', 'base']","['tert_amine', 'pyridine_N']"
COc1ccc(-n2cc3nc(-c4ccccc4C)n(CC4CCC[NH+](C(C)C)C4)c(=O)c3n2)cc1,10.0,22,base,"[22, 8]","['base', 'base']","['tert_amine', 'pyridine_N']"
COc1ccc(C(=O)Nc2ccccc2CCC2CCCC[NH+]2C)cc1,9.27,1,base,"[1, 15]","['base', 'base']","['tert_amine', 'aniline_sec']"
COc1ccc(C(C#N)N2CC[NH+](C)CC2)cc1OC,7.6,1,base,"[1, 4]","['base', 'base']","['tert_amine', 'tert_amine']"
COc1ccc(CC2=NC(=O)NC2=O)cc1,8.9,13,acid,"[13, 10]","['acid', 'base']","['imide', 'imine_N']"
COc1ccc(CC[NH2+]CC(O)COc2ccc(-c3ncco3)cc2)cc1OC,8.4,12,base,"[12, 24]","['base', 'base']","['sec_amine', 'pyridine_N']"
COc1ccc(CNC(=O)N2[C@H](C)CN(CCC(C)C)c3cnccc3[C@@H]2C)cc1,6.4,6,base,"[6, 3]","['base', 'base']","['pyridine_N', 'aniline_tert']"
COc1ccc(Cl)c(Nc2ccccc2CC(=O)[O-])c1Cl,3.95,19,acid,"[19, 9]","['acid', 'base']","['carboxylic_acid', 'aniline_sec']"
COc1ccc(Cl)cc1Nc1cc(C(F)(F)F)c(C(=O)NCC2CCC2)cn1,2.63,14,base,"[14, 8]","['base', 'base']","['pyridine_N', 'aniline_sec']"
COc1ccc(Cl)cc1Nc1cc(C(F)(F)F)c(C(=O)NCC2CCOCC2)cn1,2.63,14,base,"[14, 8]","['base', 'base']","['pyridine_N', 'aniline_sec']"
COc1ccc(Cl)cc1S(=O)(=O)NC(=O)Nc1ccccc1,4.5,11,acid,"[11, 14]","['acid', 'base']","['sulfonamide_2', 'aniline_sec']"
COc1ccc(Cl)cc1S(=O)(=O)NC(=S)NC(C)C,5.74,6,acid,"[6, 3]","['acid', 'acid']","['sulfonamide_2', 'thiourea_NH']"
COc1ccc(Cn2c(=O)n3ncnc3c3c4c(sc32)C[NH+](CC2CCOCC2)CC4)cc1,6.6,16,base,"[16, 27]","['base', 'base']","['tert_amine', 'pyridine_N']"
COc1ccc(Cn2cc(C(=O)NO)c(=O)c3c(F)ccc(F)c32)cc1,8.0,25,acid,"[25, 24]","['acid', 'base']","['hydroxamic_acid', 'hydroxylamine_N']"
COc1ccc(N)cn1,4.24,7,base,"[7, 8]","['base', 'base']","['pyridine_N', 'aniline']"
COc1ccc(NC(=O)C2=C(O)C(=O)N(C)C2)cc1,5.84,7,acid,"[7, 10]","['acid', 'base']","['enol', 'aniline_sec']"
COc1ccc(Nc2c3ccccc3nc3ccccc23)cc1,7.94,16,base,"[16, 8]","['base', 'base']","['pyridine_N', 'aniline_sec']"
COc1ccc(Nc2ccc(N)cc2)cc1,5.9,15,base,"[15, 8]","['base', 'base']","['aniline', 'aniline_sec']"
COc1ccc(O)c(C(=O)[O-])c1,3.9,10,acid,"[10, 11]","['acid', 'acid']","['carboxylic_acid', 'phenol']"
COc1ccc(O)c(CN=NS(=O)(=O)Cc2ccccc2)c1,6.5,21,acid,"[21, 14]","['acid', 'acid']","['phenol', 'sulfone_CH']"
COc1ccc(OC(=O)NCCC[NH3+])cc1,9.6,15,base,"[11, 15]","['acid', 'base']","['carbamate_NH', 'prim_amine']"
COc1ccc(OC(=O)NCC[NH3+])cc1,8.65,14,base,"[11, 14]","['acid', 'base']","['carbamate_NH', 'prim_amine']"
COc1ccc(OC(=O)Nc2cc(Cl)ccc2O)cc1,10.21,18,acid,"[18, 11]","['acid', 'acid']","['phenol', 'carbamate_NH']"
COc1ccc(OC)c(NC2=[NH+]CCN2)c1,10.15,10,base,"[10, 8]","['base', 'base']","['guanidine', 'aniline_sec']"
COc1ccc(S(=O)(=O)CCN2CCCCC2)c(OC)c1OC,7.24,17,base,"[15, 17]","['acid', 'base']","['sulfone_CH', 'tert_amine']"
COc1ccc(S(=O)(=O)CCN2CCOCC2)c(OC)c1OC,4.89,17,base,"[15, 17]","['acid', 'base']","['sulfone_CH', 'tert_amine']"
COc1ccc([C@@H]2Sc3ccccc3N(CC[NH+](C)C)C(=O)[C@@H]2OC(C)=O)cc1,7.976,18,base,"[18, 13]","['base', 'base']","['tert_amine', 'aniline_tert']"
COc1ccc2[nH+]c3c(c(N4CCOCC4)c2c1)CCC3,7.14,11,base,"[11, 15]","['base', 'base']","['pyridine_N', 'aniline_tert']"
COc1ccc2[nH+]ccc(N)c2c1,8.94,11,base,"[11, 12]","['base', 'base']","['pyridine_N', 'aniline']"
COc1ccc2c(c1)N(CCC[NH+](C)C)c1ccccc1S2,9.41,1,base,"[1, 6]","['base', 'base']","['tert_amine', 'aniline_tert']"
COc1ccc2c(c1)N(CC[NH+](C)C)CCO2,8.6,1,base,"[1, 5]","['base', 'base']","['tert_amine', 'aniline_tert']"
COc1ccc2c(c1)N(C[C@H](C)C[NH+](C)C)c1ccccc1S2,9.195,20,base,"[20, 3]","['base', 'base']","['tert_amine', 'aniline_tert']"
COc1ccc2c(c1)NCCN2,5.26,11,base,"[8, 11]","['base', 'base']","['aniline_sec', 'aniline_sec']"
COc1ccc2cc3[n+](cc2c1OC)CCc1cc(O)c(O)cc1-3,9.4,22,acid,"[23, 22]","['acid', 'acid']","['phenol', 'phenol']"
COc1cccc(-c2cccc(C3(C)N=C(C)C(N)=[NH+]3)c2)c1,6.5,4,base,"[4, 2]","['base', 'base']","['amidine', 'imine_N']"
COc1cccc(-c2cccc(C3(C4CCN(C(C)=O)CC4)N=C(C)C(N)=[NH+]3)c2)c1,5.7,4,base,"[4, 2]","['base', 'base']","['amidine', 'imine_N']"
COc1cccc(-c2cccc(C3(C4CCOCC4)N=C(C)C(N)=[NH+]3)c2)c1,6.0,4,base,"[4, 2]","['base', 'base']","['amidine', 'imine_N']"
COc1cccc(-n2cc3nc(-c4ccccc4C)n(CC4CCC[NH+](C(C)C)C4)c(=O)c3n2)c1,10.0,22,base,"[22, 8]","['base', 'base']","['tert_amine', 'pyridine_N']"
COc1cccc(C(=O)NCC[NH+]2CCN(c3ccc(C#N)cc3)CC2)c1,6.41,13,base,"[13, 16]","['base', 'base']","['tert_amine', 'aniline_tert']"
COc1cccc(C(=O)NCC[NH+]2CCN(c3ccc(C)cc3)CC2)c1,6.46,10,base,"[10, 7]","['base', 'base']","['tert_amine', 'aniline_tert']"
COc1cccc(C(=O)NCC[NH+]2CCN(c3ccc(Cl)cc3)CC2)c1,6.19,13,base,"[13, 16]","['base', 'base']","['tert_amine', 'aniline_tert']"
COc1cccc(Nc2c3ccccc3nc3ccccc23)c1,7.21,16,base,"[16, 8]","['base', 'base']","['pyridine_N', 'aniline_sec']"
COc1cccc(Nc2cc(C(C)C)c(C(=O)NCC3CCOCC3)cn2)c1,6.02,6,base,"[6, 19]","['base', 'base']","['pyridine_N', 'aniline_sec']"
COc1cccc(O)c1O,9.28,9,acid,"[9, 8]","['acid', 'acid']","['phenol', 'phenol']"
COc1cccc2c1NC(=[NH+]CC(F)F)NC2C,10.2,10,base,"[10, 8]","['base', 'base']","['guanidine', 'aniline_sec']"
COc1cccc2c3c(c(C)[nH+]c12)CCN3c1ccccc1C,9.5,18,base,"[18, 7]","['base', 'base']","['pyridine_N', 'aniline_tert']"
COc1ccccc1C(=O)NO,8.9,11,acid,"[11, 10]","['acid', 'base']","['hydroxamic_acid', 'hydroxylamine_N']"
COc1ccccc1NC(=O)C1=C(O)C(=O)N(C)C1,6.08,7,acid,"[7, 10]","['acid', 'base']","['enol', 'aniline_sec']"
COc1ccccc1Nc1c2ccccc2nc2ccccc12,7.74,16,base,"[16, 8]","['base', 'base']","['pyridine_N', 'aniline_sec']"
COc1ccnc2c1ccc1c(OC)ccnc12,6.45,12,base,"[5, 12]","['base', 'base']","['pyridine_N', 'pyridine_N']"
COc1ccncn1,2.5,5,base,"[5, 7]","['base', 'base']","['pyridine_N', 'pyridine_N']"
COc1cnc(N)s1,4.98,4,base,"[4, 7]","['base', 'base']","['pyridine_N', 'aniline']"
COc1nc(C)cc(=O)[nH]1,8.4,5,acid,"[5, 7]","['acid', 'base']","['aromatic_lactam', 'pyridine_N']"
COc1ncnc2ccccc12,3.13,9,base,"[9, 11]","['base', 'base']","['pyridine_N', 'pyridine_N']"
COc1noc2c1CC[NH2+]C2,7.1,8,base,"[8, 6]","['base', 'base']","['sec_amine', 'pyridine_N']"
COc1noc2c1C[NH+](C)CC2,6.6,1,base,"[1, 7]","['base', 'base']","['tert_amine', 'pyridine_N']"
COc1noc2c1C[NH+](Cc1ccccc1)CC2,6.0,9,base,"[9, 6]","['base', 'base']","['tert_amine', 'pyridine_N']"
COc1noc2c1C[NH2+]CC2,7.6,9,base,"[9, 6]","['base', 'base']","['sec_amine', 'pyridine_N']"
CS(=O)(=O)NC(=O)Nc1ccc(C(F)(F)F)cc1,4.2,4,acid,"[4, 7]","['acid', 'base']","['sulfonamide_2', 'aniline_sec']"
CS(=O)(=O)Nn1c(=O)[nH]c2cc(Cl)ccc2c1=O,6.9,4,acid,"[4, 14]","['acid', 'acid']","['sulfonamide_2', 'aromatic_lactam']"
CS(=O)(=O)c1ccc(Nc2c3ccccc3nc3ccccc23)cc1,5.81,18,base,"[18, 10]","['base', 'base']","['pyridine_N', 'aniline_sec']"
CSC1N=CC[NH2+]1,5.95,6,base,"[3, 6]","['base', 'base']","['sec_amine', 'imine_N']"
CSc1cc(C)ncn1,3.25,6,base,"[4, 6]","['base', 'base']","['pyridine_N', 'pyridine_N']"
CSc1ccc2c(c1)N(CCC1CCCC[NH+]1C)c1ccccc1S2,9.35,1,base,"[1, 9]","['base', 'base']","['tert_amine', 'aniline_tert']"
C[C@@H]1CC[C@H]2C(CN3CC[NH+](CCO)CC3)=C(C(F)(F)F)O[C@@H]3OC4(C)CC[C@@H]1[C@]32OO4,6.59,26,base,"[23, 26]","['base', 'base']","['tert_amine', 'tert_amine']"
C[C@@H]1NC(=[NH+]CC(F)F)Nc2ccc(Cl)c(Cl)c21,8.5,12,base,"[12, 10]","['base', 'base']","['guanidine', 'aniline_sec']"
C[C@@](Cc1c[nH]c2ccccc12)(NC(=O)OC1C2CC3CC(C2)CC1C3)C(=O)NC[C@@H](NC(=O)Cc1cc(=O)[nH]o1)c1ccccc1,6.5,31,acid,"[31, 33]","['acid', 'acid']","['aromatic_lactam', 'carbamate_NH']"
C[C@@](Cc1c[nH]c2ccccc12)(NC(=O)OC1C2CC3CC(C2)CC1C3)C(=O)NC[C@H](NC(=O)CCC(=O)[O-])c1ccccc1,5.6,30,acid,"[30, 31]","['acid', 'acid']","['carboxylic_acid', 'carbamate_NH']"
C[C@@]12COCC[C@H]1Oc1ccc(-c3cccnc3F)cc1[C@@]21COC(N)=[NH+]1,6.4,18,base,"[18, 24]","['base', 'base']","['amidine', 'pyridine_N']"
C[C@H]1CC[C@H]2[C@H](C)CC[C@@H](C(=O)[O-])[NH+]2C1,10.8,9,base,"[13, 9]","['acid', 'base']","['carboxylic_acid', 'tert_amine']"
C[C@H]1NC(=[NH+]CC(F)F)Nc2ccc(Cl)c(Cl)c21,8.5,12,base,"[12, 10]","['base', 'base']","['guanidine', 'aniline_sec']"
C[C@H]1OCC[C@H]2Oc3ccc(-c4cccnc4F)cc3[C@@]3(COC(N)=[NH+]3)[C@H]12,6.4,18,base,"[18, 24]","['base', 'base']","['amidine', 'pyridine_N']"
C[C@@H]1CN(Cc2ccccc2)c2cncc(F)c2[C@H](C)N1C(=O)NCc1ccccc1,4.2,6,base,"[6, 3]","['base', 'base']","['pyridine_N', 'aniline_tert']"
C[C@@H]1CN(Cc2ccccc2)c2cnccc2[C@H](C)N1C(=O)NCc1ccccc1,6.2,6,base,"[6, 3]","['base', 'base']","['pyridine_N', 'aniline_tert']"
C[C@](Cc1c[nH]c2ccccc12)(NC(=O)OC1C2CC3CC(C2)CC1C3)C(=O)NC[C@@H](NC(=O)CCC(=O)[O-])c1ccccc1,5.6,30,acid,"[30, 31]","['acid', 'acid']","['carboxylic_acid', 'carbamate_NH']"
C[C@](Cc1c[nH]c2ccccc12)(NC(=O)OC1C2CC3CC(C2)CC1C3)C(=O)NC[C@@H](NC(=O)CCNS(=O)(=O)C(F)(F)F)c1ccccc1,7.9,28,acid,"[28, 36]","['acid', 'acid']","['sulfonamide_2', 'carbamate_NH']"
C[C@](Cc1c[nH]c2ccccc12)(NC(=O)OC1C2CC3CC(C2)CC1C3)C(=O)NC[C@H](NC(=O)CCNS(=O)(=O)C(F)(F)F)c1ccccc1,7.9,28,acid,"[28, 36]","['acid', 'acid']","['sulfonamide_2', 'carbamate_NH']"
C[N+](C)(C)CCOC(=O)/C=C/c1cnc[nH]1,4.6,13,base,"[15, 13]","['acid', 'base']","['imidazole_NH', 'pyridine_N']"
C[N+](C)(C)Cc1cccc(O)c1O,8.1,11,acid,"[12, 11]","['acid', 'acid']","['phenol', 'phenol']"
C[NH+](C)CC(=O)[O-],9.81,1,base,"[6, 1]","['acid', 'base']","['carboxylic_acid', 'tert_amine']"
C[NH+](C)CCCN1c2cc(F)ccc2CCc2ccc(F)cc21,7.65,1,base,"[1, 6]","['base', 'base']","['tert_amine', 'aniline_tert']"
C[NH+](C)CCCN1c2ccccc2CCc2ccc(Cl)cc21,9.34,1,base,"[1, 6]","['base', 'base']","['tert_amine', 'aniline_tert']"
C[NH+](C)CCCN1c2ccccc2CCc2ccccc21,9.472857,1,base,"[1, 6]","['base', 'base']","['tert_amine', 'aniline_tert']"
C[NH+](C)CCCN1c2ccccc2Sc2ccc(C#N)cc21,9.29,1,base,"[1, 6]","['base', 'base']","['tert_amine', 'aniline_tert']"
C[NH+](C)CCCN1c2ccccc2Sc2ccc(C(F)(F)F)cc21,9.216,1,base,"[1, 6]","['base', 'base']","['tert_amine', 'aniline_tert']"
C[NH+](C)CCCN1c2ccccc2Sc2ccc(Cl)cc21,9.271818,1,base,"[1, 6]","['base', 'base']","['tert_amine', 'aniline_tert']"
C[NH+](C)CCCN1c2ccccc2Sc2ccccc21,9.36,1,base,"[1, 6]","['base', 'base']","['tert_amine', 'aniline_tert']"
C[NH+](C)CCO/N=C1/C[C@H]2C(C)(C)O[C@H]3CC(=O)OC[C@]32[C@H]2CC[C@@]3(C)[C@H](c4ccoc4)OC(=O)[C@H]4O[C@]43[C@]12C,8.78,23,base,"[23, 19]","['base', 'base']","['tert_amine', 'imine_N']"
C[NH+](C)CCO/N=C1/C[C@H]2C(C)(C)O[C@H]3CC(=O)OC[C@]32[C@H]2CC[C@]3(C)C(=CC(=O)O[C@H]3c3ccoc3)[C@]12C,8.88,22,base,"[22, 18]","['base', 'base']","['tert_amine', 'imine_N']"
C[NH+](C)Cc1ccc(NC(=O)CN=O)cc1,8.995,1,base,"[1, 10]","['base', 'base']","['tert_amine', 'aniline_sec']"
C[NH+](C)Cc1cccc(NC(=O)CN=O)c1,8.7,1,base,"[1, 10]","['base', 'base']","['tert_amine', 'aniline_sec']"
C[NH+](C)Cc1no[n+]([O-])c1C#N,5.82,1,base,"[1, 9]","['base', 'base']","['tert_amine', 'pyridine_N']"
C[NH+](CCCN1c2ccccc2CCc2ccccc21)CC(=O)c1ccc(Cl)cc1,6.7,1,base,"[1, 5]","['base', 'base']","['tert_amine', 'aniline_tert']"
C[NH+](Cc1cc(Br)cc(Br)c1N)C1CCCCC1,8.5,1,base,"[1, 9]","['base', 'base']","['tert_amine', 'aniline']"
C[NH+]1C2CCC1CC(=NOC(c1ccccc1)c1ccc(Cl)cc1)C2,8.34,1,base,"[1, 8]","['base', 'base']","['tert_amine', 'imine_N']"
C[NH+]1C2CCC1CC(NC(=O)N1CC(C)(C)c3ccccc31)C2,9.4,20,base,"[20, 3]","['base', 'base']","['tert_amine', 'aniline_tert']"
C[NH+]1C2COCC1CC(NC(=O)N1CC(C)(C)c3ccccc31)C2,7.1,21,base,"[21, 3]","['base', 'base']","['tert_amine', 'aniline_tert']"
C[NH+]1CC=NC1,7.12,4,base,"[1, 4]","['base', 'base']","['tert_amine', 'imine_N']"
C[NH+]1CCCCC1CCN1c2ccccc2Sc2ccc(S(C)=O)cc21,9.61,1,base,"[1, 9]","['base', 'base']","['tert_amine', 'aniline_tert']"
C[NH+]1CCN(C(C#N)c2ccc3c(c2)OCO3)CC1,7.6,1,base,"[1, 4]","['base', 'base']","['tert_amine', 'tert_amine']"
C[NH+]1CCN(C(c2ccccc2)c2ccc(Cl)cc2)CC1,7.81,1,base,"[1, 4]","['base', 'base']","['tert_amine', 'tert_amine']"
C[NH+]1CCN(C2=[NH+]c3ccccc3Oc3ccc(Cl)cc32)CC1,7.513333,1,base,"[8, 1]","['base', 'base']","['amidine', 'tert_amine']"
C[NH+]1CCN2c3ccccc3Cc3ccccc3C2C1,7.75,1,base,"[1, 4]","['base', 'base']","['tert_amine', 'aniline_tert']"
C[NH+]=C1Nc2ccccc2C(C)N1,10.6,10,base,"[10, 8]","['base', 'base']","['guanidine', 'aniline_sec']"
C[NH2+]CC(=O)Nc1c(C)cccc1C,7.99,11,base,"[11, 7]","['base', 'base']","['sec_amine', 'aniline_sec']"
C[NH2+]CCCN1c2ccccc2CCc2ccccc21,10.245,1,base,"[1, 5]","['base', 'base']","['sec_amine', 'aniline_tert']"
C[NH2+]Cc1cc(-c2ccccc2F)n(S(=O)(=O)c2cccnc2)c1,9.3,1,base,"[1, 15]","['base', 'base']","['sec_amine', 'pyridine_N']"
C[n+]1c(N)cc[nH]c1=O,7.38,5,acid,"[5, 8]","['acid', 'base']","['aromatic_lactam', 'aniline']"
C[n+]1c(NN)ccc2ccccc21,2.66,12,base,"[12, 11]","['base', 'base']","['prim_amine', 'aniline_sec']"
C[n+]1c2ccccc2nc2c(O)cccc21,4.85,15,acid,"[15, 8]","['acid', 'base']","['phenol', 'pyridine_N']"
C[n+]1c2ccccc2nc2ccc(O)cc21,3.0,15,acid,"[15, 8]","['acid', 'base']","['phenol', 'pyridine_N']"
C[n+]1ccc(N)[nH]c1=O,4.52,5,acid,"[5, 8]","['acid', 'base']","['aromatic_lactam', 'aniline']"
C[n+]1ccc(NN)c2ccccc21,2.61,12,base,"[12, 11]","['base', 'base']","['prim_amine', 'aniline_sec']"
C[n+]1nc(-c2ccccc2)ccc1NCC[NH+]1CCOCC1,5.31,16,base,"[16, 13]","['base', 'base']","['tert_amine', 'aniline_sec']"
Cc1[nH+]cc(C2CCN(C(=O)CCS(=O)(=O)c3ccc4cc(Cl)ccc4c3)CC2)n1C,8.2,2,base,"[16, 2]","['acid', 'base']","['sulfone_CH', 'pyridine_N']"
Cc1[nH+]cc2n1C(=O)N(C1CCN(C(=O)CCS(=O)(=O)c3ccc4cc(Cl)ccc4c3)CC1)C2,5.0,2,base,"[19, 2]","['acid', 'base']","['sulfone_CH', 'pyridine_N']"
Cc1[nH]c2c(NCc3ccccc3)nccc2c1C,8.79,8,base,"[8, 10]","['base', 'base']","['pyridine_N', 'aniline_sec']"
Cc1[nH]c2ccc(OC3CC[NH+](C(C)C)CC3)cc2c1C(=O)N1CCOCC1,9.8,14,base,"[14, 22]","['base', 'base']","['tert_amine', 'morpholine_N']"
Cc1[nH]nc2c(N)cccc12,3.18,10,base,"[9, 10]","['acid', 'base']","['pyrazole_NH', 'aniline']"
Cc1c(C)c(O)c(C)c(C)c1O,11.3,10,acid,"[10, 7]","['acid', 'acid']","['phenol', 'phenol']"
Cc1c(Cl)cccc1Nc1ccccc1CC(=O)[O-],4.3,18,acid,"[18, 8]","['acid', 'base']","['carboxylic_acid', 'aniline_sec']"
Cc1c(OCC[NH+](C)C)no[n+]1[O-],7.9,10,base,"[10, 3]","['base', 'base']","['tert_amine', 'pyridine_N']"
Cc1c(OCC[NH3+])no[n+]1[O-],8.7,10,base,"[10, 3]","['base', 'base']","['prim_amine', 'pyridine_N']"
Cc1c[n+](C)c(=O)[nH]c1N,4.76,6,acid,"[6, 8]","['acid', 'base']","['aromatic_lactam', 'aniline']"
Cc1c[n+]([C@@H]2C[C@@H](O)[C@H](CO)O2)c(=O)[nH]c1N,4.4,6,acid,"[6, 8]","['acid', 'base']","['aromatic_lactam', 'aniline']"
Cc1c[nH+]c(C)[nH]1,8.39,3,base,"[5, 3]","['acid', 'base']","['imidazole_NH', 'pyridine_N']"
Cc1c[nH+]ccc1N,9.15,3,base,"[3, 7]","['base', 'base']","['pyridine_N', 'aniline']"
Cc1cc(-c2cccc(Cl)c2)ncc1C1CCCN1C(=O)c1cncs1,4.2,4,base,"[4, 16]","['base', 'base']","['pyridine_N', 'pyridine_N']"
Cc1cc(-c2ccccc2)n[n+](C)c1NCC[NH+]1CCOCC1,5.12,10,base,"[10, 7]","['base', 'base']","['tert_amine', 'aniline_sec']"
Cc1cc(-c2ccccc2)n[n+](CCN2CCOCC2)c1N,4.84,10,base,"[10, 7]","['base', 'base']","['tert_amine', 'aniline']"
Cc1cc(-c2ccccc2)nn2cc(CN3CCOCC3)[nH+]c12,6.3,11,base,"[11, 7]","['base', 'base']","['tert_amine', 'pyridine_N']"
Cc1cc(=O)[nH]c(=O)[nH]1,9.29,5,acid,"[5, 8]","['acid', 'acid']","['aromatic_lactam', 'aromatic_lactam']"
Cc1cc(Br)cc(C)c1NC1=[NH+]CCN1,10.21,9,base,"[9, 7]","['base', 'base']","['guanidine', 'aniline_sec']"
Cc1cc(C(=O)N2CCCC2c2ccc(-c3cccc(Cl)c3)nc2)no1,3.5,17,base,"[4, 17]","['base', 'base']","['pyridine_N', 'pyridine_N']"
Cc1cc(C(=O)N2CCCC2c2cnc(-c3cccc(Cl)c3)cc2C)no1,4.2,4,base,"[4, 18]","['base', 'base']","['pyridine_N', 'pyridine_N']"
Cc1cc(C(=O)[O-])n[nH]1,3.86,8,acid,"[8, 5]","['acid', 'acid']","['carboxylic_acid', 'pyrazole_NH']"
Cc1cc(C)c(C)c(Nc2ccccc2CC(=O)[O-])c1C,4.2,18,acid,"[18, 8]","['acid', 'base']","['carboxylic_acid', 'aniline_sec']"
Cc1cc(C)c(NC2=[NH+]CCN2)c(C)c1,10.78,10,base,"[10, 8]","['base', 'base']","['guanidine', 'aniline_sec']"
Cc1cc(C)c(NC2=[NH+]CCN2)c(Cl)c1,9.59,10,base,"[10, 8]","['base', 'base']","['guanidine', 'aniline_sec']"
Cc1cc(C)c2[nH+]c(C)cc(N)c2c1,10.4,10,base,"[10, 12]","['base', 'base']","['pyridine_N', 'aniline']"
Cc1cc(C)c2ccc3c(C)cc(C)nc3c2n1,6.5,11,base,"[4, 11]","['base', 'base']","['pyridine_N', 'pyridine_N']"
Cc1cc(C)c2ccc3cccnc3c2n1,5.96,4,base,"[4, 11]","['base', 'base']","['pyridine_N', 'pyridine_N']"
Cc1cc(C)nc(N)c1,7.84,4,base,"[4, 7]","['base', 'base']","['pyridine_N', 'aniline']"
Cc1cc(C)ncn1,2.7,6,base,"[4, 6]","['base', 'base']","['pyridine_N', 'pyridine_N']"
Cc1cc(Cl)c(NC2=[NH+]CCN2)c(Cl)c1,8.29,10,base,"[10, 8]","['base', 'base']","['guanidine', 'aniline_sec']"
Cc1cc(Cl)cc(C)c1NC1=[NH+]CCN1,10.25,9,base,"[9, 7]","['base', 'base']","['guanidine', 'aniline_sec']"
Cc1cc(Cl)cc(Cl)c1NC1=[NH+]CCN1,9.03,9,base,"[9, 7]","['base', 'base']","['guanidine', 'aniline_sec']"
Cc1cc(Cl)ccc1NC1=[NH+]CCN1,9.91,9,base,"[9, 7]","['base', 'base']","['guanidine', 'aniline_sec']"
Cc1cc(Cl)ccc1Nc1cc(C(F)(F)F)c(C(=O)NCC2CCOCC2)cn1,2.63,13,base,"[13, 7]","['base', 'base']","['pyridine_N', 'aniline_sec']"
Cc1cc(N)c(C)c[nH+]1,9.68,6,base,"[6, 8]","['base', 'base']","['pyridine_N', 'aniline']"
Cc1cc(N)c2ccccc2[nH+]1,9.44,10,base,"[10, 11]","['base', 'base']","['pyridine_N', 'aniline']"
Cc1cc(N)cc[nH+]1,9.44,6,base,"[6, 7]","['base', 'base']","['pyridine_N', 'aniline']"
Cc1cc(N)nc2c1ccc1ccccc12,6.02,4,base,"[4, 15]","['base', 'base']","['pyridine_N', 'aniline']"
Cc1cc(N)nc2ccc3ccccc3c12,7.14,4,base,"[4, 15]","['base', 'base']","['pyridine_N', 'aniline']"
Cc1cc([C@H]2C[C@H]3[C@@H](C)SC(N)=[NH+][C@@]3(c3ccc(F)cc3F)CO2)on1,7.7,12,base,"[12, 5]","['base', 'base']","['amidine', 'pyridine_N']"
Cc1cc([C@H]2C[C@H]3[C@@H](CF)SC(N)=[NH+][C@@]3(c3ccc(F)cc3F)CO2)on1,7.0,12,base,"[12, 5]","['base', 'base']","['amidine', 'pyridine_N']"
Cc1cc2[nH+]c(C(=O)N(C)C)cc(NCc3c(C)cccc3C)c2[nH]1,7.3,12,base,"[12, 8]","['base', 'base']","['pyridine_N', 'aniline_sec']"
Cc1cc2c(C)ccnc2c2ncccc12,5.71,4,base,"[4, 11]","['base', 'base']","['pyridine_N', 'pyridine_N']"
Cc1cc2cccnc2c2ncccc12,5.26,14,base,"[7, 14]","['base', 'base']","['pyridine_N', 'pyridine_N']"
Cc1cc2ccn3ccnc3c2nc1C,4.63,9,base,"[9, 12]","['base', 'base']","['pyridine_N', 'pyridine_N']"
Cc1cc2nc[nH]c2cc1C,6.04,8,base,"[10, 8]","['acid', 'base']","['imidazole_NH', 'pyridine_N']"
Cc1ccc(-c2nc3cccc(C(C)C(=O)[O-])c3o2)cc1,6.2,20,acid,"[20, 8]","['acid', 'base']","['carboxylic_acid', 'pyridine_N']"
Cc1ccc(C(=O)NO)cc1,8.9,10,acid,"[10, 9]","['acid', 'base']","['hydroxamic_acid', 'hydroxylamine_N']"
Cc1ccc(C(=O)[O-])c(O)c1,3.11,10,acid,"[10, 7]","['acid', 'acid']","['carboxylic_acid', 'phenol']"
Cc1ccc(Cl)cc1NC1=[NH+]CCN1,9.5,9,base,"[9, 7]","['base', 'base']","['guanidine', 'aniline_sec']"
Cc1ccc(N)c(N)c1,5.0,8,base,"[7, 8]","['base', 'base']","['aniline', 'aniline']"
Cc1ccc(N)nc1,7.22,5,base,"[5, 7]","['base', 'base']","['pyridine_N', 'aniline']"
Cc1ccc(N2CC[NH+](CCNC(=O)c3ccc(F)cc3)CC2)cc1,6.31,10,base,"[10, 7]","['base', 'base']","['tert_amine', 'aniline_tert']"
Cc1ccc(N2CCc3ccccc3C2)nc1,6.5,5,base,"[5, 7]","['base', 'base']","['pyridine_N', 'aniline_tert']"
Cc1ccc(NC(=O)C2=C(O)C(=O)N(C)C2)cc1,5.79,17,acid,"[17, 7]","['acid', 'base']","['enol', 'aniline_sec']"
Cc1ccc(NC(=O)C[NH+]2CCCCC2)c(C)c1,7.8,12,base,"[12, 8]","['base', 'base']","['tert_amine', 'aniline_sec']"
Cc1ccc(NC(=O)C[NH+]2CCCCC2)cc1,7.85,11,base,"[11, 7]","['base', 'base']","['tert_amine', 'aniline_sec']"
Cc1ccc(NC2=[NH+]CCN2)c(C)c1,10.59,10,base,"[10, 8]","['base', 'base']","['guanidine', 'aniline_sec']"
Cc1ccc(NC2=[NH+]CCN2)c(Cl)c1,9.456667,10,base,"[10, 8]","['base', 'base']","['guanidine', 'aniline_sec']"
Cc1ccc(Nc2c(S(=O)(=O)c3ccccc3)cnc3ccc(Cl)cc23)cc1,2.34,15,base,"[15, 7]","['base', 'base']","['pyridine_N', 'aniline_sec']"
Cc1ccc(Nc2c3ccccc3nc3ccccc23)cc1,7.72,15,base,"[15, 7]","['base', 'base']","['pyridine_N', 'aniline_sec']"
Cc1ccc(O)c(C(=O)[O-])c1,3.01,9,acid,"[9, 10]","['acid', 'acid']","['carboxylic_acid', 'phenol']"
Cc1ccc(O)c(O)c1,9.62,7,acid,"[8, 7]","['acid', 'acid']","['phenol', 'phenol']"
Cc1ccc(S(=O)(=O)NC(=O)N[NH+]2CC3CCCC3C2)cc1,5.98,10,acid,"[10, 14]","['acid', 'base']","['sulfonamide_2', 'tert_amine']"
Cc1ccc(S(=O)(=O)NCCC(=[NH2+])N(C)C)cc1,10.62,10,acid,"[10, 14]","['acid', 'base']","['sulfonamide_2', 'amidine']"
Cc1ccc(S(=O)(=O)NCCC(N)=[NH2+])cc1,10.145,10,acid,"[10, 14]","['acid', 'base']","['sulfonamide_2', 'amidine']"
Cc1ccc2[nH+]c3c(c(N4CCOCC4)c2c1)CCC3,7.18,10,base,"[10, 14]","['base', 'base']","['pyridine_N', 'aniline_tert']"
Cc1ccc2c(c1)N1CCN2CC1,4.115,10,base,"[7, 10]","['base', 'base']","['aniline_tert', 'aniline_tert']"
Cc1ccc2c(c1)NCCN2,3.5,10,base,"[7, 10]","['base', 'base']","['aniline_sec', 'aniline_sec']"
Cc1ccc2c(c1O)-c1c-2ccc(C)c1O,9.755,14,acid,"[7, 14]","['acid', 'acid']","['phenol', 'phenol']"
Cc1ccc2ccc3ccc(C)nc3c2n1,6.15,14,base,"[11, 14]","['base', 'base']","['pyridine_N', 'pyridine_N']"
Cc1ccc2ccc3cccnc3c2n1,5.36,14,base,"[11, 14]","['base', 'base']","['pyridine_N', 'pyridine_N']"
Cc1ccc2ccn3ccnc3c2n1,4.23,10,base,"[10, 13]","['base', 'base']","['pyridine_N', 'pyridine_N']"
Cc1ccc2nc(C(F)(F)F)[nH]c(=O)c2c1,5.9,9,acid,"[9, 11]","['acid', 'base']","['aromatic_lactam', 'pyridine_N']"
Cc1ccc2nc(C(F)F)[nH]c(=O)c2c1,7.2,9,acid,"[9, 11]","['acid', 'base']","['aromatic_lactam', 'pyridine_N']"
Cc1ccc2nc[nH]c2c1,5.81,9,base,"[7, 9]","['acid', 'base']","['imidazole_NH', 'pyridine_N']"
Cc1cccc(C(=O)[O-])c1O,3.02,10,acid,"[10, 7]","['acid', 'acid']","['carboxylic_acid', 'phenol']"
Cc1cccc(C(=O)[O-])n1,5.8,9,acid,"[9, 6]","['acid', 'base']","['carboxylic_acid', 'pyridine_N']"
Cc1cccc(C(C)c2cnc[nH]2)c1C,7.04,12,base,"[14, 12]","['acid', 'base']","['imidazole_NH', 'pyridine_N']"
Cc1cccc(C)c1CNc1cc(C(=O)N(C)C)[nH+]c2c(Br)c(C)[nH]c12,6.02,12,base,"[12, 8]","['base', 'base']","['pyridine_N', 'aniline_sec']"
Cc1cccc(C)c1CNc1cc(C(=O)N(C)C)[nH+]c2c(C)c(C)[nH]c12,7.56,12,base,"[12, 8]","['base', 'base']","['pyridine_N', 'aniline_sec']"
Cc1cccc(C)c1CNc1cc(C(=O)N(C)C)[nH+]c2c(C)c(C)n(C)c12,7.13,12,base,"[12, 8]","['base', 'base']","['pyridine_N', 'aniline_sec']"
Cc1cccc(C)c1CNc1cc(C(=O)N(C)C)[nH+]c2c(C)c(C)n(CC(C)O)c12,7.19,12,base,"[12, 8]","['base', 'base']","['pyridine_N', 'aniline_sec']"
Cc1cccc(C)c1CNc1cc(C(=O)N(C)C)[nH+]c2c(C)c(C)n(Cc3ccccc3)c12,6.86,12,base,"[12, 8]","['base', 'base']","['pyridine_N', 'aniline_sec']"
Cc1cccc(C)c1CNc1cc(C(=O)N(C)C)[nH+]c2c(CO)c(C)[nH]c12,7.2,12,base,"[12, 8]","['base', 'base']","['pyridine_N', 'aniline_sec']"
Cc1cccc(C)c1CNc1cc(C(=O)N(C)C)[nH+]c2c(CO)c(C)n(Cc3ccccc3)c12,6.52,12,base,"[12, 8]","['base', 'base']","['pyridine_N', 'aniline_sec']"
Cc1cccc(C)c1CNc1cc(C(=O)NCCO)cn2c(C)c(C)nc12,6.27,15,base,"[15, 8]","['base', 'base']","['pyridine_N', 'aniline_sec']"
Cc1cccc(C)c1CNc1cc[nH+]c2c1cc(C)n2C,7.42,12,base,"[12, 8]","['base', 'base']","['pyridine_N', 'aniline_sec']"
Cc1cccc(C)c1CNc1cccn2c(C)[nH+]cc12,6.03,16,base,"[16, 8]","['base', 'base']","['pyridine_N', 'aniline_sec']"
Cc1cccc(C)c1CNc1nc(-n2ccccc2=O)cc2c(C)c(C)[nH]c12,4.71,14,base,"[14, 8]","['base', 'base']","['pyridine_N', 'aniline_sec']"
Cc1cccc(C)c1CNc1nc(-n2ccccc2=O)cc2c(C)c(C)n(CCO)c12,4.5,14,base,"[14, 8]","['base', 'base']","['pyridine_N', 'aniline_sec']"
Cc1cccc(C)c1CNc1nccc2c(C)c[nH]c12,8.71,14,base,"[14, 8]","['base', 'base']","['pyridine_N', 'aniline_sec']"
Cc1cccc(C)c1CNc1nccc2c1cc(C)n2C,9.14,17,base,"[17, 8]","['base', 'base']","['pyridine_N', 'aniline_sec']"
Cc1cccc(C)c1CNc1nccc2cc[nH]c12,8.63,17,base,"[17, 8]","['base', 'base']","['pyridine_N', 'aniline_sec']"
Cc1cccc(C)c1NC(=O)C(C)[NH+](C)C,7.33,12,base,"[12, 7]","['base', 'base']","['tert_amine', 'aniline_sec']"
Cc1cccc(C)c1NC(=O)C(C)[NH3+],7.67,12,base,"[12, 7]","['base', 'base']","['prim_amine', 'aniline_sec']"
Cc1cccc(C)c1NC(=O)C1CCCC[NH+]1C,7.6,15,base,"[15, 7]","['base', 'base']","['tert_amine', 'aniline_sec']"
Cc1cccc(C)c1NC(=O)CC(C)[NH3+],8.71,13,base,"[13, 7]","['base', 'base']","['prim_amine', 'aniline_sec']"
Cc1cccc(C)c1NC(=O)CCC(C)[NH3+],9.36,14,base,"[14, 7]","['base', 'base']","['prim_amine', 'aniline_sec']"
Cc1cccc(C)c1NC(=O)CCCC(C)[NH3+],9.79,15,base,"[15, 7]","['base', 'base']","['prim_amine', 'aniline_sec']"
Cc1cccc(C)c1NC(=O)CCCCC[NH3+],10.05,15,base,"[15, 7]","['base', 'base']","['prim_amine', 'aniline_sec']"
Cc1cccc(C)c1NC(=O)CCCC[NH3+],9.81,14,base,"[14, 7]","['base', 'base']","['prim_amine', 'aniline_sec']"
Cc1cccc(C)c1NC(=O)CCC[NH3+],9.35,13,base,"[13, 7]","['base', 'base']","['prim_amine', 'aniline_sec']"
Cc1cccc(C)c1NC(=O)CC[NH3+],8.75,12,base,"[12, 7]","['base', 'base']","['prim_amine', 'aniline_sec']"
Cc1cccc(C)c1NC(=O)C[NH+](C)C,7.36,11,base,"[11, 7]","['base', 'base']","['tert_amine', 'aniline_sec']"
Cc1cccc(C)c1NC(=O)C[NH+]1CCCCC1,7.6,11,base,"[11, 7]","['base', 'base']","['tert_amine', 'aniline_sec']"
Cc1cccc(C)c1NC(=O)C[NH2+]CC(C)C,7.83,11,base,"[11, 7]","['base', 'base']","['sec_amine', 'aniline_sec']"
Cc1cccc(C)c1NC(=O)C[NH3+],7.42,11,base,"[11, 7]","['base', 'base']","['prim_amine', 'aniline_sec']"
Cc1cccc(C)c1NC1=[NH+]CCN1,10.52,9,base,"[9, 7]","['base', 'base']","['guanidine', 'aniline_sec']"
Cc1cccc(C)c1Nc1ccccc1CC(=O)[O-],4.07,17,acid,"[17, 7]","['acid', 'base']","['carboxylic_acid', 'aniline_sec']"
Cc1cccc(Cl)c1N(CC1CC1)C1=[NH+]CCN1,11.3,13,base,"[13, 7]","['base', 'base']","['guanidine', 'aniline_tert']"
Cc1cccc(Cl)c1NC1=[NH+]CCN1,9.333333,9,base,"[9, 7]","['base', 'base']","['guanidine', 'aniline_sec']"
Cc1cccc(Cl)c1Nc1ccccc1CC(=O)[O-],4.2,17,acid,"[17, 7]","['acid', 'base']","['carboxylic_acid', 'aniline_sec']"
Cc1cccc(N)n1,7.4,6,base,"[6, 7]","['base', 'base']","['pyridine_N', 'aniline']"
Cc1cccc(Nc2c3ccccc3nc3ccccc23)c1,7.52,15,base,"[15, 7]","['base', 'base']","['pyridine_N', 'aniline_sec']"
Cc1cccc(Nc2cc(C(C)C)c(C(=O)NCC3CCC3)cn2)c1,6.02,13,base,"[13, 7]","['base', 'base']","['pyridine_N', 'aniline_sec']"
Cc1cccc(Nc2cc(C(C)C)c(C(=O)NCC3CCOCC3)cn2)c1,6.02,13,base,"[13, 7]","['base', 'base']","['pyridine_N', 'aniline_sec']"
Cc1cccc(Nc2ccccc2C(=O)[O-])c1C,4.2,17,acid,"[17, 8]","['acid', 'base']","['carboxylic_acid', 'aniline_sec']"
Cc1cccc(O)c1C(=O)[O-],3.35,9,acid,"[9, 10]","['acid', 'acid']","['carboxylic_acid', 'phenol']"
Cc1cccc(O)c1O,9.28,8,acid,"[8, 7]","['acid', 'acid']","['phenol', 'phenol']"
Cc1cccc2[nH]cnc12,5.67,7,base,"[9, 7]","['acid', 'base']","['imidazole_NH', 'pyridine_N']"
Cc1ccccc1-c1nc2cn(-c3ccc(C#N)cc3)nc2c(=O)n1CC1CCC[NH+](C(C)C)C1,10.0,22,base,"[22, 8]","['base', 'base']","['tert_amine', 'pyridine_N']"
Cc1ccccc1-c1nc2cn(-c3ccc(Cl)cc3)nc2c(=O)n1CC1CCC[NH+](C(C)C)C1,10.0,22,base,"[22, 8]","['base', 'base']","['tert_amine', 'pyridine_N']"
Cc1ccccc1-c1nc2cn(-c3ccc(F)cc3)nc2c(=O)n1CC1CCC[NH+](C(C)C)C1,10.0,22,base,"[22, 8]","['base', 'base']","['tert_amine', 'pyridine_N']"
Cc1ccccc1-c1nc2cn(-c3cccc(C#N)c3)nc2c(=O)n1CC1CCC[NH+](C(C)C)C1,9.9,22,base,"[22, 8]","['base', 'base']","['tert_amine', 'pyridine_N']"
Cc1ccccc1-c1nc2cn(-c3cccc(Cl)c3)nc2c(=O)n1CC1CCC[NH+](C(C)C)C1,9.8,22,base,"[22, 8]","['base', 'base']","['tert_amine', 'pyridine_N']"
Cc1ccccc1NC(=O)C[NH+]1CCCCC1,7.7,11,base,"[11, 7]","['base', 'base']","['tert_amine', 'aniline_sec']"
Cc1ccccc1NC(=O)C[NH3+],7.81,11,base,"[11, 7]","['base', 'base']","['prim_amine', 'aniline_sec']"
Cc1ccccc1NC(N)=[NH+]c1ccccc1C,9.67,9,base,"[9, 7]","['base', 'base']","['guanidine', 'aniline_sec']"
Cc1ccccc1NC1=[NH+]CCN1,10.23,9,base,"[9, 7]","['base', 'base']","['guanidine', 'aniline_sec']"
Cc1ccccc1Nc1c2ccccc2nc2ccccc12,7.76,15,base,"[15, 7]","['base', 'base']","['pyridine_N', 'aniline_sec']"
Cc1cccnc1N,7.24,5,base,"[5, 7]","['base', 'base']","['pyridine_N', 'aniline']"
Cc1ccnc(-c2cc(C)ccn2)c1,5.32,12,base,"[4, 12]","['base', 'base']","['pyridine_N', 'pyridine_N']"
Cc1ccnc(N)c1,7.48,4,base,"[4, 7]","['base', 'base']","['pyridine_N', 'aniline']"
Cc1ccnc(N2CCc3ccccc3C2)c1,6.6,4,base,"[4, 7]","['base', 'base']","['pyridine_N', 'aniline_tert']"
Cc1ccnc2c1ccc1c(C)ccnc12,5.94,11,base,"[4, 11]","['base', 'base']","['pyridine_N', 'pyridine_N']"
Cc1cn(C2CC(N=[N+]=[N-])C(COP(=O)(NC(C)(C)C)OCCSC(=O)C(C)(C)C)O2)c(=O)[nH]c1=O,10.45,6,acid,"[6, 18]","['acid', 'base']","['aromatic_lactam', 'sec_amine']"
Cc1cn(C2CC(N=[N+]=[N-])C(COP(=O)(NC(C)C)OCCSC(=O)C(C)(C)C)O2)c(=O)[nH]c1=O,10.63,6,acid,"[6, 18]","['acid', 'base']","['aromatic_lactam', 'sec_amine']"
Cc1cn2c3c(=O)n(C)c(=O)n(C)c3nc2n1CCC[NH+]1CCc2ccccc2C1,8.66,12,base,"[12, 6]","['base', 'base']","['tert_amine', 'pyridine_N']"
Cc1cnc(-c2ccccc2)c(=O)[nH]1,9.3,7,acid,"[7, 3]","['acid', 'base']","['aromatic_lactam', 'pyridine_N']"
Cc1cnc(C(=O)[O-])s1,3.03,8,acid,"[8, 3]","['acid', 'base']","['carboxylic_acid', 'pyridine_N']"
Cc1cnc(C)c(C)n1,2.65,6,base,"[3, 6]","['base', 'base']","['pyridine_N', 'pyridine_N']"
Cc1cnc(N(C)C)s1,6.08,3,base,"[3, 6]","['base', 'base']","['pyridine_N', 'aniline_tert']"
Cc1cnc(N)s1,5.71,3,base,"[3, 6]","['base', 'base']","['pyridine_N', 'aniline']"
Cc1cnc2c(c1)c(C)c(C)c1cc(C)cnc12,5.54,13,base,"[10, 13]","['base', 'base']","['pyridine_N', 'pyridine_N']"
Cc1cnc2c(c1)c(C)c(C)c1cccnc12,5.34,13,base,"[10, 13]","['base', 'base']","['pyridine_N', 'pyridine_N']"
Cc1cnc2c(c1)c(C)cc1c(C)c(C)cnc12,6.07,10,base,"[10, 13]","['base', 'base']","['pyridine_N', 'pyridine_N']"
Cc1cnc2c(c1)c(C)cc1c(C)ccnc12,5.9,4,base,"[4, 11]","['base', 'base']","['pyridine_N', 'pyridine_N']"
Cc1cnc2c(c1)cc(C)c1cc(C)cnc12,5.27,10,base,"[10, 13]","['base', 'base']","['pyridine_N', 'pyridine_N']"
Cc1cnc2c(cc(C)c3c(C)ccnc32)c1C,6.45,11,base,"[4, 11]","['base', 'base']","['pyridine_N', 'pyridine_N']"
Cc1cnc2c(cc(C)c3cccnc32)c1C,5.93,7,base,"[7, 14]","['base', 'base']","['pyridine_N', 'pyridine_N']"
Cc1cnc2c(ccc3c(C)c(C)cnc32)c1C,6.31,12,base,"[3, 12]","['base', 'base']","['pyridine_N', 'pyridine_N']"
Cc1cnc2c(ccc3c(C)ccnc32)c1,5.57,4,base,"[4, 11]","['base', 'base']","['pyridine_N', 'pyridine_N']"
Cc1cnc2c(ccc3c(C)ccnc32)c1C,5.99,11,base,"[4, 11]","['base', 'base']","['pyridine_N', 'pyridine_N']"
Cc1cnc2c(ccc3cc(C)cnc32)c1,5.23,13,base,"[10, 13]","['base', 'base']","['pyridine_N', 'pyridine_N']"
Cc1cnc2c(ccc3cccnc32)c1,5.0,13,base,"[10, 13]","['base', 'base']","['pyridine_N', 'pyridine_N']"
Cc1cnc2c(ccc3cccnc32)c1C,5.62,3,base,"[3, 12]","['base', 'base']","['pyridine_N', 'pyridine_N']"
Cc1cnc[nH]1,7.51,3,base,"[5, 3]","['acid', 'base']","['imidazole_NH', 'pyridine_N']"
Cc1cncc(C)n1,2.11,6,base,"[3, 6]","['base', 'base']","['pyridine_N', 'pyridine_N']"
Cc1coc([C@H]2C[C@H]3[C@@H](C)SC(N)=[NH+][C@@]3(c3ccc(F)cc3F)CO2)n1,7.8,12,base,"[12, 5]","['base', 'base']","['amidine', 'pyridine_N']"
Cc1coc([C@H]2C[C@H]3[C@@H](CF)SC(N)=[NH+][C@@]3(c3ccc(F)cc3F)CO2)n1,7.0,12,base,"[12, 5]","['base', 'base']","['amidine', 'pyridine_N']"
Cc1csc(S(N)(=O)=O)n1,8.35,9,acid,"[9, 5]","['acid', 'base']","['sulfonamide_1', 'pyridine_N']"
Cc1n[nH]c(=O)[nH]1,9.43,2,acid,"[2, 5]","['acid', 'acid']","['aromatic_lactam', 'aromatic_lactam']"
Cc1nc(-c2ccccc2)[nH]c1C,7.0,3,base,"[5, 3]","['acid', 'base']","['imidazole_NH', 'pyridine_N']"
Cc1nc(-c2ccccc2)oc1O,8.94,12,acid,"[12, 5]","['acid', 'base']","['phenol', 'pyridine_N']"
Cc1nc(-c2ccccc2SCc2ccccc2)[nH]c1C,7.0,3,base,"[5, 3]","['acid', 'base']","['imidazole_NH', 'pyridine_N']"
Cc1nc(C(=O)[O-])cs1,3.9,8,acid,"[8, 2]","['acid', 'base']","['carboxylic_acid', 'pyridine_N']"
Cc1nc(C)c(C)nc1C,3.36,6,base,"[3, 6]","['base', 'base']","['pyridine_N', 'pyridine_N']"
Cc1nc(C)n2c1CN(C1CCN(C(=O)CCS(=O)(=O)c3ccc4cc(Cl)ccc4c3)CC1)C2=O,5.4,5,base,"[20, 5]","['acid', 'base']","['sulfone_CH', 'pyridine_N']"
Cc1nc(CO)[nH]c1C,7.88,3,base,"[5, 3]","['acid', 'base']","['imidazole_NH', 'pyridine_N']"
Cc1nc2c(/C=C/Cc3ccccc3)cccn2c1N,6.75,9,base,"[9, 19]","['base', 'base']","['pyridine_N', 'aniline']"
Cc1nc2c(CCc3ccccc3)cccn2c1N,7.3,9,base,"[9, 18]","['base', 'base']","['pyridine_N', 'aniline']"
Cc1nc2c(N[C@H]3c4ccccc4C[C@@H]3O)cc(C(=O)N(C)C)cn2c1C,6.24,9,base,"[9, 10]","['base', 'base']","['pyridine_N', 'aniline_sec']"
Cc1nc2c(N[C@H]3c4ccccc4C[C@@H]3O)cc(C(N)=O)cn2c1C,5.97,9,base,"[9, 10]","['base', 'base']","['pyridine_N', 'aniline_sec']"
Cc1nc2c(OCc3ccccc3)cccn2c1N,6.81,9,base,"[9, 18]","['base', 'base']","['pyridine_N', 'aniline']"
Cc1nc2c(OCc3ccccc3)nccn2c1C,4.8,9,base,"[6, 9]","['base', 'base']","['pyridine_N', 'pyridine_N']"
Cc1nc2c3c(c(C(=O)N4CCOCC4)cn2c1C)CCC(c1ccccc1)C3,7.05,9,base,"[9, 22]","['base', 'base']","['pyridine_N', 'morpholine_N']"
Cc1nc2c3c(c(C(=O)N4CCOCC4)cn2c1C)CCC1(CCc2ccccc21)O3,6.74,9,base,"[9, 24]","['base', 'base']","['pyridine_N', 'morpholine_N']"
Cc1nc2c3c(c(C(=O)Nc4ccccc4)cn2c1C)CCC(c1ccccc1)O3,6.59,9,base,"[9, 22]","['base', 'base']","['pyridine_N', 'aniline_sec']"
Cc1nc2c3c(c(C(=O)Nc4ccccc4)cn2c1C)CCC1(CCc2ccccc21)O3,6.76,9,base,"[9, 24]","['base', 'base']","['pyridine_N', 'aniline_sec']"
Cc1nc2c3ccccc3cc[n+]2c(C)c1O,4.0,16,acid,"[16, 14]","['acid', 'base']","['phenol', 'pyridine_N']"
Cc1nc2cc(N)ccc2n1C,7.0,2,base,"[2, 11]","['base', 'base']","['pyridine_N', 'aniline']"
Cc1nc2cccc(N)c2n1C,6.66,2,base,"[2, 11]","['base', 'base']","['pyridine_N', 'aniline']"
Cc1nc2ccccc2[nH]1,6.26,9,base,"[2, 9]","['acid', 'base']","['imidazole_NH', 'pyridine_N']"
Cc1nc2ccccc2[nH]c1=O,9.88,4,acid,"[4, 11]","['acid', 'base']","['aromatic_lactam', 'pyridine_N']"
Cc1nc2ccncc2n2c(-c3ccccc3Cl)nnc12,2.7,9,base,"[9, 13]","['base', 'base']","['pyridine_N', 'pyridine_N']"
Cc1nc2sccn2c(=O)c1CC[NH+]1CCC(=C(c2ccc(F)cc2)c2ccc(F)cc2)CC1,8.2,13,base,"[13, 10]","['base', 'base']","['tert_amine', 'pyridine_N']"
Cc1nc[nH]c1C,8.19,3,base,"[5, 3]","['acid', 'base']","['imidazole_NH', 'pyridine_N']"
Cc1ncc(C(=O)[O-])s1,3.26,8,acid,"[8, 2]","['acid', 'base']","['carboxylic_acid', 'pyridine_N']"
Cc1ncc[nH]1,7.896667,5,base,"[2, 5]","['acid', 'base']","['imidazole_NH', 'pyridine_N']"
Cc1nccn1CCC1CCN(C(=O)CCS(=O)(=O)c2ccc3cc(Cl)ccc3c2)CC1,7.9,2,base,"[17, 2]","['acid', 'base']","['sulfone_CH', 'pyridine_N']"
Cc1ncnc2ccccc12,2.52,10,base,"[8, 10]","['base', 'base']","['pyridine_N', 'pyridine_N']"
Cc1ncsc1C(=O)[O-],3.54,8,acid,"[8, 5]","['acid', 'base']","['carboxylic_acid', 'pyridine_N']"
Cc1nnc(NS(=O)(=O)c2ccc(N)cc2)s1,5.34,6,acid,"[6, 16]","['acid', 'base']","['sulfonamide_2', 'aniline']"
Cc1nnc(SCC2CS[C@@H]3C(=NC(=O)Cn4cnnn4)C(=O)N3C2C(=O)[O-])s1,2.1,28,acid,"[28, 13]","['acid', 'base']","['carboxylic_acid', 'imine_N']"
Cc1onc(-c2c(Cl)cccc2Cl)c1C(=O)N[C@@H]1C(=O)N2[C@@H]1SC(C)(C)[C@@H]2C(=O)[O-],2.8,29,acid,"[29, 4]","['acid', 'base']","['carboxylic_acid', 'pyridine_N']"
Cc1onc(-c2ccccc2)c1C(=O)N[C@@H]1C(=O)N2[C@@H]1SC(C)(C)[C@@H]2C(=O)[O-],2.8,27,acid,"[27, 4]","['acid', 'base']","['carboxylic_acid', 'pyridine_N']"
Clc1cc(-c2ccccc2)nnc1NCC[NH+]1CCOCC1,4.59,15,base,"[15, 12]","['base', 'base']","['tert_amine', 'aniline_sec']"
Clc1cc(Br)cc(Cl)c1NC1=[NH+]CCN1,7.72,9,base,"[9, 7]","['base', 'base']","['guanidine', 'aniline_sec']"
Clc1cc(Cl)c(NC2=[NH+]CCN2)c(Cl)c1,7.7,9,base,"[9, 7]","['base', 'base']","['guanidine', 'aniline_sec']"
Clc1cc(Cl)c(NC2=[NH+]CCN2)cc1Cl,7.7,11,base,"[11, 9]","['base', 'base']","['guanidine', 'aniline_sec']"
Clc1cc2cccnc2c2ncccc12,4.22,9,base,"[9, 12]","['base', 'base']","['pyridine_N', 'pyridine_N']"
Clc1ccc(-n2cc(NCC[NH+]3CCOCC3)nn2)cc1Cl,6.6,14,base,"[14, 11]","['base', 'base']","['tert_amine', 'aniline_sec']"
Clc1ccc(Cl)c(NC2=[NH+]CCN2)c1,8.333333,9,base,"[9, 7]","['base', 'base']","['guanidine', 'aniline_sec']"
Clc1ccc(Cn2cc(NCC[NH+]3CCOCC3)nn2)cc1Cl,6.7,15,base,"[15, 12]","['base', 'base']","['tert_amine', 'aniline_sec']"
Clc1ccc(NC2=[NH+]CCN2)c(Cl)c1,8.703333,10,base,"[10, 8]","['base', 'base']","['guanidine', 'aniline_sec']"
Clc1ccc(Nc2c3ccccc3nc3ccccc23)cc1,7.06,13,base,"[13, 14]","['base', 'base']","['pyridine_N', 'aniline_sec']"
Clc1ccc2c(c1)C(N1CC[NH2+]CC1)=[NH+]c1ccccc1O2,9.935,19,base,"[6, 19]","['base', 'base']","['amidine', 'sec_amine']"
Clc1ccc2c(c1)NC1CC=Cc3ccnc-2c31,4.5,15,base,"[15, 7]","['base', 'base']","['pyridine_N', 'aniline_sec']"
Clc1cccc(-c2ccccn2)n1,3.7,3,base,"[3, 11]","['base', 'base']","['pyridine_N', 'pyridine_N']"
Clc1cccc(Br)c1N(CC1CC1)C1=[NH+]CCN1,10.8,13,base,"[13, 7]","['base', 'base']","['guanidine', 'aniline_tert']"
Clc1cccc(Br)c1NC1=[NH+]CCN1,7.93,9,base,"[9, 7]","['base', 'base']","['guanidine', 'aniline_sec']"
Clc1cccc(Cl)c1CON=C1CC[NH+](CCCc2ccccc2)CC1,5.7,9,base,"[9, 13]","['base', 'base']","['tert_amine', 'imine_N']"
Clc1cccc(Cl)c1N(CC1CC1)C1=[NH+]CCN1,10.9,13,base,"[13, 7]","['base', 'base']","['guanidine', 'aniline_tert']"
Clc1cccc(Cl)c1NC1=[NH+]CCN1,8.055,9,base,"[9, 7]","['base', 'base']","['guanidine', 'aniline_sec']"
Clc1cccc(NC2=[NH+]CCN2)c1Cl,8.55,10,base,"[10, 8]","['base', 'base']","['guanidine', 'aniline_sec']"
Clc1cccc(Nc2c3ccccc3nc3ccccc23)c1,6.76,13,base,"[13, 14]","['base', 'base']","['pyridine_N', 'aniline_sec']"
Clc1ccccc1NC1=[NH+]CCN1,9.15,8,base,"[8, 6]","['base', 'base']","['guanidine', 'aniline_sec']"
Clc1ccccc1Nc1c2ccccc2nc2ccccc12,6.55,13,base,"[13, 14]","['base', 'base']","['pyridine_N', 'aniline_sec']"
Clc1ccnc(-c2ccccn2)c1,3.8,3,base,"[3, 11]","['base', 'base']","['pyridine_N', 'pyridine_N']"
Clc1cnc2c(ccc3cccnc32)c1,3.99,12,base,"[9, 12]","['base', 'base']","['pyridine_N', 'pyridine_N']"
Cn1c(=O)[nH]c2ncn(C)c2c1=O,8.65,11,acid,"[11, 3]","['acid', 'base']","['aromatic_lactam', 'pyridine_N']"
Cn1c(=O)c2[nH]cnc2n(C)c1=O,7.71,10,acid,"[10, 12]","['acid', 'base']","['imidazole_NH', 'pyridine_N']"
Cn1c(=O)c2c(nc3n(CCC[NH+]4CCc5ccccc5C4)c(-c4ccccc4)cn23)n(C)c1=O,10.41,19,base,"[19, 15]","['base', 'base']","['tert_amine', 'pyridine_N']"
Cn1c(=O)c2c(ncn2CC(=O)[O-])n(C)c1=O,4.48,16,acid,"[16, 12]","['acid', 'base']","['carboxylic_acid', 'pyridine_N']"
Cn1c(=O)nc2sc(S(N)(=O)=O)nn2c1=O,7.3,15,acid,"[15, 4]","['acid', 'base']","['sulfonamide_1', 'pyridine_N']"
Cn1c(N)nc2cc[nH]c2c1=O,5.1,9,base,"[9, 11]","['base', 'base']","['pyridine_N', 'aniline']"
Cn1cc(N)cc1C(=O)[O-],5.25,8,acid,"[8, 9]","['acid', 'base']","['carboxylic_acid', 'aniline']"
Cn1ccnc1-c1ccccn1,5.7,4,base,"[4, 11]","['base', 'base']","['pyridine_N', 'pyridine_N']"
Cn1ccnc1N,8.54,4,base,"[4, 6]","['base', 'base']","['pyridine_N', 'aniline']"
Cn1cnc(NN=O)n1,5.48,6,acid,"[3, 6]","['base', 'base']","['pyridine_N', 'aniline_sec']"
Cn1cnc2c1c(=O)[nH]c(=O)n2C,9.92,8,acid,"[8, 3]","['acid', 'base']","['aromatic_lactam', 'pyridine_N']"
Cn1cnc2cc(N)ccc21,4.69,3,base,"[3, 10]","['base', 'base']","['pyridine_N', 'aniline']"
Cn1cnc2cccc(N)c21,5.79,3,base,"[3, 10]","['base', 'base']","['pyridine_N', 'aniline']"
Cn1cncc1C1CCN(C(=O)CCS(=O)(=O)c2ccc3cc(Cl)ccc3c2)CC1,7.2,3,base,"[15, 3]","['acid', 'base']","['sulfone_CH', 'pyridine_N']"
Cn1nc(Cl)nc1NN=O,4.03,7,acid,"[3, 7]","['base', 'base']","['pyridine_N', 'aniline_sec']"
Cn1ncc2c(=O)[nH]cnc21,9.26,8,acid,"[8, 10]","['acid', 'base']","['aromatic_lactam', 'pyridine_N']"
Cn1ncc2cncnc21,2.5,5,base,"[5, 7]","['base', 'base']","['pyridine_N', 'pyridine_N']"
Cn1ncnc1NN=O,4.45,6,acid,"[3, 6]","['base', 'base']","['pyridine_N', 'aniline_sec']"
Cn1nnnc1Cc1ncc(Cl)cc1NS(=O)(=O)c1ccc(Cl)c(Cl)c1,4.7,14,acid,"[14, 12]","['acid', 'base']","['sulfonamide_2', 'pyridine_N']"
FC(F)(F)c1cc(-c2ccccc2)nnc1NCC[NH+]1CCOCC1,6.75,15,base,"[15, 12]","['base', 'base']","['tert_amine', 'aniline_sec']"
FC(F)(F)c1ccccc1NC1=[NH+]CCN1,8.8,12,base,"[12, 10]","['base', 'base']","['guanidine', 'aniline_sec']"
Fc1ccc(C(c2ccc(F)cc2)N2CC[NH+](C/C=C/c3ccccc3)CC2)cc1,7.71,9,base,"[9, 12]","['base', 'base']","['tert_amine', 'tert_amine']"
Fc1ccc(N2CC[NH+](Cc3ccn4c(CC5CC5)nnc4c3C(F)(F)F)CC2)c(F)c1,5.0,11,base,"[11, 8]","['base', 'base']","['tert_amine', 'aniline_tert']"
Fc1ccc(Nc2c3ccccc3nc3ccccc23)cc1,7.5,13,base,"[13, 14]","['base', 'base']","['pyridine_N', 'aniline_sec']"
Fc1ccc2c(c1)N(CCC[NH+]1CCCC1)c1cc(F)ccc1CC2,7.75,20,base,"[20, 7]","['base', 'base']","['tert_amine', 'aniline_tert']"
Fc1ccc2c(c1)N(CCC[NH+]1CCCCC1)c1cc(F)ccc1CC2,7.6,20,base,"[20, 7]","['base', 'base']","['tert_amine', 'aniline_tert']"
Fc1ccc2c(c1)N(CCC[NH+]1CCOCC1)c1cc(F)ccc1CC2,7.6,20,base,"[20, 7]","['base', 'base']","['tert_amine', 'aniline_tert']"
Fc1cccc(Br)c1N(CC1CC1)C1=[NH+]CCN1,10.7,13,base,"[13, 7]","['base', 'base']","['guanidine', 'aniline_tert']"
Fc1cccc(C(F)(F)F)c1N(CC1CC1)C1=[NH+]CCN1,10.7,13,base,"[13, 7]","['base', 'base']","['guanidine', 'aniline_tert']"
Fc1cccc(Cl)c1N(CC1CC1)C1=[NH+]CCN1,10.8,13,base,"[13, 7]","['base', 'base']","['guanidine', 'aniline_tert']"
Fc1cccc(Cl)c1NC1=[NH+]CCN1,8.01,9,base,"[9, 7]","['base', 'base']","['guanidine', 'aniline_sec']"
Fc1cccc(F)c1N(CC1CC1)C1=[NH+]CCN1,10.3,13,base,"[13, 7]","['base', 'base']","['guanidine', 'aniline_tert']"
Fc1cccc(F)c1NC1=[NH+]CCN1,8.253333,9,base,"[9, 7]","['base', 'base']","['guanidine', 'aniline_sec']"
Fc1cccc2[nH]cnc12,4.4,7,base,"[9, 7]","['acid', 'base']","['imidazole_NH', 'pyridine_N']"
Fc1ccccc1Nc1c2ccccc2nc2ccccc12,6.84,13,base,"[13, 14]","['base', 'base']","['pyridine_N', 'aniline_sec']"
Ic1ccc(Nc2c3ccccc3nc3ccccc23)cc1,6.9,13,base,"[13, 14]","['base', 'base']","['pyridine_N', 'aniline_sec']"
Ic1ccccc1Nc1c2ccccc2nc2ccccc12,6.47,13,base,"[13, 14]","['base', 'base']","['pyridine_N', 'aniline_sec']"
N#CC(C#N)N=Nc1cccc(O)c1,6.45,6,acid,"[6, 9]","['acid', 'acid']","['phenol', 'malononitrile']"
N#CC(C#N)N=Nc1ccccc1C(=O)[O-],6.7,8,acid,"[8, 11]","['acid', 'acid']","['carboxylic_acid', 'malononitrile']"
N#CC(C#N)N=Nc1ccccc1O,6.1,13,acid,"[13, 8]","['acid', 'acid']","['phenol', 'malononitrile']"
N#CC(C(=O)[O-])C1CCCCC1,2.37,11,acid,"[11, 6]","['acid', 'acid']","['carboxylic_acid', 'cyanoacetate']"
N#CC(Cc1ccccc1)C(=O)[O-],2.24,12,acid,"[12, 7]","['acid', 'acid']","['carboxylic_acid', 'cyanoacetate']"
N#CCC(=O)[O-],2.46,5,acid,"[5, 0]","['acid', 'acid']","['carboxylic_acid', 'cyanoacetate']"
N#CCCCOc1ccc(-c2ccc(-c3ccccc3Cl)n2Cc2cccc(N)n2)cc1,6.86,17,base,"[17, 18]","['base', 'base']","['pyridine_N', 'aniline']"
N#CCCNN,5.91,3,base,"[3, 2]","['base', 'base']","['prim_amine', 'sec_amine']"
N#CCC[NH2+]C(CC(N)=O)C(=O)[O-],6.46,2,base,"[10, 2]","['acid', 'base']","['carboxylic_acid', 'sec_amine']"
N#CNS(=O)(=O)c1ccc(N)cc1,2.92,10,acid,"[10, 6]","['acid', 'base']","['sulfonamide_2', 'aniline']"
N#CSc1cc(C(=O)[O-])ccc1N,4.52,8,acid,"[8, 12]","['acid', 'base']","['carboxylic_acid', 'aniline']"
N#Cc1c(-c2nc3cc(Cl)ccc3o2)c(=O)oc2cc(O)ccc12,6.0,6,acid,"[6, 15]","['acid', 'base']","['phenol', 'pyridine_N']"
N#Cc1c(-c2nc3ccccc3o2)c(=O)oc2cc(O)ccc12,6.07,20,acid,"[20, 6]","['acid', 'base']","['phenol', 'pyridine_N']"
N#Cc1c(-c2nc3ccccc3s2)c(=O)oc2cc(O)ccc12,6.38,20,acid,"[20, 6]","['acid', 'base']","['phenol', 'pyridine_N']"
N#Cc1c(C2CC2)nc(SCc2cccc(F)c2F)[nH]c1=O,8.9,11,acid,"[11, 16]","['acid', 'base']","['aromatic_lactam', 'pyridine_N']"
N#Cc1c(C[NH+]2CCC(Br)CC2)no[n+]1[O-],4.01,2,base,"[2, 13]","['base', 'base']","['tert_amine', 'pyridine_N']"
N#Cc1cc(-c2ccccc2)nnc1NCC[NH+]1CCOCC1,6.5,15,base,"[15, 12]","['base', 'base']","['tert_amine', 'aniline_sec']"
N#Cc1cc(S(=O)(=O)Nc2ccc(F)cn2)ccc1Oc1ccc(CO)c(Cl)c1,5.7,18,acid,"[18, 24]","['acid', 'base']","['sulfonamide_2', 'pyridine_N']"
N#Cc1ccc(N2CC[NH+](CCNC(=O)c3ccc(F)cc3)CC2)cc1,6.43,11,base,"[11, 8]","['base', 'base']","['tert_amine', 'aniline_tert']"
N#Cc1ccc(Nc2c3ccccc3nc3ccccc23)cc1,5.93,13,base,"[13, 14]","['base', 'base']","['pyridine_N', 'aniline_sec']"
N#Cc1ccc(Oc2ccc(S(=O)(=O)Nc3ccc(F)cn3)cc2C#N)cc1Cl,5.8,18,acid,"[18, 24]","['acid', 'base']","['sulfonamide_2', 'pyridine_N']"
N#Cc1ccc(S(=O)(=O)Nc2cc3c(=O)[nH]ccc3cc2F)cc1,5.97,11,acid,"[11, 18]","['acid', 'acid']","['sulfonamide_2', 'aromatic_lactam']"
N#Cc1ccc(S(=O)(=O)Nc2ccc3cc[nH]c(=O)c3c2)cc1,6.93,11,acid,"[11, 18]","['acid', 'acid']","['sulfonamide_2', 'aromatic_lactam']"
N#Cc1ccc2c(c1)N(CCC[NH+]1CCC(O)CC1)c1ccccc1S2,8.63,19,base,"[19, 6]","['base', 'base']","['tert_amine', 'aniline_tert']"
N/C=[NH+]/O,5.05,1,base,"[2, 1]","['acid', 'base']","['oxime', 'amidine']"
NC(=O)C1CCN(c2c(Cl)c[nH+]cc2Cl)CC1,3.5,5,base,"[5, 7]","['base', 'base']","['pyridine_N', 'aniline_tert']"
NC(=O)C1CCN(c2c(S(=O)(=O)c3ccccc3)c[nH+]c3ccc(Cl)cc23)CC1,3.05,11,base,"[11, 19]","['base', 'base']","['pyridine_N', 'aniline_tert']"
NC(=O)CC(=O)[O-],3.61,6,acid,"[6, 0]","['acid', 'acid']","['carboxylic_acid', 'malonate_dicarbonyl']"
NC(=O)CCCCCCCCC(=O)NO,9.49,8,acid,"[8, 7]","['acid', 'base']","['hydroxamic_acid', 'hydroxylamine_N']"
NC(=O)CCCCCCCCc1ccc(Nc2c3ccccc3nc3ccccc23)cc1,7.7,13,base,"[13, 14]","['base', 'base']","['pyridine_N', 'aniline_sec']"
NC(=O)CCCCCCCc1ccc(Nc2c3ccccc3nc3ccccc23)cc1,7.7,13,base,"[13, 14]","['base', 'base']","['pyridine_N', 'aniline_sec']"
NC(=O)CCCCCCc1ccc(Nc2c3ccccc3nc3ccccc23)cc1,7.7,13,base,"[13, 14]","['base', 'base']","['pyridine_N', 'aniline_sec']"
NC(=O)CCCCCc1ccc(Nc2c3ccccc3nc3ccccc23)cc1,7.7,13,base,"[13, 14]","['base', 'base']","['pyridine_N', 'aniline_sec']"
NC(=O)CCCCc1ccc(Nc2c3ccccc3nc3ccccc23)cc1,7.7,13,base,"[13, 14]","['base', 'base']","['pyridine_N', 'aniline_sec']"
NC(=O)CCCc1ccc(Nc2c3ccccc3nc3ccccc23)cc1,7.67,13,base,"[13, 14]","['base', 'base']","['pyridine_N', 'aniline_sec']"
NC(=O)CCc1ccc(Nc2c3ccccc3nc3ccccc23)cc1,7.63,13,base,"[13, 14]","['base', 'base']","['pyridine_N', 'aniline_sec']"
NC(=O)CN1CC[NH+]([C@@H](COCc2cc(C(F)(F)F)cc(C(F)(F)F)c2)c2ccccc2)CC1,6.2,24,base,"[24, 27]","['base', 'base']","['tert_amine', 'tert_amine']"
NC(=O)CN1CC[NH+]([C@H](COCc2cc(C(F)(F)F)cc(C(F)(F)F)c2)c2ccccc2)CC1,6.2,24,base,"[24, 27]","['base', 'base']","['tert_amine', 'tert_amine']"
NC(=O)COCCN1CC[NH+](C(COCc2cc(C(F)(F)F)cc(C(F)(F)F)c2)c2ccccc2)CC1,7.4,24,base,"[24, 27]","['base', 'base']","['tert_amine', 'tert_amine']"
NC(=O)CS(=O)(=O)NC(N)=O,5.05,7,acid,"[7, 0]","['acid', 'acid']","['sulfonamide_2', 'sulfone_CH']"
NC(=O)CS(N)(=O)=O,9.7,7,acid,"[7, 0]","['acid', 'acid']","['sulfonamide_1', 'sulfone_CH']"
NC(=O)Cc1ccc(Nc2c3ccccc3nc3ccccc23)cc1,7.43,13,base,"[13, 14]","['base', 'base']","['pyridine_N', 'aniline_sec']"
NC(=O)NO,10.65,4,acid,"[4, 3]","['acid', 'base']","['hydroxamic_acid', 'hydroxylamine_N']"
NC(=O)[C@@H](O)[C@H]([NH3+])C(=O)[O-],8.26,9,base,"[8, 9]","['acid', 'base']","['carboxylic_acid', 'prim_amine']"
NC(=O)c1ccc(CNC(=O)c2cnc(Nc3cccc(Cl)c3)cc2C(F)(F)F)cc1,2.63,13,base,"[13, 7]","['base', 'base']","['pyridine_N', 'aniline_sec']"
NC(=O)c1ccc(Nc2c3ccccc3nc3ccccc23)cc1,6.47,13,base,"[13, 14]","['base', 'base']","['pyridine_N', 'aniline_sec']"
NC(=[NH+]c1nsc2ccccc12)c1ccc(Cl)cc1,4.84,9,base,"[9, 7]","['base', 'base']","['amidine', 'pyridine_N']"
NC(=[NH+]c1nsc2ccccc12)c1ccccc1,5.4,7,base,"[7, 16]","['base', 'base']","['amidine', 'pyridine_N']"
NC(=[NH2+])N(CC1CC1)c1c(Br)cccc1Br,11.9,13,base,"[13, 7]","['base', 'base']","['guanidine', 'aniline_tert']"
NC(=[NH2+])N(c1ccccc1)c1ccccc1,10.42,14,base,"[14, 6]","['base', 'base']","['guanidine', 'aniline_tert']"
NC(=[NH2+])N1C2CC(OC(=O)C(CO)c3ccccc3)CC1C1OC12,10.84,22,base,"[22, 20]","['base', 'base']","['guanidine', 'morpholine_N']"
NC(Nc1ccccc1)=[NH+]c1ccccc1,9.94,8,base,"[8, 6]","['base', 'base']","['guanidine', 'aniline_sec']"
NC1=[NH+]C(c2ccc(OC(F)F)cc2)(c2cccc(OCCCF)c2)C2=[NH+]CC(F)(F)CN12,6.5,19,base,"[19, 13]","['base', 'base']","['guanidine', 'amidine']"
NC1=[NH+][C@](c2ccc(OC(F)F)cc2)(c2cccc(OCCF)c2)C2=[NH+]CC(F)(F)CN12,6.5,18,base,"[18, 12]","['base', 'base']","['guanidine', 'amidine']"
NNC(=O)C(F)(F)C1(F)OC(F)(F)C(F)(F)C1(F)F,8.26,18,base,"[18, 17]","['base', 'base']","['prim_amine', 'hydrazine_N']"
NNC(=O)c1ccccc1,3.02,9,base,"[9, 8]","['base', 'base']","['prim_amine', 'hydrazine_N']"
NNC=O,2.81,3,base,"[3, 2]","['base', 'base']","['prim_amine', 'hydrazine_N']"
NNCCCc1ccccc1,7.2,9,base,"[10, 9]","['base', 'base']","['prim_amine', 'sec_amine']"
NNCCO,7.12,4,base,"[4, 3]","['base', 'base']","['prim_amine', 'sec_amine']"
NNCCOc1ccccc1,6.8,10,base,"[10, 9]","['base', 'base']","['prim_amine', 'sec_amine']"
NNCCc1ccccc1,7.25,8,base,"[9, 8]","['base', 'base']","['prim_amine', 'sec_amine']"
NS(=O)(=O)CCc1ccccc1,10.04,11,acid,"[11, 7]","['acid', 'acid']","['sulfonamide_1', 'sulfone_CH']"
NS(=O)(=O)c1cc2c(s1)C(=O)CCS2(=O)=O,7.32,8,acid,"[8, 12]","['acid', 'acid']","['sulfonamide_1', 'sulfone_CH']"
NS(=O)(=O)c1cc2c(s1)C(O)CCS2(=O)=O,8.34,8,acid,"[8, 11]","['acid', 'acid']","['sulfonamide_1', 'sulfone_CH']"
NS(=O)(=O)c1cc2c(s1)CC(O)CS2(=O)=O,8.52,8,acid,"[8, 11]","['acid', 'acid']","['sulfonamide_1', 'sulfone_CH']"
NS(=O)(=O)c1cc2c(s1)S(=O)(=O)CC(O)C2,8.6,8,acid,"[8, 12]","['acid', 'acid']","['sulfonamide_1', 'sulfone_CH']"
NS(=O)(=O)c1cc2c(s1)S(=O)(=O)CCC2,8.35,8,acid,"[8, 12]","['acid', 'acid']","['sulfonamide_1', 'sulfone_CH']"
NS(=O)(=O)c1cc2c(s1)S(=O)(=O)CCC2=O,7.92,8,acid,"[8, 12]","['acid', 'acid']","['sulfonamide_1', 'sulfone_CH']"
NS(=O)(=O)c1cc2c(s1)S(=O)(=O)CCC2O,8.275,8,acid,"[8, 12]","['acid', 'acid']","['sulfonamide_1', 'sulfone_CH']"
NS(=O)(=O)c1cc2c(s1)S(=O)(=O)CC[C@@H]2O,8.3,8,acid,"[8, 12]","['acid', 'acid']","['sulfonamide_1', 'sulfone_CH']"
NS(=O)(=O)c1cc2c(s1)S(=O)(=O)CC[C@H]2O,8.35,8,acid,"[8, 12]","['acid', 'acid']","['sulfonamide_1', 'sulfone_CH']"
NS(=O)(=O)c1cc2c(s1)SC(CCO)CN2,9.62,8,acid,"[8, 12]","['acid', 'base']","['sulfonamide_1', 'aniline_sec']"
NS(=O)(=O)c1ccc(S(=O)(=O)CC(O)CO)cc1,9.35,17,acid,"[17, 9]","['acid', 'acid']","['sulfonamide_1', 'sulfone_CH']"
NS(=O)(=O)c1ccc(S(=O)(=O)CCCCO)c(F)c1,9.18,9,acid,"[9, 14]","['acid', 'acid']","['sulfonamide_1', 'sulfone_CH']"
NS(=O)(=O)c1ccc(S(=O)(=O)CCCCO)cc1,9.6,17,acid,"[17, 9]","['acid', 'acid']","['sulfonamide_1', 'sulfone_CH']"
NS(=O)(=O)c1ccc(S(=O)(=O)CCCCO)s1,8.67,16,acid,"[16, 8]","['acid', 'acid']","['sulfonamide_1', 'sulfone_CH']"
NS(=O)(=O)c1ccc(S(=O)(=O)CCCO)c(F)c1,9.02,9,acid,"[9, 14]","['acid', 'acid']","['sulfonamide_1', 'sulfone_CH']"
NS(=O)(=O)c1ccc(S(=O)(=O)CCCO)cc1,8.98,16,acid,"[16, 9]","['acid', 'acid']","['sulfonamide_1', 'sulfone_CH']"
NS(=O)(=O)c1ccc(S(=O)(=O)CCCO)s1,8.32,15,acid,"[15, 8]","['acid', 'acid']","['sulfonamide_1', 'sulfone_CH']"
NS(=O)(=O)c1ccc(S(=O)(=O)CCO)c(F)c1,9.0,9,acid,"[9, 14]","['acid', 'acid']","['sulfonamide_1', 'sulfone_CH']"
NS(=O)(=O)c1ccc(S(=O)(=O)CCO)cc1,9.38,15,acid,"[15, 9]","['acid', 'acid']","['sulfonamide_1', 'sulfone_CH']"
NS(=O)(=O)c1ccc(S(=O)(=O)CCO)s1,8.65,14,acid,"[14, 8]","['acid', 'acid']","['sulfonamide_1', 'sulfone_CH']"
NS(=O)(=O)c1nc2ccccc2s1,7.8,12,acid,"[12, 6]","['acid', 'base']","['sulfonamide_1', 'pyridine_N']"
NS(=O)(=O)c1nccs1,8.25,8,acid,"[8, 4]","['acid', 'base']","['sulfonamide_1', 'pyridine_N']"
NS(=O)(=O)c1nn2c(=O)n(CCCl)c(=O)nc2s1,7.1,17,acid,"[17, 6]","['acid', 'base']","['sulfonamide_1', 'pyridine_N']"
NS(=O)(=O)c1nn2cc(-c3ccccc3)[nH+]c2s1,7.12,17,acid,"[17, 10]","['acid', 'base']","['sulfonamide_1', 'pyridine_N']"
NS(=O)(=O)c1nnc(Nc2ccccc2)s1,9.405,15,acid,"[15, 6]","['acid', 'base']","['sulfonamide_1', 'aniline_sec']"
Nc1[nH+]cc2n1CC(Cc1cccc3c1OCO3)CC2,9.2,15,base,"[15, 19]","['base', 'base']","['pyridine_N', 'aniline']"
Nc1[nH]c(=O)[n+]([C@@H]2C[C@@H](O)[C@H](CO)O2)cc1CO,3.55,3,acid,"[3, 15]","['acid', 'base']","['aromatic_lactam', 'aniline']"
Nc1[nH]c(=S)[nH]c(=O)c1C1=CCCCC1,7.11,11,acid,"[11, 14]","['acid', 'base']","['aromatic_lactam', 'aniline']"
Nc1c(CC(=O)[O-])cccc1C(=O)c1ccc(Br)cc1,4.3,19,acid,"[19, 15]","['acid', 'base']","['carboxylic_acid', 'aniline']"
Nc1c2c([nH+]c3ccccc13)CCCC2,9.91,9,base,"[9, 14]","['base', 'base']","['pyridine_N', 'aniline']"
Nc1c2ccccc2[nH+]c2ccccc12,9.795,13,base,"[13, 14]","['base', 'base']","['pyridine_N', 'aniline']"
Nc1cc(-c2ccccc2)[nH+]c2ccccc12,8.2,15,base,"[15, 16]","['base', 'base']","['pyridine_N', 'aniline']"
Nc1cc(/C=C/c2c[nH]c3ccccc23)[nH+]c2ccccc12,9.5,20,base,"[20, 21]","['base', 'base']","['pyridine_N', 'aniline']"
Nc1cc(/C=C/c2ccccc2)[nH+]c(/C=C/c2ccccc2)c1,8.6,9,base,"[9, 14]","['base', 'base']","['pyridine_N', 'aniline']"
Nc1cc(/C=C/c2ccccc2)[nH+]c2ccccc12,9.3,17,base,"[17, 18]","['base', 'base']","['pyridine_N', 'aniline']"
Nc1cc2ccccc2cn1,5.05,5,base,"[5, 10]","['base', 'base']","['pyridine_N', 'aniline']"
Nc1cc[nH+]c2cc(Cl)ccc12,8.22,6,base,"[6, 11]","['base', 'base']","['pyridine_N', 'aniline']"
Nc1cc[nH+]cc1,9.145,2,base,"[2, 6]","['base', 'base']","['pyridine_N', 'aniline']"
Nc1cc[nH+]cc1Br,7.15,2,base,"[2, 6]","['base', 'base']","['pyridine_N', 'aniline']"
Nc1cc[nH+]cc1F,4.77,2,base,"[2, 6]","['base', 'base']","['pyridine_N', 'aniline']"
Nc1ccc(-c2cnc(-c3ccc(Br)cc3)o2)cc1,3.51,18,base,"[8, 18]","['base', 'base']","['pyridine_N', 'aniline']"
Nc1ccc(-c2cnc(-c3ccc(Cl)cc3)o2)cc1,3.52,18,base,"[8, 18]","['base', 'base']","['pyridine_N', 'aniline']"
Nc1ccc(-c2cnc(-c3ccccc3)o2)cc1,3.68,17,base,"[7, 17]","['base', 'base']","['pyridine_N', 'aniline']"
Nc1ccc(-c2nc3ccccc3s2)cc1,3.0,15,base,"[6, 15]","['base', 'base']","['pyridine_N', 'aniline']"
Nc1ccc(-c2ncc(-c3ccc(Br)cc3)o2)cc1,2.8,18,base,"[7, 18]","['base', 'base']","['pyridine_N', 'aniline']"
Nc1ccc(-c2ncc(-c3ccc(Cl)cc3)o2)cc1,2.87,18,base,"[7, 18]","['base', 'base']","['pyridine_N', 'aniline']"
Nc1ccc(-c2ncc(-c3ccccc3)o2)cc1,3.01,17,base,"[8, 17]","['base', 'base']","['pyridine_N', 'aniline']"
Nc1ccc(C(=O)[O-])c(Cl)c1,3.905,10,acid,"[10, 6]","['acid', 'base']","['carboxylic_acid', 'aniline']"
Nc1ccc(C(=O)[O-])c(F)c1,4.13,10,acid,"[10, 6]","['acid', 'base']","['carboxylic_acid', 'aniline']"
Nc1ccc(C(=O)[O-])cc1Br,4.275,8,acid,"[8, 10]","['acid', 'base']","['carboxylic_acid', 'aniline']"
Nc1ccc(C(=O)[O-])cc1C(=O)c1ccccc1,4.34,17,acid,"[17, 14]","['acid', 'base']","['carboxylic_acid', 'aniline']"
Nc1ccc(C(=O)[O-])cc1Cl,4.35,8,acid,"[8, 10]","['acid', 'base']","['carboxylic_acid', 'aniline']"
Nc1ccc(C(=O)[O-])cc1F,4.35,8,acid,"[8, 10]","['acid', 'base']","['carboxylic_acid', 'aniline']"
Nc1ccc(C(=O)[O-])cc1I,4.34,8,acid,"[8, 10]","['acid', 'base']","['carboxylic_acid', 'aniline']"
Nc1ccc(Cl)cc1N,4.3,8,base,"[7, 8]","['base', 'base']","['aniline', 'aniline']"
Nc1ccc(Cl)cn1,4.83,3,base,"[3, 7]","['base', 'base']","['pyridine_N', 'aniline']"
Nc1ccc(S(=O)(=O)Nc2nncs2)cc1,4.77,10,acid,"[10, 6]","['acid', 'base']","['sulfonamide_2', 'aniline']"
Nc1ccc(S(=O)(=O)c2ccc(C(=O)[O-])cc2)cc1,3.6,8,acid,"[8, 18]","['acid', 'base']","['carboxylic_acid', 'aniline']"
Nc1ccc2[nH]ncc2c1,5.15,6,base,"[9, 6]","['acid', 'base']","['pyrazole_NH', 'aniline']"
Nc1ccc2c(Cl)c3ccccc3nc2c1,6.74,13,base,"[13, 14]","['base', 'base']","['pyridine_N', 'aniline']"
Nc1ccc2cc3c(ccc4ccccc43)nc2c1,7.42,17,base,"[17, 18]","['base', 'base']","['pyridine_N', 'aniline']"
Nc1ccc2cc3cc(Cl)ccc3nc2c1,6.95,13,base,"[13, 15]","['base', 'base']","['pyridine_N', 'aniline']"
Nc1ccc2cc3ccc(Cl)cc3nc2c1,7.26,13,base,"[13, 15]","['base', 'base']","['pyridine_N', 'aniline']"
Nc1ccc2cc3ccc4ccccc4c3nc2c1,6.72,10,base,"[10, 18]","['base', 'base']","['pyridine_N', 'aniline']"
Nc1ccc2cc3ccccc3nc2c1,8.04,13,base,"[13, 14]","['base', 'base']","['pyridine_N', 'aniline']"
Nc1ccc2cccnc2c1,6.65,8,base,"[8, 10]","['base', 'base']","['pyridine_N', 'aniline']"
Nc1ccc2cn[nH]c2c1,4.355,9,base,"[5, 9]","['acid', 'base']","['pyrazole_NH', 'aniline']"
Nc1ccc2cnc3ccccc3c2c1,6.88,13,base,"[13, 14]","['base', 'base']","['pyridine_N', 'aniline']"
Nc1ccc2cnccc2c1,7.17,4,base,"[4, 10]","['base', 'base']","['pyridine_N', 'aniline']"
Nc1cccc(-c2nc3ccccc3s2)c1,3.4,15,base,"[6, 15]","['base', 'base']","['pyridine_N', 'aniline']"
Nc1cccc(Cn2c(-c3ccc(Oc4ccccc4)cc3)ccc2-c2ccccc2Cl)n1,6.86,24,base,"[24, 25]","['base', 'base']","['pyridine_N', 'aniline']"
Nc1cccc(Cn2c(-c3ccc(Oc4cccnn4)cc3)ccc2-c2ccccc2Cl)n1,6.86,17,base,"[17, 18]","['base', 'base']","['pyridine_N', 'aniline']"
Nc1cccc(Cn2c(-c3ccc(Oc4cccs4)cc3)ccc2-c2ccccc2Cl)n1,6.86,17,base,"[17, 18]","['base', 'base']","['pyridine_N', 'aniline']"
Nc1cccc(Cn2c(-c3ccccc3)ccc2-c2ccc(C(=O)NC3CC3)cc2)n1,6.86,17,base,"[17, 18]","['base', 'base']","['pyridine_N', 'aniline']"
Nc1cccc(Cn2c(-c3ccccc3)ccc2-c2ccc(C(=O)NC3CCC3)cc2)n1,6.86,17,base,"[17, 18]","['base', 'base']","['pyridine_N', 'aniline']"
Nc1cccc(Cn2c(-c3ccccc3)ccc2-c2ccccc2)n1,6.86,17,base,"[17, 18]","['base', 'base']","['pyridine_N', 'aniline']"
Nc1cccc2[nH]ncc12,3.29,9,base,"[6, 9]","['acid', 'base']","['pyrazole_NH', 'aniline']"
Nc1cccc2c1ccc1ncccc12,5.2,7,base,"[7, 14]","['base', 'base']","['pyridine_N', 'aniline']"
Nc1cccc2cc3ccccc3nc12,4.4,13,base,"[13, 14]","['base', 'base']","['pyridine_N', 'aniline']"
Nc1cccc2cccnc12,4.01,6,base,"[6, 10]","['base', 'base']","['pyridine_N', 'aniline']"
Nc1cccc2ccncc12,6.06,5,base,"[5, 10]","['base', 'base']","['pyridine_N', 'aniline']"
Nc1cccc2nc3ccccc3cc12,6.04,13,base,"[13, 14]","['base', 'base']","['pyridine_N', 'aniline']"
Nc1cccc2ncccc12,5.46,7,base,"[7, 10]","['base', 'base']","['pyridine_N', 'aniline']"
Nc1ccccc1-c1nc2ccccc2s1,2.6,15,base,"[7, 15]","['base', 'base']","['pyridine_N', 'aniline']"
Nc1ccccc1C(=O)[O-],3.475,8,acid,"[8, 9]","['acid', 'base']","['carboxylic_acid', 'aniline']"
Nc1ccccc1N,4.43,7,base,"[6, 7]","['base', 'base']","['aniline', 'aniline']"
Nc1ccccn1,6.8425,3,base,"[3, 6]","['base', 'base']","['pyridine_N', 'aniline']"
Nc1cccnc1,6.055,4,base,"[4, 6]","['base', 'base']","['pyridine_N', 'aniline']"
Nc1ccn(C2CC(F)C(CO)O2)c(=O)n1,4.22,5,base,"[5, 7]","['base', 'base']","['pyridine_N', 'aniline']"
Nc1ccn([C@H]2CC[C@@H](CO)O2)c(=O)n1,4.42,5,base,"[5, 7]","['base', 'base']","['pyridine_N', 'aniline']"
Nc1cnc2cc3ccccc3cc2c1,4.78,13,base,"[13, 14]","['base', 'base']","['pyridine_N', 'aniline']"
Nc1cncc2ccccc12,6.28,7,base,"[7, 10]","['base', 'base']","['pyridine_N', 'aniline']"
Nc1cncn1[C@H]1O[C@@H](CO)[C@H](O)[C@@H]1O,6.05,4,base,"[4, 14]","['base', 'base']","['pyridine_N', 'aniline']"
Nc1nc2ccc(OC(F)(F)F)cc2s1,6.5,13,base,"[13, 14]","['base', 'base']","['pyridine_N', 'aniline']"
Nc1nc2ccccc2c2ccccc12,7.31,12,base,"[12, 14]","['base', 'base']","['pyridine_N', 'aniline']"
Nc1nc2ccccc2s1,4.51,6,base,"[6, 9]","['base', 'base']","['pyridine_N', 'aniline']"
Nc1ncc(-c2ccccc2)s1,4.9,8,base,"[8, 11]","['base', 'base']","['pyridine_N', 'aniline']"
Nc1ncc(Br)s1,3.61,4,base,"[4, 5]","['base', 'base']","['pyridine_N', 'aniline']"
Nc1ncc(Cl)s1,3.66,4,base,"[4, 5]","['base', 'base']","['pyridine_N', 'aniline']"
Nc1ncc(Sc2ccccc2)s1,4.16,9,base,"[9, 12]","['base', 'base']","['pyridine_N', 'aniline']"
Nc1nccc2ccccc12,7.62,8,base,"[8, 10]","['base', 'base']","['pyridine_N', 'aniline']"
Nc1nccs1,5.44,4,base,"[4, 5]","['base', 'base']","['pyridine_N', 'aniline']"
Nc1nnc(S(N)(=O)=O)s1,7.69,8,acid,"[8, 9]","['acid', 'base']","['sulfonamide_1', 'aniline']"
Nc1nnnn1CC(=O)[O-],2.38,3,acid,"[3, 9]","['acid', 'base']","['carboxylic_acid', 'aniline']"
Nc1nsc2ccccc12,2.45,7,base,"[7, 9]","['base', 'base']","['pyridine_N', 'aniline']"
O=C(/C=C/c1cnc[nH]1)OCCCl,4.8,4,base,"[2, 4]","['acid', 'base']","['imidazole_NH', 'pyridine_N']"
O=C(C1CCN(c2cc[nH+]cc2)CC1)N1CCN(S(=O)(=O)c2ccc(Br)cc2)CC1,9.2,26,base,"[26, 20]","['base', 'base']","['pyridine_N', 'aniline_tert']"
O=C(C1CCN(c2cc[nH+]cc2F)CC1)N1CCN(S(=O)(=O)c2ccc(C(F)(F)F)cc2)CC1,6.7,30,base,"[30, 24]","['base', 'base']","['pyridine_N', 'aniline_tert']"
O=C(C=C(O)c1ccccc1)Nc1ccccc1,9.54,17,acid,"[17, 10]","['acid', 'base']","['enol', 'aniline_sec']"
O=C(CCCCCCO[N+](=O)[O-])Oc1ccccc1C(=O)[O-],3.69,8,acid,"[8, 19]","['acid', 'base']","['carboxylic_acid', 'tert_amine']"
O=C(CCCCCO[N+](=O)[O-])Oc1ccccc1C(=O)[O-],3.69,8,acid,"[8, 18]","['acid', 'base']","['carboxylic_acid', 'tert_amine']"
O=C(CCCCO[N+](=O)[O-])Oc1ccccc1C(=O)[O-],3.69,8,acid,"[8, 17]","['acid', 'base']","['carboxylic_acid', 'tert_amine']"
O=C(CCCO[N+](=O)[O-])Oc1ccccc1C(=O)[O-],3.69,8,acid,"[8, 16]","['acid', 'base']","['carboxylic_acid', 'tert_amine']"
O=C(CCO[N+](=O)[O-])Oc1ccccc1C(=O)[O-],3.69,8,acid,"[8, 15]","['acid', 'base']","['carboxylic_acid', 'tert_amine']"
O=C(CCS(=O)(=O)c1ccc2cc(Cl)ccc2c1)N1CCC(c2c[nH+]c3ccccn23)CC1,5.9,6,base,"[18, 6]","['acid', 'base']","['sulfone_CH', 'pyridine_N']"
O=C(CCS(=O)(=O)c1ccc2cc(Cl)ccc2c1)N1CCC(c2c[nH+]c3n2CCCC3)CC1,8.2,26,base,"[14, 26]","['acid', 'base']","['sulfone_CH', 'pyridine_N']"
O=C(CCc1ccccc1)NO,8.18,11,acid,"[11, 10]","['acid', 'base']","['hydroxamic_acid', 'hydroxylamine_N']"
O=C(C[NH+]1CCC(S(=O)(=O)c2ccccc2)CC1)c1ccc(F)cc1F,6.3,12,base,"[9, 12]","['acid', 'base']","['sulfone_CH', 'tert_amine']"
O=C(C[NH+]1CCCCC1)Nc1ccccc1,7.85,10,base,"[10, 6]","['base', 'base']","['tert_amine', 'aniline_sec']"
O=C(Cc1ccc2ccc3cccnc3c2n1)c1ccccc1,4.4,19,base,"[19, 22]","['base', 'base']","['pyridine_N', 'pyridine_N']"
O=C(Cc1ccccc1)NC1CC[NH+](CCCN2C(=O)COc3ccccc32)CC1,7.9,13,base,"[13, 19]","['base', 'base']","['tert_amine', 'aniline_tert']"
O=C(Cc1ccccc1)NO,9.26,10,acid,"[10, 9]","['acid', 'base']","['hydroxamic_acid', 'hydroxylamine_N']"
O=C(Cc1ccccc1Nc1c(Cl)cccc1Cl)OCCCC[NH+]1CCOCC1,8.4,14,base,"[14, 20]","['base', 'base']","['tert_amine', 'aniline_sec']"
O=C(Cc1ccccc1Nc1c(Cl)cccc1Cl)OCCC[NH+]1CCOCC1,7.99,13,base,"[13, 19]","['base', 'base']","['tert_amine', 'aniline_sec']"
O=C(Cc1ccccc1Nc1c(Cl)cccc1Cl)OCC[NH+]1CCOCC1,7.52,12,base,"[12, 18]","['base', 'base']","['tert_amine', 'aniline_sec']"
O=C(N1CCN(c2cc[nH+]cc2Cl)CC1)N1CCN(S(=O)(=O)c2ccc(Cl)cc2)CC1,5.8,26,base,"[26, 20]","['base', 'base']","['pyridine_N', 'aniline_tert']"
O=C(N1CCOCC1)N1CCC(Oc2ccc3c(c2)CC[NH+](C2CCC2)CC3)CC1,9.2,23,base,"[23, 15]","['base', 'base']","['tert_amine', 'morpholine_N']"
O=C(N=Cc1ccccn1)C1CCCC1C(=O)N1CCCC1,4.4,3,base,"[3, 7]","['base', 'base']","['pyridine_N', 'imine_N']"
O=C(NCC1CCCC1)c1cnc(Nc2ccc(Cl)cc2Cl)cc1C(F)(F)F,2.63,14,base,"[14, 8]","['base', 'base']","['pyridine_N', 'aniline_sec']"
O=C(NCC1CCCCC1)c1cnc(Nc2cccc(Cl)c2)cc1C(F)(F)F,2.63,13,base,"[13, 7]","['base', 'base']","['pyridine_N', 'aniline_sec']"
O=C(NCC1CCOCC1)c1cnc(Nc2ccc(Cl)cc2Cl)cc1C(F)(F)F,2.63,14,base,"[14, 8]","['base', 'base']","['pyridine_N', 'aniline_sec']"
O=C(NCC1CCOCC1)c1cnc(Nc2cccc(Cl)c2)cc1C(F)(F)F,2.63,13,base,"[13, 7]","['base', 'base']","['pyridine_N', 'aniline_sec']"
O=C(NCC1CCOCC1)c1cnc(Nc2cccc(F)c2)cc1C(F)(F)F,2.63,13,base,"[13, 7]","['base', 'base']","['pyridine_N', 'aniline_sec']"
O=C(NCC[NH+]1CCN(c2ccc(Cl)cc2)CC1)c1ccc(F)cc1,6.46,11,base,"[11, 14]","['base', 'base']","['tert_amine', 'aniline_tert']"
O=C(NCc1ccc(F)cc1)c1cnc(Nc2cccc(Br)c2)cc1C(F)(F)F,2.63,13,base,"[13, 7]","['base', 'base']","['pyridine_N', 'aniline_sec']"
O=C(NNc1ccc(Br)cc1)c1ccncc1,4.03,13,base,"[13, 6]","['base', 'base']","['pyridine_N', 'aniline_sec']"
O=C(NO)C1CCCCC1,9.87,9,acid,"[9, 8]","['acid', 'base']","['hydroxamic_acid', 'hydroxylamine_N']"
O=C(NO)c1cccc2ccccc12,7.7,13,acid,"[13, 12]","['acid', 'base']","['hydroxamic_acid', 'hydroxylamine_N']"
O=C(NO)c1ccccc1,8.71,9,acid,"[9, 8]","['acid', 'base']","['hydroxamic_acid', 'hydroxylamine_N']"
O=C(NOCCO)c1ccc2cncn2c1Nc1ccc(I)cc1F,4.3,16,base,"[16, 8]","['base', 'base']","['pyridine_N', 'aniline_sec']"
O=C(Nc1cc(Cl)ccc1O)OCC(Cl)Cl,10.4,15,acid,"[15, 7]","['acid', 'acid']","['phenol', 'carbamate_NH']"
O=C(Nc1cc(Cl)ccc1O)Oc1cccc(C(F)(F)F)c1,8.97,16,acid,"[16, 9]","['acid', 'acid']","['phenol', 'carbamate_NH']"
O=C(Nc1cc(Cl)ccc1O)Oc1cccc(Cl)c1,9.02,17,acid,"[17, 10]","['acid', 'acid']","['phenol', 'carbamate_NH']"
O=C(Nc1cc(Cl)ccc1O)Oc1ccccc1,10.0,16,acid,"[16, 9]","['acid', 'acid']","['phenol', 'carbamate_NH']"
O=C(Nc1ccc(C2CCCCC2)cc1)C1=C([O-])CC(C2CCCCC2)NC1=O,6.5,28,acid,"[28, 12]","['acid', 'base']","['enol', 'aniline_sec']"
O=C(Nc1ccc(C2CCCCC2)cc1)C1=C([O-])CC(Cc2ccccc2)NC1=O,6.5,29,acid,"[29, 16]","['acid', 'base']","['enol', 'aniline_sec']"
O=C(Nc1ccc(C2CCCCC2)cc1)C1=C([O-])CC(c2ccccc2)NC1=O,6.5,28,acid,"[28, 15]","['acid', 'base']","['enol', 'aniline_sec']"
O=C(Nc1ccc(C2CCCCC2)cc1)C1=C([O-])C[C@@H](c2ccccc2)NC1=O,6.5,28,acid,"[28, 15]","['acid', 'base']","['enol', 'aniline_sec']"
O=C(Nc1ccc(C2CCCCC2)cc1)C1=C([O-])C[C@H](c2ccccc2)NC1=O,6.5,28,acid,"[28, 15]","['acid', 'base']","['enol', 'aniline_sec']"
O=C(Nc1ccc(Oc2ccccc2)cc1)C1=C([O-])CC(Cc2ccccc2)NC1=O,6.5,30,acid,"[30, 16]","['acid', 'base']","['enol', 'aniline_sec']"
O=C(Nc1ccc(S(=O)(=O)c2ccccc2)cc1)C1=C([O-])CC(Cc2ccccc2)NC1=O,6.5,32,acid,"[32, 16]","['acid', 'base']","['enol', 'aniline_sec']"
O=C(Nc1cccc(OCc2ccc(F)cc2)c1)C1CC[NH2+]CC1,9.8,21,base,"[21, 15]","['base', 'base']","['sec_amine', 'aniline_sec']"
O=C(Nc1ccccn1)c1ccccc1,3.33,14,base,"[14, 8]","['base', 'base']","['pyridine_N', 'aniline_sec']"
O=C(Nc1cccnc1)c1ccccc1,3.8,13,base,"[13, 8]","['base', 'base']","['pyridine_N', 'aniline_sec']"
O=C(Nc1ccncc1)c1ccccc1,5.32,12,base,"[12, 8]","['base', 'base']","['pyridine_N', 'aniline_sec']"
O=C([O-])C1CCC[NH2+]1,10.61,3,base,"[7, 3]","['acid', 'base']","['carboxylic_acid', 'sec_amine']"
O=C([O-])C1CC[NH2+]1,9.54,2,base,"[6, 2]","['acid', 'base']","['carboxylic_acid', 'sec_amine']"
O=C([O-])CCCc1ccc(N(CCCl)CCCl)cc1,5.8,11,acid,"[11, 12]","['acid', 'base']","['carboxylic_acid', 'aniline_tert']"
O=C([O-])CCc1nc(-c2ccccc2)c(-c2ccccc2)o1,5.05,15,acid,"[15, 10]","['acid', 'base']","['carboxylic_acid', 'pyridine_N']"
O=C([O-])C[NH+]1CCCCC1,10.35,3,base,"[9, 3]","['acid', 'base']","['carboxylic_acid', 'tert_amine']"
O=C([O-])Cc1cc(F)ccc1Nc1c(Cl)cccc1Cl,4.02,17,acid,"[17, 7]","['acid', 'base']","['carboxylic_acid', 'aniline_sec']"
O=C([O-])Cc1cccc2oc(-c3ccc(Cl)cc3)nc12,6.1,19,acid,"[19, 8]","['acid', 'base']","['carboxylic_acid', 'pyridine_N']"
O=C([O-])Cc1cccc2oc(-c3ccccc3)nc12,6.3,18,acid,"[18, 7]","['acid', 'base']","['carboxylic_acid', 'pyridine_N']"
O=C([O-])Cc1ccccc1Nc1c(Cl)cccc1Br,4.2,9,acid,"[9, 10]","['acid', 'base']","['carboxylic_acid', 'aniline_sec']"
O=C([O-])Cc1ccccc1Nc1c(Cl)cccc1Cl,4.256,9,acid,"[9, 10]","['acid', 'base']","['carboxylic_acid', 'aniline_sec']"
O=C([O-])Cc1ccccc1Nc1c(Cl)cccc1I,4.24,9,acid,"[9, 10]","['acid', 'base']","['carboxylic_acid', 'aniline_sec']"
O=C([O-])Cc1ccccc1Nc1c(F)cccc1F,4.09,9,acid,"[9, 10]","['acid', 'base']","['carboxylic_acid', 'aniline_sec']"
O=C([O-])Cc1ccccc1Nc1cc(Cl)cc(Cl)c1,4.31,9,acid,"[9, 10]","['acid', 'base']","['carboxylic_acid', 'aniline_sec']"
O=C([O-])Cc1ccccc1Nc1cc(Cl)ccc1Cl,4.1,9,acid,"[9, 10]","['acid', 'base']","['carboxylic_acid', 'aniline_sec']"
O=C([O-])Cc1ccccc1Nc1ccc(Cl)c(Cl)c1,4.3,9,acid,"[9, 10]","['acid', 'base']","['carboxylic_acid', 'aniline_sec']"
O=C([O-])Cc1ccccc1Nc1cccc(Cl)c1Cl,4.2,9,acid,"[9, 10]","['acid', 'base']","['carboxylic_acid', 'aniline_sec']"
O=C([O-])Cc1ccccc1Nc1ccccc1,4.1,16,acid,"[16, 6]","['acid', 'base']","['carboxylic_acid', 'aniline_sec']"
O=C([O-])Cc1nn(Cc2nc3cc(C(F)(F)F)ccc3s2)c(=O)c2ccccc12,3.0,28,acid,"[28, 13]","['acid', 'base']","['carboxylic_acid', 'pyridine_N']"
O=C([O-])[C@@H]1CCC[NH2+]1,10.56,3,base,"[7, 3]","['acid', 'base']","['carboxylic_acid', 'sec_amine']"
O=C([O-])[C@@H]1C[C@@H](O)C[NH2+]1,9.64,3,base,"[7, 3]","['acid', 'base']","['carboxylic_acid', 'sec_amine']"
O=C([O-])[C@@H]1C[C@H](Cc2cccc(F)c2)C[NH2+]1,10.1,11,base,"[15, 11]","['acid', 'base']","['carboxylic_acid', 'sec_amine']"
O=C([O-])[C@@H]1C[C@H](Oc2cccc(Cl)c2)C[NH2+]1,8.9,11,base,"[15, 11]","['acid', 'base']","['carboxylic_acid', 'sec_amine']"
O=C([O-])[C@@H]1O[C@H](Oc2ccc3[nH]c(=O)ccc3c2)[C@@H](O)[C@H](O)[C@H]1O,3.41,20,acid,"[20, 4]","['acid', 'acid']","['carboxylic_acid', 'aromatic_lactam']"
O=C([O-])c1c2ccccc2nc2ccccc12,4.0,13,base,"[16, 13]","['acid', 'base']","['carboxylic_acid', 'pyridine_N']"
O=C([O-])c1cc(-c2ccc(F)cc2F)ccc1O,3.15,16,acid,"[16, 17]","['acid', 'acid']","['carboxylic_acid', 'phenol']"
O=C([O-])c1cc(Br)ccc1O,3.9,9,acid,"[9, 10]","['acid', 'acid']","['carboxylic_acid', 'phenol']"
O=C([O-])c1cc(Cl)ccc1O,3.9,9,acid,"[9, 10]","['acid', 'acid']","['carboxylic_acid', 'phenol']"
O=C([O-])c1cc(I)ccc1O,3.9,9,acid,"[9, 10]","['acid', 'acid']","['carboxylic_acid', 'phenol']"
O=C([O-])c1cc2ccccc2cc1O,2.71,12,acid,"[12, 13]","['acid', 'acid']","['carboxylic_acid', 'phenol']"
O=C([O-])c1ccc(/N=C/c2ccccc2)cc1,4.47,16,acid,"[16, 7]","['acid', 'base']","['carboxylic_acid', 'imine_N']"
O=C([O-])c1ccc2ccccc2n1,4.97,12,acid,"[12, 9]","['acid', 'base']","['carboxylic_acid', 'pyridine_N']"
O=C([O-])c1ccccc1O,3.354167,8,acid,"[8, 9]","['acid', 'acid']","['carboxylic_acid', 'phenol']"
O=C([O-])c1ccccn1,5.32,8,acid,"[8, 3]","['acid', 'base']","['carboxylic_acid', 'pyridine_N']"
O=C([O-])c1ccn[nH]1,3.84,7,acid,"[7, 3]","['acid', 'acid']","['carboxylic_acid', 'pyrazole_NH']"
O=C([O-])c1ccnc2ccccc12,4.76,12,acid,"[12, 9]","['acid', 'base']","['carboxylic_acid', 'pyridine_N']"
O=C([O-])c1cnc(Br)s1,2.96,8,acid,"[8, 4]","['acid', 'base']","['carboxylic_acid', 'pyridine_N']"
O=C([O-])c1cnc(Cl)s1,3.0,8,acid,"[8, 4]","['acid', 'base']","['carboxylic_acid', 'pyridine_N']"
O=C([O-])c1cncs1,2.99,7,acid,"[7, 4]","['acid', 'base']","['carboxylic_acid', 'pyridine_N']"
O=C([O-])c1cnoc1,3.39,7,acid,"[7, 4]","['acid', 'base']","['carboxylic_acid', 'pyridine_N']"
O=C([O-])c1csc(Br)n1,3.28,8,acid,"[8, 2]","['acid', 'base']","['carboxylic_acid', 'pyridine_N']"
O=C([O-])c1csc(Cl)n1,3.3,8,acid,"[8, 2]","['acid', 'base']","['carboxylic_acid', 'pyridine_N']"
O=C([O-])c1cscn1,3.27,7,acid,"[7, 2]","['acid', 'base']","['carboxylic_acid', 'pyridine_N']"
O=C([O-])c1nccc2ccccc12,4.97,12,acid,"[12, 8]","['acid', 'base']","['carboxylic_acid', 'pyridine_N']"
O=C([O-])c1nccs1,2.57,7,acid,"[7, 4]","['acid', 'base']","['carboxylic_acid', 'pyridine_N']"
O=C([O-])c1nsc2ccccc12,2.76,11,acid,"[11, 7]","['acid', 'base']","['carboxylic_acid', 'pyridine_N']"
O=C(c1cc2cc(OC3CC[NH+](C4CC4)CC3)ccc2[nH]1)N1CCOCC1,7.7,10,base,"[10, 21]","['base', 'base']","['tert_amine', 'morpholine_N']"
O=C(c1cc2cc(OC3CC[NH+](C4CC4)CC3)ccc2n1CC(F)(F)F)N1CCOCC1,7.5,10,base,"[10, 26]","['base', 'base']","['tert_amine', 'morpholine_N']"
O=C(c1cc2cc(OC3CC[NH+](C4CCC4)CC3)ccc2n1CC(F)(F)F)N1CCOCC1,9.1,10,base,"[10, 27]","['base', 'base']","['tert_amine', 'morpholine_N']"
O=C(c1cc2cc(OC3CC[NH+](C4COC4)CC3)ccc2n1CC(F)(F)F)N1CCOCC1,6.4,10,base,"[10, 27]","['base', 'base']","['tert_amine', 'morpholine_N']"
O=C(c1cc2cc(OCCC[NH+]3CCCCC3)ccc2[nH]1)N1CCOCC1,10.0,10,base,"[10, 21]","['base', 'base']","['tert_amine', 'morpholine_N']"
O=C(c1ccc2c(c1)cc(C(=O)N1CCOCC1)n2CC(F)(F)F)N1CC[NH+](C2CCC2)CC1,6.8,11,base,"[11, 28]","['base', 'base']","['tert_amine', 'morpholine_N']"
O=C(c1ccc2cc(OCCC[NH+]3CCCCC3)ccc2n1)N1CCC1,9.4,14,base,"[14, 3]","['base', 'base']","['tert_amine', 'pyridine_N']"
O=C(c1ccccc1)N(O)c1ccccc1,7.87,15,acid,"[15, 8]","['acid', 'base']","['hydroxamic_acid', 'aniline_tert']"
O=C(c1cncs1)N1CCCC1c1ccc(-c2cccc(Cl)c2)nc1,3.6,12,base,"[12, 22]","['base', 'base']","['pyridine_N', 'pyridine_N']"
O=C1C=C[NH+]2C[C@@H]3C[C@@H](C[NH+]4CCCC[C@H]34)[C@@H]2C1,9.25,3,base,"[3, 11]","['base', 'base']","['tert_amine', 'tert_amine']"
O=C1CC(c2ccccc2)CC([O-])=C1Nc1ccccc1Cl,4.6,21,acid,"[21, 13]","['acid', 'base']","['enol', 'aniline_sec']"
O=C1CCC([O-])=C1O,4.8,6,acid,"[6, 7]","['acid', 'acid']","['enol', 'enol']"
O=C1CCCc2nc3c(ccn4ccnc34)cc21,2.0,5,base,"[5, 12]","['base', 'base']","['pyridine_N', 'pyridine_N']"
O=C1CCc2ccccc2N1CCC[NH+]1CCC(c2ccc3[nH]ccc3c2)CC1,9.0,14,base,"[14, 10]","['base', 'base']","['tert_amine', 'aniline_tert']"
O=C1C[C@H]2OCC=C3C[NH+]4CC[C@@]56c7ccccc7N1[C@@H]5[C@@H]2[C@@H]3C[C@@H]46,8.18,9,base,"[9, 15]","['base', 'base']","['tert_amine', 'aniline_tert']"
O=C1N=C(Cc2ccccc2)C(=O)N1,8.6,11,acid,"[11, 8]","['acid', 'base']","['imide', 'imine_N']"
O=C1NC(c2ccccc2)CC([O-])=C1Nc1ccccc1Cl,6.0,21,acid,"[21, 13]","['acid', 'base']","['enol', 'aniline_sec']"
O=C1OC(C(O)CO)C(OCCCCCCO[N+](=O)[O-])=C1O,7.6,21,acid,"[21, 5]","['acid', 'base']","['enol', 'tert_amine']"
O=C1OC(C(O)CO)C(OCCCO[N+](=O)[O-])=C1O,7.55,13,acid,"[13, 16]","['acid', 'base']","['enol', 'tert_amine']"
O=C1OC(C(O)CO)C(OCCCOc2no[n+]([O-])c2-c2ccccc2)=C1O,7.6,27,acid,"[27, 8]","['acid', 'base']","['enol', 'pyridine_N']"
O=C1OC(C(O)CO)C(OCCCOc2no[n+]([O-])c2S(=O)(=O)c2ccccc2)=C1O,7.62,30,acid,"[30, 11]","['acid', 'base']","['enol', 'pyridine_N']"
O=C1OC(C(O)CO)C([O-])=C1OCCCCCCO[N+](=O)[O-],3.56,21,acid,"[21, 5]","['acid', 'base']","['enol', 'tert_amine']"
O=C1OC(C(O)CO)C([O-])=C1OCCCO[N+](=O)[O-],3.19,13,acid,"[13, 16]","['acid', 'base']","['enol', 'tert_amine']"
O=C1OC(C(O)CO)C([O-])=C1OCCCOc1no[n+]([O-])c1-c1ccccc1,3.44,27,acid,"[27, 8]","['acid', 'base']","['enol', 'pyridine_N']"
O=CN(O)c1ccccc1,7.92,9,acid,"[9, 6]","['acid', 'base']","['hydroxamic_acid', 'aniline_tert']"
O=CNO,8.77,3,acid,"[3, 2]","['acid', 'base']","['hydroxamic_acid', 'hydroxylamine_N']"
O=Cc1cc(-c2ccccc2)nnc1NCC[NH+]1CCOCC1,4.745,15,base,"[15, 12]","['base', 'base']","['tert_amine', 'aniline_sec']"
O=Cc1ccc(O)c2ncccc12,5.715,10,acid,"[10, 8]","['acid', 'base']","['phenol', 'pyridine_N']"
O=Cc1cccnc1C(=O)[O-],3.7,8,acid,"[8, 4]","['acid', 'base']","['carboxylic_acid', 'pyridine_N']"
O=Cc1ncccc1O,6.95,8,acid,"[8, 4]","['acid', 'base']","['phenol', 'pyridine_N']"
O=NCC(=O)c1ccc(OCC2CC[NH+](Cc3ccccc3)CC2)nc1,7.8,7,base,"[7, 20]","['base', 'base']","['tert_amine', 'pyridine_N']"
O=NCc1ccc(OCC2CC[NH+](Cc3ccccc3)CC2)nc1,11.2,7,base,"[7, 20]","['base', 'base']","['tert_amine', 'pyridine_N']"
O=Nc1c(O)ccc2ncsc12,5.43,11,acid,"[11, 6]","['acid', 'base']","['phenol', 'pyridine_N']"
O=P([O-])([O-])CCc1ccccc1,2.34,10,base,"[10, 11]","['acid', 'acid']","['phosphoric_acid', 'phosphoric_acid']"
O=P1([O-])NCCCO1,4.1,7,acid,"[7, 2]","['acid', 'base']","['phosphoric_acid', 'sec_amine']"
O=S(=O)(Cc1ccccc1)c1ccccc1[O-],7.12,16,acid,"[16, 6]","['acid', 'acid']","['phenol', 'sulfone_CH']"
O=S(=O)(Nc1ccc(C(F)(F)F)nc1)c1ccccc1C(F)(F)F,5.1,13,acid,"[13, 18]","['acid', 'base']","['sulfonamide_2', 'pyridine_N']"
O=S(=O)(Nc1ccccn1)c1ccccc1,8.2,9,acid,"[9, 15]","['acid', 'base']","['sulfonamide_2', 'pyridine_N']"
O=S(=O)(Nc1cncc(Br)c1)c1ccccc1C(F)(F)F,5.3,13,acid,"[13, 18]","['acid', 'base']","['sulfonamide_2', 'pyridine_N']"
O=S(=O)(Nc1nccs1)c1ccccc1,5.73,9,acid,"[9, 11]","['acid', 'base']","['sulfonamide_2', 'pyridine_N']"
O=S(=O)(c1ccc(F)cc1)C1CC[NH+](CCc2ccc(F)cc2F)CC1,7.2,13,base,"[10, 13]","['acid', 'base']","['sulfone_CH', 'tert_amine']"
O=S(=O)(c1ccccc1)C1CC[NH+](CCc2ccc(F)cc2F)CC1,7.3,12,base,"[9, 12]","['acid', 'base']","['sulfone_CH', 'tert_amine']"
O=S1(=O)NCN(CC(F)(F)F)c2ccc(Cl)cc21,9.01,10,acid,"[10, 12]","['acid', 'base']","['sulfonamide_2', 'aniline_tert']"
O=S1(=O)NCN(CCF)c2ccc(Cl)cc21,9.35,10,acid,"[10, 12]","['acid', 'base']","['sulfonamide_2', 'aniline_tert']"
O=c1[nH]c(=O)n(-c2ccccc2)[nH]1,4.9,9,acid,"[9, 12]","['acid', 'acid']","['aromatic_lactam', 'aromatic_lactam']"
O=c1[nH]c(CCc2ccccc2)no1,5.73,9,acid,"[9, 13]","['acid', 'base']","['aromatic_lactam', 'pyridine_N']"
O=c1[nH]c(CCc2ccccc2)ns1,6.5,9,acid,"[9, 13]","['acid', 'base']","['aromatic_lactam', 'pyridine_N']"
O=c1[nH]c(Cl)c(C2=CCCC2)c(=O)[nH]1,5.8,8,acid,"[8, 11]","['acid', 'acid']","['aromatic_lactam', 'aromatic_lactam']"
O=c1[nH]c2cc(C(F)(F)F)ccc2n1-c1cc(Cl)ccc1O,9.6,20,acid,"[20, 10]","['acid', 'acid']","['phenol', 'aromatic_lactam']"
O=c1[nH]c2cc(Cl)ccc2c([O-])c1-c1ccccc1,5.4,18,acid,"[18, 14]","['acid', 'acid']","['phenol', 'aromatic_lactam']"
O=c1[nH]c2ccc(F)c(Cl)c2cc1[O-],7.33,11,acid,"[11, 6]","['acid', 'acid']","['phenol', 'aromatic_lactam']"
O=c1[nH]c2cccc(Cl)c2cc1[O-],7.6,9,acid,"[9, 8]","['acid', 'acid']","['phenol', 'aromatic_lactam']"
O=c1[nH]c2ccccc2[nH]c1=O,9.67,11,acid,"[6, 11]","['acid', 'acid']","['aromatic_lactam', 'aromatic_lactam']"
O=c1[nH]c2ccccc2cc1[O-],8.7,11,acid,"[11, 10]","['acid', 'acid']","['phenol', 'aromatic_lactam']"
O=c1[nH]c2ccccc2n1C1CC[NH+](CCCC(c2ccc(F)cc2)c2ccc(F)cc2)CC1,7.965,13,base,"[6, 13]","['acid', 'base']","['aromatic_lactam', 'tert_amine']"
O=c1[nH]c2ccccc2n1C1CC[NH+](CCOc2ccccc2)CC1,7.4,9,base,"[22, 9]","['acid', 'base']","['aromatic_lactam', 'tert_amine']"
O=c1[nH]cc(F)c(=O)[nH]1,8.0,4,acid,"[4, 7]","['acid', 'acid']","['aromatic_lactam', 'aromatic_lactam']"
O=c1[nH]ccc2c1cnc1ccccc12,4.1,14,base,"[9, 14]","['acid', 'base']","['aromatic_lactam', 'pyridine_N']"
O=c1[nH]nc(S(=O)Cc2ccccc2)[nH]1,5.2,10,acid,"[10, 13]","['acid', 'acid']","['aromatic_lactam', 'aromatic_lactam']"
O=c1[nH]nc(SCc2ccccc2)[nH]1,6.94,9,acid,"[9, 12]","['acid', 'acid']","['aromatic_lactam', 'aromatic_lactam']"
O=c1c2sc(-c3ccc(Cl)cc3)cc2ncn1-c1ccc2sc(C[NH+]3CCCCC3)cc2c1,8.29,26,base,"[26, 15]","['base', 'base']","['tert_amine', 'pyridine_N']"
O=c1cc(-c2ccccc2)nc2c(O)cccn12,10.2,17,acid,"[17, 16]","['acid', 'base']","['phenol', 'pyridine_N']"
O=c1cc(-c2ccccc2)oc2cc(O)c(O)cc12,6.85,17,acid,"[18, 17]","['acid', 'acid']","['phenol', 'phenol']"
O=c1cc([O-])c2ccc(Cl)cc2[nH]1,5.8,12,acid,"[12, 7]","['acid', 'acid']","['phenol', 'aromatic_lactam']"
O=c1cc([O-])c2ccccc2[nH]1,5.86,11,acid,"[11, 10]","['acid', 'acid']","['phenol', 'aromatic_lactam']"
O=c1cc([O-])n2ncc(-c3ccc(Br)cc3)c2[nH]1,3.8,16,acid,"[16, 11]","['acid', 'acid']","['phenol', 'aromatic_lactam']"
O=c1cc([O-])n2ncc(-c3ccccc3)c2[nH]1,3.8,16,acid,"[16, 11]","['acid', 'acid']","['phenol', 'aromatic_lactam']"
O=c1cc([O-])n2nccc2[nH]1,3.7,10,acid,"[10, 5]","['acid', 'acid']","['phenol', 'aromatic_lactam']"
O=c1ccc(O)c(O)cc1,8.285,9,acid,"[9, 8]","['acid', 'acid']","['phenol', 'phenol']"
O=c1ccc2cc(O)c(O)cc2o1,7.63,11,acid,"[12, 11]","['acid', 'acid']","['phenol', 'phenol']"
O=c1ccc2ccc(O)c(O)c2o1,6.9,12,acid,"[12, 11]","['acid', 'acid']","['phenol', 'phenol']"
O=c1ccccc([O-])c1[O-],9.12,8,acid,"[9, 8]","['acid', 'acid']","['phenol', 'phenol']"
O=c1cnc2ccccc2[nH]1,9.1,6,acid,"[6, 10]","['acid', 'base']","['aromatic_lactam', 'pyridine_N']"
O=c1cncc[nH]1,8.23,6,acid,"[6, 2]","['acid', 'base']","['aromatic_lactam', 'pyridine_N']"
O=c1n(CCC[NH+]2CCN(c3cccc(Cl)c3)CC2)nc2ccccn12,6.74,13,base,"[13, 16]","['base', 'base']","['tert_amine', 'aniline_tert']"
O=c1ncc2ccccc2[nH]1,10.69,10,acid,"[10, 7]","['acid', 'base']","['aromatic_lactam', 'pyridine_N']"
O=c1oc2cc(O)ccc2cc1-c1nc2cc(Cl)ccc2o1,6.8,21,acid,"[21, 12]","['acid', 'base']","['phenol', 'pyridine_N']"
O=c1oc2cc(O)ccc2cc1-c1nc2ccccc2o1,6.84,20,acid,"[20, 6]","['acid', 'base']","['phenol', 'pyridine_N']"
O=c1oc2cc(O)ccc2cc1-c1nc2ccccc2s1,7.02,20,acid,"[20, 6]","['acid', 'base']","['phenol', 'pyridine_N']"
OCCCNc1c2ccccc2[nH+]c2c1[nH]c1ccccc12,8.3,16,base,"[16, 17]","['base', 'base']","['pyridine_N', 'aniline_sec']"
OCCCNc1c2ccccc2[nH+]c2c1oc1ccccc12,8.2,9,base,"[9, 17]","['base', 'base']","['pyridine_N', 'aniline_sec']"
OCCN1CC[NH+](CCO)CC1,7.75,2,base,"[2, 5]","['base', 'base']","['tert_amine', 'tert_amine']"
OCCNc1c2ccccc2[nH+]c2c1[nH]c1ccccc12,8.3,16,base,"[16, 17]","['base', 'base']","['pyridine_N', 'aniline_sec']"
OCCNc1c2ccccc2[nH+]c2c1oc1ccccc12,8.2,9,base,"[9, 17]","['base', 'base']","['pyridine_N', 'aniline_sec']"
OCCOCCN1CC[NH+](C(c2ccccc2)c2ccc(Cl)cc2)CC1,7.75,17,base,"[14, 17]","['base', 'base']","['tert_amine', 'tert_amine']"
OC[C@@H]1O[C@H](n2ccc3c2ncn2ccnc32)[C@@H](O)[C@H]1O,5.49,6,base,"[6, 11]","['base', 'base']","['pyridine_N', 'pyridine_N']"
OCc1cnc[nH]1,6.38,4,base,"[2, 4]","['acid', 'base']","['imidazole_NH', 'pyridine_N']"
Oc1ccc(Br)cc1-c1cc(Br)ccc1O,8.6,15,acid,"[15, 13]","['acid', 'acid']","['phenol', 'phenol']"
Oc1ccc2[nH]ncc2c1,10.05,6,acid,"[6, 9]","['acid', 'acid']","['phenol', 'pyrazole_NH']"
Oc1ccc2cn[nH]c2c1,9.35,9,acid,"[9, 5]","['acid', 'acid']","['phenol', 'pyrazole_NH']"
Oc1cccc2[nH]ncc12,8.65,9,acid,"[9, 6]","['acid', 'acid']","['phenol', 'pyrazole_NH']"
Oc1cccc2c1-c1c(O)cccc1-2,9.58,13,acid,"[6, 13]","['acid', 'acid']","['phenol', 'phenol']"
Oc1cccc2scnc12,8.77,9,acid,"[9, 8]","['acid', 'base']","['phenol', 'pyridine_N']"
Oc1ccccc1-c1cc2ccccc2cc1O,7.55,17,acid,"[17, 16]","['acid', 'acid']","['phenol', 'phenol']"
Oc1ccccc1-c1ccccc1O,7.5,13,acid,"[13, 12]","['acid', 'acid']","['phenol', 'phenol']"
Oc1ccccc1O,10.445,7,acid,"[7, 6]","['acid', 'acid']","['phenol', 'phenol']"
Oc1cnoc1,7.75,5,acid,"[5, 4]","['acid', 'base']","['phenol', 'pyridine_N']"
Oc1oc(-c2ccccc2)nc1Cc1ccccc1,8.72,18,acid,"[18, 11]","['acid', 'base']","['phenol', 'pyridine_N']"
S=C(NC(=S)c1ccccc1)Nc1ccccc1,10.72,11,acid,"[8, 11]","['acid', 'base']","['thiourea_NH', 'aniline_sec']"
[NH2+]=CN1C2CC(OC(=O)C(CO)c3ccccc3)CC1C1OC12,9.78,22,base,"[22, 20]","['base', 'base']","['amidine', 'morpholine_N']"
[NH3+]CC(=O)Nc1ccccc1,8.12,10,base,"[10, 6]","['base', 'base']","['prim_amine', 'aniline_sec']"
[NH3+]C[C@H](COCc1cccc2ccccc12)OC(=O)NCCCCCCO,8.9,15,base,"[19, 15]","['acid', 'base']","['carbamate_NH', 'prim_amine']"
[O-]Nc1ccc(Cl)cc1,2.58,6,base,"[7, 6]","['acid', 'base']","['hydroxylamine_OH', 'aniline_sec']"
c1c[nH]cn1,7.023333,2,base,"[4, 2]","['acid', 'base']","['imidazole_NH', 'pyridine_N']"
c1cc(N2CCOCC2)cc[nH+]1,8.79,2,base,"[2, 6]","['base', 'base']","['pyridine_N', 'aniline_tert']"
c1cc(N2CCOCC2)ccc1N1CCCCC1,6.7,6,base,"[6, 12]","['base', 'base']","['aniline_tert', 'aniline_tert']"
c1cc(N2CCOCC2)ccc1N1CCOCC1,4.2,12,base,"[6, 12]","['base', 'base']","['aniline_tert', 'aniline_tert']"
c1ccc(-c2cc3c(-c4ccccc4)ccnc3c3ncccc23)cc1,4.69,9,base,"[9, 16]","['base', 'base']","['pyridine_N', 'pyridine_N']"
c1ccc(-c2cc3cccnc3c3ncccc23)cc1,4.72,12,base,"[12, 19]","['base', 'base']","['pyridine_N', 'pyridine_N']"
c1ccc(-c2ccc3[nH+]c(CN4CCOCC4)cn3n2)cc1,6.25,16,base,"[16, 10]","['base', 'base']","['tert_amine', 'pyridine_N']"
c1ccc(-c2ccc3ccc4cccnc4c3n2)cc1,4.9,16,base,"[16, 19]","['base', 'base']","['pyridine_N', 'pyridine_N']"
c1ccc(-c2ccccn2)nc1,4.42,11,base,"[3, 11]","['base', 'base']","['pyridine_N', 'pyridine_N']"
c1ccc(-c2ccnc3c2ccc2c(-c4ccccc4)ccnc23)cc1,4.84,16,base,"[9, 16]","['base', 'base']","['pyridine_N', 'pyridine_N']"
c1ccc(-c2ccnc3c2ccc2cccnc23)cc1,4.9,9,base,"[9, 16]","['base', 'base']","['pyridine_N', 'pyridine_N']"
c1ccc(-c2cnc3c(ccc4cccnc43)c2)cc1,4.82,15,base,"[15, 18]","['base', 'base']","['pyridine_N', 'pyridine_N']"
c1ccc(-c2cnc[nH]2)cc1,6.05,8,base,"[10, 8]","['acid', 'base']","['imidazole_NH', 'pyridine_N']"
c1ccc(-c2ncc[nH]2)cc1,6.45,10,base,"[7, 10]","['acid', 'base']","['imidazole_NH', 'pyridine_N']"
c1ccc(C2=[NH+]CCN2)nc1,8.98,7,base,"[7, 3]","['base', 'base']","['amidine', 'pyridine_N']"
c1ccc(CN(CC2=[NH+]CCN2)c2ccccc2)cc1,10.08,10,base,"[10, 7]","['base', 'base']","['amidine', 'aniline_tert']"
c1ccc(CN2CC[NH+](Cc3nnc(-c4ccccc4)o3)CC2)cc1,6.7,7,base,"[7, 10]","['base', 'base']","['tert_amine', 'tert_amine']"
c1ccc(CNc2nccs2)cc1,5.15,9,base,"[9, 7]","['base', 'base']","['pyridine_N', 'aniline_sec']"
c1ccc(COc2noc3c2C[NH2+]CC3)cc1,7.5,15,base,"[15, 12]","['base', 'base']","['sec_amine', 'pyridine_N']"
c1ccc(N2CCc3ccccc3C2)nc1,6.4,15,base,"[15, 8]","['base', 'base']","['pyridine_N', 'aniline_tert']"
c1ccc(NC2=[NH+]CCCO2)cc1,9.33,8,base,"[8, 6]","['base', 'base']","['amidine', 'aniline_sec']"
c1ccc(NC2=[NH+]CCN2)cc1,9.915,8,base,"[8, 6]","['base', 'base']","['guanidine', 'aniline_sec']"
c1ccc(Nc2c3ccccc3nc3ccccc23)cc1,7.46,14,base,"[14, 6]","['base', 'base']","['pyridine_N', 'aniline_sec']"
c1ccc(Nc2nccs2)cc1,4.33,8,base,"[8, 6]","['base', 'base']","['pyridine_N', 'aniline_sec']"
c1ccc(Oc2ccnc3c2ccc2c(Oc4ccccc4)ccnc23)cc1,5.34,17,base,"[10, 17]","['base', 'base']","['pyridine_N', 'pyridine_N']"
c1ccc2[nH]cnc2c1,5.51,8,base,"[6, 8]","['acid', 'base']","['imidazole_NH', 'pyridine_N']"
c1ccc2c(c1)CCc1cc3ccn4ccnc4c3nc1-2,2.43,18,base,"[10, 18]","['base', 'base']","['pyridine_N', 'pyridine_N']"
c1ccc2c(c1)CCc1nc3c(ccn4ccnc34)cc1-2,3.53,17,base,"[17, 20]","['base', 'base']","['pyridine_N', 'pyridine_N']"
c1ccc2c(c1)N1CCN2CC1,4.075,9,base,"[6, 9]","['base', 'base']","['aniline_tert', 'aniline_tert']"
c1ccc2c(c1)NCCN2,3.475,9,base,"[6, 9]","['base', 'base']","['aniline_sec', 'aniline_sec']"
c1ccc2c(c1)ccc1[nH]cnc12,5.28,10,base,"[12, 10]","['acid', 'base']","['imidazole_NH', 'pyridine_N']"
c1ccc2cc3[nH]cnc3cc2c1,5.24,12,base,"[10, 12]","['acid', 'base']","['imidazole_NH', 'pyridine_N']"
c1ccc2cc3nc4c(ccn5ccnc45)cc3cc2c1,2.43,17,base,"[17, 20]","['base', 'base']","['pyridine_N', 'pyridine_N']"
c1ccc2ncncc2c1,3.51,7,base,"[7, 9]","['base', 'base']","['pyridine_N', 'pyridine_N']"
c1ccn(-c2ncc[nH]2)c1,5.36,9,base,"[6, 9]","['acid', 'base']","['imidazole_NH', 'pyridine_N']"
c1cn2ccc3cc4c(nc3c2n1)CCCC4,4.59,5,base,"[5, 12]","['base', 'base']","['pyridine_N', 'pyridine_N']"
c1cnc2c(c1)C[C@@]1(C[NH+]3CCC1CC3)O2,8.9,10,base,"[10, 4]","['base', 'base']","['tert_amine', 'pyridine_N']"
c1cnc2c(c1)c1c(c3cccnc32)CCCC1,5.3,12,base,"[9, 12]","['base', 'base']","['pyridine_N', 'pyridine_N']"
c1cnc2c(c1)ccc1c3c(cnc12)CCC3,5.78,9,base,"[9, 12]","['base', 'base']","['pyridine_N', 'pyridine_N']"
c1cnc2c(c1)ccc1c3c(cnc12)CCCC3,5.66,9,base,"[9, 12]","['base', 'base']","['pyridine_N', 'pyridine_N']"
c1cnc2c(c1)ccc1cccnc12,3.5,12,base,"[9, 12]","['base', 'base']","['pyridine_N', 'pyridine_N']"
c1cnc2c(c1)ccc1ncccc12,4.0,13,base,"[8, 13]","['base', 'base']","['pyridine_N', 'pyridine_N']"
c1nc2c(ccc3c4c(cnc32)CCCC4)c2c1CCCC2,6.23,13,base,"[6, 13]","['base', 'base']","['pyridine_N', 'pyridine_N']"
c1nc2cc3c(cc2[nH]1)CCCC3,5.98,8,base,"[6, 8]","['acid', 'base']","['imidazole_NH', 'pyridine_N']"
